caseid,caseversion,age,age_cod,sex,wt,wt_cod,reporter_country,occr_country,drugname,prod_ai,dose_amt,dose_unit,role_cod,pt,outc_cod,quarter,age_group,event_category,wt_cat,dose_cat,dose_cat_alt,outc_cod_full,drug_standardized
21031379,2,76,YR,Female,,"",US,US,OZEMPIC,SEMAGLUTIDE,0.25,MG,PS,Thrombosis,HO,2024Q4,Older Adults (≥65),Others,Missing,<0.5 mg,Low dose,Hospitalization,Ozempic
21199652,4,61,YR,Female,,"",US,US,WEGOVY,SEMAGLUTIDE,0.5,MG,PS,Spinal operation,HO,2024Q2,Younger Adults (18–64),Others,Missing,0.5–0.99 mg,Medium dose,Hospitalization,Wegovy
21654592,2,56,YR,Female,,"",US,US,OZEMPIC,SEMAGLUTIDE,,"",PS,Product use in unapproved indication,OT,2024Q3,Younger Adults (18–64),Others,Missing,Missing,Missing,Other serious outcome,Ozempic
21670942,5,52,YR,Male,,"",US,US,OZEMPIC,SEMAGLUTIDE,,"",PS,Psychotic behaviour,OT,2024Q1,Younger Adults (18–64),Psychiatric-related,Missing,Missing,Missing,Other serious outcome,Ozempic
21851120,2,56,YR,Female,,"",US,US,WEGOVY,SEMAGLUTIDE,,"",PS,Hip arthroplasty,HO,2024Q1,Younger Adults (18–64),Others,Missing,Missing,Missing,Hospitalization,Wegovy
21906719,2,75,YR,Female,,"",US,US,OZEMPIC,SEMAGLUTIDE,0.5,MG,PS,Blood zinc decreased,OT,2024Q1,Older Adults (≥65),Others,Missing,0.5–0.99 mg,Medium dose,Other serious outcome,Ozempic
21949999,4,71,YR,Female,,"",US,US,OZEMPIC,SEMAGLUTIDE,,"",PS,Fall,OT,2024Q1,Older Adults (≥65),Others,Missing,Missing,Missing,Other serious outcome,Ozempic
21970447,3,54,YR,Female,329,KG,US,US,WEGOVY,SEMAGLUTIDE,0.25,MG,PS,Upper respiratory tract infection,HO,2024Q3,Younger Adults (18–64),Others,≥100 kg,<0.5 mg,Low dose,Hospitalization,Wegovy
22118132,2,72,YR,Female,,"",US,US,OZEMPIC,SEMAGLUTIDE,0.5,MG,PS,Abnormal loss of weight,HO,2024Q1,Older Adults (≥65),Gastro-Intestinal and Metabolic,Missing,0.5–0.99 mg,Medium dose,Hospitalization,Ozempic
22220697,2,68,YR,Female,,"",US,US,OZEMPIC,SEMAGLUTIDE,0.25,MG,PS,Abdominal pain,DS,2024Q4,Older Adults (≥65),Gastro-Intestinal and Metabolic,Missing,<0.5 mg,Low dose,Disability,Ozempic
22318079,4,35,YR,Female,97.959,KG,US,US,WEGOVY,SEMAGLUTIDE,0.5,MG,PS,Maternal exposure during pregnancy,OT,2024Q1,Younger Adults (18–64),Others,80–99 kg,0.5–0.99 mg,Medium dose,Other serious outcome,Wegovy
22329037,3,58,YR,Female,123,KG,US,US,OZEMPIC,SEMAGLUTIDE,0.5,MG,PS,Asthenia,HO,2024Q3,Younger Adults (18–64),Others,≥100 kg,0.5–0.99 mg,Medium dose,Hospitalization,Ozempic
22356109,6,68,YR,Male,,"",US,US,OZEMPIC,SEMAGLUTIDE,1,MG,PS,Anginal equivalent,LT,2024Q1,Older Adults (≥65),Others,Missing,≥1 mg,High dose,Life-threatening,Ozempic
22377192,2,70,YR,Male,,"",US,US,OZEMPIC,SEMAGLUTIDE,,"",PS,Abdominal pain,OT,2024Q1,Older Adults (≥65),Gastro-Intestinal and Metabolic,Missing,Missing,Missing,Other serious outcome,Ozempic
22391283,3,38,YR,Female,,"",US,US,WEGOVY,SEMAGLUTIDE,,"",PS,Product physical issue,OT,2024Q1,Younger Adults (18–64),Others,Missing,Missing,Missing,Other serious outcome,Wegovy
22586973,2,74,YR,Female,,"",US,US,OZEMPIC,SEMAGLUTIDE,0.5,MG,PS,White blood cell count increased,HO,2024Q1,Older Adults (≥65),Others,Missing,0.5–0.99 mg,Medium dose,Hospitalization,Ozempic
22593161,4,72,YR,Male,,"",US,US,OZEMPIC,SEMAGLUTIDE,1,MG,PS,Presyncope,HO,2024Q1,Older Adults (≥65),Cardiovascular,Missing,≥1 mg,High dose,Hospitalization,Ozempic
22607507,2,38,YR,Female,,"",US,US,WEGOVY,SEMAGLUTIDE,,"",PS,Death,DE,2024Q1,Younger Adults (18–64),Others,Missing,Missing,Missing,Death,Wegovy
22638744,3,76,YR,Female,77.7,KG,US,US,OZEMPIC,SEMAGLUTIDE,,"",PS,Diabetic glaucoma,OT,2024Q1,Older Adults (≥65),Others,<80 kg,Missing,Missing,Other serious outcome,Ozempic
22660481,3,56,YR,Male,110.66,KG,US,US,OZEMPIC,SEMAGLUTIDE,,"",PS,Vomiting,HO,2024Q1,Younger Adults (18–64),Gastro-Intestinal and Metabolic,≥100 kg,Missing,Missing,Hospitalization,Ozempic
22660535,3,66,YR,Female,,"",US,US,SEMAGLUTIDE,SEMAGLUTIDE,0.5,MG,PS,Syncope,HO,2024Q1,Older Adults (≥65),Cardiovascular,Missing,0.5–0.99 mg,Medium dose,Hospitalization,Semaglutide (Unspecified)
22663539,2,59,YR,Male,,"",US,US,OZEMPIC,SEMAGLUTIDE,0.25,MG,PS,Hypoacusis,OT,2024Q1,Younger Adults (18–64),Others,Missing,<0.5 mg,Low dose,Other serious outcome,Ozempic
22675640,6,69,YR,Female,,"",US,US,OZEMPIC,SEMAGLUTIDE,,"",PS,Nightmare,HO,2024Q3,Older Adults (≥65),Psychiatric-related,Missing,Missing,Missing,Hospitalization,Ozempic
22675647,2,61,YR,Female,,"",US,US,OZEMPIC,SEMAGLUTIDE,,"",PS,Weight increased,OT,2024Q1,Younger Adults (18–64),Others,Missing,Missing,Missing,Other serious outcome,Ozempic
22699469,2,75,YR,Female,,"",US,US,OZEMPIC,SEMAGLUTIDE,2,MG,PS,Myocardial infarction,HO,2024Q4,Older Adults (≥65),Cardiovascular,Missing,≥1 mg,High dose,Hospitalization,Ozempic
22731187,2,67,YR,Male,122.46,KG,US,US,OZEMPIC,SEMAGLUTIDE,1,MG,PS,Anaphylactic shock,OT,2024Q1,Older Adults (≥65),Others,≥100 kg,≥1 mg,High dose,Other serious outcome,Ozempic
22732178,2,56,YR,Female,70.295,KG,US,US,OZEMPIC,SEMAGLUTIDE,0.25,MG,PS,Product label confusion,OT,2024Q1,Younger Adults (18–64),Others,<80 kg,<0.5 mg,Low dose,Other serious outcome,Ozempic
22732201,2,72,YR,Female,124,KG,US,US,OZEMPIC,SEMAGLUTIDE,0.5,MG,PS,Dyspepsia,OT,2024Q3,Older Adults (≥65),Gastro-Intestinal and Metabolic,≥100 kg,0.5–0.99 mg,Medium dose,Other serious outcome,Ozempic
22732934,2,60,YR,Female,,"",US,US,OZEMPIC,SEMAGLUTIDE,,"",PS,Pancreatitis,OT,2024Q1,Younger Adults (18–64),Gastro-Intestinal and Metabolic,Missing,Missing,Missing,Other serious outcome,Ozempic
22733310,2,50,YR,Female,102.96,KG,US,US,OZEMPIC,SEMAGLUTIDE,,"",PS,Anaphylactic reaction,OT,2024Q1,Younger Adults (18–64),Others,≥100 kg,Missing,Missing,Other serious outcome,Ozempic
22738775,2,73,YR,Male,78.458,KG,US,US,WEGOVY,SEMAGLUTIDE,,"",PS,Vomiting,HO,2024Q1,Older Adults (≥65),Gastro-Intestinal and Metabolic,<80 kg,Missing,Missing,Hospitalization,Wegovy
22738900,2,77,YR,Female,,"",US,US,WEGOVY,SEMAGLUTIDE,,"",PS,Anaphylactic reaction,OT,2024Q1,Older Adults (≥65),Others,Missing,Missing,Missing,Other serious outcome,Wegovy
22774972,2,62,YR,Male,,"",US,US,OZEMPIC,SEMAGLUTIDE,,"",PS,Dyspepsia,HO,2024Q2,Younger Adults (18–64),Gastro-Intestinal and Metabolic,Missing,Missing,Missing,Hospitalization,Ozempic
22780202,2,59,YR,Male,,"",US,US,OZEMPIC,SEMAGLUTIDE,0.25,MG,PS,Product storage error,HO,2024Q2,Younger Adults (18–64),Others,Missing,<0.5 mg,Low dose,Hospitalization,Ozempic
22786065,2,79,YR,Female,,"",US,US,RYBELSUS,SEMAGLUTIDE,,"",PS,Weight decreased,HO,2024Q2,Older Adults (≥65),Gastro-Intestinal and Metabolic,Missing,Missing,Missing,Hospitalization,Rybelsus
22801599,2,92,YR,Male,,"",US,US,OZEMPIC,SEMAGLUTIDE,,"",PS,Loss of consciousness,OT,2024Q2,Older Adults (≥65),Others,Missing,Missing,Missing,Other serious outcome,Ozempic
22825293,6,66,YR,Male,173.85,KG,US,US,OZEMPIC,SEMAGLUTIDE,0.5,MG,PS,Inappropriate schedule of product administration,HO,2024Q2,Older Adults (≥65),Others,≥100 kg,0.5–0.99 mg,Medium dose,Hospitalization,Ozempic
22846799,2,56,YR,Female,,"",US,US,OZEMPIC,SEMAGLUTIDE,2,MG,PS,Hospitalisation,HO,2024Q2,Younger Adults (18–64),Others,Missing,≥1 mg,High dose,Hospitalization,Ozempic
22890046,7,48,YR,Female,,"",US,US,OZEMPIC,SEMAGLUTIDE,0.5,MG,PS,Weight decreased,OT,2024Q1,Younger Adults (18–64),Gastro-Intestinal and Metabolic,Missing,0.5–0.99 mg,Medium dose,Other serious outcome,Ozempic
22915134,2,41,YR,Female,,"",US,US,OZEMPIC,SEMAGLUTIDE,1,MG,PS,Decreased appetite,HO,2024Q4,Younger Adults (18–64),Gastro-Intestinal and Metabolic,Missing,≥1 mg,High dose,Hospitalization,Ozempic
22919551,2,33,YR,Female,,"",US,US,WEGOVY,SEMAGLUTIDE,0.25,MG,PS,Maternal exposure during pregnancy,OT,2024Q2,Younger Adults (18–64),Others,Missing,<0.5 mg,Low dose,Other serious outcome,Wegovy
22932998,4,47,YR,Female,,"",US,US,OZEMPIC,SEMAGLUTIDE,,"",PS,Wisdom teeth removal,OT,2024Q2,Younger Adults (18–64),Others,Missing,Missing,Missing,Other serious outcome,Ozempic
22954363,6,66,YR,Male,,"",US,US,OZEMPIC,SEMAGLUTIDE,0.5,MG,PS,Appendicitis,HO,2024Q1,Older Adults (≥65),Others,Missing,0.5–0.99 mg,Medium dose,Hospitalization,Ozempic
22955931,2,66,YR,Female,,"",US,US,WEGOVY,SEMAGLUTIDE,,"",PS,Pulmonary embolism,OT,2024Q1,Older Adults (≥65),Cardiovascular,Missing,Missing,Missing,Other serious outcome,Wegovy
22959601,6,73,YR,Male,119.2,KG,US,US,OZEMPIC,SEMAGLUTIDE,0.25,MG,PS,Abdominal discomfort,LT,2024Q1,Older Adults (≥65),Others,≥100 kg,<0.5 mg,Low dose,Life-threatening,Ozempic
22989131,2,57,YR,Female,,"",US,US,WEGOVY,SEMAGLUTIDE,,"",PS,Hepatic enzyme increased,HO,2024Q1,Younger Adults (18–64),Gastro-Intestinal and Metabolic,Missing,Missing,Missing,Hospitalization,Wegovy
22996811,3,79,YR,Female,,"",US,US,OZEMPIC,SEMAGLUTIDE,2,MG,PS,Chromaturia,DE,2024Q1,Older Adults (≥65),Others,Missing,≥1 mg,High dose,Death,Ozempic
23011840,3,76,YR,Male,,"",US,US,OZEMPIC,SEMAGLUTIDE,,"",PS,Colorectal cancer recurrent,OT,2024Q1,Older Adults (≥65),Others,Missing,Missing,Missing,Other serious outcome,Ozempic
23024177,2,66,YR,Female,,"",US,US,OZEMPIC,SEMAGLUTIDE,,"",PS,Decreased appetite,HO,2024Q2,Older Adults (≥65),Gastro-Intestinal and Metabolic,Missing,Missing,Missing,Hospitalization,Ozempic
23030226,3,45,YR,Male,,"",US,US,OZEMPIC,SEMAGLUTIDE,,"",PS,Dyspepsia,HO,2024Q3,Younger Adults (18–64),Gastro-Intestinal and Metabolic,Missing,Missing,Missing,Hospitalization,Ozempic
23057365,3,73,YR,Female,61.224,KG,US,US,OZEMPIC,SEMAGLUTIDE,,"",PS,Haemorrhage,HO,2024Q1,Older Adults (≥65),Others,<80 kg,Missing,Missing,Hospitalization,Ozempic
23101690,3,70,YR,Female,79.3,KG,US,US,WEGOVY,SEMAGLUTIDE,0.5,MG,PS,Nausea,HO,2024Q1,Older Adults (≥65),Gastro-Intestinal and Metabolic,<80 kg,0.5–0.99 mg,Medium dose,Hospitalization,Wegovy
23112953,3,60,YR,Male,,"",US,US,WEGOVY,SEMAGLUTIDE,1,MG,PS,Renal function test abnormal,OT,2024Q1,Younger Adults (18–64),Others,Missing,≥1 mg,High dose,Other serious outcome,Wegovy
23149049,4,72,YR,Female,206,KG,US,US,OZEMPIC,SEMAGLUTIDE,,"",PS,Abdominal discomfort,OT,2024Q2,Older Adults (≥65),Others,≥100 kg,Missing,Missing,Other serious outcome,Ozempic
23157311,2,73,YR,Female,63.946,KG,US,US,OZEMPIC,SEMAGLUTIDE,1,MG,PS,Coronary artery occlusion,HO,2024Q1,Older Adults (≥65),Cardiovascular,<80 kg,≥1 mg,High dose,Hospitalization,Ozempic
23179333,3,65,YR,Female,,"",US,US,OZEMPIC,SEMAGLUTIDE,1,MG,PS,Blood glucose increased,HO,2024Q1,Older Adults (≥65),Gastro-Intestinal and Metabolic,Missing,≥1 mg,High dose,Hospitalization,Ozempic
23203138,2,61,YR,Male,,"",US,US,OZEMPIC,SEMAGLUTIDE,2,MG,PS,Foot amputation,OT,2024Q1,Younger Adults (18–64),Others,Missing,≥1 mg,High dose,Other serious outcome,Ozempic
23224002,2,28,YR,Female,101.59,KG,US,US,WEGOVY,SEMAGLUTIDE,2.4,MG,PS,Cholelithiasis,OT,2024Q1,Younger Adults (18–64),Gastro-Intestinal and Metabolic,≥100 kg,≥1 mg,High dose,Other serious outcome,Wegovy
23224004,4,79,YR,Female,,"",US,US,OZEMPIC,SEMAGLUTIDE,0.5,MG,PS,Influenza,HO,2024Q2,Older Adults (≥65),Others,Missing,0.5–0.99 mg,Medium dose,Hospitalization,Ozempic
23229250,2,44,YR,Female,67.574,KG,US,US,WEGOVY,SEMAGLUTIDE,2.4,MG,PS,Obstructive pancreatitis,OT,2024Q1,Younger Adults (18–64),Others,<80 kg,≥1 mg,High dose,Other serious outcome,Wegovy
23238292,4,70,YR,Male,93.424,KG,US,US,OZEMPIC,SEMAGLUTIDE,2,MG,PS,Pneumonia bacterial,HO,2024Q1,Older Adults (≥65),Others,80–99 kg,≥1 mg,High dose,Hospitalization,Ozempic
23238293,3,71,YR,Female,104.31,KG,US,US,OZEMPIC,SEMAGLUTIDE,1,MG,PS,Sialoadenitis,HO,2024Q2,Older Adults (≥65),Others,≥100 kg,≥1 mg,High dose,Hospitalization,Ozempic
23248612,2,76,YR,Female,,"",US,US,OZEMPIC,SEMAGLUTIDE,0.25,MG,PS,Throat tightness,OT,2024Q1,Older Adults (≥65),Others,Missing,<0.5 mg,Low dose,Other serious outcome,Ozempic
23256102,2,79,YR,Female,,"",US,US,OZEMPIC,SEMAGLUTIDE,,"",PS,Myocardial infarction,HO,2024Q1,Older Adults (≥65),Cardiovascular,Missing,Missing,Missing,Hospitalization,Ozempic
23286512,2,18,YR,Female,,"",US,US,OZEMPIC,SEMAGLUTIDE,0.5,MG,PS,Product communication issue,OT,2024Q1,Younger Adults (18–64),Others,Missing,0.5–0.99 mg,Medium dose,Other serious outcome,Ozempic
23306356,2,65,YR,Female,97.052,KG,US,US,OZEMPIC,SEMAGLUTIDE,,"",PS,Off label use,HO,2024Q1,Older Adults (≥65),Others,80–99 kg,Missing,Missing,Hospitalization,Ozempic
23311415,2,46,YR,Female,,"",US,US,OZEMPIC,SEMAGLUTIDE,0.5,MG,PS,Intestinal obstruction,LT,2024Q4,Younger Adults (18–64),Gastro-Intestinal and Metabolic,Missing,0.5–0.99 mg,Medium dose,Life-threatening,Ozempic
23311416,2,46,YR,Female,,"",US,US,WEGOVY,SEMAGLUTIDE,1,MG,PS,Impaired gastric emptying,HO,2024Q4,Younger Adults (18–64),Gastro-Intestinal and Metabolic,Missing,≥1 mg,High dose,Hospitalization,Wegovy
23311428,6,48,YR,Male,,"",US,US,OZEMPIC,SEMAGLUTIDE,,"",PS,Vomiting,LT,2024Q4,Younger Adults (18–64),Gastro-Intestinal and Metabolic,Missing,Missing,Missing,Life-threatening,Ozempic
23311432,4,50,YR,Female,,"",US,US,OZEMPIC,SEMAGLUTIDE,0.25,MG,PS,Injection site pain,HO,2024Q1,Younger Adults (18–64),Others,Missing,<0.5 mg,Low dose,Hospitalization,Ozempic
23318448,5,75,YR,Female,,"",US,US,OZEMPIC,SEMAGLUTIDE,0.25,MG,PS,Hyperchlorhydria,OT,2024Q2,Older Adults (≥65),Others,Missing,<0.5 mg,Low dose,Other serious outcome,Ozempic
23336640,2,29,YR,Female,111.57,KG,US,US,OZEMPIC,SEMAGLUTIDE,0.25,MG,PS,Intestinal obstruction,HO,2024Q4,Younger Adults (18–64),Gastro-Intestinal and Metabolic,≥100 kg,<0.5 mg,Low dose,Hospitalization,Ozempic
23336642,2,42,YR,Male,,"",US,US,WEGOVY,SEMAGLUTIDE,1.7,MG,PS,Intervertebral disc protrusion,HO,2024Q1,Younger Adults (18–64),Others,Missing,≥1 mg,High dose,Hospitalization,Wegovy
23336643,2,44,YR,Female,99.32,KG,US,US,WEGOVY,SEMAGLUTIDE,0.25,MG,PS,Gastroenteritis,HO,2024Q4,Younger Adults (18–64),Others,80–99 kg,<0.5 mg,Low dose,Hospitalization,Wegovy
23340601,2,72,YR,Male,,"",US,US,OZEMPIC,SEMAGLUTIDE,1,MG,PS,Vocal cord paralysis,HO,2024Q4,Older Adults (≥65),Others,Missing,≥1 mg,High dose,Hospitalization,Ozempic
23340605,2,51,YR,Female,94.331,KG,US,US,OZEMPIC,SEMAGLUTIDE,0.25,MG,PS,Product use in unapproved indication,OT,2024Q1,Younger Adults (18–64),Others,80–99 kg,<0.5 mg,Low dose,Other serious outcome,Ozempic
23344599,2,76,YR,Male,,"",US,US,OZEMPIC,SEMAGLUTIDE,0.5,MG,PS,Bile duct stone,DE,2024Q4,Older Adults (≥65),Others,Missing,0.5–0.99 mg,Medium dose,Death,Ozempic
23344626,2,48,YR,Female,107.03,KG,US,US,OZEMPIC,SEMAGLUTIDE,2,MG,PS,Vomiting,HO,2024Q4,Younger Adults (18–64),Gastro-Intestinal and Metabolic,≥100 kg,≥1 mg,High dose,Hospitalization,Ozempic
23349060,2,54,YR,Female,96.145,KG,US,US,OZEMPIC,SEMAGLUTIDE,,"",PS,Haematemesis,HO,2024Q4,Younger Adults (18–64),Others,80–99 kg,Missing,Missing,Hospitalization,Ozempic
23351311,2,59,YR,Female,,"",US,US,OZEMPIC,SEMAGLUTIDE,,"",PS,Cerebrovascular accident,HO,2024Q1,Younger Adults (18–64),Cardiovascular,Missing,Missing,Missing,Hospitalization,Ozempic
23355664,1,57,YR,Male,,"",US,US,OZEMPIC,SEMAGLUTIDE,1,MG,PS,Road traffic accident,HO,2024Q1,Younger Adults (18–64),Others,Missing,≥1 mg,High dose,Hospitalization,Ozempic
23355667,1,71,YR,Male,,"",US,US,OZEMPIC,SEMAGLUTIDE,0.5,MG,PS,Vomiting,OT,2024Q1,Older Adults (≥65),Gastro-Intestinal and Metabolic,Missing,0.5–0.99 mg,Medium dose,Other serious outcome,Ozempic
23355668,1,45,YR,Female,90.7,KG,US,US,OZEMPIC,SEMAGLUTIDE,,"",PS,Rash,HO,2024Q1,Younger Adults (18–64),Others,80–99 kg,Missing,Missing,Hospitalization,Ozempic
23355690,1,65,YR,Female,,"",US,US,OZEMPIC,SEMAGLUTIDE,0.5,MG,PS,Meniscus injury,OT,2024Q1,Older Adults (≥65),Others,Missing,0.5–0.99 mg,Medium dose,Other serious outcome,Ozempic
23358045,1,54,YR,Female,87.75,KG,US,"",OZEMPIC,SEMAGLUTIDE,,"",PS,Regurgitation,OT,2024Q1,Younger Adults (18–64),Others,80–99 kg,Missing,Missing,Other serious outcome,Ozempic
23359868,1,73,YR,Male,,"",US,US,WEGOVY,SEMAGLUTIDE,,"",PS,Living in residential institution,OT,2024Q1,Older Adults (≥65),Others,Missing,Missing,Missing,Other serious outcome,Wegovy
23359869,1,38,YR,Female,,"",US,US,WEGOVY,SEMAGLUTIDE,1,MG,PS,Type 2 diabetes mellitus,OT,2024Q1,Younger Adults (18–64),Others,Missing,≥1 mg,High dose,Other serious outcome,Wegovy
23362695,1,50,YR,Female,139,LBS,US,"",WEGOVY,SEMAGLUTIDE,2.4,GM,PS,Diarrhoea,OT,2024Q1,Younger Adults (18–64),Gastro-Intestinal and Metabolic,≥100 kg,≥1 mg,High dose,Other serious outcome,Wegovy
23364258,2,55,YR,Female,,"",US,US,OZEMPIC,SEMAGLUTIDE,0.5,MG,PS,Appendicitis perforated,HO,2024Q1,Younger Adults (18–64),Others,Missing,0.5–0.99 mg,Medium dose,Hospitalization,Ozempic
23364259,1,63,YR,Female,,"",US,US,OZEMPIC,SEMAGLUTIDE,,"",PS,Nasopharyngitis,OT,2024Q1,Younger Adults (18–64),Others,Missing,Missing,Missing,Other serious outcome,Ozempic
23364267,1,57,YR,Male,,"",US,US,OZEMPIC,SEMAGLUTIDE,0.5,MG,PS,Hepatic cirrhosis,OT,2024Q1,Younger Adults (18–64),Others,Missing,0.5–0.99 mg,Medium dose,Other serious outcome,Ozempic
23365734,1,60,YR,Male,115.65,KG,US,"",WEGOVY,SEMAGLUTIDE,,"",PS,Gait disturbance,RI,2024Q1,Younger Adults (18–64),Others,≥100 kg,Missing,Missing,Required intervention,Wegovy
23365783,1,53,YR,Female,,"",US,"",SEMAGLUTIDE,SEMAGLUTIDE,5,MG,PS,Overdose,LT,2024Q1,Younger Adults (18–64),Others,Missing,≥1 mg,High dose,Life-threatening,Semaglutide (Unspecified)
23365941,1,68,YR,Male,112.5,KG,US,"",OZEMPIC,SEMAGLUTIDE,,"",PS,Abdominal pain,OT,2024Q1,Older Adults (≥65),Gastro-Intestinal and Metabolic,≥100 kg,Missing,Missing,Other serious outcome,Ozempic
23365943,1,47,YR,Male,118.8,KG,US,"",OZEMPIC,SEMAGLUTIDE,,"",PS,Eructation,OT,2024Q1,Younger Adults (18–64),Others,≥100 kg,Missing,Missing,Other serious outcome,Ozempic
23365947,1,60,YR,Female,,"",US,"",WEGOVY,SEMAGLUTIDE,,"",PS,Depression,HO,2024Q1,Younger Adults (18–64),Psychiatric-related,Missing,Missing,Missing,Hospitalization,Wegovy
23366658,1,62,YR,Female,108,KG,US,"",OZEMPIC,SEMAGLUTIDE,,"",PS,Gastritis bacterial,LT,2024Q1,Younger Adults (18–64),Others,≥100 kg,Missing,Missing,Life-threatening,Ozempic
23367050,1,54,YR,Female,72.9,KG,US,"",OZEMPIC,SEMAGLUTIDE,,"",PS,Suicide attempt,LT,2024Q1,Younger Adults (18–64),Psychiatric-related,<80 kg,Missing,Missing,Life-threatening,Ozempic
23367076,1,50,YR,Female,60.75,KG,US,"",OZEMPIC,SEMAGLUTIDE,,"",PS,Alopecia,OT,2024Q1,Younger Adults (18–64),Others,<80 kg,Missing,Missing,Other serious outcome,Ozempic
23367336,1,63,YR,Female,62.1,KG,US,"",WEGOVY,SEMAGLUTIDE,,"",PS,Alopecia,RI,2024Q1,Younger Adults (18–64),Others,<80 kg,Missing,Missing,Required intervention,Wegovy
23367461,1,72,YR,Female,,"",US,US,OZEMPIC,SEMAGLUTIDE,1,MG,PS,Myocardial infarction,OT,2024Q1,Older Adults (≥65),Cardiovascular,Missing,≥1 mg,High dose,Other serious outcome,Ozempic
23367959,1,59,YR,Female,,"",US,US,OZEMPIC,SEMAGLUTIDE,0.5,MG,PS,Cataract,OT,2024Q1,Younger Adults (18–64),Others,Missing,0.5–0.99 mg,Medium dose,Other serious outcome,Ozempic
23369485,1,61,YR,Female,73.8,KG,US,"",OZEMPIC,SEMAGLUTIDE,,"",PS,Faecaloma,LT,2024Q1,Younger Adults (18–64),Others,<80 kg,Missing,Missing,Life-threatening,Ozempic
23369486,1,45,YR,Male,112.5,KG,US,"",WEGOVY,SEMAGLUTIDE,,"",PS,Depression,HO,2024Q1,Younger Adults (18–64),Psychiatric-related,≥100 kg,Missing,Missing,Hospitalization,Wegovy
23369664,1,52,YR,Male,148.5,KG,US,"",RYBELSUS,SEMAGLUTIDE,,"",PS,Decreased appetite,OT,2024Q1,Younger Adults (18–64),Gastro-Intestinal and Metabolic,≥100 kg,Missing,Missing,Other serious outcome,Rybelsus
23369723,1,65,YR,Female,85.5,KG,US,"",WEGOVY,SEMAGLUTIDE,,"",PS,Alopecia,OT,2024Q1,Older Adults (≥65),Others,80–99 kg,Missing,Missing,Other serious outcome,Wegovy
23370278,1,41,YR,Female,81,KG,US,"",OZEMPIC,SEMAGLUTIDE,,"",PS,Alopecia,OT,2024Q1,Younger Adults (18–64),Others,80–99 kg,Missing,Missing,Other serious outcome,Ozempic
23371523,1,70,YR,Female,,"",US,US,OZEMPIC,SEMAGLUTIDE,0.25,MG,PS,Corrective lens user,HO,2024Q1,Older Adults (≥65),Others,Missing,<0.5 mg,Low dose,Hospitalization,Ozempic
23371548,1,40,YR,Male,90,KG,US,"",OZEMPIC,SEMAGLUTIDE,,"",PS,Completed suicide,DE,2024Q1,Younger Adults (18–64),Psychiatric-related,80–99 kg,Missing,Missing,Death,Ozempic
23376192,2,69,YR,Male,,"",US,US,OZEMPIC,SEMAGLUTIDE,1,MG,PS,Drug ineffective,OT,2024Q1,Older Adults (≥65),Others,Missing,≥1 mg,High dose,Other serious outcome,Ozempic
23376194,1,66,YR,Female,,"",US,US,OZEMPIC,SEMAGLUTIDE,0.25,MG,PS,Contusion,HO,2024Q1,Older Adults (≥65),Others,Missing,<0.5 mg,Low dose,Hospitalization,Ozempic
23376196,1,73,YR,Female,,"",US,US,OZEMPIC,SEMAGLUTIDE,1,MG,PS,Headache,OT,2024Q1,Older Adults (≥65),Others,Missing,≥1 mg,High dose,Other serious outcome,Ozempic
23377761,1,56,YR,Female,77.4,KG,US,"",OZEMPIC,SEMAGLUTIDE,0.25,MG,PS,Suicidal ideation,OT,2024Q1,Younger Adults (18–64),Psychiatric-related,<80 kg,<0.5 mg,Low dose,Other serious outcome,Ozempic
23378013,1,72,YR,Female,83.25,KG,US,"",OZEMPIC,SEMAGLUTIDE,,"",PS,Intestinal obstruction,DS,2024Q1,Older Adults (≥65),Gastro-Intestinal and Metabolic,80–99 kg,Missing,Missing,Disability,Ozempic
23378083,1,67,YR,Female,78.3,KG,US,"",OZEMPIC,SEMAGLUTIDE,,"",PS,Parosmia,HO,2024Q1,Older Adults (≥65),Others,<80 kg,Missing,Missing,Hospitalization,Ozempic
23378498,1,42,YR,Female,96.75,KG,US,"",WEGOVY,SEMAGLUTIDE,,"",PS,Amenorrhoea,OT,2024Q1,Younger Adults (18–64),Others,80–99 kg,Missing,Missing,Other serious outcome,Wegovy
23378503,1,47,YR,Female,78.3,KG,US,"",WEGOVY,SEMAGLUTIDE,,"",PS,Loss of consciousness,HO,2024Q1,Younger Adults (18–64),Others,<80 kg,Missing,Missing,Hospitalization,Wegovy
23378852,1,32,YR,Female,91.1,KG,US,"",SEMAGLUTIDE,SEMAGLUTIDE,,"",PS,Vomiting,HO,2024Q1,Younger Adults (18–64),Gastro-Intestinal and Metabolic,80–99 kg,Missing,Missing,Hospitalization,Semaglutide (Unspecified)
23379200,1,46,YR,Male,99,KG,US,"",OZEMPIC,SEMAGLUTIDE,,"",PS,Vomiting,RI,2024Q1,Younger Adults (18–64),Gastro-Intestinal and Metabolic,80–99 kg,Missing,Missing,Required intervention,Ozempic
23379232,1,53,YR,Female,102.6,KG,US,"",WEGOVY,SEMAGLUTIDE,,"",PS,Alopecia,OT,2024Q1,Younger Adults (18–64),Others,≥100 kg,Missing,Missing,Other serious outcome,Wegovy
23379276,1,66,YR,Male,97.2,KG,US,"",OZEMPIC,SEMAGLUTIDE,,"",PS,Pancreatitis,HO,2024Q1,Older Adults (≥65),Gastro-Intestinal and Metabolic,80–99 kg,Missing,Missing,Hospitalization,Ozempic
23381291,1,30,YR,Female,,"",US,US,OZEMPIC,SEMAGLUTIDE,,"",PS,Abortion spontaneous,OT,2024Q1,Younger Adults (18–64),Others,Missing,Missing,Missing,Other serious outcome,Ozempic
23381296,2,45,YR,Female,163.27,KG,US,US,OZEMPIC,SEMAGLUTIDE,0.5,MG,PS,Dehydration,HO,2024Q4,Younger Adults (18–64),Gastro-Intestinal and Metabolic,≥100 kg,0.5–0.99 mg,Medium dose,Hospitalization,Ozempic
23381297,1,52,YR,Male,,"",US,US,OZEMPIC,SEMAGLUTIDE,0.5,MG,PS,Peritonitis,OT,2024Q1,Younger Adults (18–64),Others,Missing,0.5–0.99 mg,Medium dose,Other serious outcome,Ozempic
23381302,1,61,YR,Female,,"",US,US,OZEMPIC,SEMAGLUTIDE,1,MG,PS,Surgery,OT,2024Q1,Younger Adults (18–64),Others,Missing,≥1 mg,High dose,Other serious outcome,Ozempic
23381321,2,49,YR,Female,124.72,KG,US,US,OZEMPIC,SEMAGLUTIDE,0.5,MG,PS,Decreased appetite,HO,2024Q4,Younger Adults (18–64),Gastro-Intestinal and Metabolic,≥100 kg,0.5–0.99 mg,Medium dose,Hospitalization,Ozempic
23381322,2,65,YR,Male,83.9,KG,US,US,OZEMPIC,SEMAGLUTIDE,2,MG,PS,Off label use,HO,2024Q4,Older Adults (≥65),Others,80–99 kg,≥1 mg,High dose,Hospitalization,Ozempic
23381323,2,82,YR,Female,,"",US,US,OZEMPIC,SEMAGLUTIDE,,"",PS,Cataract,OT,2024Q2,Older Adults (≥65),Others,Missing,Missing,Missing,Other serious outcome,Ozempic
23381327,1,64,YR,Male,,"",US,US,OZEMPIC,SEMAGLUTIDE,0.5,MG,PS,Productive cough,OT,2024Q1,Younger Adults (18–64),Others,Missing,0.5–0.99 mg,Medium dose,Other serious outcome,Ozempic
23381334,1,55,YR,Female,76.19,KG,US,US,OZEMPIC,SEMAGLUTIDE,0.25,MG,PS,Supraventricular tachycardia,OT,2024Q1,Younger Adults (18–64),Others,<80 kg,<0.5 mg,Low dose,Other serious outcome,Ozempic
23383085,1,46,YR,Female,,"",US,"",WEGOVY,SEMAGLUTIDE,,"",PS,Insurance issue,OT,2024Q1,Younger Adults (18–64),Others,Missing,Missing,Missing,Other serious outcome,Wegovy
23383086,1,57,YR,Female,82.8,KG,US,"",WEGOVY,SEMAGLUTIDE,,"",PS,Sleep disorder,OT,2024Q1,Younger Adults (18–64),Psychiatric-related,80–99 kg,Missing,Missing,Other serious outcome,Wegovy
23383943,1,36,YR,Female,90,KG,US,"",OZEMPIC,SEMAGLUTIDE,,"",PS,Brain fog,DS,2024Q1,Younger Adults (18–64),Others,80–99 kg,Missing,Missing,Disability,Ozempic
23383983,3,79,YR,Female,,"",US,US,WEGOVY,SEMAGLUTIDE,0.25,MG,PS,Pancreatic duct dilatation,OT,2024Q1,Older Adults (≥65),Others,Missing,<0.5 mg,Low dose,Other serious outcome,Wegovy
23385702,1,62,YR,Male,,"",US,US,OZEMPIC,SEMAGLUTIDE,0.5,MG,PS,Cerebrovascular accident,LT,2024Q1,Younger Adults (18–64),Cardiovascular,Missing,0.5–0.99 mg,Medium dose,Life-threatening,Ozempic
23385706,2,87,YR,Female,,"",US,US,OZEMPIC,SEMAGLUTIDE,2,MG,PS,Dizziness,HO,2024Q1,Older Adults (≥65),Others,Missing,≥1 mg,High dose,Hospitalization,Ozempic
23385707,1,59,YR,Female,,"",US,US,WEGOVY,SEMAGLUTIDE,2.4,MG,PS,Polypectomy,OT,2024Q1,Younger Adults (18–64),Others,Missing,≥1 mg,High dose,Other serious outcome,Wegovy
23385714,1,77,YR,Female,,"",US,US,OZEMPIC,SEMAGLUTIDE,,"",PS,Loss of consciousness,DE,2024Q1,Older Adults (≥65),Others,Missing,Missing,Missing,Death,Ozempic
23388075,1,54,YR,Male,117,KG,US,"",OZEMPIC,SEMAGLUTIDE,,"",PS,Infection,LT,2024Q1,Younger Adults (18–64),Others,≥100 kg,Missing,Missing,Life-threatening,Ozempic
23388178,1,55,YR,Female,81,KG,US,"",WEGOVY,SEMAGLUTIDE,,"",PS,Depression,RI,2024Q1,Younger Adults (18–64),Psychiatric-related,80–99 kg,Missing,Missing,Required intervention,Wegovy
23388746,1,33,YR,Male,114.75,KG,US,"",WEGOVY,SEMAGLUTIDE,,"",PS,Malaise,DS,2024Q1,Younger Adults (18–64),Others,≥100 kg,Missing,Missing,Disability,Wegovy
23389973,1,62,YR,Female,,"",US,US,OZEMPIC,SEMAGLUTIDE,,"",PS,Wernicke's encephalopathy,OT,2024Q1,Younger Adults (18–64),Others,Missing,Missing,Missing,Other serious outcome,Ozempic
23389974,2,42,YR,Female,,"",US,US,OZEMPIC,SEMAGLUTIDE,0.25,MG,PS,Off label use,HO,2024Q1,Younger Adults (18–64),Others,Missing,<0.5 mg,Low dose,Hospitalization,Ozempic
23389975,5,67,YR,Female,,"",US,US,OZEMPIC,SEMAGLUTIDE,1,MG,PS,Vomiting,OT,2024Q2,Older Adults (≥65),Gastro-Intestinal and Metabolic,Missing,≥1 mg,High dose,Other serious outcome,Ozempic
23389976,1,75,YR,Male,,"",US,US,OZEMPIC,SEMAGLUTIDE,,"",PS,Diarrhoea,HO,2024Q1,Older Adults (≥65),Gastro-Intestinal and Metabolic,Missing,Missing,Missing,Hospitalization,Ozempic
23389979,1,72,YR,Female,,"",US,US,OZEMPIC,SEMAGLUTIDE,1,MG,PS,Hepatic steatosis,DS,2024Q1,Older Adults (≥65),Others,Missing,≥1 mg,High dose,Disability,Ozempic
23389987,1,76,YR,Male,102,KG,US,US,OZEMPIC,SEMAGLUTIDE,,"",PS,Blood pressure decreased,HO,2024Q1,Older Adults (≥65),Others,≥100 kg,Missing,Missing,Hospitalization,Ozempic
23391832,1,54,YR,Female,76.5,KG,US,"",OZEMPIC,SEMAGLUTIDE,,"",PS,Abdominal pain,HO,2024Q1,Younger Adults (18–64),Gastro-Intestinal and Metabolic,<80 kg,Missing,Missing,Hospitalization,Ozempic
23391901,1,32,YR,Female,,"",US,"",WEGOVY,SEMAGLUTIDE,,"",PS,Deafness unilateral,OT,2024Q1,Younger Adults (18–64),Others,Missing,Missing,Missing,Other serious outcome,Wegovy
23391911,1,34,YR,Female,75.8,KG,US,"",WEGOVY,SEMAGLUTIDE,,"",PS,Pregnancy on oral contraceptive,OT,2024Q1,Younger Adults (18–64),Others,<80 kg,Missing,Missing,Other serious outcome,Wegovy
23392552,1,48,YR,Male,73.8,KG,US,"",OZEMPIC,SEMAGLUTIDE,,"",PS,Adenocarcinoma pancreas,DE,2024Q1,Younger Adults (18–64),Others,<80 kg,Missing,Missing,Death,Ozempic
23392567,2,51,YR,Female,,"",US,US,OZEMPIC,SEMAGLUTIDE,,"",PS,Vitreous floaters,OT,2024Q1,Younger Adults (18–64),Others,Missing,Missing,Missing,Other serious outcome,Ozempic
23392571,3,73,YR,Male,,"",US,US,RYBELSUS,SEMAGLUTIDE,,"",PS,Drug ineffective,OT,2024Q1,Older Adults (≥65),Others,Missing,Missing,Missing,Other serious outcome,Rybelsus
23392913,1,65,YR,Female,,"",US,US,RYBELSUS,SEMAGLUTIDE,7,MG,PS,Pancreatitis,HO,2024Q1,Older Adults (≥65),Gastro-Intestinal and Metabolic,Missing,≥1 mg,High dose,Hospitalization,Rybelsus
23392923,1,72,YR,Male,,"",US,US,RYBELSUS,SEMAGLUTIDE,3,MG,PS,Renal failure,OT,2024Q1,Older Adults (≥65),Others,Missing,≥1 mg,High dose,Other serious outcome,Rybelsus
23392956,1,73,YR,Male,,"",US,US,RYBELSUS,SEMAGLUTIDE,,"",PS,Abdominal pain,HO,2024Q1,Older Adults (≥65),Gastro-Intestinal and Metabolic,Missing,Missing,Missing,Hospitalization,Rybelsus
23392958,1,74,YR,Female,,"",US,US,RYBELSUS,SEMAGLUTIDE,7,MG,PS,Cholelithiasis,OT,2024Q1,Older Adults (≥65),Gastro-Intestinal and Metabolic,Missing,≥1 mg,High dose,Other serious outcome,Rybelsus
23392964,1,41,YR,Male,106.12,KG,US,US,RYBELSUS,SEMAGLUTIDE,7,MG,PS,Dehydration,HO,2024Q1,Younger Adults (18–64),Gastro-Intestinal and Metabolic,≥100 kg,≥1 mg,High dose,Hospitalization,Rybelsus
23392966,1,25,YR,Male,,"",US,US,RYBELSUS,SEMAGLUTIDE,7,MG,PS,Abdominal pain,HO,2024Q1,Younger Adults (18–64),Gastro-Intestinal and Metabolic,Missing,≥1 mg,High dose,Hospitalization,Rybelsus
23392990,1,50,YR,Female,,"",US,US,RYBELSUS,SEMAGLUTIDE,,"",PS,Diabetic retinopathy,OT,2024Q1,Younger Adults (18–64),Others,Missing,Missing,Missing,Other serious outcome,Rybelsus
23393032,2,63,YR,Male,,"",US,US,RYBELSUS,SEMAGLUTIDE,7,MG,PS,Pancreatitis acute,OT,2024Q3,Younger Adults (18–64),Gastro-Intestinal and Metabolic,Missing,≥1 mg,High dose,Other serious outcome,Rybelsus
23393055,1,65,YR,Female,,"",US,US,RYBELSUS,SEMAGLUTIDE,3,MG,PS,Drug dose titration not performed,HO,2024Q1,Older Adults (≥65),Others,Missing,≥1 mg,High dose,Hospitalization,Rybelsus
23395161,1,62,YR,Female,,"",US,US,OZEMPIC,SEMAGLUTIDE,0.5,MG,PS,Dermal cyst,OT,2024Q1,Younger Adults (18–64),Others,Missing,0.5–0.99 mg,Medium dose,Other serious outcome,Ozempic
23395170,1,57,YR,Male,,"",US,US,OZEMPIC,SEMAGLUTIDE,0.5,MG,PS,Blood sodium decreased,HO,2024Q1,Younger Adults (18–64),Others,Missing,0.5–0.99 mg,Medium dose,Hospitalization,Ozempic
23395172,4,68,YR,Female,,"",US,US,OZEMPIC,SEMAGLUTIDE,1,MG,PS,Glaucoma,OT,2024Q1,Older Adults (≥65),Others,Missing,≥1 mg,High dose,Other serious outcome,Ozempic
23396795,1,43,YR,Female,76.5,KG,US,"",WEGOVY,SEMAGLUTIDE,2.4,MG,PS,Hypoaesthesia,OT,2024Q1,Younger Adults (18–64),Others,<80 kg,≥1 mg,High dose,Other serious outcome,Wegovy
23398064,1,67,YR,Female,,"",US,"",OZEMPIC,SEMAGLUTIDE,,"",PS,Depression,LT,2024Q1,Older Adults (≥65),Psychiatric-related,Missing,Missing,Missing,Life-threatening,Ozempic
23398340,2,73,YR,Male,,"",US,US,OZEMPIC,SEMAGLUTIDE,1,MG,PS,Retching,OT,2024Q1,Older Adults (≥65),Others,Missing,≥1 mg,High dose,Other serious outcome,Ozempic
23403564,3,63,YR,Male,,"",US,US,OZEMPIC,SEMAGLUTIDE,,"",PS,Nausea,HO,2024Q1,Younger Adults (18–64),Gastro-Intestinal and Metabolic,Missing,Missing,Missing,Hospitalization,Ozempic
23403570,2,46,YR,Male,,"",US,US,OZEMPIC,SEMAGLUTIDE,,"",PS,Constipation,HO,2024Q4,Younger Adults (18–64),Gastro-Intestinal and Metabolic,Missing,Missing,Missing,Hospitalization,Ozempic
23403573,2,47,YR,Female,,"",US,US,WEGOVY,SEMAGLUTIDE,2.4,MG,PS,Colitis ischaemic,HO,2024Q1,Younger Adults (18–64),Others,Missing,≥1 mg,High dose,Hospitalization,Wegovy
23403583,1,49,YR,Male,114,KG,US,US,WEGOVY,SEMAGLUTIDE,2.4,MG,PS,Viral diarrhoea,HO,2024Q1,Younger Adults (18–64),Others,≥100 kg,≥1 mg,High dose,Hospitalization,Wegovy
23405264,1,77,YR,Female,78.75,KG,US,"",OZEMPIC,SEMAGLUTIDE,,"",PS,Diarrhoea,HO,2024Q1,Older Adults (≥65),Gastro-Intestinal and Metabolic,<80 kg,Missing,Missing,Hospitalization,Ozempic
23405418,1,61,YR,Female,83.9,KG,US,"",OZEMPIC,SEMAGLUTIDE,,"",PS,Abdominal pain,HO,2024Q1,Younger Adults (18–64),Gastro-Intestinal and Metabolic,80–99 kg,Missing,Missing,Hospitalization,Ozempic
23405927,1,57,YR,Female,92.25,KG,US,"",WEGOVY,SEMAGLUTIDE,,"",PS,Alopecia,OT,2024Q1,Younger Adults (18–64),Others,80–99 kg,Missing,Missing,Other serious outcome,Wegovy
23405956,1,72,YR,Male,99,KG,US,"",OZEMPIC,SEMAGLUTIDE,,"",PS,Ileus,OT,2024Q1,Older Adults (≥65),Gastro-Intestinal and Metabolic,80–99 kg,Missing,Missing,Other serious outcome,Ozempic
23405957,1,26,YR,Female,63,KG,US,"",WEGOVY,SEMAGLUTIDE,,"",PS,Malnutrition,RI,2024Q1,Younger Adults (18–64),Gastro-Intestinal and Metabolic,<80 kg,Missing,Missing,Required intervention,Wegovy
23406034,1,53,YR,Female,87.75,KG,US,"",OZEMPIC,SEMAGLUTIDE,,"",PS,Suicidal ideation,OT,2024Q1,Younger Adults (18–64),Psychiatric-related,80–99 kg,Missing,Missing,Other serious outcome,Ozempic
23406075,1,60,YR,Female,114.75,KG,US,"",RYBELSUS,SEMAGLUTIDE,,"",PS,Onychomycosis,OT,2024Q1,Younger Adults (18–64),Others,≥100 kg,Missing,Missing,Other serious outcome,Rybelsus
23406460,1,78,YR,Female,,"",US,US,OZEMPIC,SEMAGLUTIDE,,"",PS,Diverticulitis,HO,2024Q1,Older Adults (≥65),Others,Missing,Missing,Missing,Hospitalization,Ozempic
23406461,1,48,YR,Female,,"",US,US,WEGOVY,SEMAGLUTIDE,0.25,MG,PS,Surgery,OT,2024Q1,Younger Adults (18–64),Others,Missing,<0.5 mg,Low dose,Other serious outcome,Wegovy
23406463,1,80,YR,Female,,"",US,US,OZEMPIC,SEMAGLUTIDE,1,MG,PS,Knee operation,OT,2024Q1,Older Adults (≥65),Others,Missing,≥1 mg,High dose,Other serious outcome,Ozempic
23406466,3,66,YR,Female,96.145,KG,US,US,OZEMPIC,SEMAGLUTIDE,2,MG,PS,Blood glucose increased,HO,2024Q1,Older Adults (≥65),Gastro-Intestinal and Metabolic,80–99 kg,≥1 mg,High dose,Hospitalization,Ozempic
23407242,1,48,YR,Female,,"",US,US,SEMAGLUTIDE,SEMAGLUTIDE,0.5,MG,PS,Cholelithiasis,OT,2024Q1,Younger Adults (18–64),Gastro-Intestinal and Metabolic,Missing,0.5–0.99 mg,Medium dose,Other serious outcome,Semaglutide (Unspecified)
23407922,1,37,YR,Female,,"",US,US,OZEMPIC,SEMAGLUTIDE,,"",PS,Product use issue,OT,2024Q1,Younger Adults (18–64),Others,Missing,Missing,Missing,Other serious outcome,Ozempic
23407952,1,75,YR,Male,,"",US,US,OZEMPIC,SEMAGLUTIDE,,"",PS,Diarrhoea,HO,2024Q1,Older Adults (≥65),Gastro-Intestinal and Metabolic,Missing,Missing,Missing,Hospitalization,Ozempic
23409260,1,30,YR,Female,129,KG,US,"",OZEMPIC,SEMAGLUTIDE,,"",PS,Back pain,HO,2024Q1,Younger Adults (18–64),Others,≥100 kg,Missing,Missing,Hospitalization,Ozempic
23409284,1,51,YR,Female,61.65,KG,US,"",WEGOVY,SEMAGLUTIDE,,"",PS,Product substitution issue,OT,2024Q1,Younger Adults (18–64),Others,<80 kg,Missing,Missing,Other serious outcome,Wegovy
23411033,1,47,YR,Female,137.25,KG,US,"",OZEMPIC,SEMAGLUTIDE,,"",PS,Trichorrhexis,OT,2024Q1,Younger Adults (18–64),Others,≥100 kg,Missing,Missing,Other serious outcome,Ozempic
23411038,1,63,YR,Female,81.9,KG,US,"",PYRIDOXINE\SEMAGLUTIDE,PYRIDOXINE\SEMAGLUTIDE,,"",PS,Constipation,LT,2024Q1,Younger Adults (18–64),Gastro-Intestinal and Metabolic,80–99 kg,Missing,Missing,Life-threatening,Combination Product
23412058,1,62,YR,Male,,"",US,US,OZEMPIC,SEMAGLUTIDE,,"",PS,Pancreatitis acute,HO,2024Q1,Younger Adults (18–64),Gastro-Intestinal and Metabolic,Missing,Missing,Missing,Hospitalization,Ozempic
23412091,1,60,YR,Female,,"",US,US,OZEMPIC,SEMAGLUTIDE,,"",PS,Pancreatitis,OT,2024Q1,Younger Adults (18–64),Gastro-Intestinal and Metabolic,Missing,Missing,Missing,Other serious outcome,Ozempic
23412126,1,55,YR,Male,82.086,KG,US,US,OZEMPIC,SEMAGLUTIDE,1,MG,PS,Off label use,HO,2024Q1,Younger Adults (18–64),Others,80–99 kg,≥1 mg,High dose,Hospitalization,Ozempic
23412159,2,67,YR,Female,119.27,KG,US,US,OZEMPIC,SEMAGLUTIDE,0.25,MG,PS,Hypersensitivity,OT,2024Q3,Older Adults (≥65),Others,≥100 kg,<0.5 mg,Low dose,Other serious outcome,Ozempic
23412181,2,81,YR,Male,,"",US,US,OZEMPIC,SEMAGLUTIDE,,"",PS,Abdominal pain upper,OT,2024Q2,Older Adults (≥65),Gastro-Intestinal and Metabolic,Missing,Missing,Missing,Other serious outcome,Ozempic
23412244,1,74,YR,Male,,"",US,US,OZEMPIC,SEMAGLUTIDE,,"",PS,Drug hypersensitivity,OT,2024Q1,Older Adults (≥65),Others,Missing,Missing,Missing,Other serious outcome,Ozempic
23412250,1,40,YR,Female,,"",US,US,OZEMPIC,SEMAGLUTIDE,,"",PS,Decreased appetite,OT,2024Q1,Younger Adults (18–64),Gastro-Intestinal and Metabolic,Missing,Missing,Missing,Other serious outcome,Ozempic
23412251,1,71,YR,Male,,"",US,US,OZEMPIC,SEMAGLUTIDE,0.5,MG,PS,Dehydration,HO,2024Q1,Older Adults (≥65),Gastro-Intestinal and Metabolic,Missing,0.5–0.99 mg,Medium dose,Hospitalization,Ozempic
23412264,1,67,YR,Female,62.132,KG,US,US,OZEMPIC,SEMAGLUTIDE,0.5,MG,PS,Pancreatitis acute,OT,2024Q1,Older Adults (≥65),Gastro-Intestinal and Metabolic,<80 kg,0.5–0.99 mg,Medium dose,Other serious outcome,Ozempic
23412283,1,54,YR,Male,,"",US,US,OZEMPIC,SEMAGLUTIDE,0.25,MG,PS,Pancreatitis,OT,2024Q1,Younger Adults (18–64),Gastro-Intestinal and Metabolic,Missing,<0.5 mg,Low dose,Other serious outcome,Ozempic
23412293,2,62,YR,Female,,"",US,US,OZEMPIC,SEMAGLUTIDE,,"",PS,Onychoclasis,HO,2024Q3,Younger Adults (18–64),Others,Missing,Missing,Missing,Hospitalization,Ozempic
23412296,1,60,YR,Male,,"",US,US,OZEMPIC,SEMAGLUTIDE,1,MG,PS,Pancreatitis,OT,2024Q1,Younger Adults (18–64),Gastro-Intestinal and Metabolic,Missing,≥1 mg,High dose,Other serious outcome,Ozempic
23412298,1,72,YR,Male,89.796,KG,US,US,OZEMPIC,SEMAGLUTIDE,,"",PS,Pancreatitis,OT,2024Q1,Older Adults (≥65),Gastro-Intestinal and Metabolic,80–99 kg,Missing,Missing,Other serious outcome,Ozempic
23412300,1,62,YR,Female,,"",US,US,OZEMPIC,SEMAGLUTIDE,,"",PS,Pancreatitis,OT,2024Q1,Younger Adults (18–64),Gastro-Intestinal and Metabolic,Missing,Missing,Missing,Other serious outcome,Ozempic
23412301,2,20,YR,Female,97.5,KG,US,US,WEGOVY,SEMAGLUTIDE,1.7,MG,PS,Dizziness,HO,2024Q1,Younger Adults (18–64),Others,80–99 kg,≥1 mg,High dose,Hospitalization,Wegovy
23412303,1,66,YR,Female,,"",US,US,OZEMPIC,SEMAGLUTIDE,1,MG,PS,Pancreatitis,OT,2024Q1,Older Adults (≥65),Gastro-Intestinal and Metabolic,Missing,≥1 mg,High dose,Other serious outcome,Ozempic
23412304,1,56,YR,Female,100.7,KG,US,US,OZEMPIC,SEMAGLUTIDE,0.5,MG,PS,Anaphylactic reaction,OT,2024Q1,Younger Adults (18–64),Others,≥100 kg,0.5–0.99 mg,Medium dose,Other serious outcome,Ozempic
23412313,4,58,YR,Male,,"",US,US,OZEMPIC,SEMAGLUTIDE,1,MG,PS,Off label use,HO,2024Q3,Younger Adults (18–64),Others,Missing,≥1 mg,High dose,Hospitalization,Ozempic
23412379,1,53,YR,Female,,"",US,US,OZEMPIC,SEMAGLUTIDE,,"",PS,Dizziness,HO,2024Q1,Younger Adults (18–64),Others,Missing,Missing,Missing,Hospitalization,Ozempic
23412395,1,60,YR,Female,,"",US,US,OZEMPIC,SEMAGLUTIDE,,"",PS,Malaise,OT,2024Q1,Younger Adults (18–64),Others,Missing,Missing,Missing,Other serious outcome,Ozempic
23412418,1,70,YR,Female,76.2,KG,US,US,OZEMPIC,SEMAGLUTIDE,0.5,MG,PS,Pancreatitis,HO,2024Q1,Older Adults (≥65),Gastro-Intestinal and Metabolic,<80 kg,0.5–0.99 mg,Medium dose,Hospitalization,Ozempic
23412447,1,73,YR,Female,,"",US,US,OZEMPIC,SEMAGLUTIDE,0.25,MG,PS,Off label use,OT,2024Q1,Older Adults (≥65),Others,Missing,<0.5 mg,Low dose,Other serious outcome,Ozempic
23412476,1,67,YR,Female,62.132,KG,US,US,OZEMPIC,SEMAGLUTIDE,0.5,MG,PS,Pancreatitis,OT,2024Q1,Older Adults (≥65),Gastro-Intestinal and Metabolic,<80 kg,0.5–0.99 mg,Medium dose,Other serious outcome,Ozempic
23412484,2,42,YR,Female,,"",US,US,OZEMPIC,SEMAGLUTIDE,,"",PS,Pancreatitis,OT,2024Q1,Younger Adults (18–64),Gastro-Intestinal and Metabolic,Missing,Missing,Missing,Other serious outcome,Ozempic
23412491,1,37,YR,Female,,"",US,US,OZEMPIC,SEMAGLUTIDE,,"",PS,Stress,OT,2024Q1,Younger Adults (18–64),Psychiatric-related,Missing,Missing,Missing,Other serious outcome,Ozempic
23412497,2,83,YR,Female,160,KG,US,US,OZEMPIC,SEMAGLUTIDE,,"",PS,Off label use,HO,2024Q2,Older Adults (≥65),Others,≥100 kg,Missing,Missing,Hospitalization,Ozempic
23412520,1,77,YR,Female,,"",US,US,OZEMPIC,SEMAGLUTIDE,2,MG,PS,Acute kidney injury,OT,2024Q1,Older Adults (≥65),Others,Missing,≥1 mg,High dose,Other serious outcome,Ozempic
23412533,1,30,YR,Female,,"",US,US,OZEMPIC,SEMAGLUTIDE,,"",PS,Renal failure,OT,2024Q1,Younger Adults (18–64),Others,Missing,Missing,Missing,Other serious outcome,Ozempic
23412552,1,39,YR,Male,,"",US,US,OZEMPIC,SEMAGLUTIDE,2,MG,PS,Impaired gastric emptying,HO,2024Q1,Younger Adults (18–64),Gastro-Intestinal and Metabolic,Missing,≥1 mg,High dose,Hospitalization,Ozempic
23412605,1,60,YR,Male,,"",US,US,OZEMPIC,SEMAGLUTIDE,,"",PS,Pancreatitis,HO,2024Q1,Younger Adults (18–64),Gastro-Intestinal and Metabolic,Missing,Missing,Missing,Hospitalization,Ozempic
23412606,1,71,YR,Female,,"",US,US,OZEMPIC,SEMAGLUTIDE,0.25,MG,PS,Diarrhoea,HO,2024Q1,Older Adults (≥65),Gastro-Intestinal and Metabolic,Missing,<0.5 mg,Low dose,Hospitalization,Ozempic
23412610,1,56,YR,Male,,"",US,US,OZEMPIC,SEMAGLUTIDE,0.5,MG,PS,Cholelithiasis,OT,2024Q1,Younger Adults (18–64),Gastro-Intestinal and Metabolic,Missing,0.5–0.99 mg,Medium dose,Other serious outcome,Ozempic
23412614,1,73,YR,Female,92.971,KG,US,US,OZEMPIC,SEMAGLUTIDE,0.25,MG,PS,Product quality issue,OT,2024Q1,Older Adults (≥65),Others,80–99 kg,<0.5 mg,Low dose,Other serious outcome,Ozempic
23412624,1,69,YR,Female,,"",US,US,OZEMPIC,SEMAGLUTIDE,0.5,MG,PS,Nausea,HO,2024Q1,Older Adults (≥65),Gastro-Intestinal and Metabolic,Missing,0.5–0.99 mg,Medium dose,Hospitalization,Ozempic
23412633,1,68,YR,Female,,"",US,US,OZEMPIC,SEMAGLUTIDE,0.5,MG,PS,Colitis,HO,2024Q1,Older Adults (≥65),Others,Missing,0.5–0.99 mg,Medium dose,Hospitalization,Ozempic
23412650,1,55,YR,Male,,"",US,US,OZEMPIC,SEMAGLUTIDE,0.25,MG,PS,Angioedema,OT,2024Q1,Younger Adults (18–64),Others,Missing,<0.5 mg,Low dose,Other serious outcome,Ozempic
23412686,1,45,YR,Female,,"",US,US,OZEMPIC,SEMAGLUTIDE,1,MG,PS,Pancreatitis,HO,2024Q1,Younger Adults (18–64),Gastro-Intestinal and Metabolic,Missing,≥1 mg,High dose,Hospitalization,Ozempic
23412689,1,44,YR,Female,98.3,KG,US,US,OZEMPIC,SEMAGLUTIDE,1,MG,PS,Impaired gastric emptying,OT,2024Q1,Younger Adults (18–64),Gastro-Intestinal and Metabolic,80–99 kg,≥1 mg,High dose,Other serious outcome,Ozempic
23412754,1,53,YR,Female,,"",US,US,OZEMPIC,SEMAGLUTIDE,0.25,MG,PS,Acute kidney injury,HO,2024Q1,Younger Adults (18–64),Others,Missing,<0.5 mg,Low dose,Hospitalization,Ozempic
23412764,1,72,YR,Female,,"",US,US,OZEMPIC,SEMAGLUTIDE,2,MG,PS,Nausea,HO,2024Q1,Older Adults (≥65),Gastro-Intestinal and Metabolic,Missing,≥1 mg,High dose,Hospitalization,Ozempic
23412765,3,67,YR,Female,,"",US,US,OZEMPIC,SEMAGLUTIDE,,"",PS,Nausea,OT,2024Q3,Older Adults (≥65),Gastro-Intestinal and Metabolic,Missing,Missing,Missing,Other serious outcome,Ozempic
23412777,1,44,YR,Female,,"",US,US,OZEMPIC,SEMAGLUTIDE,,"",PS,Impaired gastric emptying,OT,2024Q1,Younger Adults (18–64),Gastro-Intestinal and Metabolic,Missing,Missing,Missing,Other serious outcome,Ozempic
23412783,1,43,YR,Female,,"",US,US,OZEMPIC,SEMAGLUTIDE,1,MG,PS,Pancreatitis,HO,2024Q1,Younger Adults (18–64),Gastro-Intestinal and Metabolic,Missing,≥1 mg,High dose,Hospitalization,Ozempic
23412790,1,64,YR,Female,,"",US,US,OZEMPIC,SEMAGLUTIDE,,"",PS,Abdominal pain,HO,2024Q1,Younger Adults (18–64),Gastro-Intestinal and Metabolic,Missing,Missing,Missing,Hospitalization,Ozempic
23412795,1,50,YR,Male,,"",US,US,OZEMPIC,SEMAGLUTIDE,0.5,MG,PS,Pancreatitis,OT,2024Q1,Younger Adults (18–64),Gastro-Intestinal and Metabolic,Missing,0.5–0.99 mg,Medium dose,Other serious outcome,Ozempic
23412807,1,58,YR,Female,,"",US,US,OZEMPIC,SEMAGLUTIDE,1,MG,PS,Nausea,HO,2024Q1,Younger Adults (18–64),Gastro-Intestinal and Metabolic,Missing,≥1 mg,High dose,Hospitalization,Ozempic
23412825,1,43,YR,Female,,"",US,US,OZEMPIC,SEMAGLUTIDE,,"",PS,Pancreatitis,HO,2024Q1,Younger Adults (18–64),Gastro-Intestinal and Metabolic,Missing,Missing,Missing,Hospitalization,Ozempic
23412851,1,45,YR,Male,,"",US,US,OZEMPIC,SEMAGLUTIDE,,"",PS,Impaired gastric emptying,OT,2024Q1,Younger Adults (18–64),Gastro-Intestinal and Metabolic,Missing,Missing,Missing,Other serious outcome,Ozempic
23412933,1,67,YR,Female,,"",US,US,OZEMPIC,SEMAGLUTIDE,1,MG,PS,Renal failure,HO,2024Q1,Older Adults (≥65),Others,Missing,≥1 mg,High dose,Hospitalization,Ozempic
23412937,1,60,YR,Male,,"",US,US,OZEMPIC,SEMAGLUTIDE,,"",PS,Hepatic enzyme increased,OT,2024Q1,Younger Adults (18–64),Gastro-Intestinal and Metabolic,Missing,Missing,Missing,Other serious outcome,Ozempic
23412946,1,36,YR,Female,,"",US,US,OZEMPIC,SEMAGLUTIDE,0.5,MG,PS,Cholelithiasis,OT,2024Q1,Younger Adults (18–64),Gastro-Intestinal and Metabolic,Missing,0.5–0.99 mg,Medium dose,Other serious outcome,Ozempic
23412948,1,76,YR,Female,,"",US,US,OZEMPIC,SEMAGLUTIDE,1,MG,PS,Pancreatitis,HO,2024Q1,Older Adults (≥65),Gastro-Intestinal and Metabolic,Missing,≥1 mg,High dose,Hospitalization,Ozempic
23412953,1,52,YR,Female,,"",US,US,OZEMPIC,SEMAGLUTIDE,,"",PS,Diarrhoea,OT,2024Q1,Younger Adults (18–64),Gastro-Intestinal and Metabolic,Missing,Missing,Missing,Other serious outcome,Ozempic
23412954,1,37,YR,Female,,"",US,US,OZEMPIC,SEMAGLUTIDE,2,MG,PS,Nausea,OT,2024Q1,Younger Adults (18–64),Gastro-Intestinal and Metabolic,Missing,≥1 mg,High dose,Other serious outcome,Ozempic
23412955,1,67,YR,Male,,"",US,US,OZEMPIC,SEMAGLUTIDE,0.25,MG,PS,Vomiting,HO,2024Q1,Older Adults (≥65),Gastro-Intestinal and Metabolic,Missing,<0.5 mg,Low dose,Hospitalization,Ozempic
23412964,1,75,YR,Male,86,KG,US,US,OZEMPIC,SEMAGLUTIDE,0.5,MG,PS,Pancreatitis acute,HO,2024Q1,Older Adults (≥65),Gastro-Intestinal and Metabolic,80–99 kg,0.5–0.99 mg,Medium dose,Hospitalization,Ozempic
23412965,1,67,YR,Male,104,KG,US,US,OZEMPIC,SEMAGLUTIDE,,"",PS,Pancreatitis acute,HO,2024Q1,Older Adults (≥65),Gastro-Intestinal and Metabolic,≥100 kg,Missing,Missing,Hospitalization,Ozempic
23412974,2,69,YR,Female,,"",US,US,OZEMPIC,SEMAGLUTIDE,,"",PS,Rash,OT,2024Q2,Older Adults (≥65),Others,Missing,Missing,Missing,Other serious outcome,Ozempic
23412981,2,73,YR,Female,,"",US,US,OZEMPIC,SEMAGLUTIDE,0.5,MG,PS,Headache,OT,2024Q3,Older Adults (≥65),Others,Missing,0.5–0.99 mg,Medium dose,Other serious outcome,Ozempic
23412983,1,67,YR,Male,,"",US,US,OZEMPIC,SEMAGLUTIDE,,"",PS,Pancreatitis,OT,2024Q1,Older Adults (≥65),Gastro-Intestinal and Metabolic,Missing,Missing,Missing,Other serious outcome,Ozempic
23412988,1,57,YR,Female,78.458,KG,US,US,OZEMPIC,SEMAGLUTIDE,,"",PS,Pancreatitis,OT,2024Q1,Younger Adults (18–64),Gastro-Intestinal and Metabolic,<80 kg,Missing,Missing,Other serious outcome,Ozempic
23413021,1,59,YR,Female,,"",US,US,OZEMPIC,SEMAGLUTIDE,2,MG,PS,Vomiting,OT,2024Q1,Younger Adults (18–64),Gastro-Intestinal and Metabolic,Missing,≥1 mg,High dose,Other serious outcome,Ozempic
23413023,1,57,YR,Female,,"",US,US,OZEMPIC,SEMAGLUTIDE,,"",PS,Diarrhoea,OT,2024Q1,Younger Adults (18–64),Gastro-Intestinal and Metabolic,Missing,Missing,Missing,Other serious outcome,Ozempic
23413035,2,59,YR,Male,,"",US,US,OZEMPIC,SEMAGLUTIDE,,"",PS,Abdominal distension,OT,2024Q3,Younger Adults (18–64),Others,Missing,Missing,Missing,Other serious outcome,Ozempic
23413037,1,54,YR,Female,94.24,KG,US,US,OZEMPIC,SEMAGLUTIDE,0.25,MG,PS,Anaphylactic reaction,HO,2024Q1,Younger Adults (18–64),Others,80–99 kg,<0.5 mg,Low dose,Hospitalization,Ozempic
23413064,2,76,YR,Female,,"",US,US,OZEMPIC,SEMAGLUTIDE,,"",PS,Hypersensitivity,HO,2024Q3,Older Adults (≥65),Others,Missing,Missing,Missing,Hospitalization,Ozempic
23413073,1,42,YR,Female,,"",US,US,OZEMPIC,SEMAGLUTIDE,1,MG,PS,Acute kidney injury,HO,2024Q1,Younger Adults (18–64),Others,Missing,≥1 mg,High dose,Hospitalization,Ozempic
23413093,1,57,YR,Female,,"",US,US,OZEMPIC,SEMAGLUTIDE,0.25,MG,PS,Vomiting,HO,2024Q1,Younger Adults (18–64),Gastro-Intestinal and Metabolic,Missing,<0.5 mg,Low dose,Hospitalization,Ozempic
23413116,1,55,YR,Female,,"",US,US,OZEMPIC,SEMAGLUTIDE,,"",PS,Product use in unapproved indication,OT,2024Q1,Younger Adults (18–64),Others,Missing,Missing,Missing,Other serious outcome,Ozempic
23413151,1,58,YR,Male,,"",US,US,OZEMPIC,SEMAGLUTIDE,1,MG,PS,Ileus,HO,2024Q1,Younger Adults (18–64),Gastro-Intestinal and Metabolic,Missing,≥1 mg,High dose,Hospitalization,Ozempic
23413164,2,65,YR,Female,81.179,KG,US,US,OZEMPIC,SEMAGLUTIDE,2,MG,PS,Pancreatitis,OT,2024Q3,Older Adults (≥65),Gastro-Intestinal and Metabolic,80–99 kg,≥1 mg,High dose,Other serious outcome,Ozempic
23413190,1,74,YR,Female,,"",US,US,OZEMPIC,SEMAGLUTIDE,,"",PS,Abdominal pain,OT,2024Q1,Older Adults (≥65),Gastro-Intestinal and Metabolic,Missing,Missing,Missing,Other serious outcome,Ozempic
23413203,1,39,YR,Female,,"",US,US,OZEMPIC,SEMAGLUTIDE,,"",PS,Hypoglycaemia,OT,2024Q1,Younger Adults (18–64),Gastro-Intestinal and Metabolic,Missing,Missing,Missing,Other serious outcome,Ozempic
23413209,1,46,YR,Female,,"",US,US,OZEMPIC,SEMAGLUTIDE,2,MG,PS,Anaphylactic shock,OT,2024Q1,Younger Adults (18–64),Others,Missing,≥1 mg,High dose,Other serious outcome,Ozempic
23413285,2,67,YR,Female,92.063,KG,US,US,OZEMPIC,SEMAGLUTIDE,0.5,MG,PS,Ileus,HO,2024Q3,Older Adults (≥65),Gastro-Intestinal and Metabolic,80–99 kg,0.5–0.99 mg,Medium dose,Hospitalization,Ozempic
23413289,1,68,YR,Male,,"",US,US,OZEMPIC,SEMAGLUTIDE,0.25,MG,PS,Diabetic retinopathy,OT,2024Q1,Older Adults (≥65),Others,Missing,<0.5 mg,Low dose,Other serious outcome,Ozempic
23413350,1,73,YR,Female,,"",US,US,OZEMPIC,SEMAGLUTIDE,2,MG,PS,Anxiety,OT,2024Q1,Older Adults (≥65),Psychiatric-related,Missing,≥1 mg,High dose,Other serious outcome,Ozempic
23413370,1,61,YR,Male,,"",US,US,OZEMPIC,SEMAGLUTIDE,,"",PS,Feeding disorder,HO,2024Q1,Younger Adults (18–64),Others,Missing,Missing,Missing,Hospitalization,Ozempic
23413378,1,67,YR,Female,,"",US,US,OZEMPIC,SEMAGLUTIDE,0.5,MG,PS,Pancreatitis,OT,2024Q1,Older Adults (≥65),Gastro-Intestinal and Metabolic,Missing,0.5–0.99 mg,Medium dose,Other serious outcome,Ozempic
23413399,2,49,YR,Male,104.31,KG,US,US,OZEMPIC,SEMAGLUTIDE,,"",PS,Acute kidney injury,OT,2024Q3,Younger Adults (18–64),Others,≥100 kg,Missing,Missing,Other serious outcome,Ozempic
23413423,1,64,YR,Male,,"",US,US,OZEMPIC,SEMAGLUTIDE,1,MG,PS,Pancreatitis,OT,2024Q1,Younger Adults (18–64),Gastro-Intestinal and Metabolic,Missing,≥1 mg,High dose,Other serious outcome,Ozempic
23413450,2,71,YR,Female,72.109,KG,US,US,OZEMPIC,SEMAGLUTIDE,0.5,MG,PS,Pancreatitis acute,HO,2024Q3,Older Adults (≥65),Gastro-Intestinal and Metabolic,<80 kg,0.5–0.99 mg,Medium dose,Hospitalization,Ozempic
23413454,1,50,YR,Female,,"",US,US,OZEMPIC,SEMAGLUTIDE,,"",PS,Pancreatitis,OT,2024Q1,Younger Adults (18–64),Gastro-Intestinal and Metabolic,Missing,Missing,Missing,Other serious outcome,Ozempic
23413459,1,60,YR,Female,,"",US,US,OZEMPIC,SEMAGLUTIDE,,"",PS,Impaired gastric emptying,DS,2024Q1,Younger Adults (18–64),Gastro-Intestinal and Metabolic,Missing,Missing,Missing,Disability,Ozempic
23413464,1,79,YR,Male,,"",US,US,OZEMPIC,SEMAGLUTIDE,,"",PS,Weight decreased,HO,2024Q1,Older Adults (≥65),Gastro-Intestinal and Metabolic,Missing,Missing,Missing,Hospitalization,Ozempic
23413473,3,47,YR,Male,80.2,KG,US,US,OZEMPIC,SEMAGLUTIDE,0.25,MG,PS,Nausea,HO,2024Q4,Younger Adults (18–64),Gastro-Intestinal and Metabolic,80–99 kg,<0.5 mg,Low dose,Hospitalization,Ozempic
23413486,1,52,YR,Female,,"",US,US,OZEMPIC,SEMAGLUTIDE,,"",PS,Impaired gastric emptying,OT,2024Q1,Younger Adults (18–64),Gastro-Intestinal and Metabolic,Missing,Missing,Missing,Other serious outcome,Ozempic
23413497,1,37,YR,Female,,"",US,US,OZEMPIC,SEMAGLUTIDE,,"",PS,Impaired gastric emptying,OT,2024Q1,Younger Adults (18–64),Gastro-Intestinal and Metabolic,Missing,Missing,Missing,Other serious outcome,Ozempic
23413502,2,36,YR,Female,111.11,KG,US,US,OZEMPIC,SEMAGLUTIDE,0.25,MG,PS,Dehydration,HO,2024Q4,Younger Adults (18–64),Gastro-Intestinal and Metabolic,≥100 kg,<0.5 mg,Low dose,Hospitalization,Ozempic
23413504,1,46,YR,Female,,"",US,US,OZEMPIC,SEMAGLUTIDE,,"",PS,Impaired gastric emptying,OT,2024Q1,Younger Adults (18–64),Gastro-Intestinal and Metabolic,Missing,Missing,Missing,Other serious outcome,Ozempic
23413523,1,65,YR,Male,,"",US,US,OZEMPIC,SEMAGLUTIDE,1,MG,PS,Pancreatitis,OT,2024Q1,Older Adults (≥65),Gastro-Intestinal and Metabolic,Missing,≥1 mg,High dose,Other serious outcome,Ozempic
23413532,2,77,YR,Male,91.61,KG,US,US,OZEMPIC,SEMAGLUTIDE,1,MG,PS,Pancreatitis,HO,2024Q3,Older Adults (≥65),Gastro-Intestinal and Metabolic,80–99 kg,≥1 mg,High dose,Hospitalization,Ozempic
23413594,2,61,YR,Male,,"",US,US,OZEMPIC,SEMAGLUTIDE,0.25,MG,PS,Large intestinal obstruction,HO,2024Q2,Younger Adults (18–64),Others,Missing,<0.5 mg,Low dose,Hospitalization,Ozempic
23413596,1,31,YR,Female,,"",US,US,OZEMPIC,SEMAGLUTIDE,,"",PS,Diarrhoea,OT,2024Q1,Younger Adults (18–64),Gastro-Intestinal and Metabolic,Missing,Missing,Missing,Other serious outcome,Ozempic
23413632,1,34,YR,Female,86.168,KG,US,US,OZEMPIC,SEMAGLUTIDE,,"",PS,Impaired gastric emptying,OT,2024Q1,Younger Adults (18–64),Gastro-Intestinal and Metabolic,80–99 kg,Missing,Missing,Other serious outcome,Ozempic
23413639,1,57,YR,Female,,"",US,US,OZEMPIC,SEMAGLUTIDE,,"",PS,Impaired gastric emptying,OT,2024Q1,Younger Adults (18–64),Gastro-Intestinal and Metabolic,Missing,Missing,Missing,Other serious outcome,Ozempic
23413644,2,60,YR,Female,102.04,KG,US,US,OZEMPIC,SEMAGLUTIDE,0.25,MG,PS,Ileus,HO,2024Q4,Younger Adults (18–64),Gastro-Intestinal and Metabolic,≥100 kg,<0.5 mg,Low dose,Hospitalization,Ozempic
23413663,1,49,YR,Male,,"",US,US,OZEMPIC,SEMAGLUTIDE,,"",PS,Pyrexia,OT,2024Q1,Younger Adults (18–64),Others,Missing,Missing,Missing,Other serious outcome,Ozempic
23413679,2,61,YR,Female,,"",US,US,OZEMPIC,SEMAGLUTIDE,,"",PS,Hypersensitivity,HO,2024Q3,Younger Adults (18–64),Others,Missing,Missing,Missing,Hospitalization,Ozempic
23413755,1,64,YR,Male,,"",US,US,OZEMPIC,SEMAGLUTIDE,1,MG,PS,Decreased appetite,HO,2024Q1,Younger Adults (18–64),Gastro-Intestinal and Metabolic,Missing,≥1 mg,High dose,Hospitalization,Ozempic
23413772,1,38,YR,Female,,"",US,US,OZEMPIC,SEMAGLUTIDE,,"",PS,Impaired gastric emptying,OT,2024Q1,Younger Adults (18–64),Gastro-Intestinal and Metabolic,Missing,Missing,Missing,Other serious outcome,Ozempic
23413775,2,57,YR,Male,,"",US,US,OZEMPIC,SEMAGLUTIDE,0.5,MG,PS,Palpitations,OT,2024Q2,Younger Adults (18–64),Cardiovascular,Missing,0.5–0.99 mg,Medium dose,Other serious outcome,Ozempic
23413807,1,50,YR,Female,,"",US,US,OZEMPIC,SEMAGLUTIDE,,"",PS,Abdominal pain,HO,2024Q1,Younger Adults (18–64),Gastro-Intestinal and Metabolic,Missing,Missing,Missing,Hospitalization,Ozempic
23413830,1,51,YR,Female,,"",US,US,OZEMPIC,SEMAGLUTIDE,1,MG,PS,Pancreatitis acute,HO,2024Q1,Younger Adults (18–64),Gastro-Intestinal and Metabolic,Missing,≥1 mg,High dose,Hospitalization,Ozempic
23413839,2,67,YR,Female,84.807,KG,US,US,OZEMPIC,SEMAGLUTIDE,0.5,MG,PS,Pancreatitis,OT,2024Q3,Older Adults (≥65),Gastro-Intestinal and Metabolic,80–99 kg,0.5–0.99 mg,Medium dose,Other serious outcome,Ozempic
23413840,1,50,YR,Female,,"",US,US,OZEMPIC,SEMAGLUTIDE,,"",PS,Pancreatitis,OT,2024Q1,Younger Adults (18–64),Gastro-Intestinal and Metabolic,Missing,Missing,Missing,Other serious outcome,Ozempic
23413953,1,45,YR,Female,103.86,KG,US,US,OZEMPIC,SEMAGLUTIDE,,"",PS,Dyspepsia,OT,2024Q1,Younger Adults (18–64),Gastro-Intestinal and Metabolic,≥100 kg,Missing,Missing,Other serious outcome,Ozempic
23414064,1,57,YR,Female,,"",US,US,OZEMPIC,SEMAGLUTIDE,,"",PS,Pancreatitis,OT,2024Q1,Younger Adults (18–64),Gastro-Intestinal and Metabolic,Missing,Missing,Missing,Other serious outcome,Ozempic
23414065,1,63,YR,Female,,"",US,US,OZEMPIC,SEMAGLUTIDE,25,MG,PS,Constipation,OT,2024Q1,Younger Adults (18–64),Gastro-Intestinal and Metabolic,Missing,≥1 mg,High dose,Other serious outcome,Ozempic
23414066,1,63,YR,Female,,"",US,US,OZEMPIC,SEMAGLUTIDE,2,MG,PS,Irritable bowel syndrome,OT,2024Q1,Younger Adults (18–64),Others,Missing,≥1 mg,High dose,Other serious outcome,Ozempic
23414601,1,62,YR,Female,,"",US,US,WEGOVY,SEMAGLUTIDE,2.4,MG,PS,Road traffic accident,HO,2024Q1,Younger Adults (18–64),Others,Missing,≥1 mg,High dose,Hospitalization,Wegovy
23414628,2,64,YR,Male,86.168,KG,US,US,OZEMPIC,SEMAGLUTIDE,0.5,MG,PS,Cholecystitis,HO,2024Q4,Younger Adults (18–64),Gastro-Intestinal and Metabolic,80–99 kg,0.5–0.99 mg,Medium dose,Hospitalization,Ozempic
23414629,2,70,YR,Male,,"",US,US,OZEMPIC,SEMAGLUTIDE,,"",PS,Diarrhoea,HO,2024Q1,Older Adults (≥65),Gastro-Intestinal and Metabolic,Missing,Missing,Missing,Hospitalization,Ozempic
23416395,1,71,YR,Male,101.2,KG,US,"",OZEMPIC,SEMAGLUTIDE,1,MG,PS,Acute kidney injury,LT,2024Q1,Older Adults (≥65),Others,≥100 kg,≥1 mg,High dose,Life-threatening,Ozempic
23416400,1,63,YR,Female,66.6,KG,US,"",OZEMPIC,SEMAGLUTIDE,,"",PS,Blood pressure abnormal,LT,2024Q1,Younger Adults (18–64),Others,<80 kg,Missing,Missing,Life-threatening,Ozempic
23416714,1,46,YR,Female,76.5,KG,US,"",WEGOVY,SEMAGLUTIDE,,"",PS,Nausea,DS,2024Q1,Younger Adults (18–64),Gastro-Intestinal and Metabolic,<80 kg,Missing,Missing,Disability,Wegovy
23417359,1,56,YR,Male,,"",US,"",WEGOVY,SEMAGLUTIDE,0.5,MG,PS,Acute kidney injury,DE,2024Q1,Younger Adults (18–64),Others,Missing,0.5–0.99 mg,Medium dose,Death,Wegovy
23420866,1,75,YR,Female,,"",US,US,OZEMPIC,SEMAGLUTIDE,1,MG,PS,Knee arthroplasty,OT,2024Q1,Older Adults (≥65),Others,Missing,≥1 mg,High dose,Other serious outcome,Ozempic
23420872,2,44,YR,Female,,"",US,US,OZEMPIC,SEMAGLUTIDE,0.5,MG,PS,Vomiting,HO,2024Q4,Younger Adults (18–64),Gastro-Intestinal and Metabolic,Missing,0.5–0.99 mg,Medium dose,Hospitalization,Ozempic
23420876,1,64,YR,Female,93.424,KG,US,US,OZEMPIC,SEMAGLUTIDE,0.25,MG,PS,Pancreatic carcinoma,OT,2024Q1,Younger Adults (18–64),Others,80–99 kg,<0.5 mg,Low dose,Other serious outcome,Ozempic
23422229,1,40,YR,Female,101.25,KG,US,"",SEMAGLUTIDE,SEMAGLUTIDE,,"",PS,Product substitution issue,OT,2024Q1,Younger Adults (18–64),Others,≥100 kg,Missing,Missing,Other serious outcome,Semaglutide (Unspecified)
23422453,1,38,YR,Female,172,KG,US,"",SEMAGLUTIDE,SEMAGLUTIDE,1.7,MG,PS,Suicidal ideation,OT,2024Q1,Younger Adults (18–64),Psychiatric-related,≥100 kg,≥1 mg,High dose,Other serious outcome,Semaglutide (Unspecified)
23423375,1,34,YR,Female,83.7,KG,US,"",SEMAGLUTIDE,SEMAGLUTIDE,,"",PS,Menstrual disorder,OT,2024Q1,Younger Adults (18–64),Others,80–99 kg,Missing,Missing,Other serious outcome,Semaglutide (Unspecified)
23425199,1,31,YR,Female,,"",US,US,WEGOVY,SEMAGLUTIDE,0.25,MG,PS,Infrequent bowel movements,HO,2024Q1,Younger Adults (18–64),Others,Missing,<0.5 mg,Low dose,Hospitalization,Wegovy
23425202,1,81,YR,Female,,"",US,US,OZEMPIC,SEMAGLUTIDE,0.25,MG,PS,Cataract operation,OT,2024Q1,Older Adults (≥65),Others,Missing,<0.5 mg,Low dose,Other serious outcome,Ozempic
23425209,2,69,YR,Female,,"",US,US,OZEMPIC,SEMAGLUTIDE,,"",PS,Spinal operation,HO,2024Q4,Older Adults (≥65),Others,Missing,Missing,Missing,Hospitalization,Ozempic
23425214,1,82,YR,Female,,"",US,US,OZEMPIC,SEMAGLUTIDE,,"",PS,Blindness unilateral,OT,2024Q1,Older Adults (≥65),Others,Missing,Missing,Missing,Other serious outcome,Ozempic
23427565,1,57,YR,Female,,"",US,"",CYANOCOBALAMIN\SEMAGLUTIDE,CYANOCOBALAMIN\SEMAGLUTIDE,,"",PS,Vomiting,HO,2024Q1,Younger Adults (18–64),Gastro-Intestinal and Metabolic,Missing,Missing,Missing,Hospitalization,Combination Product
23427580,1,69,YR,Female,119.25,KG,US,"",WEGOVY,SEMAGLUTIDE,2.4,MG,PS,Skin wrinkling,RI,2024Q1,Older Adults (≥65),Others,≥100 kg,≥1 mg,High dose,Required intervention,Wegovy
23428000,1,62,YR,Female,95.4,KG,US,"",OZEMPIC,SEMAGLUTIDE,,"",PS,Therapy cessation,OT,2024Q1,Younger Adults (18–64),Others,80–99 kg,Missing,Missing,Other serious outcome,Ozempic
23429071,1,65,YR,Male,,"",US,US,WEGOVY,SEMAGLUTIDE,0.25,MG,PS,Weight loss poor,OT,2024Q1,Older Adults (≥65),Others,Missing,<0.5 mg,Low dose,Other serious outcome,Wegovy
23429344,1,51,YR,Female,,"",US,US,OZEMPIC,SEMAGLUTIDE,,"",PS,Surgery,OT,2024Q1,Younger Adults (18–64),Others,Missing,Missing,Missing,Other serious outcome,Ozempic
23429525,1,34,YR,Female,83,KG,US,"",WEGOVY,SEMAGLUTIDE,,"",PS,Guillain-Barre syndrome,HO,2024Q1,Younger Adults (18–64),Others,80–99 kg,Missing,Missing,Hospitalization,Wegovy
23430446,1,58,YR,Female,,"",US,US,OZEMPIC,SEMAGLUTIDE,0.5,MG,PS,Rib fracture,OT,2024Q1,Younger Adults (18–64),Others,Missing,0.5–0.99 mg,Medium dose,Other serious outcome,Ozempic
23430464,2,58,YR,Male,,"",US,US,OZEMPIC,SEMAGLUTIDE,2,MG,PS,Small intestinal obstruction,HO,2024Q4,Younger Adults (18–64),Others,Missing,≥1 mg,High dose,Hospitalization,Ozempic
23430467,1,61,YR,Female,,"",US,US,OZEMPIC,SEMAGLUTIDE,,"",PS,Intestinal obstruction,OT,2024Q1,Younger Adults (18–64),Gastro-Intestinal and Metabolic,Missing,Missing,Missing,Other serious outcome,Ozempic
23430469,1,86,YR,Male,85.714,KG,US,US,OZEMPIC,SEMAGLUTIDE,,"",PS,Diarrhoea,DS,2024Q1,Older Adults (≥65),Gastro-Intestinal and Metabolic,80–99 kg,Missing,Missing,Disability,Ozempic
23432140,1,50,YR,Female,101.25,KG,US,"",OZEMPIC,SEMAGLUTIDE,,"",PS,Anhedonia,LT,2024Q1,Younger Adults (18–64),Psychiatric-related,≥100 kg,Missing,Missing,Life-threatening,Ozempic
23432181,1,69,YR,Female,83.25,KG,US,"",RYBELSUS,SEMAGLUTIDE,,"",PS,Feeling abnormal,OT,2024Q1,Older Adults (≥65),Others,80–99 kg,Missing,Missing,Other serious outcome,Rybelsus
23432226,1,65,YR,Female,,"",US,"",CYANOCOBALAMIN\SEMAGLUTIDE,CYANOCOBALAMIN\SEMAGLUTIDE,0.05,MG,PS,Incorrect dose administered,OT,2024Q1,Older Adults (≥65),Others,Missing,<0.5 mg,Low dose,Other serious outcome,Combination Product
23433907,1,73,YR,Male,101.2,KG,US,"",RYBELSUS,SEMAGLUTIDE,7,MG,PS,Therapy interrupted,HO,2024Q1,Older Adults (≥65),Others,≥100 kg,≥1 mg,High dose,Hospitalization,Rybelsus
23434279,1,40,YR,Female,,"",US,US,WEGOVY,SEMAGLUTIDE,,"",PS,Suicidal ideation,OT,2024Q1,Younger Adults (18–64),Psychiatric-related,Missing,Missing,Missing,Other serious outcome,Wegovy
23434299,1,52,YR,Female,,"",US,US,WEGOVY,SEMAGLUTIDE,2.4,MG,PS,Pancreatitis acute,HO,2024Q1,Younger Adults (18–64),Gastro-Intestinal and Metabolic,Missing,≥1 mg,High dose,Hospitalization,Wegovy
23434305,1,40,YR,Female,,"",US,US,WEGOVY,SEMAGLUTIDE,2.4,MG,PS,Abdominal pain upper,HO,2024Q1,Younger Adults (18–64),Gastro-Intestinal and Metabolic,Missing,≥1 mg,High dose,Hospitalization,Wegovy
23434323,1,39,YR,Female,136.15,KG,US,US,WEGOVY,SEMAGLUTIDE,0.5,MG,PS,Gastroenteritis,OT,2024Q1,Younger Adults (18–64),Others,≥100 kg,0.5–0.99 mg,Medium dose,Other serious outcome,Wegovy
23434380,2,51,YR,Male,,"",US,US,WEGOVY,SEMAGLUTIDE,1.7,MG,PS,Vomiting,HO,2024Q2,Younger Adults (18–64),Gastro-Intestinal and Metabolic,Missing,≥1 mg,High dose,Hospitalization,Wegovy
23434394,1,59,YR,Female,,"",US,US,WEGOVY,SEMAGLUTIDE,2.4,MG,PS,Dizziness,OT,2024Q1,Younger Adults (18–64),Others,Missing,≥1 mg,High dose,Other serious outcome,Wegovy
23434422,1,28,YR,Male,,"",US,US,WEGOVY,SEMAGLUTIDE,,"",PS,Renal failure,HO,2024Q1,Younger Adults (18–64),Others,Missing,Missing,Missing,Hospitalization,Wegovy
23434423,1,28,YR,Male,,"",US,US,WEGOVY,SEMAGLUTIDE,,"",PS,Renal failure,HO,2024Q1,Younger Adults (18–64),Others,Missing,Missing,Missing,Hospitalization,Wegovy
23434433,1,49,YR,Female,,"",US,US,WEGOVY,SEMAGLUTIDE,0.25,MG,PS,Nausea,OT,2024Q1,Younger Adults (18–64),Gastro-Intestinal and Metabolic,Missing,<0.5 mg,Low dose,Other serious outcome,Wegovy
23434463,1,38,YR,Female,,"",US,US,WEGOVY,SEMAGLUTIDE,,"",PS,Fatigue,HO,2024Q1,Younger Adults (18–64),Others,Missing,Missing,Missing,Hospitalization,Wegovy
23434498,1,47,YR,Female,,"",US,US,WEGOVY,SEMAGLUTIDE,0.5,MG,PS,Impaired gastric emptying,OT,2024Q1,Younger Adults (18–64),Gastro-Intestinal and Metabolic,Missing,0.5–0.99 mg,Medium dose,Other serious outcome,Wegovy
23434564,1,18,YR,Male,,"",US,US,WEGOVY,SEMAGLUTIDE,0.5,MG,PS,Impaired gastric emptying,OT,2024Q1,Younger Adults (18–64),Gastro-Intestinal and Metabolic,Missing,0.5–0.99 mg,Medium dose,Other serious outcome,Wegovy
23434565,1,55,YR,Female,,"",US,US,WEGOVY,SEMAGLUTIDE,1.7,MG,PS,Nausea,OT,2024Q1,Younger Adults (18–64),Gastro-Intestinal and Metabolic,Missing,≥1 mg,High dose,Other serious outcome,Wegovy
23434575,1,62,YR,Male,,"",US,US,WEGOVY,SEMAGLUTIDE,,"",PS,Acute kidney injury,HO,2024Q1,Younger Adults (18–64),Others,Missing,Missing,Missing,Hospitalization,Wegovy
23434578,1,48,YR,Female,,"",US,US,WEGOVY,SEMAGLUTIDE,1.7,MG,PS,Pancreatitis,OT,2024Q1,Younger Adults (18–64),Gastro-Intestinal and Metabolic,Missing,≥1 mg,High dose,Other serious outcome,Wegovy
23434599,1,52,YR,Female,,"",US,US,WEGOVY,SEMAGLUTIDE,2.4,MG,PS,Vomiting,OT,2024Q1,Younger Adults (18–64),Gastro-Intestinal and Metabolic,Missing,≥1 mg,High dose,Other serious outcome,Wegovy
23434602,2,38,YR,Female,91.156,KG,US,US,WEGOVY,SEMAGLUTIDE,2.4,MG,PS,Impaired gastric emptying,HO,2024Q3,Younger Adults (18–64),Gastro-Intestinal and Metabolic,80–99 kg,≥1 mg,High dose,Hospitalization,Wegovy
23434613,1,53,YR,Female,,"",US,US,WEGOVY,SEMAGLUTIDE,0.25,MG,PS,Pancreatitis,OT,2024Q1,Younger Adults (18–64),Gastro-Intestinal and Metabolic,Missing,<0.5 mg,Low dose,Other serious outcome,Wegovy
23434622,1,47,YR,Male,,"",US,US,WEGOVY,SEMAGLUTIDE,2.4,MG,PS,Suicidal ideation,OT,2024Q1,Younger Adults (18–64),Psychiatric-related,Missing,≥1 mg,High dose,Other serious outcome,Wegovy
23434717,1,34,YR,Female,,"",US,US,WEGOVY,SEMAGLUTIDE,0.5,MG,PS,Pancreatitis,OT,2024Q1,Younger Adults (18–64),Gastro-Intestinal and Metabolic,Missing,0.5–0.99 mg,Medium dose,Other serious outcome,Wegovy
23434773,1,36,YR,Female,,"",US,US,WEGOVY,SEMAGLUTIDE,2.4,MG,PS,Cholelithiasis,HO,2024Q1,Younger Adults (18–64),Gastro-Intestinal and Metabolic,Missing,≥1 mg,High dose,Hospitalization,Wegovy
23434884,2,58,YR,Female,77.098,KG,US,US,WEGOVY,SEMAGLUTIDE,,"",PS,Vomiting,HO,2024Q3,Younger Adults (18–64),Gastro-Intestinal and Metabolic,<80 kg,Missing,Missing,Hospitalization,Wegovy
23434895,1,41,YR,Male,,"",US,US,WEGOVY,SEMAGLUTIDE,1,MG,PS,Vomiting,OT,2024Q1,Younger Adults (18–64),Gastro-Intestinal and Metabolic,Missing,≥1 mg,High dose,Other serious outcome,Wegovy
23434919,1,57,YR,Male,,"",US,US,WEGOVY,SEMAGLUTIDE,,"",PS,Cholelithiasis,OT,2024Q1,Younger Adults (18–64),Gastro-Intestinal and Metabolic,Missing,Missing,Missing,Other serious outcome,Wegovy
23434987,1,30,YR,Female,,"",US,US,WEGOVY,SEMAGLUTIDE,,"",PS,Pancreatitis,HO,2024Q1,Younger Adults (18–64),Gastro-Intestinal and Metabolic,Missing,Missing,Missing,Hospitalization,Wegovy
23435039,1,25,YR,Female,,"",US,US,WEGOVY,SEMAGLUTIDE,,"",PS,Condition aggravated,OT,2024Q1,Younger Adults (18–64),Others,Missing,Missing,Missing,Other serious outcome,Wegovy
23435062,1,31,YR,Female,,"",US,US,WEGOVY,SEMAGLUTIDE,1.7,MG,PS,Impaired gastric emptying,OT,2024Q1,Younger Adults (18–64),Gastro-Intestinal and Metabolic,Missing,≥1 mg,High dose,Other serious outcome,Wegovy
23435069,1,42,YR,Female,,"",US,US,WEGOVY,SEMAGLUTIDE,,"",PS,Dehydration,OT,2024Q1,Younger Adults (18–64),Gastro-Intestinal and Metabolic,Missing,Missing,Missing,Other serious outcome,Wegovy
23435718,2,40,YR,Female,92.576,KG,US,US,WEGOVY,SEMAGLUTIDE,1.7,MG,PS,Colon cancer metastatic,OT,2024Q1,Younger Adults (18–64),Others,80–99 kg,≥1 mg,High dose,Other serious outcome,Wegovy
23435723,3,23,YR,Female,,"",US,US,OZEMPIC,SEMAGLUTIDE,,"",PS,Off label use,HO,2024Q4,Younger Adults (18–64),Others,Missing,Missing,Missing,Hospitalization,Ozempic
23437062,1,78,YR,Female,,"",US,"",OZEMPIC,SEMAGLUTIDE,,"",PS,Fatigue,DE,2024Q1,Older Adults (≥65),Others,Missing,Missing,Missing,Death,Ozempic
23437463,1,48,YR,Female,77.4,KG,US,"",WEGOVY,SEMAGLUTIDE,,"",PS,Nervousness,OT,2024Q1,Younger Adults (18–64),Psychiatric-related,<80 kg,Missing,Missing,Other serious outcome,Wegovy
23440758,1,55,YR,Male,,"",US,US,OZEMPIC,SEMAGLUTIDE,0.5,MG,PS,Hospitalisation,HO,2024Q1,Younger Adults (18–64),Others,Missing,0.5–0.99 mg,Medium dose,Hospitalization,Ozempic
23440759,1,75,YR,Male,,"",US,US,OZEMPIC,SEMAGLUTIDE,,"",PS,Vertigo,HO,2024Q1,Older Adults (≥65),Others,Missing,Missing,Missing,Hospitalization,Ozempic
23440761,1,68,YR,Female,,"",US,US,OZEMPIC,SEMAGLUTIDE,,"",PS,Cataract operation,HO,2024Q1,Older Adults (≥65),Others,Missing,Missing,Missing,Hospitalization,Ozempic
23440762,1,58,YR,Female,,"",US,US,WEGOVY,SEMAGLUTIDE,,"",PS,Retinal detachment,OT,2024Q1,Younger Adults (18–64),Others,Missing,Missing,Missing,Other serious outcome,Wegovy
23440765,1,70,YR,Female,,"",US,US,OZEMPIC,SEMAGLUTIDE,0.5,MG,PS,Asthenia,HO,2024Q1,Older Adults (≥65),Others,Missing,0.5–0.99 mg,Medium dose,Hospitalization,Ozempic
23444581,1,60,YR,Male,,"",US,US,WEGOVY,SEMAGLUTIDE,,"",PS,Hospitalisation,HO,2024Q1,Younger Adults (18–64),Others,Missing,Missing,Missing,Hospitalization,Wegovy
23444583,1,70,YR,Female,,"",US,US,OZEMPIC,SEMAGLUTIDE,,"",PS,Sleeve gastrectomy,OT,2024Q1,Older Adults (≥65),Others,Missing,Missing,Missing,Other serious outcome,Ozempic
23447010,1,65,YR,Female,97.65,KG,US,"",RYBELSUS,SEMAGLUTIDE,,"",PS,Condition aggravated,OT,2024Q1,Older Adults (≥65),Others,80–99 kg,Missing,Missing,Other serious outcome,Rybelsus
23447508,1,51,YR,Male,,"",US,US,OZEMPIC,SEMAGLUTIDE,,"",PS,Biliary colic,OT,2024Q1,Younger Adults (18–64),Others,Missing,Missing,Missing,Other serious outcome,Ozempic
23447526,1,75,YR,Female,,"",US,US,OZEMPIC,SEMAGLUTIDE,0.25,MG,PS,Precancerous condition,OT,2024Q1,Older Adults (≥65),Others,Missing,<0.5 mg,Low dose,Other serious outcome,Ozempic
23447527,1,64,YR,Female,,"",US,US,OZEMPIC,SEMAGLUTIDE,0.25,MG,PS,Influenza like illness,OT,2024Q1,Younger Adults (18–64),Others,Missing,<0.5 mg,Low dose,Other serious outcome,Ozempic
23447528,1,82,YR,Female,,"",US,US,OZEMPIC,SEMAGLUTIDE,,"",PS,Diarrhoea,HO,2024Q1,Older Adults (≥65),Gastro-Intestinal and Metabolic,Missing,Missing,Missing,Hospitalization,Ozempic
23447665,2,52,YR,Female,,"",US,US,WEGOVY,SEMAGLUTIDE,0.5,MG,PS,Dehydration,HO,2024Q4,Younger Adults (18–64),Gastro-Intestinal and Metabolic,Missing,0.5–0.99 mg,Medium dose,Hospitalization,Wegovy
23447688,1,69,YR,Female,,"",US,US,OZEMPIC,SEMAGLUTIDE,,"",PS,Vitamin B1 deficiency,HO,2024Q1,Older Adults (≥65),Others,Missing,Missing,Missing,Hospitalization,Ozempic
23447690,2,76,YR,Female,,"",US,US,OZEMPIC,SEMAGLUTIDE,2,MG,PS,Memory impairment,OT,2024Q2,Older Adults (≥65),Psychiatric-related,Missing,≥1 mg,High dose,Other serious outcome,Ozempic
23447740,2,40,YR,Male,158.73,KG,US,US,WEGOVY,SEMAGLUTIDE,,"",PS,Condition aggravated,HO,2024Q1,Younger Adults (18–64),Others,≥100 kg,Missing,Missing,Hospitalization,Wegovy
23447742,1,68,YR,Female,,"",US,US,OZEMPIC,SEMAGLUTIDE,0.25,MG,PS,Pain in jaw,HO,2024Q1,Older Adults (≥65),Others,Missing,<0.5 mg,Low dose,Hospitalization,Ozempic
23449590,1,50,YR,Female,,"",US,US,OZEMPIC,SEMAGLUTIDE,,"",PS,Intestinal resection,HO,2024Q1,Younger Adults (18–64),Others,Missing,Missing,Missing,Hospitalization,Ozempic
23449593,2,68,YR,Female,,"",US,US,OZEMPIC,SEMAGLUTIDE,0.25,MG,PS,Oropharyngeal pain,HO,2024Q1,Older Adults (≥65),Others,Missing,<0.5 mg,Low dose,Hospitalization,Ozempic
23450857,1,42,YR,Male,101.25,KG,US,"",OZEMPIC,SEMAGLUTIDE,,"",PS,Self-injurious ideation,LT,2024Q1,Younger Adults (18–64),Psychiatric-related,≥100 kg,Missing,Missing,Life-threatening,Ozempic
23451932,1,50,YR,Female,86.85,KG,US,"",OZEMPIC,SEMAGLUTIDE,,"",PS,Palpitations,DS,2024Q1,Younger Adults (18–64),Cardiovascular,80–99 kg,Missing,Missing,Disability,Ozempic
23452419,1,47,YR,Female,,"",US,"",SEMAGLUTIDE,SEMAGLUTIDE,,"",PS,Colitis,OT,2024Q1,Younger Adults (18–64),Others,Missing,Missing,Missing,Other serious outcome,Semaglutide (Unspecified)
23452773,1,47,YR,Male,88.42,KG,US,"",SEMAGLUTIDE,SEMAGLUTIDE,0.25,MG,PS,Drug hypersensitivity,OT,2024Q1,Younger Adults (18–64),Others,80–99 kg,<0.5 mg,Low dose,Other serious outcome,Semaglutide (Unspecified)
23453291,1,49,YR,Female,,"",US,US,OZEMPIC,SEMAGLUTIDE,0.25,MG,PS,Surgery,HO,2024Q1,Younger Adults (18–64),Others,Missing,<0.5 mg,Low dose,Hospitalization,Ozempic
23453295,1,74,YR,Female,,"",US,US,OZEMPIC,SEMAGLUTIDE,,"",PS,Diabetes mellitus inadequate control,OT,2024Q1,Older Adults (≥65),Others,Missing,Missing,Missing,Other serious outcome,Ozempic
23454274,1,28,YR,Male,,"",US,US,WEGOVY,SEMAGLUTIDE,2.4,MG,PS,Musculoskeletal stiffness,OT,2024Q1,Younger Adults (18–64),Others,Missing,≥1 mg,High dose,Other serious outcome,Wegovy
23455907,1,29,YR,Female,77.85,KG,US,"",CYANOCOBALAMIN\SEMAGLUTIDE,CYANOCOBALAMIN\SEMAGLUTIDE,,"",PS,Migraine,HO,2024Q1,Younger Adults (18–64),Others,<80 kg,Missing,Missing,Hospitalization,Combination Product
23455910,1,44,YR,Female,60.75,KG,US,"",OZEMPIC,SEMAGLUTIDE,,"",PS,Depression,RI,2024Q1,Younger Adults (18–64),Psychiatric-related,<80 kg,Missing,Missing,Required intervention,Ozempic
23459382,2,68,YR,Female,,"",US,US,OZEMPIC,SEMAGLUTIDE,0.5,MG,PS,Influenza,HO,2024Q1,Older Adults (≥65),Others,Missing,0.5–0.99 mg,Medium dose,Hospitalization,Ozempic
23459392,2,77,YR,Female,76.644,KG,US,US,OZEMPIC,SEMAGLUTIDE,,"",PS,Pruritus,OT,2024Q1,Older Adults (≥65),Others,<80 kg,Missing,Missing,Other serious outcome,Ozempic
23459400,3,41,YR,Female,,"",US,US,OZEMPIC,SEMAGLUTIDE,1,MG,PS,Metastases to lymph nodes,OT,2024Q1,Younger Adults (18–64),Others,Missing,≥1 mg,High dose,Other serious outcome,Ozempic
23459403,3,79,YR,Female,,"",US,US,OZEMPIC,SEMAGLUTIDE,1,MG,PS,Vision blurred,OT,2024Q3,Older Adults (≥65),Others,Missing,≥1 mg,High dose,Other serious outcome,Ozempic
23459410,2,76,YR,Female,,"",US,US,OZEMPIC,SEMAGLUTIDE,0.25,MG,PS,Nephrolithiasis,OT,2024Q1,Older Adults (≥65),Others,Missing,<0.5 mg,Low dose,Other serious outcome,Ozempic
23462124,1,25,YR,Female,54,KG,US,"",SEMAGLUTIDE,SEMAGLUTIDE,,"",PS,Pityriasis rosea,OT,2024Q1,Younger Adults (18–64),Others,<80 kg,Missing,Missing,Other serious outcome,Semaglutide (Unspecified)
23466428,1,66,YR,Female,,"",US,"",OZEMPIC,SEMAGLUTIDE,,"",PS,Injection site mass,RI,2024Q1,Older Adults (≥65),Others,Missing,Missing,Missing,Required intervention,Ozempic
23466493,1,56,YR,Female,,"",US,"",WEGOVY,SEMAGLUTIDE,,"",PS,Drug dispensed to wrong patient,OT,2024Q1,Younger Adults (18–64),Others,Missing,Missing,Missing,Other serious outcome,Wegovy
23467764,1,43,YR,Female,133,KG,US,US,OZEMPIC,SEMAGLUTIDE,,"",PS,Illness,OT,2024Q1,Younger Adults (18–64),Others,≥100 kg,Missing,Missing,Other serious outcome,Ozempic
23468707,1,48,YR,Female,111.15,KG,US,"",OZEMPIC,SEMAGLUTIDE,,"",PS,Agoraphobia,LT,2024Q1,Younger Adults (18–64),Others,≥100 kg,Missing,Missing,Life-threatening,Ozempic
23468716,1,71,YR,Female,85.5,KG,US,"",OZEMPIC,SEMAGLUTIDE,,"",PS,Brain fog,DS,2024Q1,Older Adults (≥65),Others,80–99 kg,Missing,Missing,Disability,Ozempic
23468967,1,64,YR,Female,94.95,KG,US,"",RYBELSUS,SEMAGLUTIDE,,"",PS,Diarrhoea haemorrhagic,OT,2024Q1,Younger Adults (18–64),Others,80–99 kg,Missing,Missing,Other serious outcome,Rybelsus
23469127,1,75,YR,Male,169,KG,US,"",SEMAGLUTIDE,SEMAGLUTIDE,0.5,MG,PS,Dysgeusia,OT,2024Q1,Older Adults (≥65),Others,≥100 kg,0.5–0.99 mg,Medium dose,Other serious outcome,Semaglutide (Unspecified)
23470066,2,67,YR,Male,,"",US,US,RYBELSUS,SEMAGLUTIDE,,"",PS,Product use in unapproved indication,OT,2024Q2,Older Adults (≥65),Others,Missing,Missing,Missing,Other serious outcome,Rybelsus
23470129,1,69,YR,Female,,"",US,US,OZEMPIC,SEMAGLUTIDE,1,MG,PS,Nausea,OT,2024Q1,Older Adults (≥65),Gastro-Intestinal and Metabolic,Missing,≥1 mg,High dose,Other serious outcome,Ozempic
23470130,1,74,YR,Female,,"",US,US,OZEMPIC,SEMAGLUTIDE,0.25,MG,PS,Surgery,OT,2024Q1,Older Adults (≥65),Others,Missing,<0.5 mg,Low dose,Other serious outcome,Ozempic
23470133,1,70,YR,Female,,"",US,US,OZEMPIC,SEMAGLUTIDE,,"",PS,Constipation,OT,2024Q1,Older Adults (≥65),Gastro-Intestinal and Metabolic,Missing,Missing,Missing,Other serious outcome,Ozempic
23470136,1,66,YR,Male,,"",US,US,OZEMPIC,SEMAGLUTIDE,0.5,MG,PS,Nausea,OT,2024Q1,Older Adults (≥65),Gastro-Intestinal and Metabolic,Missing,0.5–0.99 mg,Medium dose,Other serious outcome,Ozempic
23470142,1,72,YR,Female,174,KG,US,US,OZEMPIC,SEMAGLUTIDE,,"",PS,Cataract,OT,2024Q1,Older Adults (≥65),Others,≥100 kg,Missing,Missing,Other serious outcome,Ozempic
23479452,5,75,YR,Female,,"",US,US,OZEMPIC,SEMAGLUTIDE,0.5,MG,PS,Memory impairment,DS,2024Q1,Older Adults (≥65),Psychiatric-related,Missing,0.5–0.99 mg,Medium dose,Disability,Ozempic
23479454,1,46,YR,Male,,"",US,US,OZEMPIC,SEMAGLUTIDE,,"",PS,Tremor,OT,2024Q1,Younger Adults (18–64),Others,Missing,Missing,Missing,Other serious outcome,Ozempic
23479461,1,56,YR,Female,,"",US,US,WEGOVY,SEMAGLUTIDE,,"",PS,Tendon injury,OT,2024Q1,Younger Adults (18–64),Others,Missing,Missing,Missing,Other serious outcome,Wegovy
23479474,1,60,YR,Female,,"",US,US,OZEMPIC,SEMAGLUTIDE,,"",PS,Hemiparesis,HO,2024Q1,Younger Adults (18–64),Others,Missing,Missing,Missing,Hospitalization,Ozempic
23479477,2,79,YR,Female,,"",US,US,OZEMPIC,SEMAGLUTIDE,,"",PS,Cerebral haemorrhage,HO,2024Q2,Older Adults (≥65),Others,Missing,Missing,Missing,Hospitalization,Ozempic
23479482,2,76,YR,Female,,"",US,US,OZEMPIC,SEMAGLUTIDE,,"",PS,Vomiting,HO,2024Q1,Older Adults (≥65),Gastro-Intestinal and Metabolic,Missing,Missing,Missing,Hospitalization,Ozempic
23481650,1,56,YR,Female,72,KG,US,"",WEGOVY,SEMAGLUTIDE,0.25,MG,PS,Face injury,OT,2024Q1,Younger Adults (18–64),Others,<80 kg,<0.5 mg,Low dose,Other serious outcome,Wegovy
23482957,1,37,YR,Female,80.1,KG,US,"",WEGOVY,SEMAGLUTIDE,,"",PS,Vomiting,OT,2024Q1,Younger Adults (18–64),Gastro-Intestinal and Metabolic,80–99 kg,Missing,Missing,Other serious outcome,Wegovy
23484424,2,65,YR,Female,,"",US,US,WEGOVY,SEMAGLUTIDE,,"",PS,Weight loss poor,OT,2024Q1,Older Adults (≥65),Others,Missing,Missing,Missing,Other serious outcome,Wegovy
23484433,1,74,YR,Female,,"",US,US,OZEMPIC,SEMAGLUTIDE,,"",PS,Cataract operation,OT,2024Q1,Older Adults (≥65),Others,Missing,Missing,Missing,Other serious outcome,Ozempic
23484449,2,60,YR,Female,81,KG,US,US,OZEMPIC,SEMAGLUTIDE,0.5,MG,PS,Ileus,HO,2024Q4,Younger Adults (18–64),Gastro-Intestinal and Metabolic,80–99 kg,0.5–0.99 mg,Medium dose,Hospitalization,Ozempic
23484450,1,26,YR,Female,,"",US,US,WEGOVY,SEMAGLUTIDE,1,MG,PS,Abdominal pain,HO,2024Q1,Younger Adults (18–64),Gastro-Intestinal and Metabolic,Missing,≥1 mg,High dose,Hospitalization,Wegovy
23484452,2,72,YR,Female,,"",US,US,OZEMPIC,SEMAGLUTIDE,,"",PS,Dehydration,OT,2024Q1,Older Adults (≥65),Gastro-Intestinal and Metabolic,Missing,Missing,Missing,Other serious outcome,Ozempic
23487332,1,64,YR,Female,,"",US,"",OZEMPIC,SEMAGLUTIDE,,"",PS,Completed suicide,DE,2024Q1,Younger Adults (18–64),Psychiatric-related,Missing,Missing,Missing,Death,Ozempic
23487589,1,48,YR,Female,107.1,KG,US,"",SEMAGLUTIDE,SEMAGLUTIDE,3,ML,PS,Pancreatitis,RI,2024Q1,Younger Adults (18–64),Gastro-Intestinal and Metabolic,≥100 kg,≥1 mg,High dose,Required intervention,Semaglutide (Unspecified)
23487682,1,47,YR,Male,103.5,KG,US,"",WEGOVY,SEMAGLUTIDE,,"",PS,Alopecia,OT,2024Q1,Younger Adults (18–64),Others,≥100 kg,Missing,Missing,Other serious outcome,Wegovy
23487865,1,23,YR,Female,148.5,KG,US,"",WEGOVY,SEMAGLUTIDE,,"",PS,Confusional state,DS,2024Q1,Younger Adults (18–64),Psychiatric-related,≥100 kg,Missing,Missing,Disability,Wegovy
23491500,2,71,YR,Female,,"",US,US,OZEMPIC,SEMAGLUTIDE,,"",PS,Condition aggravated,OT,2024Q1,Older Adults (≥65),Others,Missing,Missing,Missing,Other serious outcome,Ozempic
23491504,1,57,YR,Male,,"",US,US,OZEMPIC,SEMAGLUTIDE,0.25,MG,PS,Haematochezia,OT,2024Q1,Younger Adults (18–64),Others,Missing,<0.5 mg,Low dose,Other serious outcome,Ozempic
23494501,1,38,YR,Female,120.6,KG,US,"",OZEMPIC,SEMAGLUTIDE,,"",PS,Constipation,OT,2024Q1,Younger Adults (18–64),Gastro-Intestinal and Metabolic,≥100 kg,Missing,Missing,Other serious outcome,Ozempic
23494546,1,33,YR,Female,87.75,KG,US,"",OZEMPIC,SEMAGLUTIDE,,"",PS,Pregnancy on oral contraceptive,OT,2024Q1,Younger Adults (18–64),Others,80–99 kg,Missing,Missing,Other serious outcome,Ozempic
23494609,1,69,YR,Female,67.5,KG,US,"",RYBELSUS,SEMAGLUTIDE,,"",PS,Pain in extremity,DS,2024Q1,Older Adults (≥65),Others,<80 kg,Missing,Missing,Disability,Rybelsus
23497599,1,70,YR,Male,,"",US,"",OZEMPIC,SEMAGLUTIDE,0.25,MG,PS,Mood swings,OT,2024Q1,Older Adults (≥65),Psychiatric-related,Missing,<0.5 mg,Low dose,Other serious outcome,Ozempic
23503961,1,77,YR,Male,,"",US,US,OZEMPIC,SEMAGLUTIDE,0.5,MG,PS,Abdominal pain upper,OT,2024Q1,Older Adults (≥65),Gastro-Intestinal and Metabolic,Missing,0.5–0.99 mg,Medium dose,Other serious outcome,Ozempic
23503973,2,61,YR,Male,,"",US,US,OZEMPIC,SEMAGLUTIDE,0.5,MG,PS,Cerebrovascular accident,HO,2024Q3,Younger Adults (18–64),Cardiovascular,Missing,0.5–0.99 mg,Medium dose,Hospitalization,Ozempic
23503981,2,60,YR,Female,108.39,KG,US,US,RYBELSUS,SEMAGLUTIDE,14,MG,PS,Ulcer,HO,2024Q2,Younger Adults (18–64),Others,≥100 kg,≥1 mg,High dose,Hospitalization,Rybelsus
23503982,1,61,YR,Female,,"",US,US,OZEMPIC,SEMAGLUTIDE,,"",PS,Suicidal ideation,OT,2024Q1,Younger Adults (18–64),Psychiatric-related,Missing,Missing,Missing,Other serious outcome,Ozempic
23503986,1,57,YR,Female,,"",US,US,OZEMPIC,SEMAGLUTIDE,,"",PS,Sinusitis,HO,2024Q1,Younger Adults (18–64),Others,Missing,Missing,Missing,Hospitalization,Ozempic
23504011,1,48,YR,Female,65.25,KG,US,"",SEMAGLUTIDE,SEMAGLUTIDE,,"",PS,Suicidal ideation,LT,2024Q1,Younger Adults (18–64),Psychiatric-related,<80 kg,Missing,Missing,Life-threatening,Semaglutide (Unspecified)
23505916,1,65,YR,Male,115,KG,US,"",OZEMPIC,SEMAGLUTIDE,,"",PS,Medullary thyroid cancer,LT,2024Q1,Older Adults (≥65),Others,≥100 kg,Missing,Missing,Life-threatening,Ozempic
23505917,1,65,YR,Male,97.5,KG,US,"",OZEMPIC,SEMAGLUTIDE,0.25,MG,PS,Cholangitis acute,HO,2024Q1,Older Adults (≥65),Others,80–99 kg,<0.5 mg,Low dose,Hospitalization,Ozempic
23505968,1,45,YR,Female,126.9,KG,US,"",WEGOVY,SEMAGLUTIDE,,"",PS,Gastrooesophageal reflux disease,RI,2024Q1,Younger Adults (18–64),Gastro-Intestinal and Metabolic,≥100 kg,Missing,Missing,Required intervention,Wegovy
23507361,1,61,YR,Female,69.75,KG,US,"",OZEMPIC,SEMAGLUTIDE,,"",PS,Alopecia,OT,2024Q1,Younger Adults (18–64),Others,<80 kg,Missing,Missing,Other serious outcome,Ozempic
23509229,1,32,YR,Male,,"",US,"",SEMAGLUTIDE,SEMAGLUTIDE,,"",PS,Unresponsive to stimuli,DE,2024Q1,Younger Adults (18–64),Others,Missing,Missing,Missing,Death,Semaglutide (Unspecified)
23511330,1,49,YR,Female,,"",US,US,WEGOVY,SEMAGLUTIDE,2.4,MG,PS,Intestinal obstruction,OT,2024Q1,Younger Adults (18–64),Gastro-Intestinal and Metabolic,Missing,≥1 mg,High dose,Other serious outcome,Wegovy
23511338,1,70,YR,Female,,"",US,US,OZEMPIC,SEMAGLUTIDE,1,MG,PS,Polyp,OT,2024Q1,Older Adults (≥65),Others,Missing,≥1 mg,High dose,Other serious outcome,Ozempic
23512675,1,50,YR,Female,83.7,KG,US,"",SEMAGLUTIDE,SEMAGLUTIDE,20,IU,PS,Product formulation issue,RI,2024Q1,Younger Adults (18–64),Others,80–99 kg,≥1 mg,High dose,Required intervention,Semaglutide (Unspecified)
23512862,1,43,YR,Female,95.13,KG,US,"",OZEMPIC,SEMAGLUTIDE,0.5,MG,PS,Therapy change,HO,2024Q1,Younger Adults (18–64),Others,80–99 kg,0.5–0.99 mg,Medium dose,Hospitalization,Ozempic
23513239,1,52,YR,Female,72.9,KG,US,"",OZEMPIC,SEMAGLUTIDE,,"",PS,Depression,RI,2024Q1,Younger Adults (18–64),Psychiatric-related,<80 kg,Missing,Missing,Required intervention,Ozempic
23515488,2,69,YR,Male,,"",US,US,OZEMPIC,SEMAGLUTIDE,,"",PS,Hiccups,OT,2024Q1,Older Adults (≥65),Others,Missing,Missing,Missing,Other serious outcome,Ozempic
23515499,1,67,YR,Female,,"",US,US,OZEMPIC,SEMAGLUTIDE,1,MG,PS,Abdominal pain upper,OT,2024Q1,Older Adults (≥65),Gastro-Intestinal and Metabolic,Missing,≥1 mg,High dose,Other serious outcome,Ozempic
23515505,1,23,YR,Male,,"",US,US,WEGOVY,SEMAGLUTIDE,,"",PS,Vomiting,DE,2024Q1,Younger Adults (18–64),Gastro-Intestinal and Metabolic,Missing,Missing,Missing,Death,Wegovy
23515518,1,64,YR,Female,,"",US,US,WEGOVY,SEMAGLUTIDE,1.7,MG,PS,Surgery,OT,2024Q1,Younger Adults (18–64),Others,Missing,≥1 mg,High dose,Other serious outcome,Wegovy
23517253,1,60,YR,Female,64.1,KG,US,"",SEMAGLUTIDE,SEMAGLUTIDE,2,MG,PS,Splenic rupture,LT,2024Q1,Younger Adults (18–64),Others,<80 kg,≥1 mg,High dose,Life-threatening,Semaglutide (Unspecified)
23518249,1,50,YR,Male,135,KG,US,"",OZEMPIC,SEMAGLUTIDE,,"",PS,Thrombosis,LT,2024Q1,Younger Adults (18–64),Others,≥100 kg,Missing,Missing,Life-threatening,Ozempic
23518300,1,79,YR,Female,56.25,KG,US,"",OZEMPIC,SEMAGLUTIDE,,"",PS,Diverticulitis,LT,2024Q1,Older Adults (≥65),Others,<80 kg,Missing,Missing,Life-threatening,Ozempic
23520337,3,51,YR,Female,127.45,KG,US,US,OZEMPIC,SEMAGLUTIDE,,"",PS,Inappropriate schedule of product administration,HO,2024Q4,Younger Adults (18–64),Others,≥100 kg,Missing,Missing,Hospitalization,Ozempic
23520343,1,80,YR,Female,,"",US,US,OZEMPIC,SEMAGLUTIDE,0.25,MG,PS,Chronic kidney disease,OT,2024Q1,Older Adults (≥65),Others,Missing,<0.5 mg,Low dose,Other serious outcome,Ozempic
23520372,1,50,YR,Female,,"",US,US,OZEMPIC,SEMAGLUTIDE,1,MG,PS,Diabetic ketoacidosis,HO,2024Q1,Younger Adults (18–64),Gastro-Intestinal and Metabolic,Missing,≥1 mg,High dose,Hospitalization,Ozempic
23520375,1,52,YR,Female,,"",US,US,OZEMPIC,SEMAGLUTIDE,0.25,MG,PS,Diarrhoea,HO,2024Q1,Younger Adults (18–64),Gastro-Intestinal and Metabolic,Missing,<0.5 mg,Low dose,Hospitalization,Ozempic
23521934,1,62,YR,Female,83.7,KG,US,"",WEGOVY,SEMAGLUTIDE,,"",PS,Product substitution issue,OT,2024Q1,Younger Adults (18–64),Others,80–99 kg,Missing,Missing,Other serious outcome,Wegovy
23523489,1,76,YR,Female,90,KG,US,"",OZEMPIC,SEMAGLUTIDE,,"",PS,Constipation,HO,2024Q1,Older Adults (≥65),Gastro-Intestinal and Metabolic,80–99 kg,Missing,Missing,Hospitalization,Ozempic
23524972,1,79,YR,Male,,"",US,US,OZEMPIC,SEMAGLUTIDE,0.5,MG,PS,Parkinson's disease,OT,2024Q1,Older Adults (≥65),Others,Missing,0.5–0.99 mg,Medium dose,Other serious outcome,Ozempic
23524995,3,71,YR,Male,,"",US,US,OZEMPIC,SEMAGLUTIDE,0.25,MG,PS,Pancreatitis,HO,2024Q2,Older Adults (≥65),Gastro-Intestinal and Metabolic,Missing,<0.5 mg,Low dose,Hospitalization,Ozempic
23524996,2,64,YR,Female,79.8,KG,US,US,OZEMPIC,SEMAGLUTIDE,2,MG,PS,Muscle spasms,HO,2024Q1,Younger Adults (18–64),Others,<80 kg,≥1 mg,High dose,Hospitalization,Ozempic
23524998,2,69,YR,Male,,"",US,US,OZEMPIC,SEMAGLUTIDE,,"",PS,Intestinal obstruction,HO,2024Q2,Older Adults (≥65),Gastro-Intestinal and Metabolic,Missing,Missing,Missing,Hospitalization,Ozempic
23525000,2,72,YR,Female,108.84,KG,US,US,OZEMPIC,SEMAGLUTIDE,0.25,MG,PS,Gait disturbance,OT,2024Q1,Older Adults (≥65),Others,≥100 kg,<0.5 mg,Low dose,Other serious outcome,Ozempic
23525001,1,76,YR,Female,,"",US,US,OZEMPIC,SEMAGLUTIDE,,"",PS,Gallbladder disorder,OT,2024Q1,Older Adults (≥65),Others,Missing,Missing,Missing,Other serious outcome,Ozempic
23526281,1,33,YR,Female,77.85,KG,US,"",CYANOCOBALAMIN\SEMAGLUTIDE,CYANOCOBALAMIN\SEMAGLUTIDE,,"",PS,Diarrhoea,HO,2024Q1,Younger Adults (18–64),Gastro-Intestinal and Metabolic,<80 kg,Missing,Missing,Hospitalization,Combination Product
23526400,1,60,YR,Female,,"",US,"",SEMAGLUTIDE,SEMAGLUTIDE,,"",PS,Blindness unilateral,DS,2024Q1,Younger Adults (18–64),Others,Missing,Missing,Missing,Disability,Semaglutide (Unspecified)
23526595,1,54,YR,Female,80.9,KG,US,"",RYBELSUS,SEMAGLUTIDE,14,MG,PS,Idiopathic pancreatitis,HO,2024Q1,Younger Adults (18–64),Others,80–99 kg,≥1 mg,High dose,Hospitalization,Rybelsus
23526610,1,56,YR,Female,,"",US,"",SEMAGLUTIDE,SEMAGLUTIDE,,"",PS,Blindness unilateral,DS,2024Q1,Younger Adults (18–64),Others,Missing,Missing,Missing,Disability,Semaglutide (Unspecified)
23526612,1,80,YR,Female,,"",US,"",SEMAGLUTIDE,SEMAGLUTIDE,,"",PS,Optic ischaemic neuropathy,DS,2024Q1,Older Adults (≥65),Others,Missing,Missing,Missing,Disability,Semaglutide (Unspecified)
23529518,1,48,YR,Female,,"",US,US,OZEMPIC,SEMAGLUTIDE,2,MG,PS,Nephrolithiasis,HO,2024Q1,Younger Adults (18–64),Others,Missing,≥1 mg,High dose,Hospitalization,Ozempic
23529526,1,70,YR,Female,,"",US,US,OZEMPIC,SEMAGLUTIDE,,"",PS,Pollakiuria,OT,2024Q1,Older Adults (≥65),Others,Missing,Missing,Missing,Other serious outcome,Ozempic
23529533,4,71,YR,Female,67.574,KG,US,US,OZEMPIC,SEMAGLUTIDE,,"",PS,Glycosylated haemoglobin decreased,LT,2024Q2,Older Adults (≥65),Others,<80 kg,Missing,Missing,Life-threatening,Ozempic
23529539,1,80,YR,Female,,"",US,US,OZEMPIC,SEMAGLUTIDE,0.25,MG,PS,Diarrhoea,HO,2024Q1,Older Adults (≥65),Gastro-Intestinal and Metabolic,Missing,<0.5 mg,Low dose,Hospitalization,Ozempic
23533135,1,58,YR,Female,108,KG,US,"",OZEMPIC,SEMAGLUTIDE,,"",PS,Renal disorder,HO,2024Q1,Younger Adults (18–64),Others,≥100 kg,Missing,Missing,Hospitalization,Ozempic
23536211,1,65,YR,Male,,"",US,US,OZEMPIC,SEMAGLUTIDE,0.5,MG,PS,Coronary artery occlusion,OT,2024Q1,Older Adults (≥65),Cardiovascular,Missing,0.5–0.99 mg,Medium dose,Other serious outcome,Ozempic
23536213,1,51,YR,Female,,"",US,US,OZEMPIC,SEMAGLUTIDE,,"",PS,Muscle rupture,OT,2024Q1,Younger Adults (18–64),Others,Missing,Missing,Missing,Other serious outcome,Ozempic
23536221,1,67,YR,Female,,"",US,US,OZEMPIC,SEMAGLUTIDE,,"",PS,Alopecia,OT,2024Q1,Older Adults (≥65),Others,Missing,Missing,Missing,Other serious outcome,Ozempic
23536270,1,23,YR,Female,,"",US,US,OZEMPIC,SEMAGLUTIDE,2,MG,PS,Pulmonary embolism,OT,2024Q1,Younger Adults (18–64),Cardiovascular,Missing,≥1 mg,High dose,Other serious outcome,Ozempic
23536274,1,68,YR,Female,,"",US,US,OZEMPIC,SEMAGLUTIDE,,"",PS,Coronary arterial stent insertion,HO,2024Q1,Older Adults (≥65),Others,Missing,Missing,Missing,Hospitalization,Ozempic
23536275,1,59,YR,Male,167,KG,US,US,OZEMPIC,SEMAGLUTIDE,1,MG,PS,Anaemia,OT,2024Q1,Younger Adults (18–64),Others,≥100 kg,≥1 mg,High dose,Other serious outcome,Ozempic
23542055,1,70,YR,Male,,"",US,US,OZEMPIC,SEMAGLUTIDE,,"",PS,Intestinal obstruction,OT,2024Q1,Older Adults (≥65),Gastro-Intestinal and Metabolic,Missing,Missing,Missing,Other serious outcome,Ozempic
23542061,2,67,YR,Female,,"",US,US,OZEMPIC,SEMAGLUTIDE,0.25,MG,PS,Ileus,HO,2024Q4,Older Adults (≥65),Gastro-Intestinal and Metabolic,Missing,<0.5 mg,Low dose,Hospitalization,Ozempic
23542063,2,66,YR,Female,73.923,KG,US,US,RYBELSUS,SEMAGLUTIDE,3,MG,PS,Hyperthyroidism,OT,2024Q2,Older Adults (≥65),Others,<80 kg,≥1 mg,High dose,Other serious outcome,Rybelsus
23542067,1,54,YR,Female,,"",US,US,OZEMPIC,SEMAGLUTIDE,,"",PS,Intestinal obstruction,OT,2024Q1,Younger Adults (18–64),Gastro-Intestinal and Metabolic,Missing,Missing,Missing,Other serious outcome,Ozempic
23542086,1,51,YR,Male,,"",US,US,OZEMPIC,SEMAGLUTIDE,,"",PS,Cardiac failure congestive,HO,2024Q1,Younger Adults (18–64),Cardiovascular,Missing,Missing,Missing,Hospitalization,Ozempic
23544010,1,29,YR,Female,69.75,KG,US,"",WEGOVY,SEMAGLUTIDE,,"",PS,Piriformis syndrome,OT,2024Q1,Younger Adults (18–64),Others,<80 kg,Missing,Missing,Other serious outcome,Wegovy
23544013,1,29,YR,Female,69.75,KG,US,"",WEGOVY,SEMAGLUTIDE,2.4,MG,PS,Back pain,OT,2024Q1,Younger Adults (18–64),Others,<80 kg,≥1 mg,High dose,Other serious outcome,Wegovy
23544070,2,77,YR,Female,,"",US,US,OZEMPIC,SEMAGLUTIDE,,"",PS,Abdominal discomfort,HO,2024Q1,Older Adults (≥65),Others,Missing,Missing,Missing,Hospitalization,Ozempic
23544172,1,51,YR,Female,133.65,KG,US,"",OZEMPIC,SEMAGLUTIDE,,"",PS,Cholelithiasis,DS,2024Q1,Younger Adults (18–64),Gastro-Intestinal and Metabolic,≥100 kg,Missing,Missing,Disability,Ozempic
23544176,1,63,YR,Female,77.11,KG,US,"",OZEMPIC,SEMAGLUTIDE,0.5,ML,PS,Abdominal discomfort,HO,2024Q1,Younger Adults (18–64),Others,<80 kg,0.5–0.99 mg,Medium dose,Hospitalization,Ozempic
23544449,1,53,YR,Male,76.5,KG,US,"",WEGOVY,SEMAGLUTIDE,,"",PS,Injection site pain,RI,2024Q1,Younger Adults (18–64),Others,<80 kg,Missing,Missing,Required intervention,Wegovy
23545153,1,47,YR,Female,83.25,KG,US,"",OZEMPIC,SEMAGLUTIDE,,"",PS,Stress,OT,2024Q1,Younger Adults (18–64),Psychiatric-related,80–99 kg,Missing,Missing,Other serious outcome,Ozempic
23545154,1,53,YR,Male,82.35,KG,US,"",OZEMPIC,SEMAGLUTIDE,,"",PS,Nausea,OT,2024Q1,Younger Adults (18–64),Gastro-Intestinal and Metabolic,80–99 kg,Missing,Missing,Other serious outcome,Ozempic
23545731,1,58,YR,Female,81,KG,US,"",SEMAGLUTIDE,SEMAGLUTIDE,,"",PS,Diarrhoea,OT,2024Q1,Younger Adults (18–64),Gastro-Intestinal and Metabolic,80–99 kg,Missing,Missing,Other serious outcome,Semaglutide (Unspecified)
23546890,1,68,YR,Female,,"",US,US,RYBELSUS,SEMAGLUTIDE,7,MG,PS,Atrial fibrillation,HO,2024Q1,Older Adults (≥65),Cardiovascular,Missing,≥1 mg,High dose,Hospitalization,Rybelsus
23546894,1,65,YR,Male,,"",US,US,RYBELSUS,SEMAGLUTIDE,7,MG,PS,Blood glucose decreased,HO,2024Q1,Older Adults (≥65),Gastro-Intestinal and Metabolic,Missing,≥1 mg,High dose,Hospitalization,Rybelsus
23546895,1,73,YR,Female,,"",US,US,OZEMPIC,SEMAGLUTIDE,0.25,MG,PS,COVID-19,OT,2024Q1,Older Adults (≥65),Others,Missing,<0.5 mg,Low dose,Other serious outcome,Ozempic
23546898,1,60,YR,Male,,"",US,US,OZEMPIC,SEMAGLUTIDE,0.5,MG,PS,Renal injury,OT,2024Q1,Younger Adults (18–64),Others,Missing,0.5–0.99 mg,Medium dose,Other serious outcome,Ozempic
23546899,2,65,YR,Male,,"",US,US,RYBELSUS,SEMAGLUTIDE,7,MG,PS,Diabetic ketoacidosis,HO,2024Q1,Older Adults (≥65),Gastro-Intestinal and Metabolic,Missing,≥1 mg,High dose,Hospitalization,Rybelsus
23546908,1,40,YR,Male,77.098,KG,US,US,RYBELSUS,SEMAGLUTIDE,3,MG,PS,Sepsis,HO,2024Q1,Younger Adults (18–64),Others,<80 kg,≥1 mg,High dose,Hospitalization,Rybelsus
23546914,2,48,YR,Male,132.88,KG,US,US,OZEMPIC,SEMAGLUTIDE,,"",PS,Loss of consciousness,HO,2024Q2,Younger Adults (18–64),Others,≥100 kg,Missing,Missing,Hospitalization,Ozempic
23546915,2,57,YR,Female,,"",US,US,OZEMPIC,SEMAGLUTIDE,1,MG,PS,Osteoarthritis,HO,2024Q1,Younger Adults (18–64),Others,Missing,≥1 mg,High dose,Hospitalization,Ozempic
23546918,1,80,YR,Male,,"",US,US,OZEMPIC,SEMAGLUTIDE,,"",PS,Suicidal ideation,OT,2024Q1,Older Adults (≥65),Psychiatric-related,Missing,Missing,Missing,Other serious outcome,Ozempic
23549845,1,62,YR,Female,90,KG,US,"",OZEMPIC,SEMAGLUTIDE,,"",PS,Pancreatitis,HO,2024Q1,Younger Adults (18–64),Gastro-Intestinal and Metabolic,80–99 kg,Missing,Missing,Hospitalization,Ozempic
23549847,1,47,YR,Female,91.35,KG,US,"",OZEMPIC,SEMAGLUTIDE,,"",PS,Depression,OT,2024Q1,Younger Adults (18–64),Psychiatric-related,80–99 kg,Missing,Missing,Other serious outcome,Ozempic
23550326,2,59,YR,Female,,"",US,US,OZEMPIC,SEMAGLUTIDE,,"",PS,Mental disorder,DS,2024Q1,Younger Adults (18–64),Psychiatric-related,Missing,Missing,Missing,Disability,Ozempic
23551338,2,36,YR,Female,101.59,KG,US,US,WEGOVY,SEMAGLUTIDE,2.4,MG,PS,Anaphylactoid reaction,OT,2024Q1,Younger Adults (18–64),Others,≥100 kg,≥1 mg,High dose,Other serious outcome,Wegovy
23551342,1,71,YR,Male,,"",US,US,OZEMPIC,SEMAGLUTIDE,2,MG,PS,Blood glucose increased,OT,2024Q1,Older Adults (≥65),Gastro-Intestinal and Metabolic,Missing,≥1 mg,High dose,Other serious outcome,Ozempic
23551345,1,70,YR,Female,,"",US,US,OZEMPIC,SEMAGLUTIDE,1.5,MG,PS,Dehydration,HO,2024Q1,Older Adults (≥65),Gastro-Intestinal and Metabolic,Missing,≥1 mg,High dose,Hospitalization,Ozempic
23551350,2,75,YR,Female,,"",US,US,OZEMPIC,SEMAGLUTIDE,2,MG,PS,Fall,HO,2024Q1,Older Adults (≥65),Others,Missing,≥1 mg,High dose,Hospitalization,Ozempic
23551352,1,87,YR,Female,,"",US,US,OZEMPIC,SEMAGLUTIDE,0.5,MG,PS,Bladder cancer,OT,2024Q1,Older Adults (≥65),Others,Missing,0.5–0.99 mg,Medium dose,Other serious outcome,Ozempic
23551357,2,75,YR,Female,,"",US,US,OZEMPIC,SEMAGLUTIDE,1,MG,PS,Acute cholecystitis necrotic,HO,2024Q2,Older Adults (≥65),Others,Missing,≥1 mg,High dose,Hospitalization,Ozempic
23551360,1,55,YR,Female,,"",US,US,OZEMPIC,SEMAGLUTIDE,,"",PS,Euglycaemic diabetic ketoacidosis,OT,2024Q1,Younger Adults (18–64),Gastro-Intestinal and Metabolic,Missing,Missing,Missing,Other serious outcome,Ozempic
23551362,1,72,YR,Female,,"",US,US,WEGOVY,SEMAGLUTIDE,,"",PS,Non-Hodgkin's lymphoma,OT,2024Q1,Older Adults (≥65),Others,Missing,Missing,Missing,Other serious outcome,Wegovy
23553796,1,45,YR,Female,120.15,KG,US,"",WEGOVY,SEMAGLUTIDE,,"",PS,Therapy cessation,DS,2024Q1,Younger Adults (18–64),Others,≥100 kg,Missing,Missing,Disability,Wegovy
23553824,1,60,YR,Male,121.5,KG,US,"",OZEMPIC,SEMAGLUTIDE,,"",PS,Constipation,OT,2024Q1,Younger Adults (18–64),Gastro-Intestinal and Metabolic,≥100 kg,Missing,Missing,Other serious outcome,Ozempic
23556271,2,51,YR,Female,,"",US,US,OZEMPIC,SEMAGLUTIDE,,"",PS,Vomiting,HO,2024Q2,Younger Adults (18–64),Gastro-Intestinal and Metabolic,Missing,Missing,Missing,Hospitalization,Ozempic
23556275,1,61,YR,Female,,"",US,US,RYBELSUS,SEMAGLUTIDE,,"",PS,Suicidal ideation,OT,2024Q1,Younger Adults (18–64),Psychiatric-related,Missing,Missing,Missing,Other serious outcome,Rybelsus
23556593,1,40,YR,Male,,"",US,US,OZEMPIC,SEMAGLUTIDE,,"",PS,Nausea,HO,2024Q1,Younger Adults (18–64),Gastro-Intestinal and Metabolic,Missing,Missing,Missing,Hospitalization,Ozempic
23556594,1,31,YR,Female,,"",US,US,WEGOVY,SEMAGLUTIDE,0.25,MG,PS,Syncope,OT,2024Q1,Younger Adults (18–64),Cardiovascular,Missing,<0.5 mg,Low dose,Other serious outcome,Wegovy
23556598,2,74,YR,Female,,"",US,US,OZEMPIC,SEMAGLUTIDE,0.5,MG,PS,Blood glucose decreased,OT,2024Q2,Older Adults (≥65),Gastro-Intestinal and Metabolic,Missing,0.5–0.99 mg,Medium dose,Other serious outcome,Ozempic
23562176,1,72,YR,Female,,"",US,US,OZEMPIC,SEMAGLUTIDE,0.25,MG,PS,Ileus,OT,2024Q1,Older Adults (≥65),Gastro-Intestinal and Metabolic,Missing,<0.5 mg,Low dose,Other serious outcome,Ozempic
23562178,1,52,YR,Male,,"",US,US,OZEMPIC,SEMAGLUTIDE,0.5,MG,PS,Blood glucose increased,LT,2024Q1,Younger Adults (18–64),Gastro-Intestinal and Metabolic,Missing,0.5–0.99 mg,Medium dose,Life-threatening,Ozempic
23562180,2,59,YR,Female,112,KG,US,US,OZEMPIC,SEMAGLUTIDE,0.25,MG,PS,Abdominal pain,HO,2024Q4,Younger Adults (18–64),Gastro-Intestinal and Metabolic,≥100 kg,<0.5 mg,Low dose,Hospitalization,Ozempic
23562181,2,25,YR,Female,,"",US,US,OZEMPIC,SEMAGLUTIDE,,"",PS,Crohn's disease,OT,2024Q1,Younger Adults (18–64),Others,Missing,Missing,Missing,Other serious outcome,Ozempic
23562185,3,57,YR,Female,,"",US,US,OZEMPIC,SEMAGLUTIDE,0.5,MG,PS,Off label use,OT,2024Q2,Younger Adults (18–64),Others,Missing,0.5–0.99 mg,Medium dose,Other serious outcome,Ozempic
23563434,1,66,YR,Female,,"",US,US,OZEMPIC,SEMAGLUTIDE,,"",PS,Gastrointestinal disorder,OT,2024Q1,Older Adults (≥65),Others,Missing,Missing,Missing,Other serious outcome,Ozempic
23566031,1,41,YR,Female,72.9,KG,US,"",SEMAGLUTIDE,SEMAGLUTIDE,,"",PS,Therapy cessation,OT,2024Q1,Younger Adults (18–64),Others,<80 kg,Missing,Missing,Other serious outcome,Semaglutide (Unspecified)
23566032,1,32,YR,Female,67.6,KG,US,"",SEMAGLUTIDE,SEMAGLUTIDE,,"",PS,Pancreatitis,HO,2024Q1,Younger Adults (18–64),Gastro-Intestinal and Metabolic,<80 kg,Missing,Missing,Hospitalization,Semaglutide (Unspecified)
23568555,2,78,YR,Male,,"",US,US,OZEMPIC,SEMAGLUTIDE,,"",PS,Off label use,OT,2024Q2,Older Adults (≥65),Others,Missing,Missing,Missing,Other serious outcome,Ozempic
23568556,2,63,YR,Female,,"",US,US,WEGOVY,SEMAGLUTIDE,,"",PS,Increased appetite,OT,2024Q1,Younger Adults (18–64),Gastro-Intestinal and Metabolic,Missing,Missing,Missing,Other serious outcome,Wegovy
23568562,3,80,YR,Female,,"",US,US,OZEMPIC,SEMAGLUTIDE,1,MG,PS,Constipation,OT,2024Q2,Older Adults (≥65),Gastro-Intestinal and Metabolic,Missing,≥1 mg,High dose,Other serious outcome,Ozempic
23568574,2,57,YR,Female,103.4,KG,US,US,OZEMPIC,SEMAGLUTIDE,,"",PS,Hyperhidrosis,HO,2024Q2,Younger Adults (18–64),Others,≥100 kg,Missing,Missing,Hospitalization,Ozempic
23568577,3,41,YR,Female,,"",US,US,OZEMPIC,SEMAGLUTIDE,0.25,MG,PS,Injection site urticaria,OT,2024Q1,Younger Adults (18–64),Others,Missing,<0.5 mg,Low dose,Other serious outcome,Ozempic
23568578,1,58,YR,Female,,"",US,US,OZEMPIC,SEMAGLUTIDE,0.5,MG,PS,Gallbladder disorder,HO,2024Q1,Younger Adults (18–64),Others,Missing,0.5–0.99 mg,Medium dose,Hospitalization,Ozempic
23568579,1,51,YR,Female,,"",US,US,OZEMPIC,SEMAGLUTIDE,2,MG,PS,Pancreatic disorder,OT,2024Q1,Younger Adults (18–64),Others,Missing,≥1 mg,High dose,Other serious outcome,Ozempic
23568580,2,65,YR,Male,,"",US,US,OZEMPIC,SEMAGLUTIDE,1,MG,PS,Fall,HO,2024Q2,Older Adults (≥65),Others,Missing,≥1 mg,High dose,Hospitalization,Ozempic
23568583,2,55,YR,Female,85,KG,US,US,WEGOVY,SEMAGLUTIDE,0.25,MG,PS,Hypotension,HO,2024Q4,Younger Adults (18–64),Cardiovascular,80–99 kg,<0.5 mg,Low dose,Hospitalization,Wegovy
23568596,1,74,YR,Female,,"",US,US,OZEMPIC,SEMAGLUTIDE,,"",PS,Blood glucose increased,HO,2024Q1,Older Adults (≥65),Gastro-Intestinal and Metabolic,Missing,Missing,Missing,Hospitalization,Ozempic
23570920,1,48,YR,Female,42.75,KG,US,"",OZEMPIC,SEMAGLUTIDE,,"",PS,Volvulus,LT,2024Q1,Younger Adults (18–64),Others,<80 kg,Missing,Missing,Life-threatening,Ozempic
23571776,1,61,YR,Male,85.5,KG,US,"",OZEMPIC,SEMAGLUTIDE,,"",PS,Peritoneal abscess,LT,2024Q1,Younger Adults (18–64),Others,80–99 kg,Missing,Missing,Life-threatening,Ozempic
23573367,2,74,YR,Female,,"",US,US,OZEMPIC,SEMAGLUTIDE,,"",PS,Constipation,OT,2024Q1,Older Adults (≥65),Gastro-Intestinal and Metabolic,Missing,Missing,Missing,Other serious outcome,Ozempic
23573379,1,72,YR,Male,,"",US,US,OZEMPIC,SEMAGLUTIDE,1,MG,PS,Sepsis,HO,2024Q1,Older Adults (≥65),Others,Missing,≥1 mg,High dose,Hospitalization,Ozempic
23573386,1,63,YR,Female,,"",US,US,OZEMPIC,SEMAGLUTIDE,,"",PS,Chronic kidney disease,OT,2024Q1,Younger Adults (18–64),Others,Missing,Missing,Missing,Other serious outcome,Ozempic
23573388,1,53,YR,Female,,"",US,US,OZEMPIC,SEMAGLUTIDE,2,MG,PS,Nephrolithiasis,OT,2024Q1,Younger Adults (18–64),Others,Missing,≥1 mg,High dose,Other serious outcome,Ozempic
23573390,1,53,YR,Male,,"",US,US,OZEMPIC,SEMAGLUTIDE,,"",PS,Haemorrhoidal haemorrhage,OT,2024Q1,Younger Adults (18–64),Others,Missing,Missing,Missing,Other serious outcome,Ozempic
23577394,1,64,YR,Female,,"",US,US,OZEMPIC,SEMAGLUTIDE,0.25,MG,PS,Autoimmune disorder,OT,2024Q1,Younger Adults (18–64),Others,Missing,<0.5 mg,Low dose,Other serious outcome,Ozempic
23577940,2,50,YR,Female,,"",US,US,OZEMPIC,SEMAGLUTIDE,,"",PS,Brain neoplasm,OT,2024Q3,Younger Adults (18–64),Others,Missing,Missing,Missing,Other serious outcome,Ozempic
23577941,2,81,YR,Male,,"",US,US,OZEMPIC,SEMAGLUTIDE,,"",PS,Dementia,OT,2024Q2,Older Adults (≥65),Others,Missing,Missing,Missing,Other serious outcome,Ozempic
23577943,2,77,YR,Female,116.55,KG,US,US,RYBELSUS,SEMAGLUTIDE,,"",PS,Impaired gastric emptying,OT,2024Q2,Older Adults (≥65),Gastro-Intestinal and Metabolic,≥100 kg,Missing,Missing,Other serious outcome,Rybelsus
23577947,2,53,YR,Male,,"",US,US,OZEMPIC,SEMAGLUTIDE,0.25,MG,PS,Intestinal obstruction,HO,2024Q4,Younger Adults (18–64),Gastro-Intestinal and Metabolic,Missing,<0.5 mg,Low dose,Hospitalization,Ozempic
23577948,2,69,YR,Female,69.85,KG,US,US,OZEMPIC,SEMAGLUTIDE,,"",PS,Tooth extraction,OT,2024Q2,Older Adults (≥65),Others,<80 kg,Missing,Missing,Other serious outcome,Ozempic
23579941,1,45,YR,Female,101.25,KG,US,"",OZEMPIC,SEMAGLUTIDE,,"",PS,Arthralgia,RI,2024Q1,Younger Adults (18–64),Others,≥100 kg,Missing,Missing,Required intervention,Ozempic
23580013,1,24,YR,Female,118.9,KG,US,"",WEGOVY,SEMAGLUTIDE,2.4,MG,PS,Small intestinal obstruction,HO,2024Q1,Younger Adults (18–64),Others,≥100 kg,≥1 mg,High dose,Hospitalization,Wegovy
23580147,1,38,YR,Female,76.05,KG,US,"",WEGOVY,SEMAGLUTIDE,,"",PS,Flank pain,HO,2024Q1,Younger Adults (18–64),Others,<80 kg,Missing,Missing,Hospitalization,Wegovy
23580540,1,59,YR,Male,97.2,KG,US,"",WEGOVY,SEMAGLUTIDE,2.4,MG,PS,Hypoaesthesia,RI,2024Q1,Younger Adults (18–64),Others,80–99 kg,≥1 mg,High dose,Required intervention,Wegovy
23583902,1,59,YR,Female,,"",US,US,OZEMPIC,SEMAGLUTIDE,1,MG,PS,Myocardial infarction,HO,2024Q1,Younger Adults (18–64),Cardiovascular,Missing,≥1 mg,High dose,Hospitalization,Ozempic
23583906,1,79,YR,Female,,"",US,US,OZEMPIC,SEMAGLUTIDE,0.5,MG,PS,Arthropathy,DS,2024Q1,Older Adults (≥65),Others,Missing,0.5–0.99 mg,Medium dose,Disability,Ozempic
23586353,1,61,YR,Female,92.25,KG,US,"",OZEMPIC,SEMAGLUTIDE,,"",PS,Frustration tolerance decreased,OT,2024Q1,Younger Adults (18–64),Others,80–99 kg,Missing,Missing,Other serious outcome,Ozempic
23589544,1,37,YR,Male,,"",US,US,WEGOVY,SEMAGLUTIDE,2.4,MG,PS,Carcinoid tumour in the large intestine,OT,2024Q1,Younger Adults (18–64),Others,Missing,≥1 mg,High dose,Other serious outcome,Wegovy
23589671,2,59,YR,Male,,"",US,US,OZEMPIC,SEMAGLUTIDE,,"",PS,Constipation,OT,2024Q4,Younger Adults (18–64),Gastro-Intestinal and Metabolic,Missing,Missing,Missing,Other serious outcome,Ozempic
23589678,2,53,YR,Male,96.054,KG,US,US,RYBELSUS,SEMAGLUTIDE,,"",PS,Pancreatic carcinoma metastatic,OT,2024Q1,Younger Adults (18–64),Others,80–99 kg,Missing,Missing,Other serious outcome,Rybelsus
23589925,1,65,YR,Female,,"",US,US,WEGOVY,SEMAGLUTIDE,,"",PS,Trigger finger,HO,2024Q1,Older Adults (≥65),Others,Missing,Missing,Missing,Hospitalization,Wegovy
23589931,2,75,YR,Male,,"",US,US,OZEMPIC,SEMAGLUTIDE,0.5,MG,PS,Thrombotic stroke,HO,2024Q1,Older Adults (≥65),Others,Missing,0.5–0.99 mg,Medium dose,Hospitalization,Ozempic
23590012,2,72,YR,Female,,"",US,US,OZEMPIC,SEMAGLUTIDE,,"",PS,Myocardial infarction,OT,2024Q2,Older Adults (≥65),Cardiovascular,Missing,Missing,Missing,Other serious outcome,Ozempic
23590022,2,39,YR,Female,74.83,KG,US,US,OZEMPIC,SEMAGLUTIDE,0.25,MG,PS,Impaired gastric emptying,HO,2024Q4,Younger Adults (18–64),Gastro-Intestinal and Metabolic,<80 kg,<0.5 mg,Low dose,Hospitalization,Ozempic
23592157,1,23,YR,Female,64.8,KG,US,"",OZEMPIC,SEMAGLUTIDE,,"",PS,Eosinophilia,OT,2024Q1,Younger Adults (18–64),Others,<80 kg,Missing,Missing,Other serious outcome,Ozempic
23592830,1,35,YR,Female,72,KG,US,"",OZEMPIC,SEMAGLUTIDE,,"",PS,Anxiety,RI,2024Q1,Younger Adults (18–64),Psychiatric-related,<80 kg,Missing,Missing,Required intervention,Ozempic
23592831,1,63,YR,Female,85.5,KG,US,"",OZEMPIC,SEMAGLUTIDE,,"",PS,Back pain,OT,2024Q1,Younger Adults (18–64),Others,80–99 kg,Missing,Missing,Other serious outcome,Ozempic
23592872,1,62,YR,Female,71.1,KG,US,"",OZEMPIC,SEMAGLUTIDE,,"",PS,Post procedural haemorrhage,HO,2024Q1,Younger Adults (18–64),Others,<80 kg,Missing,Missing,Hospitalization,Ozempic
23592890,1,75,YR,Female,103.5,KG,US,"",RYBELSUS,SEMAGLUTIDE,,"",PS,Abnormal faeces,OT,2024Q1,Older Adults (≥65),Others,≥100 kg,Missing,Missing,Other serious outcome,Rybelsus
23593922,1,57,YR,Female,,"",US,US,OZEMPIC,SEMAGLUTIDE,0.25,MG,PS,Vitreous detachment,OT,2024Q1,Younger Adults (18–64),Others,Missing,<0.5 mg,Low dose,Other serious outcome,Ozempic
23593924,2,80,YR,Female,,"",US,US,OZEMPIC,SEMAGLUTIDE,0.25,MG,PS,Cataract,OT,2024Q1,Older Adults (≥65),Others,Missing,<0.5 mg,Low dose,Other serious outcome,Ozempic
23593929,2,54,YR,Male,,"",US,US,OZEMPIC,SEMAGLUTIDE,,"",PS,Product use issue,OT,2024Q1,Younger Adults (18–64),Others,Missing,Missing,Missing,Other serious outcome,Ozempic
23593931,1,63,YR,Male,,"",US,US,OZEMPIC,SEMAGLUTIDE,0.25,MG,PS,Glomerular filtration rate decreased,OT,2024Q1,Younger Adults (18–64),Others,Missing,<0.5 mg,Low dose,Other serious outcome,Ozempic
23596465,1,42,YR,Female,86.85,KG,US,"",WEGOVY,SEMAGLUTIDE,,"",PS,Dizziness,OT,2024Q1,Younger Adults (18–64),Others,80–99 kg,Missing,Missing,Other serious outcome,Wegovy
23597606,1,26,YR,Female,62.1,KG,US,"",WEGOVY,SEMAGLUTIDE,,"",PS,Vomiting,RI,2024Q1,Younger Adults (18–64),Gastro-Intestinal and Metabolic,<80 kg,Missing,Missing,Required intervention,Wegovy
23598618,1,57,YR,Female,,"",US,US,OZEMPIC,SEMAGLUTIDE,0.25,MG,PS,Vomiting,OT,2024Q1,Younger Adults (18–64),Gastro-Intestinal and Metabolic,Missing,<0.5 mg,Low dose,Other serious outcome,Ozempic
23598641,2,84,YR,Female,81.995,KG,US,US,OZEMPIC,SEMAGLUTIDE,0.25,MG,PS,Weight decreased,OT,2024Q1,Older Adults (≥65),Gastro-Intestinal and Metabolic,80–99 kg,<0.5 mg,Low dose,Other serious outcome,Ozempic
23598642,1,66,YR,Female,,"",US,US,RYBELSUS,SEMAGLUTIDE,,"",PS,Meniscus injury,OT,2024Q1,Older Adults (≥65),Others,Missing,Missing,Missing,Other serious outcome,Rybelsus
23598643,1,79,YR,Female,,"",US,US,OZEMPIC,SEMAGLUTIDE,,"",PS,Plasma cell myeloma,HO,2024Q1,Older Adults (≥65),Others,Missing,Missing,Missing,Hospitalization,Ozempic
23598657,2,66,YR,Female,80.726,KG,US,US,OZEMPIC,SEMAGLUTIDE,,"",PS,Hepatic enzyme increased,HO,2024Q2,Older Adults (≥65),Gastro-Intestinal and Metabolic,80–99 kg,Missing,Missing,Hospitalization,Ozempic
23600875,1,79,YR,Male,78.5,KG,US,"",OZEMPIC,SEMAGLUTIDE,,"",PS,Pancreatitis acute,HO,2024Q1,Older Adults (≥65),Gastro-Intestinal and Metabolic,<80 kg,Missing,Missing,Hospitalization,Ozempic
23601497,1,77,YR,Female,198,LBS,US,"",OZEMPIC,SEMAGLUTIDE,0.5,MG,PS,Blindness unilateral,OT,2024Q1,Older Adults (≥65),Others,≥100 kg,0.5–0.99 mg,Medium dose,Other serious outcome,Ozempic
23601903,1,65,YR,Female,69.3,KG,US,"",WEGOVY,SEMAGLUTIDE,,"",PS,Therapy interrupted,HO,2024Q1,Older Adults (≥65),Others,<80 kg,Missing,Missing,Hospitalization,Wegovy
23603377,2,75,YR,Male,,"",US,US,OZEMPIC,SEMAGLUTIDE,,"",PS,Arteriosclerosis,OT,2024Q3,Older Adults (≥65),Others,Missing,Missing,Missing,Other serious outcome,Ozempic
23603384,1,81,YR,Female,,"",US,US,OZEMPIC,SEMAGLUTIDE,,"",PS,Atrial fibrillation,HO,2024Q1,Older Adults (≥65),Cardiovascular,Missing,Missing,Missing,Hospitalization,Ozempic
23603401,3,67,YR,Female,,"",US,US,OZEMPIC,SEMAGLUTIDE,,"",PS,Condition aggravated,HO,2024Q4,Older Adults (≥65),Others,Missing,Missing,Missing,Hospitalization,Ozempic
23606827,1,57,YR,Female,93.15,KG,US,"",WEGOVY,SEMAGLUTIDE,,"",PS,Cholelithiasis,HO,2024Q1,Younger Adults (18–64),Gastro-Intestinal and Metabolic,80–99 kg,Missing,Missing,Hospitalization,Wegovy
23608680,4,72,YR,Male,,"",US,US,OZEMPIC,SEMAGLUTIDE,2,MG,PS,Limb injury,OT,2024Q2,Older Adults (≥65),Others,Missing,≥1 mg,High dose,Other serious outcome,Ozempic
23608704,1,58,YR,Female,,"",US,US,OZEMPIC,SEMAGLUTIDE,2,MG,PS,Weight decreased,OT,2024Q1,Younger Adults (18–64),Gastro-Intestinal and Metabolic,Missing,≥1 mg,High dose,Other serious outcome,Ozempic
23608709,1,77,YR,Male,,"",US,US,OZEMPIC,SEMAGLUTIDE,,"",PS,Cataract,HO,2024Q1,Older Adults (≥65),Others,Missing,Missing,Missing,Hospitalization,Ozempic
23614695,1,79,YR,Female,,"",US,US,OZEMPIC,SEMAGLUTIDE,,"",PS,Pancreatic mass,OT,2024Q1,Older Adults (≥65),Others,Missing,Missing,Missing,Other serious outcome,Ozempic
23614697,3,41,YR,Male,,"",US,US,OZEMPIC,SEMAGLUTIDE,0.25,MG,PS,Dizziness,OT,2024Q2,Younger Adults (18–64),Others,Missing,<0.5 mg,Low dose,Other serious outcome,Ozempic
23614703,2,48,YR,Male,,"",US,US,OZEMPIC,SEMAGLUTIDE,0.5,MG,PS,Procedural haemorrhage,HO,2024Q2,Younger Adults (18–64),Others,Missing,0.5–0.99 mg,Medium dose,Hospitalization,Ozempic
23614705,1,78,YR,Female,,"",US,US,OZEMPIC,SEMAGLUTIDE,1,MG,PS,Pancreatic carcinoma,OT,2024Q1,Older Adults (≥65),Others,Missing,≥1 mg,High dose,Other serious outcome,Ozempic
23614723,1,52,YR,Female,,"",US,US,WEGOVY,SEMAGLUTIDE,0.5,MG,PS,Intellectual disability,OT,2024Q1,Younger Adults (18–64),Others,Missing,0.5–0.99 mg,Medium dose,Other serious outcome,Wegovy
23614739,1,54,YR,Male,,"",US,US,WEGOVY,SEMAGLUTIDE,,"",PS,Exposure to toxic agent,OT,2024Q1,Younger Adults (18–64),Others,Missing,Missing,Missing,Other serious outcome,Wegovy
23617216,1,72,YR,Female,63,KG,US,"",OZEMPIC,SEMAGLUTIDE,,"",PS,Lip disorder,OT,2024Q1,Older Adults (≥65),Others,<80 kg,Missing,Missing,Other serious outcome,Ozempic
23618470,1,63,YR,Female,129.6,LBS,US,"",CYANOCOBALAMIN\SEMAGLUTIDE,CYANOCOBALAMIN\SEMAGLUTIDE,,"",PS,Epistaxis,RI,2024Q1,Younger Adults (18–64),Others,≥100 kg,Missing,Missing,Required intervention,Combination Product
23619677,1,66,YR,Female,,"",US,US,OZEMPIC,SEMAGLUTIDE,,"",PS,Nephrolithiasis,OT,2024Q1,Older Adults (≥65),Others,Missing,Missing,Missing,Other serious outcome,Ozempic
23619679,1,65,YR,Female,,"",US,US,WEGOVY,SEMAGLUTIDE,1.7,MG,PS,Neoplasm malignant,OT,2024Q1,Older Adults (≥65),Others,Missing,≥1 mg,High dose,Other serious outcome,Wegovy
23619681,1,72,YR,Female,,"",US,US,OZEMPIC,SEMAGLUTIDE,,"",PS,Diarrhoea,OT,2024Q1,Older Adults (≥65),Gastro-Intestinal and Metabolic,Missing,Missing,Missing,Other serious outcome,Ozempic
23619683,1,74,YR,Female,,"",US,US,OZEMPIC,SEMAGLUTIDE,1,MG,PS,Thyroid cancer,OT,2024Q1,Older Adults (≥65),Others,Missing,≥1 mg,High dose,Other serious outcome,Ozempic
23619687,1,39,YR,Female,,"",US,US,WEGOVY,SEMAGLUTIDE,2.4,MG,PS,Gastrooesophageal reflux disease,OT,2024Q1,Younger Adults (18–64),Gastro-Intestinal and Metabolic,Missing,≥1 mg,High dose,Other serious outcome,Wegovy
23619693,1,63,YR,Female,,"",US,US,OZEMPIC,SEMAGLUTIDE,,"",PS,Off label use,OT,2024Q1,Younger Adults (18–64),Others,Missing,Missing,Missing,Other serious outcome,Ozempic
23619719,2,20,YR,Female,,"",US,US,WEGOVY,SEMAGLUTIDE,,"",PS,Haematemesis,OT,2024Q2,Younger Adults (18–64),Others,Missing,Missing,Missing,Other serious outcome,Wegovy
23622758,1,53,YR,Female,91.35,KG,US,"",WEGOVY,SEMAGLUTIDE,,"",PS,Allodynia,OT,2024Q1,Younger Adults (18–64),Others,80–99 kg,Missing,Missing,Other serious outcome,Wegovy
23622760,1,67,YR,Male,99,KG,US,"",OZEMPIC,SEMAGLUTIDE,1,MG,PS,Allodynia,OT,2024Q1,Older Adults (≥65),Others,80–99 kg,≥1 mg,High dose,Other serious outcome,Ozempic
23623116,1,32,YR,Female,81,KG,US,"",WEGOVY,SEMAGLUTIDE,,"",PS,Heart rate increased,DS,2024Q1,Younger Adults (18–64),Cardiovascular,80–99 kg,Missing,Missing,Disability,Wegovy
23624760,2,66,YR,Female,,"",US,US,OZEMPIC,SEMAGLUTIDE,1,MG,PS,Illness,HO,2024Q3,Older Adults (≥65),Others,Missing,≥1 mg,High dose,Hospitalization,Ozempic
23624772,3,54,YR,Male,69,KG,US,US,OZEMPIC,SEMAGLUTIDE,0.25,MG,PS,Small intestinal obstruction,HO,2024Q2,Younger Adults (18–64),Others,<80 kg,<0.5 mg,Low dose,Hospitalization,Ozempic
23624773,1,72,YR,Male,136.05,KG,US,US,OZEMPIC,SEMAGLUTIDE,,"",PS,Injection site pain,OT,2024Q1,Older Adults (≥65),Others,≥100 kg,Missing,Missing,Other serious outcome,Ozempic
23624777,1,77,YR,Male,,"",US,US,OZEMPIC,SEMAGLUTIDE,1,MG,PS,Carcinoid tumour of the pancreas,OT,2024Q1,Older Adults (≥65),Others,Missing,≥1 mg,High dose,Other serious outcome,Ozempic
23624778,1,80,YR,Male,,"",US,US,OZEMPIC,SEMAGLUTIDE,,"",PS,Chest discomfort,HO,2024Q1,Older Adults (≥65),Others,Missing,Missing,Missing,Hospitalization,Ozempic
23624781,2,71,YR,Female,75.74,KG,US,US,OZEMPIC,SEMAGLUTIDE,0.5,MG,PS,Intestinal obstruction,HO,2024Q4,Older Adults (≥65),Gastro-Intestinal and Metabolic,<80 kg,0.5–0.99 mg,Medium dose,Hospitalization,Ozempic
23627165,1,48,YR,Female,87.3,KG,US,"",OZEMPIC,SEMAGLUTIDE,1,MG,PS,Therapy change,DE,2024Q1,Younger Adults (18–64),Others,80–99 kg,≥1 mg,High dose,Death,Ozempic
23630077,1,76,YR,Female,,"",US,US,OZEMPIC,SEMAGLUTIDE,,"",PS,Cataract,OT,2024Q1,Older Adults (≥65),Others,Missing,Missing,Missing,Other serious outcome,Ozempic
23632033,1,45,YR,Female,81,KG,US,"",WEGOVY,SEMAGLUTIDE,,"",PS,Cholelithiasis,HO,2024Q1,Younger Adults (18–64),Gastro-Intestinal and Metabolic,80–99 kg,Missing,Missing,Hospitalization,Wegovy
23632047,1,56,YR,Female,88,KG,US,"",OZEMPIC,SEMAGLUTIDE,0.5,MG,PS,Abdominal pain,HO,2024Q1,Younger Adults (18–64),Gastro-Intestinal and Metabolic,80–99 kg,0.5–0.99 mg,Medium dose,Hospitalization,Ozempic
23632706,1,61,YR,Male,88,KG,US,"",SEMAGLUTIDE,SEMAGLUTIDE,,"",PS,Atrial fibrillation,HO,2024Q1,Younger Adults (18–64),Cardiovascular,80–99 kg,Missing,Missing,Hospitalization,Semaglutide (Unspecified)
23634730,1,60,YR,Female,,"",US,US,RYBELSUS,SEMAGLUTIDE,14,MG,PS,Type 1 diabetes mellitus,OT,2024Q1,Younger Adults (18–64),Others,Missing,≥1 mg,High dose,Other serious outcome,Rybelsus
23634731,1,63,YR,Female,,"",US,US,OZEMPIC,SEMAGLUTIDE,0.25,MG,PS,Headache,HO,2024Q1,Younger Adults (18–64),Others,Missing,<0.5 mg,Low dose,Hospitalization,Ozempic
23634735,1,51,YR,Male,,"",US,US,OZEMPIC,SEMAGLUTIDE,,"",PS,Cardiac disorder,HO,2024Q1,Younger Adults (18–64),Others,Missing,Missing,Missing,Hospitalization,Ozempic
23634736,1,74,YR,Female,,"",US,US,OZEMPIC,SEMAGLUTIDE,,"",PS,Incorrect dose administered,OT,2024Q1,Older Adults (≥65),Others,Missing,Missing,Missing,Other serious outcome,Ozempic
23634740,2,40,YR,Female,,"",US,US,WEGOVY,SEMAGLUTIDE,,"",PS,Maternal exposure during pregnancy,OT,2024Q2,Younger Adults (18–64),Others,Missing,Missing,Missing,Other serious outcome,Wegovy
23636447,1,62,YR,Female,,"",US,"",PYRIDOXINE\SEMAGLUTIDE,PYRIDOXINE\SEMAGLUTIDE,,"",PS,Decreased appetite,DS,2024Q1,Younger Adults (18–64),Gastro-Intestinal and Metabolic,Missing,Missing,Missing,Disability,Combination Product
23638258,1,33,YR,Female,118.5,KG,US,"",SEMAGLUTIDE,SEMAGLUTIDE,14,MG,PS,Nausea,HO,2024Q1,Younger Adults (18–64),Gastro-Intestinal and Metabolic,≥100 kg,≥1 mg,High dose,Hospitalization,Semaglutide (Unspecified)
23640756,2,63,YR,Female,70.295,KG,US,US,OZEMPIC,SEMAGLUTIDE,0.5,MG,PS,Off label use,HO,2024Q2,Younger Adults (18–64),Others,<80 kg,0.5–0.99 mg,Medium dose,Hospitalization,Ozempic
23640757,2,42,YR,Female,,"",US,US,WEGOVY,SEMAGLUTIDE,,"",PS,Blood pressure increased,HO,2024Q2,Younger Adults (18–64),Others,Missing,Missing,Missing,Hospitalization,Wegovy
23640773,1,55,YR,Male,,"",US,US,OZEMPIC,SEMAGLUTIDE,,"",PS,Atrial fibrillation,OT,2024Q1,Younger Adults (18–64),Cardiovascular,Missing,Missing,Missing,Other serious outcome,Ozempic
23640784,1,65,YR,Female,,"",US,US,OZEMPIC,SEMAGLUTIDE,,"",PS,Diverticulitis,HO,2024Q1,Older Adults (≥65),Others,Missing,Missing,Missing,Hospitalization,Ozempic
23640789,1,73,YR,Male,,"",US,US,OZEMPIC,SEMAGLUTIDE,,"",PS,Cataract operation,OT,2024Q1,Older Adults (≥65),Others,Missing,Missing,Missing,Other serious outcome,Ozempic
23640792,1,59,YR,Female,,"",US,US,OZEMPIC,SEMAGLUTIDE,,"",PS,Goitre,OT,2024Q1,Younger Adults (18–64),Others,Missing,Missing,Missing,Other serious outcome,Ozempic
23643527,1,66,YR,Female,,"",US,"",OZEMPIC,SEMAGLUTIDE,,"",PS,Phaeochromocytoma,RI,2024Q1,Older Adults (≥65),Others,Missing,Missing,Missing,Required intervention,Ozempic
23643594,1,45,YR,Female,176.4,KG,US,"",OZEMPIC,SEMAGLUTIDE,0.25,MG,PS,Suicidal ideation,LT,2024Q1,Younger Adults (18–64),Psychiatric-related,≥100 kg,<0.5 mg,Low dose,Life-threatening,Ozempic
23644617,1,54,YR,Male,135,KG,US,"",OZEMPIC,SEMAGLUTIDE,,"",PS,Dehydration,OT,2024Q1,Younger Adults (18–64),Gastro-Intestinal and Metabolic,≥100 kg,Missing,Missing,Other serious outcome,Ozempic
23644825,1,53,YR,Female,85.95,KG,US,"",OZEMPIC,SEMAGLUTIDE,,"",PS,Pain,LT,2024Q1,Younger Adults (18–64),Others,80–99 kg,Missing,Missing,Life-threatening,Ozempic
23645625,1,54,YR,Female,,"",US,US,WEGOVY,SEMAGLUTIDE,,"",PS,Decreased appetite,HO,2024Q1,Younger Adults (18–64),Gastro-Intestinal and Metabolic,Missing,Missing,Missing,Hospitalization,Wegovy
23645627,1,62,YR,Female,,"",US,US,WEGOVY,SEMAGLUTIDE,,"",PS,Skin operation,HO,2024Q1,Younger Adults (18–64),Others,Missing,Missing,Missing,Hospitalization,Wegovy
23645629,1,52,YR,Female,,"",US,US,WEGOVY,SEMAGLUTIDE,2.4,MG,PS,Condition aggravated,OT,2024Q1,Younger Adults (18–64),Others,Missing,≥1 mg,High dose,Other serious outcome,Wegovy
23645630,1,63,YR,Male,,"",US,US,OZEMPIC,SEMAGLUTIDE,2,MG,PS,Gastric cancer,OT,2024Q1,Younger Adults (18–64),Others,Missing,≥1 mg,High dose,Other serious outcome,Ozempic
23645631,1,45,YR,Female,,"",US,US,OZEMPIC,SEMAGLUTIDE,0.25,MG,PS,Product use in unapproved indication,OT,2024Q1,Younger Adults (18–64),Others,Missing,<0.5 mg,Low dose,Other serious outcome,Ozempic
23645632,2,78,YR,Male,,"",US,US,OZEMPIC,SEMAGLUTIDE,,"",PS,Heart transplant,OT,2024Q2,Older Adults (≥65),Others,Missing,Missing,Missing,Other serious outcome,Ozempic
23645634,2,65,YR,Male,145.13,KG,US,US,OZEMPIC,SEMAGLUTIDE,0.25,MG,PS,Small intestinal obstruction,HO,2024Q4,Older Adults (≥65),Others,≥100 kg,<0.5 mg,Low dose,Hospitalization,Ozempic
23645639,1,56,YR,Female,147.85,KG,US,US,OZEMPIC,SEMAGLUTIDE,,"",PS,Peripheral swelling,OT,2024Q1,Younger Adults (18–64),Others,≥100 kg,Missing,Missing,Other serious outcome,Ozempic
23645648,2,80,YR,Male,,"",US,US,OZEMPIC,SEMAGLUTIDE,,"",PS,Skin neoplasm excision,OT,2024Q2,Older Adults (≥65),Others,Missing,Missing,Missing,Other serious outcome,Ozempic
23645650,1,33,YR,Female,,"",US,US,OZEMPIC,SEMAGLUTIDE,,"",PS,Tremor,OT,2024Q1,Younger Adults (18–64),Others,Missing,Missing,Missing,Other serious outcome,Ozempic
23645651,1,79,YR,Female,,"",US,US,OZEMPIC,SEMAGLUTIDE,,"",PS,Sepsis,HO,2024Q1,Older Adults (≥65),Others,Missing,Missing,Missing,Hospitalization,Ozempic
23645654,1,65,YR,Female,,"",US,US,OZEMPIC,SEMAGLUTIDE,,"",PS,Blood potassium decreased,HO,2024Q1,Older Adults (≥65),Others,Missing,Missing,Missing,Hospitalization,Ozempic
23645661,1,47,YR,Female,,"",US,US,WEGOVY,SEMAGLUTIDE,0.25,MG,PS,Gallbladder rupture,OT,2024Q1,Younger Adults (18–64),Others,Missing,<0.5 mg,Low dose,Other serious outcome,Wegovy
23645665,1,46,YR,Male,,"",US,US,OZEMPIC,SEMAGLUTIDE,,"",PS,Depression,OT,2024Q1,Younger Adults (18–64),Psychiatric-related,Missing,Missing,Missing,Other serious outcome,Ozempic
23645674,1,77,YR,Female,,"",US,US,OZEMPIC,SEMAGLUTIDE,,"",PS,Off label use,HO,2024Q1,Older Adults (≥65),Others,Missing,Missing,Missing,Hospitalization,Ozempic
23651183,1,53,YR,Male,,"",US,US,OZEMPIC,SEMAGLUTIDE,,"",PS,Hyperkalaemia,HO,2024Q1,Younger Adults (18–64),Others,Missing,Missing,Missing,Hospitalization,Ozempic
23651184,1,78,YR,Male,181,KG,US,US,OZEMPIC,SEMAGLUTIDE,0.5,MG,PS,Cardiac operation,HO,2024Q1,Older Adults (≥65),Others,≥100 kg,0.5–0.99 mg,Medium dose,Hospitalization,Ozempic
23651198,1,34,YR,Female,,"",US,US,WEGOVY,SEMAGLUTIDE,,"",PS,Injection site bruising,OT,2024Q1,Younger Adults (18–64),Others,Missing,Missing,Missing,Other serious outcome,Wegovy
23651199,1,75,YR,Female,,"",US,US,OZEMPIC,SEMAGLUTIDE,,"",PS,Tooth extraction,OT,2024Q1,Older Adults (≥65),Others,Missing,Missing,Missing,Other serious outcome,Ozempic
23651203,3,68,YR,Male,,"",US,US,OZEMPIC,SEMAGLUTIDE,,"",PS,Diabetic ketoacidosis,HO,2024Q2,Older Adults (≥65),Gastro-Intestinal and Metabolic,Missing,Missing,Missing,Hospitalization,Ozempic
23653739,1,54,YR,Female,,"",US,"",WEGOVY,SEMAGLUTIDE,,"",PS,Allodynia,OT,2024Q1,Younger Adults (18–64),Others,Missing,Missing,Missing,Other serious outcome,Wegovy
23653767,1,75,YR,Female,75.15,KG,US,"",OZEMPIC,SEMAGLUTIDE,,"",PS,Blood glucose increased,OT,2024Q1,Older Adults (≥65),Gastro-Intestinal and Metabolic,<80 kg,Missing,Missing,Other serious outcome,Ozempic
23654570,1,71,YR,Female,113.85,KG,US,"",OZEMPIC,SEMAGLUTIDE,,"",PS,Abdominal pain,LT,2024Q1,Older Adults (≥65),Gastro-Intestinal and Metabolic,≥100 kg,Missing,Missing,Life-threatening,Ozempic
23656526,4,64,YR,Female,77,KG,US,US,OZEMPIC,SEMAGLUTIDE,1,MG,PS,Ketoacidosis,HO,2024Q3,Younger Adults (18–64),Others,<80 kg,≥1 mg,High dose,Hospitalization,Ozempic
23656534,3,74,YR,Male,95.238,KG,US,US,OZEMPIC,SEMAGLUTIDE,0.25,MG,PS,Loss of consciousness,HO,2024Q2,Older Adults (≥65),Others,80–99 kg,<0.5 mg,Low dose,Hospitalization,Ozempic
23656540,1,66,YR,Female,,"",US,US,RYBELSUS,SEMAGLUTIDE,3,MG,PS,Vitreous floaters,OT,2024Q1,Older Adults (≥65),Others,Missing,≥1 mg,High dose,Other serious outcome,Rybelsus
23656575,2,37,YR,Male,,"",US,US,OZEMPIC,SEMAGLUTIDE,0.25,MG,PS,Off label use,HO,2024Q4,Younger Adults (18–64),Others,Missing,<0.5 mg,Low dose,Hospitalization,Ozempic
23656576,1,66,YR,Female,,"",US,US,OZEMPIC,SEMAGLUTIDE,,"",PS,Diarrhoea,OT,2024Q1,Older Adults (≥65),Gastro-Intestinal and Metabolic,Missing,Missing,Missing,Other serious outcome,Ozempic
23657941,1,47,YR,Female,,"",US,"",RYBELSUS,SEMAGLUTIDE,,"",PS,Thyroid mass,HO,2024Q1,Younger Adults (18–64),Others,Missing,Missing,Missing,Hospitalization,Rybelsus
23658187,1,32,YR,Female,83.7,KG,US,"",WEGOVY,SEMAGLUTIDE,,"",PS,Sensitive skin,OT,2024Q1,Younger Adults (18–64),Others,80–99 kg,Missing,Missing,Other serious outcome,Wegovy
23658359,1,24,YR,Female,69.75,KG,US,"",SEMAGLUTIDE,SEMAGLUTIDE,,"",PS,Dissociation,DE,2024Q1,Younger Adults (18–64),Others,<80 kg,Missing,Missing,Death,Semaglutide (Unspecified)
23661183,1,75,YR,Male,,"",US,US,OZEMPIC,SEMAGLUTIDE,0.5,MG,PS,Blood glucose increased,OT,2024Q1,Older Adults (≥65),Gastro-Intestinal and Metabolic,Missing,0.5–0.99 mg,Medium dose,Other serious outcome,Ozempic
23661186,2,64,YR,Male,,"",US,US,OZEMPIC,SEMAGLUTIDE,,"",PS,Gastrooesophageal reflux disease,OT,2024Q2,Younger Adults (18–64),Gastro-Intestinal and Metabolic,Missing,Missing,Missing,Other serious outcome,Ozempic
23661187,2,70,YR,Female,,"",US,US,OZEMPIC,SEMAGLUTIDE,,"",PS,Colon cancer stage IV,OT,2024Q2,Older Adults (≥65),Others,Missing,Missing,Missing,Other serious outcome,Ozempic
23661188,1,61,YR,Female,,"",US,US,OZEMPIC,SEMAGLUTIDE,,"",PS,Cardiac disorder,OT,2024Q1,Younger Adults (18–64),Others,Missing,Missing,Missing,Other serious outcome,Ozempic
23662710,1,61,YR,Female,99,KG,US,"",OZEMPIC,SEMAGLUTIDE,,"",PS,Alopecia,DS,2024Q1,Younger Adults (18–64),Others,80–99 kg,Missing,Missing,Disability,Ozempic
23664370,1,53,YR,Female,85.5,KG,US,"",OZEMPIC,SEMAGLUTIDE,,"",PS,Feeling abnormal,OT,2024Q1,Younger Adults (18–64),Others,80–99 kg,Missing,Missing,Other serious outcome,Ozempic
23664638,1,49,YR,Male,161.6,KG,US,"",SEMAGLUTIDE,SEMAGLUTIDE,0.25,MG,PS,Sepsis,LT,2024Q1,Younger Adults (18–64),Others,≥100 kg,<0.5 mg,Low dose,Life-threatening,Semaglutide (Unspecified)
23666990,1,62,YR,Female,,"",US,US,WEGOVY,SEMAGLUTIDE,,"",PS,Postmenopausal haemorrhage,OT,2024Q1,Younger Adults (18–64),Others,Missing,Missing,Missing,Other serious outcome,Wegovy
23666992,1,76,YR,Female,,"",US,US,OZEMPIC,SEMAGLUTIDE,,"",PS,Spinal operation,HO,2024Q1,Older Adults (≥65),Others,Missing,Missing,Missing,Hospitalization,Ozempic
23666996,2,65,YR,Female,,"",US,US,OZEMPIC,SEMAGLUTIDE,0.5,MG,PS,Syncope,HO,2024Q4,Older Adults (≥65),Cardiovascular,Missing,0.5–0.99 mg,Medium dose,Hospitalization,Ozempic
23666998,1,51,YR,Female,,"",US,US,OZEMPIC,SEMAGLUTIDE,0.25,MG,PS,Gait disturbance,HO,2024Q1,Younger Adults (18–64),Others,Missing,<0.5 mg,Low dose,Hospitalization,Ozempic
23667006,2,41,YR,Female,65.7,KG,US,US,OZEMPIC,SEMAGLUTIDE,,"",PS,Type 1 diabetes mellitus,HO,2024Q3,Younger Adults (18–64),Others,<80 kg,Missing,Missing,Hospitalization,Ozempic
23667014,1,67,YR,Female,,"",US,US,OZEMPIC,SEMAGLUTIDE,,"",PS,Nausea,HO,2024Q1,Older Adults (≥65),Gastro-Intestinal and Metabolic,Missing,Missing,Missing,Hospitalization,Ozempic
23667016,1,27,YR,Male,,"",US,US,OZEMPIC,SEMAGLUTIDE,,"",PS,Off label use,OT,2024Q1,Younger Adults (18–64),Others,Missing,Missing,Missing,Other serious outcome,Ozempic
23667027,1,68,YR,Female,,"",US,US,OZEMPIC,SEMAGLUTIDE,,"",PS,Malignant melanoma,OT,2024Q1,Older Adults (≥65),Others,Missing,Missing,Missing,Other serious outcome,Ozempic
23668300,1,36,YR,Female,123.75,KG,US,"",OZEMPIC,SEMAGLUTIDE,,"",PS,Panic attack,OT,2024Q1,Younger Adults (18–64),Psychiatric-related,≥100 kg,Missing,Missing,Other serious outcome,Ozempic
23668305,1,52,YR,Female,63.5,KG,US,"",SEMAGLUTIDE,SEMAGLUTIDE,0.25,MG,PS,Splenic infarction,HO,2024Q1,Younger Adults (18–64),Others,<80 kg,<0.5 mg,Low dose,Hospitalization,Semaglutide (Unspecified)
23668690,1,69,YR,Female,72.57,KG,US,"",OZEMPIC,SEMAGLUTIDE,,"",PS,Appendicitis,HO,2024Q1,Older Adults (≥65),Others,<80 kg,Missing,Missing,Hospitalization,Ozempic
23669307,1,54,YR,Female,76.5,KG,US,"",RYBELSUS,SEMAGLUTIDE,,"",PS,Diarrhoea,OT,2024Q1,Younger Adults (18–64),Gastro-Intestinal and Metabolic,<80 kg,Missing,Missing,Other serious outcome,Rybelsus
23669584,1,61,YR,Female,82.35,KG,US,"",OZEMPIC,SEMAGLUTIDE,,"",PS,Spinal pain,OT,2024Q1,Younger Adults (18–64),Others,80–99 kg,Missing,Missing,Other serious outcome,Ozempic
23669592,1,66,YR,Male,89,KG,US,"",OZEMPIC,SEMAGLUTIDE,0.5,ML,PS,Tachycardia,HO,2024Q1,Older Adults (≥65),Cardiovascular,80–99 kg,0.5–0.99 mg,Medium dose,Hospitalization,Ozempic
23670782,1,73,YR,Female,,"",US,US,OZEMPIC,SEMAGLUTIDE,,"",PS,Thrombosis,OT,2024Q1,Older Adults (≥65),Others,Missing,Missing,Missing,Other serious outcome,Ozempic
23670784,1,34,YR,Female,,"",US,US,OZEMPIC,SEMAGLUTIDE,,"",PS,Diverticulitis,OT,2024Q1,Younger Adults (18–64),Others,Missing,Missing,Missing,Other serious outcome,Ozempic
23670785,1,62,YR,Male,,"",US,US,OZEMPIC,SEMAGLUTIDE,0.25,MG,PS,Dizziness,HO,2024Q1,Younger Adults (18–64),Others,Missing,<0.5 mg,Low dose,Hospitalization,Ozempic
23670788,1,70,YR,Female,,"",US,US,OZEMPIC,SEMAGLUTIDE,2,MG,PS,Abdominal pain upper,OT,2024Q1,Older Adults (≥65),Gastro-Intestinal and Metabolic,Missing,≥1 mg,High dose,Other serious outcome,Ozempic
23670790,1,85,YR,Male,,"",US,US,OZEMPIC,SEMAGLUTIDE,,"",PS,Erectile dysfunction,OT,2024Q1,Older Adults (≥65),Others,Missing,Missing,Missing,Other serious outcome,Ozempic
23670795,1,64,YR,Female,,"",US,US,RYBELSUS,SEMAGLUTIDE,,"",PS,Limb operation,OT,2024Q1,Younger Adults (18–64),Others,Missing,Missing,Missing,Other serious outcome,Rybelsus
23670797,1,57,YR,Female,,"",US,US,OZEMPIC,SEMAGLUTIDE,,"",PS,Glycosylated haemoglobin decreased,OT,2024Q1,Younger Adults (18–64),Others,Missing,Missing,Missing,Other serious outcome,Ozempic
23670799,2,66,YR,Female,,"",US,US,OZEMPIC,SEMAGLUTIDE,,"",PS,Phaeochromocytoma,OT,2024Q2,Older Adults (≥65),Others,Missing,Missing,Missing,Other serious outcome,Ozempic
23670800,1,55,YR,Male,,"",US,US,OZEMPIC,SEMAGLUTIDE,,"",PS,Erectile dysfunction,OT,2024Q1,Younger Adults (18–64),Others,Missing,Missing,Missing,Other serious outcome,Ozempic
23670813,1,57,YR,Female,,"",US,US,OZEMPIC,SEMAGLUTIDE,0.25,MG,PS,Hypothyroidism,OT,2024Q1,Younger Adults (18–64),Others,Missing,<0.5 mg,Low dose,Other serious outcome,Ozempic
23670816,1,41,YR,Male,112.5,KG,US,US,OZEMPIC,SEMAGLUTIDE,,"",PS,Nausea,OT,2024Q1,Younger Adults (18–64),Gastro-Intestinal and Metabolic,≥100 kg,Missing,Missing,Other serious outcome,Ozempic
23673309,1,58,YR,Female,,"",US,"",OZEMPIC,SEMAGLUTIDE,2,MG,PS,Pulmonary embolism,HO,2024Q1,Younger Adults (18–64),Cardiovascular,Missing,≥1 mg,High dose,Hospitalization,Ozempic
23673516,1,57,YR,Female,,"",US,"",WEGOVY,SEMAGLUTIDE,,"",PS,Salivary gland enlargement,DS,2024Q1,Younger Adults (18–64),Others,Missing,Missing,Missing,Disability,Wegovy
23673520,1,21,YR,Female,92.7,KG,US,"",WEGOVY,SEMAGLUTIDE,,"",PS,Alopecia,OT,2024Q1,Younger Adults (18–64),Others,80–99 kg,Missing,Missing,Other serious outcome,Wegovy
23673521,1,61,YR,Male,99,KG,US,"",WEGOVY,SEMAGLUTIDE,,"",PS,Product supply issue,RI,2024Q1,Younger Adults (18–64),Others,80–99 kg,Missing,Missing,Required intervention,Wegovy
23674393,1,58,YR,Female,,"",US,US,OZEMPIC,SEMAGLUTIDE,,"",PS,Hyperparathyroidism,OT,2024Q1,Younger Adults (18–64),Others,Missing,Missing,Missing,Other serious outcome,Ozempic
23674394,1,43,YR,Female,,"",US,US,WEGOVY,SEMAGLUTIDE,1,MG,PS,Blindness,OT,2024Q1,Younger Adults (18–64),Others,Missing,≥1 mg,High dose,Other serious outcome,Wegovy
23674553,1,89,YR,Male,,"",US,US,OZEMPIC,SEMAGLUTIDE,,"",PS,Weight decreased,DS,2024Q1,Older Adults (≥65),Gastro-Intestinal and Metabolic,Missing,Missing,Missing,Disability,Ozempic
23675472,1,65,YR,Male,,"",US,US,OZEMPIC,SEMAGLUTIDE,,"",PS,Hunger,OT,2024Q1,Older Adults (≥65),Others,Missing,Missing,Missing,Other serious outcome,Ozempic
23675476,1,65,YR,Male,,"",US,US,OZEMPIC,SEMAGLUTIDE,,"",PS,Pancreatic carcinoma,OT,2024Q1,Older Adults (≥65),Others,Missing,Missing,Missing,Other serious outcome,Ozempic
23675480,2,59,YR,Female,,"",US,US,RYBELSUS,SEMAGLUTIDE,14,MG,PS,Chest discomfort,OT,2024Q2,Younger Adults (18–64),Others,Missing,≥1 mg,High dose,Other serious outcome,Rybelsus
23675481,3,50,YR,Male,,"",US,US,OZEMPIC,SEMAGLUTIDE,2,MG,PS,Glycosylated haemoglobin decreased,HO,2024Q4,Younger Adults (18–64),Others,Missing,≥1 mg,High dose,Hospitalization,Ozempic
23677766,1,35,YR,Male,103.5,KG,US,"",OZEMPIC,SEMAGLUTIDE,,"",PS,Suicidal ideation,HO,2024Q1,Younger Adults (18–64),Psychiatric-related,≥100 kg,Missing,Missing,Hospitalization,Ozempic
23678186,1,68,YR,Male,110.25,KG,US,"",OZEMPIC,SEMAGLUTIDE,,"",PS,Gallbladder disorder,DE,2024Q1,Older Adults (≥65),Others,≥100 kg,Missing,Missing,Death,Ozempic
23680464,1,56,YR,Female,,"",US,US,OZEMPIC,SEMAGLUTIDE,,"",PS,Pain,OT,2024Q1,Younger Adults (18–64),Others,Missing,Missing,Missing,Other serious outcome,Ozempic
23680467,2,56,YR,Female,,"",US,US,OZEMPIC,SEMAGLUTIDE,,"",PS,Constipation,OT,2024Q2,Younger Adults (18–64),Gastro-Intestinal and Metabolic,Missing,Missing,Missing,Other serious outcome,Ozempic
23682682,1,67,YR,Female,,"",US,"",OZEMPIC,SEMAGLUTIDE,,"",PS,Nausea,DS,2024Q1,Older Adults (≥65),Gastro-Intestinal and Metabolic,Missing,Missing,Missing,Disability,Ozempic
23683955,1,63,YR,Male,108,KG,US,"",OZEMPIC,SEMAGLUTIDE,,"",PS,Small intestinal obstruction,HO,2024Q1,Younger Adults (18–64),Others,≥100 kg,Missing,Missing,Hospitalization,Ozempic
23685269,1,58,YR,Female,,"",US,US,OZEMPIC,SEMAGLUTIDE,,"",PS,Fall,OT,2024Q1,Younger Adults (18–64),Others,Missing,Missing,Missing,Other serious outcome,Ozempic
23685275,1,64,YR,Male,,"",US,US,OZEMPIC,SEMAGLUTIDE,,"",PS,Cholelithiasis,HO,2024Q1,Younger Adults (18–64),Gastro-Intestinal and Metabolic,Missing,Missing,Missing,Hospitalization,Ozempic
23685298,1,41,YR,Female,,"",US,US,OZEMPIC,SEMAGLUTIDE,,"",PS,Vomiting,HO,2024Q1,Younger Adults (18–64),Gastro-Intestinal and Metabolic,Missing,Missing,Missing,Hospitalization,Ozempic
23686899,1,66,YR,Female,84.6,KG,US,"",OZEMPIC,SEMAGLUTIDE,,"",PS,Therapy cessation,OT,2024Q1,Older Adults (≥65),Others,80–99 kg,Missing,Missing,Other serious outcome,Ozempic
23690192,1,65,YR,Female,,"",US,US,WEGOVY,SEMAGLUTIDE,1.7,MG,PS,Fall,OT,2024Q2,Older Adults (≥65),Others,Missing,≥1 mg,High dose,Other serious outcome,Wegovy
23690200,1,76,YR,Male,,"",US,US,OZEMPIC,SEMAGLUTIDE,1,MG,PS,Hernia repair,OT,2024Q2,Older Adults (≥65),Others,Missing,≥1 mg,High dose,Other serious outcome,Ozempic
23690206,1,67,YR,Female,,"",US,US,OZEMPIC,SEMAGLUTIDE,2,MG,PS,Cancer surgery,OT,2024Q2,Older Adults (≥65),Others,Missing,≥1 mg,High dose,Other serious outcome,Ozempic
23692002,1,54,YR,Female,123.75,KG,US,"",OZEMPIC,SEMAGLUTIDE,,"",PS,Suicidal ideation,LT,2024Q1,Younger Adults (18–64),Psychiatric-related,≥100 kg,Missing,Missing,Life-threatening,Ozempic
23693682,1,43,YR,Male,76.5,KG,US,"",OZEMPIC,SEMAGLUTIDE,,"",PS,Appendicitis,LT,2024Q1,Younger Adults (18–64),Others,<80 kg,Missing,Missing,Life-threatening,Ozempic
23693728,1,42,YR,Female,77.85,KG,US,"",WEGOVY,SEMAGLUTIDE,,"",PS,Circumstance or information capable of leading to medication error,RI,2024Q1,Younger Adults (18–64),Others,<80 kg,Missing,Missing,Required intervention,Wegovy
23695067,1,42,YR,Male,,"",US,US,OZEMPIC,SEMAGLUTIDE,,"",PS,Loss of consciousness,HO,2024Q2,Younger Adults (18–64),Others,Missing,Missing,Missing,Hospitalization,Ozempic
23695075,2,81,YR,Female,,"",US,US,OZEMPIC,SEMAGLUTIDE,,"",PS,Balance disorder,HO,2024Q2,Older Adults (≥65),Others,Missing,Missing,Missing,Hospitalization,Ozempic
23695097,1,67,YR,Male,90.245,KG,US,US,OZEMPIC,SEMAGLUTIDE,0.5,MG,PS,Hypothyroidism,HO,2024Q2,Older Adults (≥65),Others,80–99 kg,0.5–0.99 mg,Medium dose,Hospitalization,Ozempic
23695101,2,57,YR,Female,,"",US,US,WEGOVY,SEMAGLUTIDE,,"",PS,Foot operation,OT,2024Q4,Younger Adults (18–64),Others,Missing,Missing,Missing,Other serious outcome,Wegovy
23695116,2,75,YR,Female,,"",US,US,OZEMPIC,SEMAGLUTIDE,,"",PS,Rotator cuff syndrome,HO,2024Q2,Older Adults (≥65),Others,Missing,Missing,Missing,Hospitalization,Ozempic
23695119,1,36,YR,Male,,"",US,US,WEGOVY,SEMAGLUTIDE,1,MG,PS,Cholelithiasis,OT,2024Q2,Younger Adults (18–64),Gastro-Intestinal and Metabolic,Missing,≥1 mg,High dose,Other serious outcome,Wegovy
23695123,1,75,YR,Female,,"",US,US,OZEMPIC,SEMAGLUTIDE,0.5,MG,PS,Decreased appetite,OT,2024Q2,Older Adults (≥65),Gastro-Intestinal and Metabolic,Missing,0.5–0.99 mg,Medium dose,Other serious outcome,Ozempic
23696932,1,56,YR,Male,96.75,KG,US,"",OZEMPIC,SEMAGLUTIDE,,"",PS,Impaired work ability,DS,2024Q2,Younger Adults (18–64),Others,80–99 kg,Missing,Missing,Disability,Ozempic
23698346,1,41,YR,Female,67.5,KG,US,"",OZEMPIC,SEMAGLUTIDE,,"",PS,Nervousness,DS,2024Q2,Younger Adults (18–64),Psychiatric-related,<80 kg,Missing,Missing,Disability,Ozempic
23699895,2,69,YR,Male,,"",US,US,OZEMPIC,SEMAGLUTIDE,1,MG,PS,Intervertebral disc compression,HO,2024Q2,Older Adults (≥65),Others,Missing,≥1 mg,High dose,Hospitalization,Ozempic
23699896,3,32,YR,Male,124.72,KG,US,US,SEMAGLUTIDE,SEMAGLUTIDE,0.5,MG,PS,Palpitations,DE,2024Q2,Younger Adults (18–64),Cardiovascular,≥100 kg,0.5–0.99 mg,Medium dose,Death,Semaglutide (Unspecified)
23699902,4,77,YR,Female,,"",US,US,OZEMPIC,SEMAGLUTIDE,0.5,MG,PS,Blood glucose decreased,HO,2024Q2,Older Adults (≥65),Gastro-Intestinal and Metabolic,Missing,0.5–0.99 mg,Medium dose,Hospitalization,Ozempic
23702850,1,64,YR,Female,115,KG,US,"",OZEMPIC,SEMAGLUTIDE,0.25,MG,PS,Vomiting,LT,2024Q2,Younger Adults (18–64),Gastro-Intestinal and Metabolic,≥100 kg,<0.5 mg,Low dose,Life-threatening,Ozempic
23702924,1,72,YR,Female,81.5,KG,US,"",SEMAGLUTIDE,SEMAGLUTIDE,1,MG,PS,Pancreatitis,OT,2024Q2,Older Adults (≥65),Gastro-Intestinal and Metabolic,80–99 kg,≥1 mg,High dose,Other serious outcome,Semaglutide (Unspecified)
23704537,1,71,YR,Female,,"",US,US,OZEMPIC,SEMAGLUTIDE,,"",PS,Intestinal obstruction,OT,2024Q2,Older Adults (≥65),Gastro-Intestinal and Metabolic,Missing,Missing,Missing,Other serious outcome,Ozempic
23704540,1,65,YR,Female,,"",US,US,OZEMPIC,SEMAGLUTIDE,,"",PS,Retinal tear,OT,2024Q2,Older Adults (≥65),Others,Missing,Missing,Missing,Other serious outcome,Ozempic
23704541,1,69,YR,Female,,"",US,US,OZEMPIC,SEMAGLUTIDE,1,MG,PS,Cataract,OT,2024Q2,Older Adults (≥65),Others,Missing,≥1 mg,High dose,Other serious outcome,Ozempic
23704544,1,61,YR,Female,,"",US,US,OZEMPIC,SEMAGLUTIDE,,"",PS,Pseudostroke,HO,2024Q2,Younger Adults (18–64),Others,Missing,Missing,Missing,Hospitalization,Ozempic
23704556,7,64,YR,Female,70.8,KG,US,US,OZEMPIC,SEMAGLUTIDE,1,MG,PS,Splenic vein thrombosis,HO,2024Q4,Younger Adults (18–64),Others,<80 kg,≥1 mg,High dose,Hospitalization,Ozempic
23704573,2,72,YR,Female,,"",US,US,OZEMPIC,SEMAGLUTIDE,,"",PS,Hip surgery,HO,2024Q2,Older Adults (≥65),Others,Missing,Missing,Missing,Hospitalization,Ozempic
23708483,1,77,YR,Female,138,LBS,US,"",OZEMPIC,SEMAGLUTIDE,0.75,MG,PS,Bile duct stone,OT,2024Q2,Older Adults (≥65),Others,≥100 kg,0.5–0.99 mg,Medium dose,Other serious outcome,Ozempic
23708509,1,21,YR,Female,63.5,KG,US,"",SEMAGLUTIDE,SEMAGLUTIDE,,"",PS,Vomiting,HO,2024Q2,Younger Adults (18–64),Gastro-Intestinal and Metabolic,<80 kg,Missing,Missing,Hospitalization,Semaglutide (Unspecified)
23710013,3,61,YR,Female,162,KG,US,US,RYBELSUS,SEMAGLUTIDE,3,MG,PS,Constipation,OT,2024Q2,Younger Adults (18–64),Gastro-Intestinal and Metabolic,≥100 kg,≥1 mg,High dose,Other serious outcome,Rybelsus
23710015,1,71,YR,Female,,"",US,US,OZEMPIC,SEMAGLUTIDE,,"",PS,Dizziness,OT,2024Q2,Older Adults (≥65),Others,Missing,Missing,Missing,Other serious outcome,Ozempic
23710028,1,54,YR,Female,,"",US,US,OZEMPIC,SEMAGLUTIDE,0.25,MG,PS,Anaplastic thyroid cancer,OT,2024Q2,Younger Adults (18–64),Others,Missing,<0.5 mg,Low dose,Other serious outcome,Ozempic
23710029,1,56,YR,Male,,"",US,US,OZEMPIC,SEMAGLUTIDE,0.5,MG,PS,Inappropriate schedule of product administration,OT,2024Q2,Younger Adults (18–64),Others,Missing,0.5–0.99 mg,Medium dose,Other serious outcome,Ozempic
23712200,1,56,YR,Female,64.35,KG,US,"",OZEMPIC,SEMAGLUTIDE,,"",PS,Abdominal pain upper,RI,2024Q2,Younger Adults (18–64),Gastro-Intestinal and Metabolic,<80 kg,Missing,Missing,Required intervention,Ozempic
23715998,1,73,YR,Male,,"",US,US,OZEMPIC,SEMAGLUTIDE,0.5,MG,PS,Swelling,HO,2024Q2,Older Adults (≥65),Others,Missing,0.5–0.99 mg,Medium dose,Hospitalization,Ozempic
23716007,1,54,YR,Female,88.4,KG,US,US,OZEMPIC,SEMAGLUTIDE,,"",PS,Nausea,OT,2024Q2,Younger Adults (18–64),Gastro-Intestinal and Metabolic,80–99 kg,Missing,Missing,Other serious outcome,Ozempic
23716008,1,66,YR,Female,,"",US,US,OZEMPIC,SEMAGLUTIDE,0.75,MG,PS,Constipation,OT,2024Q2,Older Adults (≥65),Gastro-Intestinal and Metabolic,Missing,0.5–0.99 mg,Medium dose,Other serious outcome,Ozempic
23716010,1,51,YR,Female,,"",US,US,RYBELSUS,SEMAGLUTIDE,7,MG,PS,Adenocarcinoma of colon,OT,2024Q2,Younger Adults (18–64),Others,Missing,≥1 mg,High dose,Other serious outcome,Rybelsus
23716023,1,75,YR,Female,,"",US,US,OZEMPIC,SEMAGLUTIDE,0.25,MG,PS,Product use in unapproved indication,HO,2024Q2,Older Adults (≥65),Others,Missing,<0.5 mg,Low dose,Hospitalization,Ozempic
23716028,1,64,YR,Female,68.027,KG,US,US,OZEMPIC,SEMAGLUTIDE,0.5,MG,PS,Anaemia,OT,2024Q2,Younger Adults (18–64),Others,<80 kg,0.5–0.99 mg,Medium dose,Other serious outcome,Ozempic
23717806,1,44,YR,Female,81,KG,US,"",CYANOCOBALAMIN\SEMAGLUTIDE,CYANOCOBALAMIN\SEMAGLUTIDE,0.05,ML,PS,Diarrhoea,HO,2024Q2,Younger Adults (18–64),Gastro-Intestinal and Metabolic,80–99 kg,<0.5 mg,Low dose,Hospitalization,Combination Product
23718297,1,28,YR,Female,58,KG,US,"",WEGOVY,SEMAGLUTIDE,1.7,MG,PS,Intussusception,LT,2024Q2,Younger Adults (18–64),Others,<80 kg,≥1 mg,High dose,Life-threatening,Wegovy
23722461,1,45,YR,Female,51.75,KG,US,"",SEMAGLUTIDE,SEMAGLUTIDE,,"",PS,Pulmonary thrombosis,HO,2024Q2,Younger Adults (18–64),Others,<80 kg,Missing,Missing,Hospitalization,Semaglutide (Unspecified)
23725136,2,63,YR,Male,149.66,KG,US,US,OZEMPIC,SEMAGLUTIDE,0.25,MG,PS,Nausea,HO,2024Q4,Younger Adults (18–64),Gastro-Intestinal and Metabolic,≥100 kg,<0.5 mg,Low dose,Hospitalization,Ozempic
23725140,2,50,YR,Female,97.052,KG,US,US,OZEMPIC,SEMAGLUTIDE,2,MG,PS,Cholecystitis,HO,2024Q4,Younger Adults (18–64),Gastro-Intestinal and Metabolic,80–99 kg,≥1 mg,High dose,Hospitalization,Ozempic
23725141,1,68,YR,Male,,"",US,US,OZEMPIC,SEMAGLUTIDE,0.25,MG,PS,Cholelithiasis,HO,2024Q2,Older Adults (≥65),Gastro-Intestinal and Metabolic,Missing,<0.5 mg,Low dose,Hospitalization,Ozempic
23725153,1,71,YR,Male,,"",US,US,OZEMPIC,SEMAGLUTIDE,,"",PS,Colon cancer,OT,2024Q2,Older Adults (≥65),Others,Missing,Missing,Missing,Other serious outcome,Ozempic
23725158,1,33,YR,Female,,"",US,US,WEGOVY,SEMAGLUTIDE,1,MG,PS,Abortion spontaneous,OT,2024Q2,Younger Adults (18–64),Others,Missing,≥1 mg,High dose,Other serious outcome,Wegovy
23725181,1,63,YR,Female,,"",US,US,OZEMPIC,SEMAGLUTIDE,0.75,MG,PS,Flatulence,OT,2024Q2,Younger Adults (18–64),Others,Missing,0.5–0.99 mg,Medium dose,Other serious outcome,Ozempic
23729888,1,62,YR,Female,,"",US,US,OZEMPIC,SEMAGLUTIDE,,"",PS,Endometriosis,OT,2024Q2,Younger Adults (18–64),Others,Missing,Missing,Missing,Other serious outcome,Ozempic
23729891,1,77,YR,Female,93.44,KG,US,US,OZEMPIC,SEMAGLUTIDE,,"",PS,Insomnia,OT,2024Q2,Older Adults (≥65),Psychiatric-related,80–99 kg,Missing,Missing,Other serious outcome,Ozempic
23729900,2,77,YR,Female,,"",US,US,OZEMPIC,SEMAGLUTIDE,0.5,MG,PS,Colonoscopy,OT,2024Q2,Older Adults (≥65),Others,Missing,0.5–0.99 mg,Medium dose,Other serious outcome,Ozempic
23729901,5,26,YR,Female,90.703,KG,US,US,OZEMPIC,SEMAGLUTIDE,,"",PS,Hypertension,OT,2024Q3,Younger Adults (18–64),Cardiovascular,80–99 kg,Missing,Missing,Other serious outcome,Ozempic
23732172,1,38,YR,Female,72,KG,US,"",WEGOVY,SEMAGLUTIDE,0.25,MG,PS,Drug level increased,LT,2024Q2,Younger Adults (18–64),Others,<80 kg,<0.5 mg,Low dose,Life-threatening,Wegovy
23732214,1,70,YR,Female,,"",US,"",OZEMPIC,SEMAGLUTIDE,,"",PS,General physical health deterioration,DE,2024Q2,Older Adults (≥65),Others,Missing,Missing,Missing,Death,Ozempic
23733911,1,51,YR,Female,,"",US,US,WEGOVY,SEMAGLUTIDE,,"",PS,Hysterectomy,HO,2024Q2,Younger Adults (18–64),Others,Missing,Missing,Missing,Hospitalization,Wegovy
23733921,2,65,YR,Female,129.9,KG,US,US,OZEMPIC,SEMAGLUTIDE,,"",PS,Impaired healing,OT,2024Q2,Older Adults (≥65),Others,≥100 kg,Missing,Missing,Other serious outcome,Ozempic
23733922,1,55,YR,Female,,"",US,US,OZEMPIC,SEMAGLUTIDE,,"",PS,Skin cosmetic procedure,OT,2024Q2,Younger Adults (18–64),Others,Missing,Missing,Missing,Other serious outcome,Ozempic
23733924,1,65,YR,Male,,"",US,US,OZEMPIC,SEMAGLUTIDE,,"",PS,Aortic valve replacement,HO,2024Q2,Older Adults (≥65),Others,Missing,Missing,Missing,Hospitalization,Ozempic
23733925,1,75,YR,Male,,"",US,US,OZEMPIC,SEMAGLUTIDE,0.5,MG,PS,Constipation,OT,2024Q2,Older Adults (≥65),Gastro-Intestinal and Metabolic,Missing,0.5–0.99 mg,Medium dose,Other serious outcome,Ozempic
23737844,1,58,YR,Female,145.35,KG,US,"",WEGOVY,SEMAGLUTIDE,,"",PS,Vomiting,OT,2024Q2,Younger Adults (18–64),Gastro-Intestinal and Metabolic,≥100 kg,Missing,Missing,Other serious outcome,Wegovy
23740542,1,90,YR,Female,,"",US,US,OZEMPIC,SEMAGLUTIDE,,"",PS,Hospitalisation,HO,2024Q2,Older Adults (≥65),Others,Missing,Missing,Missing,Hospitalization,Ozempic
23740543,1,49,YR,Male,,"",US,US,OZEMPIC,SEMAGLUTIDE,0.25,MG,PS,Nausea,HO,2024Q2,Younger Adults (18–64),Gastro-Intestinal and Metabolic,Missing,<0.5 mg,Low dose,Hospitalization,Ozempic
23740551,1,79,YR,Male,,"",US,US,OZEMPIC,SEMAGLUTIDE,,"",PS,Blood pressure decreased,HO,2024Q2,Older Adults (≥65),Others,Missing,Missing,Missing,Hospitalization,Ozempic
23740568,1,48,YR,Female,,"",US,US,OZEMPIC,SEMAGLUTIDE,,"",PS,Gastrointestinal pain,HO,2024Q2,Younger Adults (18–64),Others,Missing,Missing,Missing,Hospitalization,Ozempic
23740571,1,64,YR,Female,,"",US,US,OZEMPIC,SEMAGLUTIDE,0.5,MG,PS,Gallbladder disorder,HO,2024Q2,Younger Adults (18–64),Others,Missing,0.5–0.99 mg,Medium dose,Hospitalization,Ozempic
23740574,2,44,YR,Female,,"",US,US,OZEMPIC,SEMAGLUTIDE,2,MG,PS,Fall,OT,2024Q2,Younger Adults (18–64),Others,Missing,≥1 mg,High dose,Other serious outcome,Ozempic
23743291,1,40,YR,Male,99,KG,US,"",WEGOVY,SEMAGLUTIDE,,"",PS,Self-injurious ideation,RI,2024Q2,Younger Adults (18–64),Psychiatric-related,80–99 kg,Missing,Missing,Required intervention,Wegovy
23743391,1,68,YR,Female,72.45,KG,US,"",LEVOCARNITINE\SEMAGLUTIDE,LEVOCARNITINE\SEMAGLUTIDE,5,IU,PS,Abdominal distension,DS,2024Q2,Older Adults (≥65),Others,<80 kg,≥1 mg,High dose,Disability,Combination Product
23743505,1,56,YR,Male,,"",US,"",OZEMPIC,SEMAGLUTIDE,,"",PS,Chills,OT,2024Q2,Younger Adults (18–64),Others,Missing,Missing,Missing,Other serious outcome,Ozempic
23745257,1,64,YR,Male,,"",US,US,OZEMPIC,SEMAGLUTIDE,0.5,MG,PS,Inappropriate schedule of product administration,HO,2024Q2,Younger Adults (18–64),Others,Missing,0.5–0.99 mg,Medium dose,Hospitalization,Ozempic
23745274,1,63,YR,Male,,"",US,US,OZEMPIC,SEMAGLUTIDE,,"",PS,Product availability issue,DE,2024Q2,Younger Adults (18–64),Others,Missing,Missing,Missing,Death,Ozempic
23745280,1,63,YR,Female,,"",US,US,OZEMPIC,SEMAGLUTIDE,0.25,MG,PS,Nephrolithiasis,OT,2024Q2,Younger Adults (18–64),Others,Missing,<0.5 mg,Low dose,Other serious outcome,Ozempic
23747856,1,62,YR,Female,74.25,KG,US,"",SEMAGLUTIDE,SEMAGLUTIDE,,"",PS,Depression,HO,2024Q2,Younger Adults (18–64),Psychiatric-related,<80 kg,Missing,Missing,Hospitalization,Semaglutide (Unspecified)
23748022,1,42,YR,Female,63,KG,US,"",SEMAGLUTIDE,SEMAGLUTIDE,1,MG,PS,Pancreatitis necrotising,DE,2024Q2,Younger Adults (18–64),Gastro-Intestinal and Metabolic,<80 kg,≥1 mg,High dose,Death,Semaglutide (Unspecified)
23749335,1,66,YR,Female,103.5,KG,US,"",PYRIDOXINE\SEMAGLUTIDE,PYRIDOXINE\SEMAGLUTIDE,,"",PS,Fatigue,OT,2024Q2,Older Adults (≥65),Others,≥100 kg,Missing,Missing,Other serious outcome,Combination Product
23750018,1,67,YR,Female,,"",US,US,OZEMPIC,SEMAGLUTIDE,,"",PS,Cerebrovascular accident,HO,2024Q2,Older Adults (≥65),Cardiovascular,Missing,Missing,Missing,Hospitalization,Ozempic
23750027,1,57,YR,Female,,"",US,US,WEGOVY,SEMAGLUTIDE,0.5,MG,PS,Deep vein thrombosis,HO,2024Q2,Younger Adults (18–64),Cardiovascular,Missing,0.5–0.99 mg,Medium dose,Hospitalization,Wegovy
23750029,1,69,YR,Female,,"",US,US,OZEMPIC,SEMAGLUTIDE,,"",PS,Blood glucose increased,OT,2024Q2,Older Adults (≥65),Gastro-Intestinal and Metabolic,Missing,Missing,Missing,Other serious outcome,Ozempic
23751978,1,55,YR,Female,67.5,KG,US,"",RYBELSUS,SEMAGLUTIDE,,"",PS,Gastrointestinal disorder,OT,2024Q2,Younger Adults (18–64),Others,<80 kg,Missing,Missing,Other serious outcome,Rybelsus
23752459,1,50,YR,Male,,"",US,"",OZEMPIC,SEMAGLUTIDE,,"",PS,Completed suicide,DE,2024Q2,Younger Adults (18–64),Psychiatric-related,Missing,Missing,Missing,Death,Ozempic
23754386,1,50,YR,Male,,"",US,US,OZEMPIC,SEMAGLUTIDE,,"",PS,Renal cell carcinoma,OT,2024Q2,Younger Adults (18–64),Others,Missing,Missing,Missing,Other serious outcome,Ozempic
23754408,2,54,YR,Male,,"",US,US,OZEMPIC,SEMAGLUTIDE,,"",PS,Device breakage,OT,2024Q2,Younger Adults (18–64),Others,Missing,Missing,Missing,Other serious outcome,Ozempic
23754409,1,70,YR,Female,,"",US,US,OZEMPIC,SEMAGLUTIDE,,"",PS,Constipation,OT,2024Q2,Older Adults (≥65),Gastro-Intestinal and Metabolic,Missing,Missing,Missing,Other serious outcome,Ozempic
23754412,1,72,YR,Male,,"",US,US,OZEMPIC,SEMAGLUTIDE,0.5,MG,PS,Eye haemorrhage,OT,2024Q2,Older Adults (≥65),Others,Missing,0.5–0.99 mg,Medium dose,Other serious outcome,Ozempic
23754417,1,71,YR,Female,,"",US,US,OZEMPIC,SEMAGLUTIDE,,"",PS,Memory impairment,OT,2024Q2,Older Adults (≥65),Psychiatric-related,Missing,Missing,Missing,Other serious outcome,Ozempic
23754434,1,67,YR,Male,,"",US,US,OZEMPIC,SEMAGLUTIDE,,"",PS,Dehydration,OT,2024Q2,Older Adults (≥65),Gastro-Intestinal and Metabolic,Missing,Missing,Missing,Other serious outcome,Ozempic
23754440,1,32,YR,Female,,"",US,US,WEGOVY,SEMAGLUTIDE,2.4,MG,PS,Maternal exposure during pregnancy,OT,2024Q2,Younger Adults (18–64),Others,Missing,≥1 mg,High dose,Other serious outcome,Wegovy
23756300,1,38,YR,Female,71.55,KG,US,"",OZEMPIC,SEMAGLUTIDE,,"",PS,Anxiety,DS,2024Q2,Younger Adults (18–64),Psychiatric-related,<80 kg,Missing,Missing,Disability,Ozempic
23756554,1,44,YR,Female,99,KG,US,"",SEMAGLUTIDE,SEMAGLUTIDE,,"",PS,Symptom recurrence,OT,2024Q2,Younger Adults (18–64),Others,80–99 kg,Missing,Missing,Other serious outcome,Semaglutide (Unspecified)
23757315,1,65,YR,Female,99,KG,US,"",OZEMPIC,SEMAGLUTIDE,,"",PS,Therapy cessation,DS,2024Q2,Older Adults (≥65),Others,80–99 kg,Missing,Missing,Disability,Ozempic
23757422,1,62,YR,Female,180,LBS,US,"",OZEMPIC,SEMAGLUTIDE,,"",PS,Gastrointestinal necrosis,DE,2024Q2,Younger Adults (18–64),Others,≥100 kg,Missing,Missing,Death,Ozempic
23757798,1,68,YR,Female,104.33,KG,US,"",OZEMPIC,SEMAGLUTIDE,1,MG,PS,Blood calcium increased,LT,2024Q2,Older Adults (≥65),Others,≥100 kg,≥1 mg,High dose,Life-threatening,Ozempic
23760071,1,80,YR,Female,,"",US,US,OZEMPIC,SEMAGLUTIDE,,"",PS,Fall,HO,2024Q2,Older Adults (≥65),Others,Missing,Missing,Missing,Hospitalization,Ozempic
23760084,1,76,YR,Female,,"",US,US,WEGOVY,SEMAGLUTIDE,0.5,MG,PS,Nausea,HO,2024Q2,Older Adults (≥65),Gastro-Intestinal and Metabolic,Missing,0.5–0.99 mg,Medium dose,Hospitalization,Wegovy
23760095,1,60,YR,Male,,"",US,US,OZEMPIC,SEMAGLUTIDE,,"",PS,Intestinal obstruction,OT,2024Q2,Younger Adults (18–64),Gastro-Intestinal and Metabolic,Missing,Missing,Missing,Other serious outcome,Ozempic
23760102,1,72,YR,Female,,"",US,US,RYBELSUS,SEMAGLUTIDE,,"",PS,Pupil dilation procedure,OT,2024Q2,Older Adults (≥65),Others,Missing,Missing,Missing,Other serious outcome,Rybelsus
23760106,1,61,YR,Male,,"",US,US,WEGOVY,SEMAGLUTIDE,0.25,MG,PS,Vomiting,OT,2024Q2,Younger Adults (18–64),Gastro-Intestinal and Metabolic,Missing,<0.5 mg,Low dose,Other serious outcome,Wegovy
23760112,1,78,YR,Female,,"",US,US,OZEMPIC,SEMAGLUTIDE,2,MG,PS,Vomiting,HO,2024Q2,Older Adults (≥65),Gastro-Intestinal and Metabolic,Missing,≥1 mg,High dose,Hospitalization,Ozempic
23760115,1,46,YR,Female,,"",US,US,OZEMPIC,SEMAGLUTIDE,,"",PS,Intestinal obstruction,HO,2024Q2,Younger Adults (18–64),Gastro-Intestinal and Metabolic,Missing,Missing,Missing,Hospitalization,Ozempic
23766415,1,53,YR,Female,,"",US,US,WEGOVY,SEMAGLUTIDE,,"",PS,Arthritis,OT,2024Q2,Younger Adults (18–64),Others,Missing,Missing,Missing,Other serious outcome,Wegovy
23766424,1,73,YR,Female,,"",US,US,OZEMPIC,SEMAGLUTIDE,,"",PS,Joint injury,HO,2024Q2,Older Adults (≥65),Others,Missing,Missing,Missing,Hospitalization,Ozempic
23766446,1,37,YR,Female,,"",US,US,WEGOVY,SEMAGLUTIDE,0.25,MG,PS,Antipsychotic drug level increased,HO,2024Q2,Younger Adults (18–64),Others,Missing,<0.5 mg,Low dose,Hospitalization,Wegovy
23768839,1,62,YR,Male,122,KG,US,"",SEMAGLUTIDE,SEMAGLUTIDE,0.25,MG,PS,Cellulitis,HO,2024Q2,Younger Adults (18–64),Others,≥100 kg,<0.5 mg,Low dose,Hospitalization,Semaglutide (Unspecified)
23768932,1,42,YR,Female,89.6,KG,US,"",SEMAGLUTIDE,SEMAGLUTIDE,,"",PS,Cholecystitis,OT,2024Q2,Younger Adults (18–64),Gastro-Intestinal and Metabolic,80–99 kg,Missing,Missing,Other serious outcome,Semaglutide (Unspecified)
23769132,1,30,YR,Female,110.68,KG,US,"",OZEMPIC,SEMAGLUTIDE,,"",PS,Nausea,DS,2024Q2,Younger Adults (18–64),Gastro-Intestinal and Metabolic,≥100 kg,Missing,Missing,Disability,Ozempic
23769661,1,37,YR,Female,,"",US,"",OZEMPIC,SEMAGLUTIDE,,"",PS,Condition aggravated,DS,2024Q2,Younger Adults (18–64),Others,Missing,Missing,Missing,Disability,Ozempic
23769679,1,61,YR,Female,74.25,KG,US,"",SEMAGLUTIDE,SEMAGLUTIDE,,"",PS,Diarrhoea,LT,2024Q2,Younger Adults (18–64),Gastro-Intestinal and Metabolic,<80 kg,Missing,Missing,Life-threatening,Semaglutide (Unspecified)
23769934,1,40,YR,Male,90.7,KG,US,"",SEMAGLUTIDE,SEMAGLUTIDE,,"",PS,Nausea,HO,2024Q2,Younger Adults (18–64),Gastro-Intestinal and Metabolic,80–99 kg,Missing,Missing,Hospitalization,Semaglutide (Unspecified)
23769960,1,62,YR,Male,122,KG,US,"",SEMAGLUTIDE,SEMAGLUTIDE,0.25,MG,PS,Sepsis,HO,2024Q2,Younger Adults (18–64),Others,≥100 kg,<0.5 mg,Low dose,Hospitalization,Semaglutide (Unspecified)
23769966,1,73,YR,Male,,"",US,"",SEMAGLUTIDE,SEMAGLUTIDE,0.25,MG,PS,Diarrhoea,HO,2024Q2,Older Adults (≥65),Gastro-Intestinal and Metabolic,Missing,<0.5 mg,Low dose,Hospitalization,Semaglutide (Unspecified)
23769968,1,59,YR,Male,,"",US,"",SEMAGLUTIDE,SEMAGLUTIDE,,"",PS,Vomiting,HO,2024Q2,Younger Adults (18–64),Gastro-Intestinal and Metabolic,Missing,Missing,Missing,Hospitalization,Semaglutide (Unspecified)
23769974,1,59,YR,Male,,"",US,"",SEMAGLUTIDE,SEMAGLUTIDE,,"",PS,Vomiting,HO,2024Q2,Younger Adults (18–64),Gastro-Intestinal and Metabolic,Missing,Missing,Missing,Hospitalization,Semaglutide (Unspecified)
23770045,4,82,YR,Male,,"",US,US,OZEMPIC,SEMAGLUTIDE,0.25,MG,PS,Intercepted product dispensing error,HO,2024Q4,Older Adults (≥65),Others,Missing,<0.5 mg,Low dose,Hospitalization,Ozempic
23770106,1,78,YR,Male,112,KG,US,"",SEMAGLUTIDE,SEMAGLUTIDE,1,MG,PS,Pancreatitis acute,HO,2024Q2,Older Adults (≥65),Gastro-Intestinal and Metabolic,≥100 kg,≥1 mg,High dose,Hospitalization,Semaglutide (Unspecified)
23770107,1,69,YR,Male,99,KG,US,"",SEMAGLUTIDE,SEMAGLUTIDE,1,MG,PS,Dehydration,HO,2024Q2,Older Adults (≥65),Gastro-Intestinal and Metabolic,80–99 kg,≥1 mg,High dose,Hospitalization,Semaglutide (Unspecified)
23771120,1,56,YR,Female,,"",US,US,OZEMPIC,SEMAGLUTIDE,,"",PS,Atypical pneumonia,OT,2024Q2,Younger Adults (18–64),Others,Missing,Missing,Missing,Other serious outcome,Ozempic
23771121,1,65,YR,Female,,"",US,US,OZEMPIC,SEMAGLUTIDE,1,MG,PS,Injection site swelling,OT,2024Q2,Older Adults (≥65),Others,Missing,≥1 mg,High dose,Other serious outcome,Ozempic
23771124,2,64,YR,Male,,"",US,US,OZEMPIC,SEMAGLUTIDE,1,MG,PS,Rotator cuff syndrome,OT,2024Q2,Younger Adults (18–64),Others,Missing,≥1 mg,High dose,Other serious outcome,Ozempic
23771131,1,72,YR,Male,,"",US,US,RYBELSUS,SEMAGLUTIDE,14,MG,PS,Heart rate irregular,HO,2024Q2,Older Adults (≥65),Others,Missing,≥1 mg,High dose,Hospitalization,Rybelsus
23776024,1,59,YR,Female,,"",US,ZA,WEGOVY,SEMAGLUTIDE,,"",PS,Gastroenteritis salmonella,LT,2024Q2,Younger Adults (18–64),Others,Missing,Missing,Missing,Life-threatening,Wegovy
23776037,1,51,YR,Female,,"",US,US,OZEMPIC,SEMAGLUTIDE,1,MG,PS,Colitis,OT,2024Q2,Younger Adults (18–64),Others,Missing,≥1 mg,High dose,Other serious outcome,Ozempic
23776040,1,68,YR,Female,,"",US,US,OZEMPIC,SEMAGLUTIDE,0.5,MG,PS,Heart rate decreased,HO,2024Q2,Older Adults (≥65),Cardiovascular,Missing,0.5–0.99 mg,Medium dose,Hospitalization,Ozempic
23776062,1,74,YR,Female,,"",US,US,OZEMPIC,SEMAGLUTIDE,0.5,MG,PS,Corneal transplant,OT,2024Q2,Older Adults (≥65),Others,Missing,0.5–0.99 mg,Medium dose,Other serious outcome,Ozempic
23776063,2,47,YR,Male,,"",US,US,WEGOVY,SEMAGLUTIDE,2.4,MG,PS,Constipation,HO,2024Q4,Younger Adults (18–64),Gastro-Intestinal and Metabolic,Missing,≥1 mg,High dose,Hospitalization,Wegovy
23778045,1,54,YR,Female,76.5,KG,US,"",OZEMPIC,SEMAGLUTIDE,,"",PS,Pneumonia aspiration,HO,2024Q2,Younger Adults (18–64),Others,<80 kg,Missing,Missing,Hospitalization,Ozempic
23779092,1,56,YR,Female,101.25,KG,US,"",OZEMPIC,SEMAGLUTIDE,0.5,MG,PS,Suicidal ideation,OT,2024Q2,Younger Adults (18–64),Psychiatric-related,≥100 kg,0.5–0.99 mg,Medium dose,Other serious outcome,Ozempic
23780717,1,59,YR,Male,,"",US,US,OZEMPIC,SEMAGLUTIDE,2,ML,PS,Depression,OT,2024Q2,Younger Adults (18–64),Psychiatric-related,Missing,≥1 mg,High dose,Other serious outcome,Ozempic
23780774,1,64,YR,Female,,"",US,US,WEGOVY,SEMAGLUTIDE,,"",PS,Seizure,OT,2024Q2,Younger Adults (18–64),Others,Missing,Missing,Missing,Other serious outcome,Wegovy
23780781,1,69,YR,Male,,"",US,US,WEGOVY,SEMAGLUTIDE,,"",PS,Gastric cancer,OT,2024Q2,Older Adults (≥65),Others,Missing,Missing,Missing,Other serious outcome,Wegovy
23780793,1,84,YR,Male,,"",US,US,OZEMPIC,SEMAGLUTIDE,0.5,MG,PS,Localised infection,OT,2024Q2,Older Adults (≥65),Others,Missing,0.5–0.99 mg,Medium dose,Other serious outcome,Ozempic
23783651,1,67,YR,Male,,"",US,"",SEMAGLUTIDE,SEMAGLUTIDE,,"",PS,Diarrhoea,HO,2024Q2,Older Adults (≥65),Gastro-Intestinal and Metabolic,Missing,Missing,Missing,Hospitalization,Semaglutide (Unspecified)
23784441,1,65,YR,Male,76.5,KG,US,"",OZEMPIC,SEMAGLUTIDE,,"",PS,Nausea,HO,2024Q2,Older Adults (≥65),Gastro-Intestinal and Metabolic,<80 kg,Missing,Missing,Hospitalization,Ozempic
23784445,1,38,YR,Female,97.65,KG,US,"",WEGOVY,SEMAGLUTIDE,2.4,MG,PS,Alopecia,DS,2024Q2,Younger Adults (18–64),Others,80–99 kg,≥1 mg,High dose,Disability,Wegovy
23789932,1,85,YR,Male,,"",US,"",SEMAGLUTIDE,SEMAGLUTIDE,0.5,MG,PS,Dizziness,HO,2024Q2,Older Adults (≥65),Others,Missing,0.5–0.99 mg,Medium dose,Hospitalization,Semaglutide (Unspecified)
23791514,1,77,YR,Male,,"",US,US,OZEMPIC,SEMAGLUTIDE,,"",PS,Abdominal distension,OT,2024Q2,Older Adults (≥65),Others,Missing,Missing,Missing,Other serious outcome,Ozempic
23791517,2,84,YR,Male,,"",US,US,OZEMPIC,SEMAGLUTIDE,1,MG,PS,Back pain,HO,2024Q2,Older Adults (≥65),Others,Missing,≥1 mg,High dose,Hospitalization,Ozempic
23792026,1,67,YR,Male,,"",US,US,OZEMPIC,SEMAGLUTIDE,1,MG,PS,Bile duct stone,OT,2024Q2,Older Adults (≥65),Others,Missing,≥1 mg,High dose,Other serious outcome,Ozempic
23792028,3,43,YR,Female,,"",US,US,OZEMPIC,SEMAGLUTIDE,1,MG,PS,Schizophrenia,OT,2024Q3,Younger Adults (18–64),Others,Missing,≥1 mg,High dose,Other serious outcome,Ozempic
23792047,1,53,YR,Female,,"",US,US,WEGOVY,SEMAGLUTIDE,,"",PS,Loss of consciousness,HO,2024Q2,Younger Adults (18–64),Others,Missing,Missing,Missing,Hospitalization,Wegovy
23792049,2,46,YR,Male,99.32,KG,US,US,OZEMPIC,SEMAGLUTIDE,0.25,MG,PS,Ileus,LT,2024Q4,Younger Adults (18–64),Gastro-Intestinal and Metabolic,80–99 kg,<0.5 mg,Low dose,Life-threatening,Ozempic
23792052,1,74,YR,Female,,"",US,US,OZEMPIC,SEMAGLUTIDE,,"",PS,Arrhythmia,HO,2024Q2,Older Adults (≥65),Cardiovascular,Missing,Missing,Missing,Hospitalization,Ozempic
23792227,4,87,YR,Female,73.469,KG,US,US,OZEMPIC,SEMAGLUTIDE,0.25,MG,PS,Fatigue,HO,2024Q3,Older Adults (≥65),Others,<80 kg,<0.5 mg,Low dose,Hospitalization,Ozempic
23795614,1,69,YR,Male,,"",US,US,OZEMPIC,SEMAGLUTIDE,2,MG,PS,Intervertebral disc protrusion,HO,2024Q2,Older Adults (≥65),Others,Missing,≥1 mg,High dose,Hospitalization,Ozempic
23795634,1,65,YR,Female,,"",US,US,SEMAGLUTIDE,SEMAGLUTIDE,,"",PS,Weight decreased,OT,2024Q2,Older Adults (≥65),Gastro-Intestinal and Metabolic,Missing,Missing,Missing,Other serious outcome,Semaglutide (Unspecified)
23796603,3,71,YR,Female,,"",US,US,OZEMPIC,SEMAGLUTIDE,2,MG,PS,Constipation,OT,2024Q3,Older Adults (≥65),Gastro-Intestinal and Metabolic,Missing,≥1 mg,High dose,Other serious outcome,Ozempic
23796608,1,68,YR,Female,,"",US,US,OZEMPIC,SEMAGLUTIDE,,"",PS,Product use in unapproved indication,OT,2024Q2,Older Adults (≥65),Others,Missing,Missing,Missing,Other serious outcome,Ozempic
23796611,1,65,YR,Female,179,KG,US,US,OZEMPIC,SEMAGLUTIDE,,"",PS,High frequency ablation,OT,2024Q2,Older Adults (≥65),Others,≥100 kg,Missing,Missing,Other serious outcome,Ozempic
23796625,1,74,YR,Male,,"",US,US,OZEMPIC,SEMAGLUTIDE,,"",PS,Constipation,OT,2024Q2,Older Adults (≥65),Gastro-Intestinal and Metabolic,Missing,Missing,Missing,Other serious outcome,Ozempic
23796626,1,69,YR,Female,,"",US,US,OZEMPIC,SEMAGLUTIDE,,"",PS,Intraocular lens implant,OT,2024Q2,Older Adults (≥65),Others,Missing,Missing,Missing,Other serious outcome,Ozempic
23796632,1,51,YR,Female,,"",US,US,WEGOVY,SEMAGLUTIDE,2.4,MG,PS,Alcoholism,OT,2024Q2,Younger Adults (18–64),Others,Missing,≥1 mg,High dose,Other serious outcome,Wegovy
23798704,1,54,YR,Male,90,KG,US,"",OZEMPIC,SEMAGLUTIDE,,"",PS,Vomiting projectile,HO,2024Q2,Younger Adults (18–64),Others,80–99 kg,Missing,Missing,Hospitalization,Ozempic
23799011,1,77,YR,Male,81,KG,US,"",SEMAGLUTIDE,SEMAGLUTIDE,1,MG,PS,Cholelithiasis,HO,2024Q2,Older Adults (≥65),Gastro-Intestinal and Metabolic,80–99 kg,≥1 mg,High dose,Hospitalization,Semaglutide (Unspecified)
23799536,1,59,YR,Female,96.75,KG,US,"",OZEMPIC,SEMAGLUTIDE,,"",PS,Pruritus,OT,2024Q2,Younger Adults (18–64),Others,80–99 kg,Missing,Missing,Other serious outcome,Ozempic
23799544,1,55,YR,Female,85.05,KG,US,"",SEMAGLUTIDE,SEMAGLUTIDE,,"",PS,Rash pruritic,OT,2024Q2,Younger Adults (18–64),Others,80–99 kg,Missing,Missing,Other serious outcome,Semaglutide (Unspecified)
23799679,1,61,YR,Male,87.75,KG,US,"",SEMAGLUTIDE,SEMAGLUTIDE,,"",PS,Athletic heart syndrome,HO,2024Q2,Younger Adults (18–64),Others,80–99 kg,Missing,Missing,Hospitalization,Semaglutide (Unspecified)
23799720,1,72,YR,Female,73.8,KG,US,"",OZEMPIC,SEMAGLUTIDE,,"",PS,Dizziness,DS,2024Q2,Older Adults (≥65),Others,<80 kg,Missing,Missing,Disability,Ozempic
23800541,1,51,YR,Male,99.3,KG,US,"",SEMAGLUTIDE,SEMAGLUTIDE,0.5,MG,PS,Pancreatitis,HO,2024Q2,Younger Adults (18–64),Gastro-Intestinal and Metabolic,80–99 kg,0.5–0.99 mg,Medium dose,Hospitalization,Semaglutide (Unspecified)
23800617,1,54,YR,Female,,"",US,US,OZEMPIC,SEMAGLUTIDE,,"",PS,Gastrointestinal disorder,OT,2024Q2,Younger Adults (18–64),Others,Missing,Missing,Missing,Other serious outcome,Ozempic
23803335,1,52,YR,Female,99,KG,US,"",OZEMPIC,SEMAGLUTIDE,,"",PS,Nausea,OT,2024Q2,Younger Adults (18–64),Gastro-Intestinal and Metabolic,80–99 kg,Missing,Missing,Other serious outcome,Ozempic
23803697,1,44,YR,Female,79.2,KG,US,"",SEMAGLUTIDE,SEMAGLUTIDE,,"",PS,Anxiety,LT,2024Q2,Younger Adults (18–64),Psychiatric-related,<80 kg,Missing,Missing,Life-threatening,Semaglutide (Unspecified)
23805228,1,77,YR,Female,,"",US,US,OZEMPIC,SEMAGLUTIDE,,"",PS,Upper limb fracture,OT,2024Q2,Older Adults (≥65),Others,Missing,Missing,Missing,Other serious outcome,Ozempic
23805239,1,63,YR,Female,,"",US,US,OZEMPIC,SEMAGLUTIDE,,"",PS,Nausea,OT,2024Q2,Younger Adults (18–64),Gastro-Intestinal and Metabolic,Missing,Missing,Missing,Other serious outcome,Ozempic
23805243,2,80,YR,Female,99.773,KG,US,US,OZEMPIC,SEMAGLUTIDE,2,MG,PS,Optic ischaemic neuropathy,OT,2024Q2,Older Adults (≥65),Others,80–99 kg,≥1 mg,High dose,Other serious outcome,Ozempic
23805244,1,65,YR,Female,,"",US,US,OZEMPIC,SEMAGLUTIDE,,"",PS,Hip surgery,HO,2024Q2,Older Adults (≥65),Others,Missing,Missing,Missing,Hospitalization,Ozempic
23805246,1,56,YR,Male,,"",US,US,OZEMPIC,SEMAGLUTIDE,,"",PS,Coronary arterial stent insertion,OT,2024Q2,Younger Adults (18–64),Others,Missing,Missing,Missing,Other serious outcome,Ozempic
23805254,2,64,YR,Female,,"",US,US,OZEMPIC,SEMAGLUTIDE,1,MG,PS,Pain,OT,2024Q3,Younger Adults (18–64),Others,Missing,≥1 mg,High dose,Other serious outcome,Ozempic
23805257,2,64,YR,Female,,"",US,US,RYBELSUS,SEMAGLUTIDE,,"",PS,Ileus paralytic,OT,2024Q3,Younger Adults (18–64),Others,Missing,Missing,Missing,Other serious outcome,Rybelsus
23808095,1,60,YR,Female,,"",US,"",OZEMPIC,SEMAGLUTIDE,,"",PS,Impaired gastric emptying,LT,2024Q2,Younger Adults (18–64),Gastro-Intestinal and Metabolic,Missing,Missing,Missing,Life-threatening,Ozempic
23811531,1,76,YR,Male,,"",US,US,OZEMPIC,SEMAGLUTIDE,,"",PS,Cerebrovascular accident,HO,2024Q2,Older Adults (≥65),Cardiovascular,Missing,Missing,Missing,Hospitalization,Ozempic
23811549,2,54,YR,Female,,"",US,US,OZEMPIC,SEMAGLUTIDE,,"",PS,Anxiety,OT,2024Q2,Younger Adults (18–64),Psychiatric-related,Missing,Missing,Missing,Other serious outcome,Ozempic
23811550,2,58,YR,Male,,"",US,US,OZEMPIC,SEMAGLUTIDE,2,MG,PS,Spinal operation,HO,2024Q2,Younger Adults (18–64),Others,Missing,≥1 mg,High dose,Hospitalization,Ozempic
23815804,1,72,YR,Male,130.5,KG,US,"",OZEMPIC,SEMAGLUTIDE,,"",PS,Diarrhoea,LT,2024Q2,Older Adults (≥65),Gastro-Intestinal and Metabolic,≥100 kg,Missing,Missing,Life-threatening,Ozempic
23817731,2,72,YR,Female,,"",US,US,OZEMPIC,SEMAGLUTIDE,0.5,MG,PS,Cataract,OT,2024Q2,Older Adults (≥65),Others,Missing,0.5–0.99 mg,Medium dose,Other serious outcome,Ozempic
23817745,1,67,YR,Female,,"",US,US,OZEMPIC,SEMAGLUTIDE,,"",PS,Off label use,OT,2024Q2,Older Adults (≥65),Others,Missing,Missing,Missing,Other serious outcome,Ozempic
23817828,1,47,YR,Male,,"",US,US,OZEMPIC,SEMAGLUTIDE,,"",PS,Scrotal abscess,OT,2024Q2,Younger Adults (18–64),Others,Missing,Missing,Missing,Other serious outcome,Ozempic
23817829,1,75,YR,Female,,"",US,US,OZEMPIC,SEMAGLUTIDE,,"",PS,Cholelithiasis,OT,2024Q2,Older Adults (≥65),Gastro-Intestinal and Metabolic,Missing,Missing,Missing,Other serious outcome,Ozempic
23817831,1,65,YR,Female,,"",US,US,RYBELSUS,SEMAGLUTIDE,,"",PS,Dehydration,HO,2024Q2,Older Adults (≥65),Gastro-Intestinal and Metabolic,Missing,Missing,Missing,Hospitalization,Rybelsus
23817837,1,40,YR,Female,,"",US,US,WEGOVY,SEMAGLUTIDE,2.4,MG,PS,Obstructive pancreatitis,HO,2024Q2,Younger Adults (18–64),Others,Missing,≥1 mg,High dose,Hospitalization,Wegovy
23817892,2,72,YR,Male,,"",US,US,OZEMPIC,SEMAGLUTIDE,2,MG,PS,Pneumonia,DE,2024Q3,Older Adults (≥65),Others,Missing,≥1 mg,High dose,Death,Ozempic
23817898,1,67,YR,Female,,"",US,US,OZEMPIC,SEMAGLUTIDE,,"",PS,Knee operation,OT,2024Q2,Older Adults (≥65),Others,Missing,Missing,Missing,Other serious outcome,Ozempic
23817905,1,71,YR,Female,,"",US,US,OZEMPIC,SEMAGLUTIDE,,"",PS,Skin cancer,OT,2024Q2,Older Adults (≥65),Others,Missing,Missing,Missing,Other serious outcome,Ozempic
23817962,1,60,YR,Female,,"",US,US,OZEMPIC,SEMAGLUTIDE,0.5,MG,PS,Therapeutic procedure,OT,2024Q2,Younger Adults (18–64),Others,Missing,0.5–0.99 mg,Medium dose,Other serious outcome,Ozempic
23817965,1,93,YR,Female,150,KG,US,US,OZEMPIC,SEMAGLUTIDE,0.25,MG,PS,Decreased appetite,HO,2024Q2,Older Adults (≥65),Gastro-Intestinal and Metabolic,≥100 kg,<0.5 mg,Low dose,Hospitalization,Ozempic
23820444,1,65,YR,Female,,"",US,"",OZEMPIC,SEMAGLUTIDE,,"",PS,Glycosylated haemoglobin increased,HO,2024Q2,Older Adults (≥65),Others,Missing,Missing,Missing,Hospitalization,Ozempic
23820655,1,55,YR,Male,104.4,KG,US,"",OZEMPIC,SEMAGLUTIDE,,"",PS,Ear discomfort,DS,2024Q2,Younger Adults (18–64),Others,≥100 kg,Missing,Missing,Disability,Ozempic
23821433,1,47,YR,Female,,"",US,"",OZEMPIC,SEMAGLUTIDE,,"",PS,Unresponsive to stimuli,DE,2024Q2,Younger Adults (18–64),Others,Missing,Missing,Missing,Death,Ozempic
23821448,1,41,YR,Female,135,KG,US,"",OZEMPIC,SEMAGLUTIDE,,"",PS,Condition aggravated,OT,2024Q2,Younger Adults (18–64),Others,≥100 kg,Missing,Missing,Other serious outcome,Ozempic
23821507,1,56,YR,Female,81,KG,US,"",OZEMPIC,SEMAGLUTIDE,1,MG,PS,Presyncope,LT,2024Q2,Younger Adults (18–64),Cardiovascular,80–99 kg,≥1 mg,High dose,Life-threatening,Ozempic
23822444,1,63,YR,Male,69,KG,US,"",SEMAGLUTIDE,SEMAGLUTIDE,1,MG,PS,Hyperphosphataemia,HO,2024Q2,Younger Adults (18–64),Others,<80 kg,≥1 mg,High dose,Hospitalization,Semaglutide (Unspecified)
23823221,1,59,YR,Female,70.3,KG,US,US,OZEMPIC,SEMAGLUTIDE,,"",PS,Nausea,HO,2024Q2,Younger Adults (18–64),Gastro-Intestinal and Metabolic,<80 kg,Missing,Missing,Hospitalization,Ozempic
23823224,2,46,YR,Female,,"",US,US,WEGOVY,SEMAGLUTIDE,0.25,MG,PS,Diarrhoea,HO,2024Q4,Younger Adults (18–64),Gastro-Intestinal and Metabolic,Missing,<0.5 mg,Low dose,Hospitalization,Wegovy
23823227,2,71,YR,Male,,"",US,US,OZEMPIC,SEMAGLUTIDE,,"",PS,Cataract operation,OT,2024Q3,Older Adults (≥65),Others,Missing,Missing,Missing,Other serious outcome,Ozempic
23823228,1,64,YR,Female,,"",US,US,OZEMPIC,SEMAGLUTIDE,,"",PS,Haematemesis,OT,2024Q2,Younger Adults (18–64),Others,Missing,Missing,Missing,Other serious outcome,Ozempic
23826482,1,36,YR,Female,,"",US,"",CYANOCOBALAMIN\GLYCINE\SEMAGLUTIDE,CYANOCOBALAMIN\GLYCINE\SEMAGLUTIDE,0.05,ML,PS,Vomiting,OT,2024Q2,Younger Adults (18–64),Gastro-Intestinal and Metabolic,Missing,<0.5 mg,Low dose,Other serious outcome,Combination Product
23827507,1,54,YR,Female,128.25,KG,US,"",OZEMPIC,SEMAGLUTIDE,,"",PS,Impaired work ability,OT,2024Q2,Younger Adults (18–64),Others,≥100 kg,Missing,Missing,Other serious outcome,Ozempic
23828380,2,45,YR,Male,,"",US,US,WEGOVY,SEMAGLUTIDE,,"",PS,Embolic stroke,OT,2024Q2,Younger Adults (18–64),Cardiovascular,Missing,Missing,Missing,Other serious outcome,Wegovy
23828386,2,61,YR,Male,,"",US,US,OZEMPIC,SEMAGLUTIDE,,"",PS,Hip arthroplasty,HO,2024Q2,Younger Adults (18–64),Others,Missing,Missing,Missing,Hospitalization,Ozempic
23828388,1,48,YR,Female,,"",US,US,WEGOVY,SEMAGLUTIDE,0.25,MG,PS,Abscess,OT,2024Q2,Younger Adults (18–64),Others,Missing,<0.5 mg,Low dose,Other serious outcome,Wegovy
23828392,1,76,YR,Female,,"",US,US,OZEMPIC,SEMAGLUTIDE,0.5,MG,PS,Injection site pain,OT,2024Q2,Older Adults (≥65),Others,Missing,0.5–0.99 mg,Medium dose,Other serious outcome,Ozempic
23828400,1,41,YR,Male,,"",US,US,OZEMPIC,SEMAGLUTIDE,,"",PS,Diabetes mellitus inadequate control,OT,2024Q2,Younger Adults (18–64),Others,Missing,Missing,Missing,Other serious outcome,Ozempic
23828402,2,39,YR,Female,128.35,KG,US,US,OZEMPIC,SEMAGLUTIDE,0.25,MG,PS,Haematemesis,HO,2024Q4,Younger Adults (18–64),Others,≥100 kg,<0.5 mg,Low dose,Hospitalization,Ozempic
23833909,1,70,YR,Female,,"",US,US,OZEMPIC,SEMAGLUTIDE,,"",PS,Alopecia,OT,2024Q2,Older Adults (≥65),Others,Missing,Missing,Missing,Other serious outcome,Ozempic
23833913,1,55,YR,Male,,"",US,US,OZEMPIC,SEMAGLUTIDE,,"",PS,Weight increased,OT,2024Q2,Younger Adults (18–64),Others,Missing,Missing,Missing,Other serious outcome,Ozempic
23836315,1,64,YR,Female,90,KG,US,"",RYBELSUS,SEMAGLUTIDE,,"",PS,Flatulence,DS,2024Q2,Younger Adults (18–64),Others,80–99 kg,Missing,Missing,Disability,Rybelsus
23837474,1,77,YR,Male,80.1,KG,US,"",OZEMPIC,SEMAGLUTIDE,,"",PS,Balance disorder,DS,2024Q2,Older Adults (≥65),Others,80–99 kg,Missing,Missing,Disability,Ozempic
23839591,2,75,YR,Female,,"",US,US,OZEMPIC,SEMAGLUTIDE,0.5,MG,PS,Wrong technique in product usage process,OT,2024Q3,Older Adults (≥65),Others,Missing,0.5–0.99 mg,Medium dose,Other serious outcome,Ozempic
23839597,1,20,YR,Male,90.658,KG,US,US,OZEMPIC,SEMAGLUTIDE,,"",PS,Pain,HO,2024Q2,Younger Adults (18–64),Others,80–99 kg,Missing,Missing,Hospitalization,Ozempic
23839599,2,59,YR,Female,,"",US,US,WEGOVY,SEMAGLUTIDE,1,MG,PS,Discoloured vomit,OT,2024Q2,Younger Adults (18–64),Others,Missing,≥1 mg,High dose,Other serious outcome,Wegovy
23839601,2,74,YR,Female,113.83,KG,US,US,OZEMPIC,SEMAGLUTIDE,0.5,MG,PS,Periarthritis,OT,2024Q3,Older Adults (≥65),Others,≥100 kg,0.5–0.99 mg,Medium dose,Other serious outcome,Ozempic
23839612,1,68,YR,Male,,"",US,US,RYBELSUS,SEMAGLUTIDE,14,MG,PS,Pancreatitis,HO,2024Q2,Older Adults (≥65),Gastro-Intestinal and Metabolic,Missing,≥1 mg,High dose,Hospitalization,Rybelsus
23839613,1,63,YR,Female,,"",US,US,OZEMPIC,SEMAGLUTIDE,1,MG,PS,Dolichocolon,OT,2024Q2,Younger Adults (18–64),Others,Missing,≥1 mg,High dose,Other serious outcome,Ozempic
23841496,1,29,YR,Female,92.25,KG,US,"",SEMAGLUTIDE,SEMAGLUTIDE,,"",PS,Pain,HO,2024Q2,Younger Adults (18–64),Others,80–99 kg,Missing,Missing,Hospitalization,Semaglutide (Unspecified)
23842259,1,60,YR,Female,72,KG,US,"",OZEMPIC,SEMAGLUTIDE,,"",PS,Quality of life decreased,OT,2024Q2,Younger Adults (18–64),Others,<80 kg,Missing,Missing,Other serious outcome,Ozempic
23842309,1,78,YR,Female,135,LBS,US,"",OZEMPIC,SEMAGLUTIDE,,"",PS,Abdominal pain upper,HO,2024Q2,Older Adults (≥65),Gastro-Intestinal and Metabolic,≥100 kg,Missing,Missing,Hospitalization,Ozempic
23842360,1,66,YR,Female,,"",US,"",SEMAGLUTIDE,SEMAGLUTIDE,1,MG,PS,Incorrect dose administered,RI,2024Q2,Older Adults (≥65),Others,Missing,≥1 mg,High dose,Required intervention,Semaglutide (Unspecified)
23842473,1,68,YR,Male,86,KG,US,"",SEMAGLUTIDE,SEMAGLUTIDE,0.25,MG,PS,Lethargy,HO,2024Q2,Older Adults (≥65),Others,80–99 kg,<0.5 mg,Low dose,Hospitalization,Semaglutide (Unspecified)
23842475,1,73,YR,Male,80,KG,US,"",SEMAGLUTIDE,SEMAGLUTIDE,0.5,MG,PS,Pancreatitis,HO,2024Q2,Older Adults (≥65),Gastro-Intestinal and Metabolic,80–99 kg,0.5–0.99 mg,Medium dose,Hospitalization,Semaglutide (Unspecified)
23843101,1,39,YR,Male,130.5,KG,US,"",WEGOVY,SEMAGLUTIDE,,"",PS,Musculoskeletal pain,LT,2024Q2,Younger Adults (18–64),Others,≥100 kg,Missing,Missing,Life-threatening,Wegovy
23843324,3,48,YR,Female,,"",US,US,OZEMPIC,SEMAGLUTIDE,1,MG,PS,Cataract operation,OT,2024Q2,Younger Adults (18–64),Others,Missing,≥1 mg,High dose,Other serious outcome,Ozempic
23843363,2,63,YR,Female,130.27,KG,US,US,OZEMPIC,SEMAGLUTIDE,,"",PS,Spinal osteoarthritis,OT,2024Q3,Younger Adults (18–64),Others,≥100 kg,Missing,Missing,Other serious outcome,Ozempic
23846565,1,68,YR,Female,,"",US,US,OZEMPIC,SEMAGLUTIDE,,"",PS,Myocardial infarction,HO,2024Q2,Older Adults (≥65),Cardiovascular,Missing,Missing,Missing,Hospitalization,Ozempic
23846570,2,70,YR,Female,,"",US,US,OZEMPIC,SEMAGLUTIDE,0.25,MG,PS,Blood potassium decreased,HO,2024Q2,Older Adults (≥65),Others,Missing,<0.5 mg,Low dose,Hospitalization,Ozempic
23848208,1,51,YR,Male,105.75,KG,US,"",OZEMPIC,SEMAGLUTIDE,,"",PS,Nasal congestion,LT,2024Q2,Younger Adults (18–64),Others,≥100 kg,Missing,Missing,Life-threatening,Ozempic
23848315,1,74,YR,Male,,"",US,"",SEMAGLUTIDE,SEMAGLUTIDE,,"",PS,Hypomagnesaemia,HO,2024Q2,Older Adults (≥65),Others,Missing,Missing,Missing,Hospitalization,Semaglutide (Unspecified)
23848791,1,85,YR,Female,88,KG,US,"",SEMAGLUTIDE,SEMAGLUTIDE,,"",PS,Pneumonia aspiration,LT,2024Q2,Older Adults (≥65),Others,80–99 kg,Missing,Missing,Life-threatening,Semaglutide (Unspecified)
23849586,1,73,YR,Male,,"",US,"",SEMAGLUTIDE,SEMAGLUTIDE,,"",PS,Diarrhoea,HO,2024Q2,Older Adults (≥65),Gastro-Intestinal and Metabolic,Missing,Missing,Missing,Hospitalization,Semaglutide (Unspecified)
23849593,1,50,YR,Female,101.25,KG,US,"",SEMAGLUTIDE,SEMAGLUTIDE,,"",PS,Therapy interrupted,OT,2024Q2,Younger Adults (18–64),Others,≥100 kg,Missing,Missing,Other serious outcome,Semaglutide (Unspecified)
23850042,1,60,YR,Male,,"",US,"",SEMAGLUTIDE,SEMAGLUTIDE,,"",PS,Pancreatitis,HO,2024Q2,Younger Adults (18–64),Gastro-Intestinal and Metabolic,Missing,Missing,Missing,Hospitalization,Semaglutide (Unspecified)
23850844,2,65,YR,Female,136.05,KG,US,US,OZEMPIC,SEMAGLUTIDE,0.5,MG,PS,Asthenia,OT,2024Q2,Older Adults (≥65),Others,≥100 kg,0.5–0.99 mg,Medium dose,Other serious outcome,Ozempic
23850846,1,26,YR,Female,,"",US,US,OZEMPIC,SEMAGLUTIDE,,"",PS,Dizziness,OT,2024Q2,Younger Adults (18–64),Others,Missing,Missing,Missing,Other serious outcome,Ozempic
23850874,1,68,YR,Female,,"",US,US,OZEMPIC,SEMAGLUTIDE,0.5,MG,PS,Volvulus,OT,2024Q2,Older Adults (≥65),Others,Missing,0.5–0.99 mg,Medium dose,Other serious outcome,Ozempic
23852383,1,57,YR,Female,88.65,KG,US,"",WEGOVY,SEMAGLUTIDE,,"",PS,Pancreatitis,HO,2024Q2,Younger Adults (18–64),Gastro-Intestinal and Metabolic,80–99 kg,Missing,Missing,Hospitalization,Wegovy
23853659,1,54,YR,Female,54.45,KG,US,"",SEMAGLUTIDE,SEMAGLUTIDE,,"",PS,Pain of skin,OT,2024Q2,Younger Adults (18–64),Others,<80 kg,Missing,Missing,Other serious outcome,Semaglutide (Unspecified)
23853893,1,54,YR,Female,53.1,KG,US,"",OZEMPIC,SEMAGLUTIDE,0.25,MG,PS,Intussusception,HO,2024Q2,Younger Adults (18–64),Others,<80 kg,<0.5 mg,Low dose,Hospitalization,Ozempic
23854668,2,65,YR,Male,,"",US,US,OZEMPIC,SEMAGLUTIDE,1,MG,PS,Heart transplant,OT,2024Q2,Older Adults (≥65),Others,Missing,≥1 mg,High dose,Other serious outcome,Ozempic
23855911,1,74,YR,Male,,"",US,US,OZEMPIC,SEMAGLUTIDE,1,MG,PS,Cardiac pacemaker insertion,OT,2024Q2,Older Adults (≥65),Others,Missing,≥1 mg,High dose,Other serious outcome,Ozempic
23855917,2,71,YR,Male,,"",US,US,OZEMPIC,SEMAGLUTIDE,0.5,MG,PS,Vascular device infection,HO,2024Q3,Older Adults (≥65),Others,Missing,0.5–0.99 mg,Medium dose,Hospitalization,Ozempic
23855921,1,76,YR,Male,,"",US,US,OZEMPIC,SEMAGLUTIDE,,"",PS,Lymphocyte count decreased,OT,2024Q2,Older Adults (≥65),Others,Missing,Missing,Missing,Other serious outcome,Ozempic
23855924,1,72,YR,Female,,"",US,US,OZEMPIC,SEMAGLUTIDE,1,MG,PS,Peripheral artery occlusion,HO,2024Q2,Older Adults (≥65),Others,Missing,≥1 mg,High dose,Hospitalization,Ozempic
23855926,1,42,YR,Female,,"",US,US,OZEMPIC,SEMAGLUTIDE,,"",PS,Delusion,OT,2024Q2,Younger Adults (18–64),Psychiatric-related,Missing,Missing,Missing,Other serious outcome,Ozempic
23855939,1,28,YR,Female,,"",US,US,WEGOVY,SEMAGLUTIDE,,"",PS,Spinal operation,HO,2024Q2,Younger Adults (18–64),Others,Missing,Missing,Missing,Hospitalization,Wegovy
23855941,1,74,YR,Female,,"",US,US,OZEMPIC,SEMAGLUTIDE,1,MG,PS,Knee arthroplasty,OT,2024Q2,Older Adults (≥65),Others,Missing,≥1 mg,High dose,Other serious outcome,Ozempic
23857433,1,75,YR,Male,112.04,KG,US,"",OZEMPIC,SEMAGLUTIDE,0.25,MG,PS,Optic neuritis,DS,2024Q2,Older Adults (≥65),Others,≥100 kg,<0.5 mg,Low dose,Disability,Ozempic
23858179,1,76,YR,Male,71.55,KG,US,"",OZEMPIC,SEMAGLUTIDE,,"",PS,Depression,OT,2024Q2,Older Adults (≥65),Psychiatric-related,<80 kg,Missing,Missing,Other serious outcome,Ozempic
23858183,1,59,YR,Male,147.6,KG,US,"",OZEMPIC,SEMAGLUTIDE,0.5,MG,PS,Throat tightness,HO,2024Q2,Younger Adults (18–64),Others,≥100 kg,0.5–0.99 mg,Medium dose,Hospitalization,Ozempic
23858204,1,49,YR,Female,112.05,KG,US,"",OZEMPIC,SEMAGLUTIDE,,"",PS,Chest pain,HO,2024Q2,Younger Adults (18–64),Others,≥100 kg,Missing,Missing,Hospitalization,Ozempic
23858209,1,59,YR,Female,80.55,KG,US,"",OZEMPIC,SEMAGLUTIDE,,"",PS,Epiretinal membrane,OT,2024Q2,Younger Adults (18–64),Others,80–99 kg,Missing,Missing,Other serious outcome,Ozempic
23858528,1,25,YR,Female,103.5,KG,US,"",SEMAGLUTIDE,SEMAGLUTIDE,,"",PS,Therapy interrupted,HO,2024Q2,Younger Adults (18–64),Others,≥100 kg,Missing,Missing,Hospitalization,Semaglutide (Unspecified)
23858537,1,54,YR,Female,76.5,KG,US,"",WEGOVY,SEMAGLUTIDE,,"",PS,Panic attack,OT,2024Q2,Younger Adults (18–64),Psychiatric-related,<80 kg,Missing,Missing,Other serious outcome,Wegovy
23858538,1,37,YR,Female,87.3,KG,US,"",WEGOVY,SEMAGLUTIDE,,"",PS,Anxiety,RI,2024Q2,Younger Adults (18–64),Psychiatric-related,80–99 kg,Missing,Missing,Required intervention,Wegovy
23860782,1,51,YR,Female,,"",US,US,OZEMPIC,SEMAGLUTIDE,,"",PS,Gait disturbance,OT,2024Q2,Younger Adults (18–64),Others,Missing,Missing,Missing,Other serious outcome,Ozempic
23860789,1,71,YR,Female,,"",US,US,OZEMPIC,SEMAGLUTIDE,0.25,MG,PS,Angiogram peripheral,OT,2024Q2,Older Adults (≥65),Others,Missing,<0.5 mg,Low dose,Other serious outcome,Ozempic
23860795,2,77,YR,Female,,"",US,US,RYBELSUS,SEMAGLUTIDE,,"",PS,Weight decreased,OT,2024Q2,Older Adults (≥65),Gastro-Intestinal and Metabolic,Missing,Missing,Missing,Other serious outcome,Rybelsus
23865338,1,77,YR,Female,,"",US,US,OZEMPIC,SEMAGLUTIDE,2,MG,PS,Gastroenteritis salmonella,HO,2024Q2,Older Adults (≥65),Others,Missing,≥1 mg,High dose,Hospitalization,Ozempic
23865351,2,81,YR,Male,,"",US,US,OZEMPIC,SEMAGLUTIDE,0.5,MG,PS,Bladder cancer recurrent,HO,2024Q2,Older Adults (≥65),Others,Missing,0.5–0.99 mg,Medium dose,Hospitalization,Ozempic
23865352,1,39,YR,Male,,"",US,US,OZEMPIC,SEMAGLUTIDE,,"",PS,Erectile dysfunction,OT,2024Q2,Younger Adults (18–64),Others,Missing,Missing,Missing,Other serious outcome,Ozempic
23865405,1,81,YR,Male,,"",US,US,OZEMPIC,SEMAGLUTIDE,0.25,MG,PS,Asthenia,OT,2024Q2,Older Adults (≥65),Others,Missing,<0.5 mg,Low dose,Other serious outcome,Ozempic
23865414,1,65,YR,Male,,"",US,US,OZEMPIC,SEMAGLUTIDE,0.25,MG,PS,Eye operation,OT,2024Q2,Older Adults (≥65),Others,Missing,<0.5 mg,Low dose,Other serious outcome,Ozempic
23868038,1,40,YR,Female,72,KG,US,"",WEGOVY,SEMAGLUTIDE,,"",PS,Fatigue,LT,2024Q2,Younger Adults (18–64),Others,<80 kg,Missing,Missing,Life-threatening,Wegovy
23868244,1,64,YR,Male,105.3,KG,US,"",OZEMPIC,SEMAGLUTIDE,,"",PS,Headache,OT,2024Q2,Younger Adults (18–64),Others,≥100 kg,Missing,Missing,Other serious outcome,Ozempic
23873928,1,58,YR,Male,92.7,KG,US,"",OZEMPIC,SEMAGLUTIDE,,"",PS,Haemorrhage,OT,2024Q2,Younger Adults (18–64),Others,80–99 kg,Missing,Missing,Other serious outcome,Ozempic
23874502,1,36,YR,Female,,"",US,US,OZEMPIC,SEMAGLUTIDE,,"",PS,Nausea,OT,2024Q2,Younger Adults (18–64),Gastro-Intestinal and Metabolic,Missing,Missing,Missing,Other serious outcome,Ozempic
23874517,1,68,YR,Male,,"",US,US,OZEMPIC,SEMAGLUTIDE,,"",PS,Nausea,OT,2024Q2,Older Adults (≥65),Gastro-Intestinal and Metabolic,Missing,Missing,Missing,Other serious outcome,Ozempic
23874533,1,60,YR,Female,,"",US,US,OZEMPIC,SEMAGLUTIDE,2,MG,PS,Vomiting,OT,2024Q2,Younger Adults (18–64),Gastro-Intestinal and Metabolic,Missing,≥1 mg,High dose,Other serious outcome,Ozempic
23874543,1,74,YR,Male,,"",US,US,OZEMPIC,SEMAGLUTIDE,1,MG,PS,Stag horn calculus,OT,2024Q2,Older Adults (≥65),Others,Missing,≥1 mg,High dose,Other serious outcome,Ozempic
23874544,1,60,YR,Female,,"",US,US,WEGOVY,SEMAGLUTIDE,,"",PS,Headache,HO,2024Q2,Younger Adults (18–64),Others,Missing,Missing,Missing,Hospitalization,Wegovy
23874546,1,69,YR,Female,,"",US,US,OZEMPIC,SEMAGLUTIDE,,"",PS,Product dose omission issue,HO,2024Q2,Older Adults (≥65),Others,Missing,Missing,Missing,Hospitalization,Ozempic
23874549,2,60,YR,Female,,"",US,US,WEGOVY,SEMAGLUTIDE,2.4,MG,PS,Blood pressure decreased,HO,2024Q2,Younger Adults (18–64),Others,Missing,≥1 mg,High dose,Hospitalization,Wegovy
23875180,1,69,YR,Male,281,LBS,US,"",OZEMPIC,SEMAGLUTIDE,,"",PS,Abdominal pain upper,RI,2024Q2,Older Adults (≥65),Gastro-Intestinal and Metabolic,≥100 kg,Missing,Missing,Required intervention,Ozempic
23875367,1,73,YR,Female,139.05,KG,US,"",OZEMPIC,SEMAGLUTIDE,,"",PS,Constipation,DS,2024Q2,Older Adults (≥65),Gastro-Intestinal and Metabolic,≥100 kg,Missing,Missing,Disability,Ozempic
23875414,1,57,YR,Male,,"",US,"",SEMAGLUTIDE,SEMAGLUTIDE,,"",PS,Impaired gastric emptying,HO,2024Q2,Younger Adults (18–64),Gastro-Intestinal and Metabolic,Missing,Missing,Missing,Hospitalization,Semaglutide (Unspecified)
23876659,3,63,YR,Female,256,KG,US,US,OZEMPIC,SEMAGLUTIDE,0.25,MG,PS,Hip surgery,HO,2024Q3,Younger Adults (18–64),Others,≥100 kg,<0.5 mg,Low dose,Hospitalization,Ozempic
23876662,1,69,YR,Female,,"",US,US,OZEMPIC,SEMAGLUTIDE,0.5,MG,PS,Cataract operation,OT,2024Q2,Older Adults (≥65),Others,Missing,0.5–0.99 mg,Medium dose,Other serious outcome,Ozempic
23876664,3,66,YR,Female,,"",US,US,OZEMPIC,SEMAGLUTIDE,,"",PS,Lower limb fracture,OT,2024Q3,Older Adults (≥65),Others,Missing,Missing,Missing,Other serious outcome,Ozempic
23876675,1,71,YR,Female,,"",US,US,OZEMPIC,SEMAGLUTIDE,,"",PS,Cataract operation,OT,2024Q2,Older Adults (≥65),Others,Missing,Missing,Missing,Other serious outcome,Ozempic
23878657,1,63,YR,Female,87.75,KG,US,"",OZEMPIC,SEMAGLUTIDE,,"",PS,Asthenia,OT,2024Q2,Younger Adults (18–64),Others,80–99 kg,Missing,Missing,Other serious outcome,Ozempic
23880227,1,58,YR,Female,63,KG,US,"",RYBELSUS,SEMAGLUTIDE,,"",PS,Cholelithiasis,OT,2024Q2,Younger Adults (18–64),Gastro-Intestinal and Metabolic,<80 kg,Missing,Missing,Other serious outcome,Rybelsus
23880896,1,74,YR,Female,,"",US,US,OZEMPIC,SEMAGLUTIDE,,"",PS,Surgery,OT,2024Q2,Older Adults (≥65),Others,Missing,Missing,Missing,Other serious outcome,Ozempic
23882421,6,62,YR,Female,,"",US,US,WEGOVY,SEMAGLUTIDE,0.25,MG,PS,Colitis ischaemic,HO,2024Q4,Younger Adults (18–64),Others,Missing,<0.5 mg,Low dose,Hospitalization,Wegovy
23882450,2,67,YR,Male,,"",US,US,OZEMPIC,SEMAGLUTIDE,,"",PS,Vomiting,OT,2024Q3,Older Adults (≥65),Gastro-Intestinal and Metabolic,Missing,Missing,Missing,Other serious outcome,Ozempic
23882455,1,70,YR,Female,,"",US,US,OZEMPIC,SEMAGLUTIDE,,"",PS,Vision correction operation,HO,2024Q2,Older Adults (≥65),Others,Missing,Missing,Missing,Hospitalization,Ozempic
23884205,1,32,YR,Female,157.5,KG,US,"",SEMAGLUTIDE,SEMAGLUTIDE,,"",PS,Product communication issue,LT,2024Q2,Younger Adults (18–64),Others,≥100 kg,Missing,Missing,Life-threatening,Semaglutide (Unspecified)
23884209,1,52,YR,Female,96.75,KG,US,"",WEGOVY,SEMAGLUTIDE,,"",PS,Pancreatitis acute,HO,2024Q2,Younger Adults (18–64),Gastro-Intestinal and Metabolic,80–99 kg,Missing,Missing,Hospitalization,Wegovy
23884845,1,64,YR,Female,,"",US,US,WEGOVY,SEMAGLUTIDE,1.7,MG,PS,Pain in extremity,HO,2024Q2,Younger Adults (18–64),Others,Missing,≥1 mg,High dose,Hospitalization,Wegovy
23885388,1,61,YR,Male,,"",US,"",OZEMPIC,SEMAGLUTIDE,,"",PS,Nausea,OT,2024Q2,Younger Adults (18–64),Gastro-Intestinal and Metabolic,Missing,Missing,Missing,Other serious outcome,Ozempic
23885839,1,45,YR,Male,85.5,KG,US,"",WEGOVY,SEMAGLUTIDE,,"",PS,Thrombosis,LT,2024Q2,Younger Adults (18–64),Others,80–99 kg,Missing,Missing,Life-threatening,Wegovy
23885841,1,65,YR,Male,100.8,KG,US,"",RYBELSUS,SEMAGLUTIDE,,"",PS,Constipation,DS,2024Q2,Older Adults (≥65),Gastro-Intestinal and Metabolic,≥100 kg,Missing,Missing,Disability,Rybelsus
23886987,1,60,YR,Male,,"",US,US,OZEMPIC,SEMAGLUTIDE,0.5,MG,PS,Impaired gastric emptying,DE,2024Q2,Younger Adults (18–64),Gastro-Intestinal and Metabolic,Missing,0.5–0.99 mg,Medium dose,Death,Ozempic
23886989,1,37,YR,Female,,"",US,US,WEGOVY,SEMAGLUTIDE,0.25,MG,PS,Suicidal ideation,OT,2024Q2,Younger Adults (18–64),Psychiatric-related,Missing,<0.5 mg,Low dose,Other serious outcome,Wegovy
23886992,1,79,YR,Female,,"",US,US,OZEMPIC,SEMAGLUTIDE,,"",PS,Condition aggravated,HO,2024Q2,Older Adults (≥65),Others,Missing,Missing,Missing,Hospitalization,Ozempic
23886999,2,62,YR,Male,,"",US,US,OZEMPIC,SEMAGLUTIDE,1,MG,PS,Intervertebral disc compression,OT,2024Q2,Younger Adults (18–64),Others,Missing,≥1 mg,High dose,Other serious outcome,Ozempic
23895612,1,39,YR,Female,117,KG,US,"",WEGOVY,SEMAGLUTIDE,,"",PS,Colitis ulcerative,OT,2024Q2,Younger Adults (18–64),Others,≥100 kg,Missing,Missing,Other serious outcome,Wegovy
23896273,1,30,YR,Male,137.25,KG,US,"",OZEMPIC,SEMAGLUTIDE,,"",PS,Panic attack,OT,2024Q2,Younger Adults (18–64),Psychiatric-related,≥100 kg,Missing,Missing,Other serious outcome,Ozempic
23902544,1,47,YR,Female,,"",US,US,WEGOVY,SEMAGLUTIDE,2.4,MG,PS,Diarrhoea,HO,2024Q2,Younger Adults (18–64),Gastro-Intestinal and Metabolic,Missing,≥1 mg,High dose,Hospitalization,Wegovy
23902549,3,71,YR,Male,,"",US,US,RYBELSUS,SEMAGLUTIDE,,"",PS,Chest discomfort,HO,2024Q2,Older Adults (≥65),Others,Missing,Missing,Missing,Hospitalization,Rybelsus
23902559,1,73,YR,Female,,"",US,US,OZEMPIC,SEMAGLUTIDE,,"",PS,Blindness,OT,2024Q2,Older Adults (≥65),Others,Missing,Missing,Missing,Other serious outcome,Ozempic
23902560,2,51,YR,Male,,"",US,US,OZEMPIC,SEMAGLUTIDE,1,MG,PS,Pancreatitis,HO,2024Q3,Younger Adults (18–64),Gastro-Intestinal and Metabolic,Missing,≥1 mg,High dose,Hospitalization,Ozempic
23902565,1,34,YR,Male,,"",US,US,OZEMPIC,SEMAGLUTIDE,,"",PS,Back pain,HO,2024Q2,Younger Adults (18–64),Others,Missing,Missing,Missing,Hospitalization,Ozempic
23902567,2,75,YR,Male,,"",US,US,RYBELSUS,SEMAGLUTIDE,3,MG,PS,Malaise,HO,2024Q2,Older Adults (≥65),Others,Missing,≥1 mg,High dose,Hospitalization,Rybelsus
23906186,2,69,YR,Female,,"",US,US,OZEMPIC,SEMAGLUTIDE,,"",PS,Diarrhoea,HO,2024Q3,Older Adults (≥65),Gastro-Intestinal and Metabolic,Missing,Missing,Missing,Hospitalization,Ozempic
23906190,4,67,YR,Female,,"",US,US,OZEMPIC,SEMAGLUTIDE,2,MG,PS,Oral pain,OT,2024Q3,Older Adults (≥65),Others,Missing,≥1 mg,High dose,Other serious outcome,Ozempic
23908101,1,58,YR,Female,122.4,KG,US,"",OZEMPIC,SEMAGLUTIDE,1,MG,PS,Suicidal ideation,OT,2024Q2,Younger Adults (18–64),Psychiatric-related,≥100 kg,≥1 mg,High dose,Other serious outcome,Ozempic
23908293,1,38,YR,Male,115.2,KG,US,"",WEGOVY,SEMAGLUTIDE,,"",PS,Diarrhoea haemorrhagic,OT,2024Q2,Younger Adults (18–64),Others,≥100 kg,Missing,Missing,Other serious outcome,Wegovy
23915169,1,85,YR,Male,,"",US,"",WEGOVY,SEMAGLUTIDE,,"",PS,Small intestinal obstruction,DE,2024Q2,Older Adults (≥65),Others,Missing,Missing,Missing,Death,Wegovy
23916635,1,43,YR,Female,,"",US,"",SEMAGLUTIDE,SEMAGLUTIDE,1.25,MG,PS,Pulmonary thrombosis,DE,2024Q2,Younger Adults (18–64),Others,Missing,≥1 mg,High dose,Death,Semaglutide (Unspecified)
23916716,1,76,YR,Female,,"",US,"",OZEMPIC,SEMAGLUTIDE,,"",PS,Hypophagia,HO,2024Q2,Older Adults (≥65),Others,Missing,Missing,Missing,Hospitalization,Ozempic
23917601,2,53,YR,Male,,"",US,US,OZEMPIC,SEMAGLUTIDE,2,MG,PS,Back disorder,OT,2024Q3,Younger Adults (18–64),Others,Missing,≥1 mg,High dose,Other serious outcome,Ozempic
23922076,1,50,YR,Male,,"",US,US,OZEMPIC,SEMAGLUTIDE,2,MG,PS,Retinal vascular disorder,OT,2024Q2,Younger Adults (18–64),Others,Missing,≥1 mg,High dose,Other serious outcome,Ozempic
23922094,2,54,YR,Male,79.365,KG,US,US,OZEMPIC,SEMAGLUTIDE,0.25,MG,PS,Nausea,HO,2024Q4,Younger Adults (18–64),Gastro-Intestinal and Metabolic,<80 kg,<0.5 mg,Low dose,Hospitalization,Ozempic
23922096,1,77,YR,Female,,"",US,US,RYBELSUS,SEMAGLUTIDE,3,MG,PS,Neuropathy peripheral,OT,2024Q2,Older Adults (≥65),Others,Missing,≥1 mg,High dose,Other serious outcome,Rybelsus
23922098,1,42,YR,Female,,"",US,US,WEGOVY,SEMAGLUTIDE,,"",PS,Migraine,OT,2024Q2,Younger Adults (18–64),Others,Missing,Missing,Missing,Other serious outcome,Wegovy
23922199,1,82,YR,Male,,"",US,US,OZEMPIC,SEMAGLUTIDE,0.5,MG,PS,Blood glucose increased,OT,2024Q2,Older Adults (≥65),Gastro-Intestinal and Metabolic,Missing,0.5–0.99 mg,Medium dose,Other serious outcome,Ozempic
23922201,1,70,YR,Female,,"",US,US,WEGOVY,SEMAGLUTIDE,,"",PS,Ileus,DE,2024Q2,Older Adults (≥65),Gastro-Intestinal and Metabolic,Missing,Missing,Missing,Death,Wegovy
23925229,1,49,YR,Male,117,KG,US,"",WEGOVY,SEMAGLUTIDE,,"",PS,Emotional distress,OT,2024Q2,Younger Adults (18–64),Others,≥100 kg,Missing,Missing,Other serious outcome,Wegovy
23925762,1,57,YR,Male,90,KG,US,"",SEMAGLUTIDE,SEMAGLUTIDE,0.5,MG,PS,Ileus,HO,2024Q2,Younger Adults (18–64),Gastro-Intestinal and Metabolic,80–99 kg,0.5–0.99 mg,Medium dose,Hospitalization,Semaglutide (Unspecified)
23926489,1,59,YR,Female,92.25,KG,US,"",RYBELSUS,SEMAGLUTIDE,,"",PS,Abdominal pain,OT,2024Q2,Younger Adults (18–64),Gastro-Intestinal and Metabolic,80–99 kg,Missing,Missing,Other serious outcome,Rybelsus
23927069,1,55,YR,Female,116.1,KG,US,"",RYBELSUS,SEMAGLUTIDE,,"",PS,Inability to afford medication,LT,2024Q2,Younger Adults (18–64),Others,≥100 kg,Missing,Missing,Life-threatening,Rybelsus
23931217,1,75,YR,Male,,"",US,US,OZEMPIC,SEMAGLUTIDE,,"",PS,Nephrolithiasis,HO,2024Q2,Older Adults (≥65),Others,Missing,Missing,Missing,Hospitalization,Ozempic
23931227,2,68,YR,Female,,"",US,US,OZEMPIC,SEMAGLUTIDE,0.5,MG,PS,Cataract operation,OT,2024Q4,Older Adults (≥65),Others,Missing,0.5–0.99 mg,Medium dose,Other serious outcome,Ozempic
23931229,1,43,YR,Male,,"",US,US,WEGOVY,SEMAGLUTIDE,,"",PS,Pancreatitis,DE,2024Q2,Younger Adults (18–64),Gastro-Intestinal and Metabolic,Missing,Missing,Missing,Death,Wegovy
23931233,1,77,YR,Female,,"",US,US,OZEMPIC,SEMAGLUTIDE,,"",PS,COVID-19,OT,2024Q2,Older Adults (≥65),Others,Missing,Missing,Missing,Other serious outcome,Ozempic
23931235,2,75,YR,Female,,"",US,US,OZEMPIC,SEMAGLUTIDE,,"",PS,Dehydration,HO,2024Q4,Older Adults (≥65),Gastro-Intestinal and Metabolic,Missing,Missing,Missing,Hospitalization,Ozempic
23932647,1,31,YR,Female,63,KG,US,"",CYANOCOBALAMIN\SEMAGLUTIDE,CYANOCOBALAMIN\SEMAGLUTIDE,,"",PS,Loss of consciousness,LT,2024Q2,Younger Adults (18–64),Others,<80 kg,Missing,Missing,Life-threatening,Combination Product
23932726,1,50,YR,Female,83.25,KG,US,"",METHYLCOBALAMIN\SEMAGLUTIDE,METHYLCOBALAMIN\SEMAGLUTIDE,,"",PS,Feeling abnormal,OT,2024Q2,Younger Adults (18–64),Others,80–99 kg,Missing,Missing,Other serious outcome,Combination Product
23933091,1,54,YR,Female,84.15,KG,US,"",WEGOVY,SEMAGLUTIDE,,"",PS,Incorrect dose administered,OT,2024Q2,Younger Adults (18–64),Others,80–99 kg,Missing,Missing,Other serious outcome,Wegovy
23933832,1,47,YR,Male,88.6,KG,US,"",OZEMPIC,SEMAGLUTIDE,,"",PS,Pancreatitis,HO,2024Q2,Younger Adults (18–64),Gastro-Intestinal and Metabolic,80–99 kg,Missing,Missing,Hospitalization,Ozempic
23935036,1,74,YR,Female,,"",US,US,OZEMPIC,SEMAGLUTIDE,0.5,MG,PS,Prosthetic cardiac valve malfunction,DE,2024Q2,Older Adults (≥65),Others,Missing,0.5–0.99 mg,Medium dose,Death,Ozempic
23935139,2,74,YR,Female,,"",US,US,OZEMPIC,SEMAGLUTIDE,0.5,MG,PS,Cerebrovascular accident,HO,2024Q3,Older Adults (≥65),Cardiovascular,Missing,0.5–0.99 mg,Medium dose,Hospitalization,Ozempic
23935140,2,69,YR,Female,89,KG,US,US,OZEMPIC,SEMAGLUTIDE,0.25,MG,PS,Wrong technique in product usage process,HO,2024Q3,Older Adults (≥65),Others,80–99 kg,<0.5 mg,Low dose,Hospitalization,Ozempic
23936624,1,50,YR,Female,92.25,KG,US,"",SEMAGLUTIDE,SEMAGLUTIDE,,"",PS,Joint swelling,DS,2024Q2,Younger Adults (18–64),Others,80–99 kg,Missing,Missing,Disability,Semaglutide (Unspecified)
23936728,1,50,YR,Male,103.5,KG,US,"",WEGOVY,SEMAGLUTIDE,,"",PS,Neurological symptom,HO,2024Q2,Younger Adults (18–64),Others,≥100 kg,Missing,Missing,Hospitalization,Wegovy
23937018,1,20,YR,Female,102.15,KG,US,"",WEGOVY,SEMAGLUTIDE,,"",PS,Ventricular extrasystoles,HO,2024Q2,Younger Adults (18–64),Others,≥100 kg,Missing,Missing,Hospitalization,Wegovy
23937206,1,42,YR,Female,74.25,KG,US,"",SEMAGLUTIDE,SEMAGLUTIDE,,"",PS,Paraesthesia,HO,2024Q2,Younger Adults (18–64),Others,<80 kg,Missing,Missing,Hospitalization,Semaglutide (Unspecified)
23937280,1,32,YR,Female,81,KG,US,"",WEGOVY,SEMAGLUTIDE,,"",PS,Cholelithiasis,HO,2024Q2,Younger Adults (18–64),Gastro-Intestinal and Metabolic,80–99 kg,Missing,Missing,Hospitalization,Wegovy
23939303,1,75,YR,Female,68.946,KG,US,US,WEGOVY,SEMAGLUTIDE,,"",PS,Sleep apnoea syndrome,OT,2024Q2,Older Adults (≥65),Others,<80 kg,Missing,Missing,Other serious outcome,Wegovy
23939306,2,82,YR,Female,62.585,KG,US,US,OZEMPIC,SEMAGLUTIDE,,"",PS,Cataract operation,HO,2024Q3,Older Adults (≥65),Others,<80 kg,Missing,Missing,Hospitalization,Ozempic
23943644,1,68,YR,Male,256,KG,US,US,OZEMPIC,SEMAGLUTIDE,,"",PS,Thyroid function test abnormal,HO,2024Q2,Older Adults (≥65),Others,≥100 kg,Missing,Missing,Hospitalization,Ozempic
23943656,1,73,YR,Male,,"",US,US,OZEMPIC,SEMAGLUTIDE,,"",PS,Disability,DS,2024Q2,Older Adults (≥65),Others,Missing,Missing,Missing,Disability,Ozempic
23943659,1,52,YR,Female,,"",US,US,OZEMPIC,SEMAGLUTIDE,,"",PS,Appendicitis,OT,2024Q2,Younger Adults (18–64),Others,Missing,Missing,Missing,Other serious outcome,Ozempic
23946202,1,34,YR,Male,110.25,KG,US,"",OZEMPIC,SEMAGLUTIDE,,"",PS,Colitis,HO,2024Q2,Younger Adults (18–64),Others,≥100 kg,Missing,Missing,Hospitalization,Ozempic
23946247,1,31,YR,Female,85.5,KG,US,"",CYANOCOBALAMIN\SEMAGLUTIDE,CYANOCOBALAMIN\SEMAGLUTIDE,,"",PS,Suicidal ideation,LT,2024Q2,Younger Adults (18–64),Psychiatric-related,80–99 kg,Missing,Missing,Life-threatening,Combination Product
23949791,1,67,YR,Female,76.05,KG,US,"",OZEMPIC,SEMAGLUTIDE,,"",PS,Discomfort,HO,2024Q2,Older Adults (≥65),Others,<80 kg,Missing,Missing,Hospitalization,Ozempic
23949800,1,57,YR,Male,136.8,KG,US,"",OZEMPIC,SEMAGLUTIDE,,"",PS,Depression,LT,2024Q2,Younger Adults (18–64),Psychiatric-related,≥100 kg,Missing,Missing,Life-threatening,Ozempic
23950822,1,40,YR,Female,,"",US,US,OZEMPIC,SEMAGLUTIDE,0.25,MG,PS,Haematemesis,HO,2024Q2,Younger Adults (18–64),Others,Missing,<0.5 mg,Low dose,Hospitalization,Ozempic
23951055,1,45,YR,Female,103.5,KG,US,"",OZEMPIC,SEMAGLUTIDE,,"",PS,Vision blurred,RI,2024Q2,Younger Adults (18–64),Others,≥100 kg,Missing,Missing,Required intervention,Ozempic
23951231,1,87,YR,Male,,"",US,US,OZEMPIC,SEMAGLUTIDE,0.25,MG,PS,Vision blurred,OT,2024Q2,Older Adults (≥65),Others,Missing,<0.5 mg,Low dose,Other serious outcome,Ozempic
23952789,1,30,YR,Female,,"",US,"",OZEMPIC,SEMAGLUTIDE,,"",PS,Diarrhoea,HO,2024Q2,Younger Adults (18–64),Gastro-Intestinal and Metabolic,Missing,Missing,Missing,Hospitalization,Ozempic
23952810,1,74,YR,Female,65.25,KG,US,"",SEMAGLUTIDE,SEMAGLUTIDE,,"",PS,Seizure,HO,2024Q2,Older Adults (≥65),Others,<80 kg,Missing,Missing,Hospitalization,Semaglutide (Unspecified)
23954119,1,74,YR,Female,,"",US,US,OZEMPIC,SEMAGLUTIDE,,"",PS,Nausea,OT,2024Q2,Older Adults (≥65),Gastro-Intestinal and Metabolic,Missing,Missing,Missing,Other serious outcome,Ozempic
23954143,1,59,YR,Female,,"",US,US,WEGOVY,SEMAGLUTIDE,,"",PS,Oesophageal rupture,OT,2024Q2,Younger Adults (18–64),Others,Missing,Missing,Missing,Other serious outcome,Wegovy
23954145,2,65,YR,Female,,"",US,US,OZEMPIC,SEMAGLUTIDE,2,MG,PS,Fracture,OT,2024Q3,Older Adults (≥65),Others,Missing,≥1 mg,High dose,Other serious outcome,Ozempic
23954146,1,80,YR,Female,,"",US,US,OZEMPIC,SEMAGLUTIDE,0.25,MG,PS,Arthralgia,HO,2024Q2,Older Adults (≥65),Others,Missing,<0.5 mg,Low dose,Hospitalization,Ozempic
23954158,1,82,YR,Female,,"",US,US,OZEMPIC,SEMAGLUTIDE,0.5,MG,PS,Off label use,HO,2024Q2,Older Adults (≥65),Others,Missing,0.5–0.99 mg,Medium dose,Hospitalization,Ozempic
23954199,1,71,YR,Female,,"",US,US,OZEMPIC,SEMAGLUTIDE,0.25,MG,PS,Muscle operation,HO,2024Q2,Older Adults (≥65),Others,Missing,<0.5 mg,Low dose,Hospitalization,Ozempic
23958642,1,82,YR,Male,,"",US,US,OZEMPIC,SEMAGLUTIDE,,"",PS,Fall,HO,2024Q2,Older Adults (≥65),Others,Missing,Missing,Missing,Hospitalization,Ozempic
23958676,1,63,YR,Male,,"",US,US,OZEMPIC,SEMAGLUTIDE,2,MG,PS,Asthenia,HO,2024Q2,Younger Adults (18–64),Others,Missing,≥1 mg,High dose,Hospitalization,Ozempic
23958678,1,61,YR,Female,,"",US,US,OZEMPIC,SEMAGLUTIDE,2,MG,PS,Stent placement,OT,2024Q2,Younger Adults (18–64),Others,Missing,≥1 mg,High dose,Other serious outcome,Ozempic
23958684,2,56,YR,Female,,"",US,US,OZEMPIC,SEMAGLUTIDE,0.5,MG,PS,Product use issue,HO,2024Q4,Younger Adults (18–64),Others,Missing,0.5–0.99 mg,Medium dose,Hospitalization,Ozempic
23958687,2,36,YR,Female,76.19,KG,US,US,OZEMPIC,SEMAGLUTIDE,0.05,MG,PS,Haematemesis,HO,2024Q4,Younger Adults (18–64),Others,<80 kg,<0.5 mg,Low dose,Hospitalization,Ozempic
23960344,1,66,YR,Female,70.2,KG,US,"",SEMAGLUTIDE,SEMAGLUTIDE,,"",PS,Vomiting,OT,2024Q2,Older Adults (≥65),Gastro-Intestinal and Metabolic,<80 kg,Missing,Missing,Other serious outcome,Semaglutide (Unspecified)
23960856,1,36,YR,Female,94.5,KG,US,"",OZEMPIC,SEMAGLUTIDE,,"",PS,Emotional disorder,DS,2024Q2,Younger Adults (18–64),Others,80–99 kg,Missing,Missing,Disability,Ozempic
23963454,1,45,YR,Female,110.25,KG,US,"",WEGOVY,SEMAGLUTIDE,,"",PS,Pain,OT,2024Q2,Younger Adults (18–64),Others,≥100 kg,Missing,Missing,Other serious outcome,Wegovy
23964040,1,42,YR,Female,,"",US,US,WEGOVY,SEMAGLUTIDE,,"",PS,Gastrointestinal haemorrhage,HO,2024Q2,Younger Adults (18–64),Others,Missing,Missing,Missing,Hospitalization,Wegovy
23964524,1,60,YR,Male,80.55,KG,US,"",RYBELSUS,SEMAGLUTIDE,,"",PS,Completed suicide,DE,2024Q2,Younger Adults (18–64),Psychiatric-related,80–99 kg,Missing,Missing,Death,Rybelsus
23967474,1,58,YR,Female,90.45,KG,US,"",WEGOVY,SEMAGLUTIDE,0.25,MG,PS,Constipation,HO,2024Q2,Younger Adults (18–64),Gastro-Intestinal and Metabolic,80–99 kg,<0.5 mg,Low dose,Hospitalization,Wegovy
23967521,1,75,YR,Male,,"",US,"",OZEMPIC,SEMAGLUTIDE,,"",PS,Product label confusion,OT,2024Q2,Older Adults (≥65),Others,Missing,Missing,Missing,Other serious outcome,Ozempic
23967694,1,42,YR,Female,,"",US,US,OZEMPIC,SEMAGLUTIDE,,"",PS,Upper limb fracture,OT,2024Q2,Younger Adults (18–64),Others,Missing,Missing,Missing,Other serious outcome,Ozempic
23968995,1,41,YR,Female,87.3,KG,US,"",SEMAGLUTIDE,SEMAGLUTIDE,,"",PS,Therapy cessation,HO,2024Q2,Younger Adults (18–64),Others,80–99 kg,Missing,Missing,Hospitalization,Semaglutide (Unspecified)
23969326,2,72,YR,Male,,"",US,US,OZEMPIC,SEMAGLUTIDE,0.5,MG,PS,Urethral stenosis,OT,2024Q3,Older Adults (≥65),Others,Missing,0.5–0.99 mg,Medium dose,Other serious outcome,Ozempic
23969331,2,34,YR,Female,,"",US,US,WEGOVY,SEMAGLUTIDE,0.25,MG,PS,Panic attack,HO,2024Q3,Younger Adults (18–64),Psychiatric-related,Missing,<0.5 mg,Low dose,Hospitalization,Wegovy
23969345,1,63,YR,Female,,"",US,US,OZEMPIC,SEMAGLUTIDE,,"",PS,Asthenia,HO,2024Q2,Younger Adults (18–64),Others,Missing,Missing,Missing,Hospitalization,Ozempic
23971719,1,64,YR,Female,87.75,KG,US,"",OZEMPIC,SEMAGLUTIDE,,"",PS,Large intestinal obstruction,LT,2024Q2,Younger Adults (18–64),Others,80–99 kg,Missing,Missing,Life-threatening,Ozempic
23971751,1,74,YR,Female,72,KG,US,"",SEMAGLUTIDE,SEMAGLUTIDE,0.25,MG,PS,Rash macular,OT,2024Q2,Older Adults (≥65),Others,<80 kg,<0.5 mg,Low dose,Other serious outcome,Semaglutide (Unspecified)
23972078,1,33,YR,Female,,"",US,"",WEGOVY,SEMAGLUTIDE,,"",PS,Palpitations,OT,2024Q2,Younger Adults (18–64),Cardiovascular,Missing,Missing,Missing,Other serious outcome,Wegovy
23972633,1,75,YR,Male,119.25,KG,US,"",OZEMPIC,SEMAGLUTIDE,,"",PS,Loss of consciousness,LT,2024Q2,Older Adults (≥65),Others,≥100 kg,Missing,Missing,Life-threatening,Ozempic
23973509,1,60,YR,Female,102.2,KG,US,"",WEGOVY,SEMAGLUTIDE,,"",PS,Throat tightness,LT,2024Q2,Younger Adults (18–64),Others,≥100 kg,Missing,Missing,Life-threatening,Wegovy
23973922,1,77,YR,Male,,"",US,US,OZEMPIC,SEMAGLUTIDE,0.5,MG,PS,Feeling hot,HO,2024Q2,Older Adults (≥65),Others,Missing,0.5–0.99 mg,Medium dose,Hospitalization,Ozempic
23973992,2,32,YR,Female,107,KG,US,US,OZEMPIC,SEMAGLUTIDE,0.25,MG,PS,Headache,OT,2024Q3,Younger Adults (18–64),Others,≥100 kg,<0.5 mg,Low dose,Other serious outcome,Ozempic
23976411,1,69,YR,Female,76.5,KG,US,"",OZEMPIC,SEMAGLUTIDE,,"",PS,Anxiety,RI,2024Q2,Older Adults (≥65),Psychiatric-related,<80 kg,Missing,Missing,Required intervention,Ozempic
23978253,1,80,YR,Female,,"",US,US,OZEMPIC,SEMAGLUTIDE,,"",PS,Disability,DS,2024Q2,Older Adults (≥65),Others,Missing,Missing,Missing,Disability,Ozempic
23981220,1,83,YR,Female,66.6,KG,US,"",OZEMPIC,SEMAGLUTIDE,,"",PS,Colitis,HO,2024Q2,Older Adults (≥65),Others,<80 kg,Missing,Missing,Hospitalization,Ozempic
23981323,1,49,YR,Female,74.25,KG,US,"",WEGOVY,SEMAGLUTIDE,,"",PS,Arthralgia,OT,2024Q2,Younger Adults (18–64),Others,<80 kg,Missing,Missing,Other serious outcome,Wegovy
23981840,1,69,YR,Male,,"",US,US,OZEMPIC,SEMAGLUTIDE,,"",PS,White blood cell count increased,HO,2024Q2,Older Adults (≥65),Others,Missing,Missing,Missing,Hospitalization,Ozempic
23981842,1,56,YR,Male,90.703,KG,US,US,OZEMPIC,SEMAGLUTIDE,,"",PS,Death,DE,2024Q2,Younger Adults (18–64),Others,80–99 kg,Missing,Missing,Death,Ozempic
23982637,2,67,YR,Female,,"",US,US,OZEMPIC,SEMAGLUTIDE,,"",PS,Ileus,HO,2024Q3,Older Adults (≥65),Gastro-Intestinal and Metabolic,Missing,Missing,Missing,Hospitalization,Ozempic
23982638,1,76,YR,Male,,"",US,US,OZEMPIC,SEMAGLUTIDE,,"",PS,Seizure,OT,2024Q2,Older Adults (≥65),Others,Missing,Missing,Missing,Other serious outcome,Ozempic
23982643,1,73,YR,Female,,"",US,US,OZEMPIC,SEMAGLUTIDE,2,MG,PS,Cataract operation,OT,2024Q2,Older Adults (≥65),Others,Missing,≥1 mg,High dose,Other serious outcome,Ozempic
23982655,1,63,YR,Female,,"",US,US,OZEMPIC,SEMAGLUTIDE,1,MG,PS,Haematochezia,OT,2024Q2,Younger Adults (18–64),Others,Missing,≥1 mg,High dose,Other serious outcome,Ozempic
23982659,1,79,YR,Female,,"",US,US,OZEMPIC,SEMAGLUTIDE,1,MG,PS,Diverticulitis,OT,2024Q2,Older Adults (≥65),Others,Missing,≥1 mg,High dose,Other serious outcome,Ozempic
23983785,2,59,YR,Male,,"",US,US,OZEMPIC,SEMAGLUTIDE,,"",PS,Gastrointestinal infection,DE,2024Q3,Younger Adults (18–64),Others,Missing,Missing,Missing,Death,Ozempic
23983790,1,49,YR,Female,,"",US,US,OZEMPIC,SEMAGLUTIDE,,"",PS,Blood pressure increased,HO,2024Q2,Younger Adults (18–64),Others,Missing,Missing,Missing,Hospitalization,Ozempic
23983791,1,69,YR,Female,103.4,KG,US,US,OZEMPIC,SEMAGLUTIDE,,"",PS,Vomiting,HO,2024Q2,Older Adults (≥65),Gastro-Intestinal and Metabolic,≥100 kg,Missing,Missing,Hospitalization,Ozempic
23983803,2,59,YR,Female,82.993,KG,US,US,OZEMPIC,SEMAGLUTIDE,1,MG,PS,Pyrexia,HO,2024Q4,Younger Adults (18–64),Others,80–99 kg,≥1 mg,High dose,Hospitalization,Ozempic
23986627,1,48,YR,Female,63.45,KG,US,"",SEMAGLUTIDE,SEMAGLUTIDE,,"",PS,Appendicitis,HO,2024Q2,Younger Adults (18–64),Others,<80 kg,Missing,Missing,Hospitalization,Semaglutide (Unspecified)
23986758,1,61,YR,Female,96.75,KG,US,"",RYBELSUS,SEMAGLUTIDE,,"",PS,Electrocardiogram abnormal,LT,2024Q2,Younger Adults (18–64),Others,80–99 kg,Missing,Missing,Life-threatening,Rybelsus
23987776,2,57,YR,Female,,"",US,US,OZEMPIC,SEMAGLUTIDE,,"",PS,Breast cancer,OT,2024Q3,Younger Adults (18–64),Others,Missing,Missing,Missing,Other serious outcome,Ozempic
23987791,1,79,YR,Male,,"",US,US,OZEMPIC,SEMAGLUTIDE,0.5,MG,PS,Lung neoplasm malignant,OT,2024Q2,Older Adults (≥65),Others,Missing,0.5–0.99 mg,Medium dose,Other serious outcome,Ozempic
23987794,3,68,YR,Female,,"",US,US,OZEMPIC,SEMAGLUTIDE,1,MG,PS,Product use in unapproved indication,OT,2024Q3,Older Adults (≥65),Others,Missing,≥1 mg,High dose,Other serious outcome,Ozempic
23992309,1,63,YR,Male,,"",US,US,OZEMPIC,SEMAGLUTIDE,0.25,MG,PS,Condition aggravated,HO,2024Q2,Younger Adults (18–64),Others,Missing,<0.5 mg,Low dose,Hospitalization,Ozempic
23992311,1,74,YR,Female,,"",US,US,OZEMPIC,SEMAGLUTIDE,0.5,MG,PS,Chronic kidney disease,OT,2024Q2,Older Adults (≥65),Others,Missing,0.5–0.99 mg,Medium dose,Other serious outcome,Ozempic
23993786,1,54,YR,Female,96,KG,US,"",WEGOVY,SEMAGLUTIDE,0.5,MG,PS,Cardiac arrest,DE,2024Q2,Younger Adults (18–64),Cardiovascular,80–99 kg,0.5–0.99 mg,Medium dose,Death,Wegovy
23993796,1,38,YR,Female,60.3,KG,US,"",WEGOVY,SEMAGLUTIDE,2.4,MG,PS,Malnutrition,DS,2024Q2,Younger Adults (18–64),Gastro-Intestinal and Metabolic,<80 kg,≥1 mg,High dose,Disability,Wegovy
23994970,1,80,YR,Male,90,KG,US,"",OZEMPIC,SEMAGLUTIDE,,"",PS,Pancreatic carcinoma,LT,2024Q2,Older Adults (≥65),Others,80–99 kg,Missing,Missing,Life-threatening,Ozempic
23995779,1,23,YR,Male,,"",US,"",OZEMPIC,SEMAGLUTIDE,,"",PS,Therapy cessation,OT,2024Q2,Younger Adults (18–64),Others,Missing,Missing,Missing,Other serious outcome,Ozempic
23996578,1,71,YR,Female,,"",US,US,OZEMPIC,SEMAGLUTIDE,,"",PS,Stress fracture,OT,2024Q2,Older Adults (≥65),Others,Missing,Missing,Missing,Other serious outcome,Ozempic
23998834,1,37,YR,Female,292,LBS,US,"",OZEMPIC,SEMAGLUTIDE,2,MG,PS,Impaired gastric emptying,HO,2024Q2,Younger Adults (18–64),Gastro-Intestinal and Metabolic,≥100 kg,≥1 mg,High dose,Hospitalization,Ozempic
23999010,1,37,YR,Female,292,LBS,US,"",OZEMPIC,SEMAGLUTIDE,2,MG,PS,Impaired gastric emptying,HO,2024Q2,Younger Adults (18–64),Gastro-Intestinal and Metabolic,≥100 kg,≥1 mg,High dose,Hospitalization,Ozempic
23999915,1,44,YR,Female,121.5,KG,US,"",WEGOVY,SEMAGLUTIDE,,"",PS,Fatigue,HO,2024Q2,Younger Adults (18–64),Others,≥100 kg,Missing,Missing,Hospitalization,Wegovy
24002895,1,65,YR,Male,,"",US,US,OZEMPIC,SEMAGLUTIDE,,"",PS,Inappropriate schedule of product administration,OT,2024Q2,Older Adults (≥65),Others,Missing,Missing,Missing,Other serious outcome,Ozempic
24003375,1,50,YR,Female,,"",US,US,WEGOVY,SEMAGLUTIDE,,"",PS,Bradycardia,OT,2024Q2,Younger Adults (18–64),Cardiovascular,Missing,Missing,Missing,Other serious outcome,Wegovy
24005142,1,39,YR,Female,65.25,KG,US,"",SEMAGLUTIDE,SEMAGLUTIDE,,"",PS,Intentional self-injury,LT,2024Q2,Younger Adults (18–64),Others,<80 kg,Missing,Missing,Life-threatening,Semaglutide (Unspecified)
24005298,1,76,YR,Female,92.99,KG,US,"",OZEMPIC,SEMAGLUTIDE,,"",PS,Nonspecific reaction,HO,2024Q2,Older Adults (≥65),Others,80–99 kg,Missing,Missing,Hospitalization,Ozempic
24007452,1,76,YR,Male,,"",US,US,RYBELSUS,SEMAGLUTIDE,6,MG,PS,Renal neoplasm,OT,2024Q2,Older Adults (≥65),Others,Missing,≥1 mg,High dose,Other serious outcome,Rybelsus
24007512,1,65,YR,Female,,"",US,US,OZEMPIC,SEMAGLUTIDE,,"",PS,Rotator cuff syndrome,OT,2024Q2,Older Adults (≥65),Others,Missing,Missing,Missing,Other serious outcome,Ozempic
24012745,1,41,YR,Female,172.34,KG,US,US,WEGOVY,SEMAGLUTIDE,,"",PS,Crohn's disease,OT,2024Q2,Younger Adults (18–64),Others,≥100 kg,Missing,Missing,Other serious outcome,Wegovy
24014861,1,29,YR,Female,66.6,KG,US,"",METHYLCOBALAMIN\SEMAGLUTIDE,METHYLCOBALAMIN\SEMAGLUTIDE,,"",PS,Abdominal pain upper,HO,2024Q2,Younger Adults (18–64),Gastro-Intestinal and Metabolic,<80 kg,Missing,Missing,Hospitalization,Combination Product
24015521,1,31,YR,Female,67.05,KG,US,"",OZEMPIC,SEMAGLUTIDE,,"",PS,Diabetic ketoacidosis,HO,2024Q2,Younger Adults (18–64),Gastro-Intestinal and Metabolic,<80 kg,Missing,Missing,Hospitalization,Ozempic
24020280,1,36,YR,Female,108,KG,US,"",OZEMPIC,SEMAGLUTIDE,,"",PS,Cholelithiasis,OT,2024Q2,Younger Adults (18–64),Gastro-Intestinal and Metabolic,≥100 kg,Missing,Missing,Other serious outcome,Ozempic
24020373,1,30,YR,Male,,"",US,US,OZEMPIC,SEMAGLUTIDE,,"",PS,Glycosylated haemoglobin increased,HO,2024Q2,Younger Adults (18–64),Others,Missing,Missing,Missing,Hospitalization,Ozempic
24020381,2,67,YR,Female,94.966,KG,US,US,WEGOVY,SEMAGLUTIDE,2.4,MG,PS,Hip surgery,OT,2024Q3,Older Adults (≥65),Others,80–99 kg,≥1 mg,High dose,Other serious outcome,Wegovy
24020382,2,50,YR,Female,,"",US,US,OZEMPIC,SEMAGLUTIDE,0.25,MG,PS,Vomiting,LT,2024Q3,Younger Adults (18–64),Gastro-Intestinal and Metabolic,Missing,<0.5 mg,Low dose,Life-threatening,Ozempic
24020384,1,54,YR,Male,,"",US,US,OZEMPIC,SEMAGLUTIDE,0.5,MG,PS,Renal stone removal,OT,2024Q2,Younger Adults (18–64),Others,Missing,0.5–0.99 mg,Medium dose,Other serious outcome,Ozempic
24023678,2,78,YR,Male,112.47,KG,US,US,OZEMPIC,SEMAGLUTIDE,1,MG,PS,Hypotension,HO,2024Q4,Older Adults (≥65),Cardiovascular,≥100 kg,≥1 mg,High dose,Hospitalization,Ozempic
24023873,1,56,YR,Female,,"",US,US,OZEMPIC,SEMAGLUTIDE,0.5,MG,PS,Liver transplant,OT,2024Q2,Younger Adults (18–64),Others,Missing,0.5–0.99 mg,Medium dose,Other serious outcome,Ozempic
24029010,1,47,YR,Female,,"",US,"",OZEMPIC,SEMAGLUTIDE,,"",PS,Abdominal pain,HO,2024Q2,Younger Adults (18–64),Gastro-Intestinal and Metabolic,Missing,Missing,Missing,Hospitalization,Ozempic
24029933,1,40,YR,Female,129.5,KG,US,"",LEVOCARNITINE\SEMAGLUTIDE,LEVOCARNITINE\SEMAGLUTIDE,,"",PS,Cerebrovascular accident,LT,2024Q2,Younger Adults (18–64),Cardiovascular,≥100 kg,Missing,Missing,Life-threatening,Combination Product
24032497,1,70,YR,Female,,"",US,US,WEGOVY,SEMAGLUTIDE,,"",PS,Gallbladder operation,OT,2024Q3,Older Adults (≥65),Others,Missing,Missing,Missing,Other serious outcome,Wegovy
24032500,2,78,YR,Male,,"",US,US,OZEMPIC,SEMAGLUTIDE,,"",PS,Cardiac pacemaker insertion,HO,2024Q3,Older Adults (≥65),Others,Missing,Missing,Missing,Hospitalization,Ozempic
24032513,1,40,YR,Female,,"",US,US,WEGOVY,SEMAGLUTIDE,0.25,MG,PS,Gastric ulcer,OT,2024Q3,Younger Adults (18–64),Others,Missing,<0.5 mg,Low dose,Other serious outcome,Wegovy
24032833,1,62,YR,Female,,"",US,US,OZEMPIC,SEMAGLUTIDE,0.25,MG,PS,Off label use,OT,2024Q3,Younger Adults (18–64),Others,Missing,<0.5 mg,Low dose,Other serious outcome,Ozempic
24032839,2,88,YR,Male,,"",US,US,OZEMPIC,SEMAGLUTIDE,,"",PS,Blood glucose decreased,OT,2024Q3,Older Adults (≥65),Gastro-Intestinal and Metabolic,Missing,Missing,Missing,Other serious outcome,Ozempic
24032974,1,55,YR,Female,115.65,KG,US,US,OZEMPIC,SEMAGLUTIDE,,"",PS,Endometrial cancer,HO,2024Q3,Younger Adults (18–64),Others,≥100 kg,Missing,Missing,Hospitalization,Ozempic
24035110,1,45,YR,Female,99.9,KG,US,"",OZEMPIC,SEMAGLUTIDE,,"",PS,Tooth loss,RI,2024Q2,Younger Adults (18–64),Others,80–99 kg,Missing,Missing,Required intervention,Ozempic
24035486,1,44,YR,Female,63,KG,US,"",SEMAGLUTIDE,SEMAGLUTIDE,,"",PS,Defaecation urgency,LT,2024Q2,Younger Adults (18–64),Others,<80 kg,Missing,Missing,Life-threatening,Semaglutide (Unspecified)
24036562,1,52,YR,Female,,"",US,"",SEMAGLUTIDE,SEMAGLUTIDE,4,ML,PS,Weight decreased,RI,2024Q2,Younger Adults (18–64),Gastro-Intestinal and Metabolic,Missing,≥1 mg,High dose,Required intervention,Semaglutide (Unspecified)
24036579,1,40,YR,Female,62.1,KG,US,"",SEMAGLUTIDE,SEMAGLUTIDE,,"",PS,Anxiety,HO,2024Q2,Younger Adults (18–64),Psychiatric-related,<80 kg,Missing,Missing,Hospitalization,Semaglutide (Unspecified)
24037379,2,68,YR,Female,,"",US,US,OZEMPIC,SEMAGLUTIDE,2,MG,PS,Anxiety,OT,2024Q3,Older Adults (≥65),Psychiatric-related,Missing,≥1 mg,High dose,Other serious outcome,Ozempic
24037495,1,44,YR,Male,,"",US,US,OZEMPIC,SEMAGLUTIDE,1,MG,PS,Colon cancer,OT,2024Q3,Younger Adults (18–64),Others,Missing,≥1 mg,High dose,Other serious outcome,Ozempic
24040082,1,24,YR,Male,121.05,KG,US,"",OZEMPIC,SEMAGLUTIDE,,"",PS,Somnolence,DS,2024Q3,Younger Adults (18–64),Others,≥100 kg,Missing,Missing,Disability,Ozempic
24040791,1,66,YR,Female,74.3,KG,US,"",OZEMPIC,SEMAGLUTIDE,,"",PS,Intestinal pseudo-obstruction,HO,2024Q3,Older Adults (≥65),Others,<80 kg,Missing,Missing,Hospitalization,Ozempic
24040808,1,73,YR,Female,155.25,KG,US,"",OZEMPIC,SEMAGLUTIDE,,"",PS,Abdominal pain,DS,2024Q3,Older Adults (≥65),Gastro-Intestinal and Metabolic,≥100 kg,Missing,Missing,Disability,Ozempic
24042045,1,44,YR,Female,108,KG,US,"",WEGOVY,SEMAGLUTIDE,,"",PS,Migraine,DS,2024Q3,Younger Adults (18–64),Others,≥100 kg,Missing,Missing,Disability,Wegovy
24043515,2,39,YR,Male,,"",US,US,OZEMPIC,SEMAGLUTIDE,0.5,MG,PS,Nausea,OT,2024Q4,Younger Adults (18–64),Gastro-Intestinal and Metabolic,Missing,0.5–0.99 mg,Medium dose,Other serious outcome,Ozempic
24043527,2,54,YR,Female,109.7,KG,US,US,OZEMPIC,SEMAGLUTIDE,,"",PS,Fall,OT,2024Q3,Younger Adults (18–64),Others,≥100 kg,Missing,Missing,Other serious outcome,Ozempic
24047108,1,68,YR,Female,87.75,KG,US,"",OZEMPIC,SEMAGLUTIDE,,"",PS,Vomiting,RI,2024Q3,Older Adults (≥65),Gastro-Intestinal and Metabolic,80–99 kg,Missing,Missing,Required intervention,Ozempic
24048385,2,63,YR,Female,,"",US,US,OZEMPIC,SEMAGLUTIDE,2,MG,PS,Colon cancer,OT,2024Q3,Younger Adults (18–64),Others,Missing,≥1 mg,High dose,Other serious outcome,Ozempic
24048389,1,67,YR,Female,,"",US,US,OZEMPIC,SEMAGLUTIDE,,"",PS,Colitis ischaemic,HO,2024Q3,Older Adults (≥65),Others,Missing,Missing,Missing,Hospitalization,Ozempic
24048397,4,73,YR,Female,,"",US,US,OZEMPIC,SEMAGLUTIDE,1,MG,PS,Injection site bruising,HO,2024Q3,Older Adults (≥65),Others,Missing,≥1 mg,High dose,Hospitalization,Ozempic
24048398,2,46,YR,Female,,"",US,US,OZEMPIC,SEMAGLUTIDE,,"",PS,Nausea,HO,2024Q4,Younger Adults (18–64),Gastro-Intestinal and Metabolic,Missing,Missing,Missing,Hospitalization,Ozempic
24048475,1,54,YR,Female,,"",US,US,OZEMPIC,SEMAGLUTIDE,,"",PS,Headache,HO,2024Q3,Younger Adults (18–64),Others,Missing,Missing,Missing,Hospitalization,Ozempic
24052567,2,65,YR,Male,,"",US,US,OZEMPIC,SEMAGLUTIDE,0.25,MG,PS,Diarrhoea,OT,2024Q3,Older Adults (≥65),Gastro-Intestinal and Metabolic,Missing,<0.5 mg,Low dose,Other serious outcome,Ozempic
24052569,1,45,YR,Female,,"",US,US,WEGOVY,SEMAGLUTIDE,2.4,MG,PS,Cerebrovascular accident,OT,2024Q3,Younger Adults (18–64),Cardiovascular,Missing,≥1 mg,High dose,Other serious outcome,Wegovy
24052576,1,58,YR,Female,,"",US,US,WEGOVY,SEMAGLUTIDE,2.4,MG,PS,Hysterectomy,OT,2024Q3,Younger Adults (18–64),Others,Missing,≥1 mg,High dose,Other serious outcome,Wegovy
24052577,1,88,YR,Female,,"",US,US,OZEMPIC,SEMAGLUTIDE,,"",PS,Heart valve replacement,OT,2024Q3,Older Adults (≥65),Others,Missing,Missing,Missing,Other serious outcome,Ozempic
24055500,1,38,YR,Female,112.5,KG,US,"",OZEMPIC,SEMAGLUTIDE,,"",PS,Pancreatitis,HO,2024Q3,Younger Adults (18–64),Gastro-Intestinal and Metabolic,≥100 kg,Missing,Missing,Hospitalization,Ozempic
24055501,1,67,YR,Female,63.9,KG,US,"",OZEMPIC,SEMAGLUTIDE,,"",PS,Optic ischaemic neuropathy,OT,2024Q3,Older Adults (≥65),Others,<80 kg,Missing,Missing,Other serious outcome,Ozempic
24055700,1,37,YR,Female,76.5,KG,US,"",SEMAGLUTIDE,SEMAGLUTIDE,,"",PS,Suicidal ideation,OT,2024Q3,Younger Adults (18–64),Psychiatric-related,<80 kg,Missing,Missing,Other serious outcome,Semaglutide (Unspecified)
24058522,2,46,YR,Female,,"",US,US,OZEMPIC,SEMAGLUTIDE,,"",PS,Dyspepsia,OT,2024Q4,Younger Adults (18–64),Gastro-Intestinal and Metabolic,Missing,Missing,Missing,Other serious outcome,Ozempic
24058533,2,36,YR,Male,,"",US,US,OZEMPIC,SEMAGLUTIDE,,"",PS,Ileus,HO,2024Q4,Younger Adults (18–64),Gastro-Intestinal and Metabolic,Missing,Missing,Missing,Hospitalization,Ozempic
24058589,1,55,YR,Female,,"",US,US,OZEMPIC,SEMAGLUTIDE,,"",PS,Vomiting,HO,2024Q3,Younger Adults (18–64),Gastro-Intestinal and Metabolic,Missing,Missing,Missing,Hospitalization,Ozempic
24061209,1,48,YR,Male,111.15,KG,US,"",WEGOVY,SEMAGLUTIDE,,"",PS,Papilloedema,DS,2024Q3,Younger Adults (18–64),Others,≥100 kg,Missing,Missing,Disability,Wegovy
24061504,1,68,YR,Female,91.35,KG,US,"",OZEMPIC,SEMAGLUTIDE,,"",PS,Visual impairment,HO,2024Q3,Older Adults (≥65),Others,80–99 kg,Missing,Missing,Hospitalization,Ozempic
24062033,1,48,YR,Male,103.5,KG,US,"",WEGOVY,SEMAGLUTIDE,,"",PS,Vomiting,HO,2024Q3,Younger Adults (18–64),Gastro-Intestinal and Metabolic,≥100 kg,Missing,Missing,Hospitalization,Wegovy
24062900,1,57,YR,Male,,"",US,US,OZEMPIC,SEMAGLUTIDE,0.5,MG,PS,Dehydration,HO,2024Q3,Younger Adults (18–64),Gastro-Intestinal and Metabolic,Missing,0.5–0.99 mg,Medium dose,Hospitalization,Ozempic
24062903,1,66,YR,Female,,"",US,US,OZEMPIC,SEMAGLUTIDE,,"",PS,Cyst,HO,2024Q3,Older Adults (≥65),Others,Missing,Missing,Missing,Hospitalization,Ozempic
24062919,1,64,YR,Female,,"",US,US,OZEMPIC,SEMAGLUTIDE,,"",PS,Cholelithiasis,OT,2024Q3,Younger Adults (18–64),Gastro-Intestinal and Metabolic,Missing,Missing,Missing,Other serious outcome,Ozempic
24064911,1,57,YR,Female,77.4,KG,US,"",WEGOVY,SEMAGLUTIDE,,"",PS,Vomiting,HO,2024Q3,Younger Adults (18–64),Gastro-Intestinal and Metabolic,<80 kg,Missing,Missing,Hospitalization,Wegovy
24065031,1,55,YR,Male,84.15,KG,US,"",RYBELSUS,SEMAGLUTIDE,,"",PS,Decreased appetite,DS,2024Q3,Younger Adults (18–64),Gastro-Intestinal and Metabolic,80–99 kg,Missing,Missing,Disability,Rybelsus
24065951,1,68,YR,Male,,"",US,"",OZEMPIC,SEMAGLUTIDE,,"",PS,Nausea,HO,2024Q3,Older Adults (≥65),Gastro-Intestinal and Metabolic,Missing,Missing,Missing,Hospitalization,Ozempic
24066835,1,81,YR,Male,,"",US,US,OZEMPIC,SEMAGLUTIDE,0.5,MG,PS,Off label use,HO,2024Q3,Older Adults (≥65),Others,Missing,0.5–0.99 mg,Medium dose,Hospitalization,Ozempic
24067811,2,63,YR,Female,,"",US,US,WEGOVY,SEMAGLUTIDE,,"",PS,Cholecystectomy,OT,2024Q4,Younger Adults (18–64),Others,Missing,Missing,Missing,Other serious outcome,Wegovy
24067813,1,24,YR,Male,,"",US,US,WEGOVY,SEMAGLUTIDE,,"",PS,Depression,HO,2024Q3,Younger Adults (18–64),Psychiatric-related,Missing,Missing,Missing,Hospitalization,Wegovy
24067818,2,54,YR,Female,,"",US,US,OZEMPIC,SEMAGLUTIDE,,"",PS,Impaired gastric emptying,HO,2024Q4,Younger Adults (18–64),Gastro-Intestinal and Metabolic,Missing,Missing,Missing,Hospitalization,Ozempic
24067820,1,75,YR,Male,,"",US,US,OZEMPIC,SEMAGLUTIDE,,"",PS,Cytomegalovirus infection,HO,2024Q3,Older Adults (≥65),Others,Missing,Missing,Missing,Hospitalization,Ozempic
24070728,1,73,YR,Female,89.82,KG,US,"",OZEMPIC,SEMAGLUTIDE,,"",PS,Constipation,OT,2024Q3,Older Adults (≥65),Gastro-Intestinal and Metabolic,80–99 kg,Missing,Missing,Other serious outcome,Ozempic
24070733,1,71,YR,Female,81.4,KG,US,"",SEMAGLUTIDE,SEMAGLUTIDE,1,ML,PS,Vomiting,OT,2024Q3,Older Adults (≥65),Gastro-Intestinal and Metabolic,80–99 kg,≥1 mg,High dose,Other serious outcome,Semaglutide (Unspecified)
24074036,1,61,YR,Female,70.31,KG,US,"",SEMAGLUTIDE,SEMAGLUTIDE,,"",PS,Blood glucose decreased,RI,2024Q3,Younger Adults (18–64),Gastro-Intestinal and Metabolic,<80 kg,Missing,Missing,Required intervention,Semaglutide (Unspecified)
24076337,1,41,YR,Female,,"",US,US,OZEMPIC,SEMAGLUTIDE,,"",PS,Intestinal obstruction,HO,2024Q3,Younger Adults (18–64),Gastro-Intestinal and Metabolic,Missing,Missing,Missing,Hospitalization,Ozempic
24081510,1,59,YR,Female,,"",US,US,OZEMPIC,SEMAGLUTIDE,,"",PS,Haematemesis,OT,2024Q3,Younger Adults (18–64),Others,Missing,Missing,Missing,Other serious outcome,Ozempic
24081516,2,77,YR,Female,,"",US,US,RYBELSUS,SEMAGLUTIDE,7,MG,PS,Pain in extremity,OT,2024Q3,Older Adults (≥65),Others,Missing,≥1 mg,High dose,Other serious outcome,Rybelsus
24081520,2,38,YR,Female,,"",US,US,WEGOVY,SEMAGLUTIDE,,"",PS,Stillbirth,OT,2024Q3,Younger Adults (18–64),Others,Missing,Missing,Missing,Other serious outcome,Wegovy
24081522,1,72,YR,Female,,"",US,US,OZEMPIC,SEMAGLUTIDE,,"",PS,Mydriasis,HO,2024Q3,Older Adults (≥65),Others,Missing,Missing,Missing,Hospitalization,Ozempic
24081523,1,81,YR,Female,,"",US,US,OZEMPIC,SEMAGLUTIDE,1,MG,PS,Cholangitis,HO,2024Q3,Older Adults (≥65),Others,Missing,≥1 mg,High dose,Hospitalization,Ozempic
24081533,2,59,YR,Female,,"",US,US,OZEMPIC,SEMAGLUTIDE,0.25,MG,PS,Suicidal ideation,HO,2024Q4,Younger Adults (18–64),Psychiatric-related,Missing,<0.5 mg,Low dose,Hospitalization,Ozempic
24081697,2,47,YR,Male,,"",US,US,OZEMPIC,SEMAGLUTIDE,0.5,MG,PS,Chest discomfort,HO,2024Q4,Younger Adults (18–64),Others,Missing,0.5–0.99 mg,Medium dose,Hospitalization,Ozempic
24084071,1,78,YR,Male,74.25,KG,US,"",OZEMPIC,SEMAGLUTIDE,,"",PS,Blindness,DS,2024Q3,Older Adults (≥65),Others,<80 kg,Missing,Missing,Disability,Ozempic
24084302,1,46,YR,Female,68.6,KG,US,"",OZEMPIC,SEMAGLUTIDE,0.5,ML,PS,Gastrointestinal disorder,OT,2024Q3,Younger Adults (18–64),Others,<80 kg,0.5–0.99 mg,Medium dose,Other serious outcome,Ozempic
24084530,1,52,YR,Female,,"",US,"",SEMAGLUTIDE,SEMAGLUTIDE,,"",PS,Vomiting,HO,2024Q3,Younger Adults (18–64),Gastro-Intestinal and Metabolic,Missing,Missing,Missing,Hospitalization,Semaglutide (Unspecified)
24084533,1,37,YR,Female,123.75,KG,US,"",SEMAGLUTIDE,SEMAGLUTIDE,,"",PS,Migraine,OT,2024Q3,Younger Adults (18–64),Others,≥100 kg,Missing,Missing,Other serious outcome,Semaglutide (Unspecified)
24087964,1,60,YR,Female,,"",US,US,OZEMPIC,SEMAGLUTIDE,,"",PS,Ammonia increased,HO,2024Q3,Younger Adults (18–64),Others,Missing,Missing,Missing,Hospitalization,Ozempic
24087992,1,72,YR,Female,,"",US,US,OZEMPIC,SEMAGLUTIDE,1,MG,PS,Blood triglycerides increased,HO,2024Q3,Older Adults (≥65),Others,Missing,≥1 mg,High dose,Hospitalization,Ozempic
24088000,2,66,YR,Female,92.971,KG,US,US,WEGOVY,SEMAGLUTIDE,0.5,MG,PS,Intestinal obstruction,HO,2024Q4,Older Adults (≥65),Gastro-Intestinal and Metabolic,80–99 kg,0.5–0.99 mg,Medium dose,Hospitalization,Wegovy
24090499,1,61,YR,Female,,"",US,"",OZEMPIC,SEMAGLUTIDE,0.5,MG,PS,Constipation,OT,2024Q3,Younger Adults (18–64),Gastro-Intestinal and Metabolic,Missing,0.5–0.99 mg,Medium dose,Other serious outcome,Ozempic
24090766,1,62,YR,Female,83.7,KG,US,"",OZEMPIC,SEMAGLUTIDE,1.7,MG,PS,Hyperaesthesia,OT,2024Q3,Younger Adults (18–64),Others,80–99 kg,≥1 mg,High dose,Other serious outcome,Ozempic
24091133,1,31,YR,Female,88.65,KG,US,"",WEGOVY,SEMAGLUTIDE,,"",PS,Gastritis,RI,2024Q3,Younger Adults (18–64),Others,80–99 kg,Missing,Missing,Required intervention,Wegovy
24092238,1,45,YR,Female,117,KG,US,"",WEGOVY,SEMAGLUTIDE,,"",PS,Arthralgia,OT,2024Q3,Younger Adults (18–64),Others,≥100 kg,Missing,Missing,Other serious outcome,Wegovy
24093478,1,35,YR,Female,,"",US,US,SEMAGLUTIDE,SEMAGLUTIDE,,"",PS,Nausea,OT,2024Q3,Younger Adults (18–64),Gastro-Intestinal and Metabolic,Missing,Missing,Missing,Other serious outcome,Semaglutide (Unspecified)
24093482,1,52,YR,Female,,"",US,US,SEMAGLUTIDE,SEMAGLUTIDE,,"",PS,Impaired gastric emptying,OT,2024Q3,Younger Adults (18–64),Gastro-Intestinal and Metabolic,Missing,Missing,Missing,Other serious outcome,Semaglutide (Unspecified)
24093932,1,88,YR,Female,,"",US,US,OZEMPIC,SEMAGLUTIDE,0.25,MG,PS,Blindness unilateral,HO,2024Q3,Older Adults (≥65),Others,Missing,<0.5 mg,Low dose,Hospitalization,Ozempic
24093953,1,74,YR,Male,,"",US,US,OZEMPIC,SEMAGLUTIDE,2,MG,PS,Papilloedema,OT,2024Q3,Older Adults (≥65),Others,Missing,≥1 mg,High dose,Other serious outcome,Ozempic
24093954,1,64,YR,Female,,"",US,US,OZEMPIC,SEMAGLUTIDE,0.5,MG,PS,Taste disorder,HO,2024Q3,Younger Adults (18–64),Others,Missing,0.5–0.99 mg,Medium dose,Hospitalization,Ozempic
24097605,1,41,YR,Female,83.25,KG,US,"",CYANOCOBALAMIN\SEMAGLUTIDE,CYANOCOBALAMIN\SEMAGLUTIDE,,"",PS,Ovarian cyst ruptured,OT,2024Q3,Younger Adults (18–64),Others,80–99 kg,Missing,Missing,Other serious outcome,Combination Product
24098671,1,60,YR,Male,124.72,KG,US,US,OZEMPIC,SEMAGLUTIDE,0.5,MG,PS,Weight decreased,OT,2024Q3,Younger Adults (18–64),Gastro-Intestinal and Metabolic,≥100 kg,0.5–0.99 mg,Medium dose,Other serious outcome,Ozempic
24098695,1,68,YR,Male,,"",US,US,OZEMPIC,SEMAGLUTIDE,,"",PS,Impaired gastric emptying,OT,2024Q3,Older Adults (≥65),Gastro-Intestinal and Metabolic,Missing,Missing,Missing,Other serious outcome,Ozempic
24098737,1,42,YR,Female,,"",US,US,OZEMPIC,SEMAGLUTIDE,,"",PS,Blood glucose decreased,OT,2024Q3,Younger Adults (18–64),Gastro-Intestinal and Metabolic,Missing,Missing,Missing,Other serious outcome,Ozempic
24098763,2,44,YR,Female,,"",US,US,OZEMPIC,SEMAGLUTIDE,,"",PS,Diarrhoea,OT,2024Q3,Younger Adults (18–64),Gastro-Intestinal and Metabolic,Missing,Missing,Missing,Other serious outcome,Ozempic
24098792,1,77,YR,Male,,"",US,US,OZEMPIC,SEMAGLUTIDE,2,MG,PS,Nausea,HO,2024Q3,Older Adults (≥65),Gastro-Intestinal and Metabolic,Missing,≥1 mg,High dose,Hospitalization,Ozempic
24098797,1,41,YR,Female,,"",US,US,OZEMPIC,SEMAGLUTIDE,0.25,MG,PS,Gastrooesophageal reflux disease,OT,2024Q3,Younger Adults (18–64),Gastro-Intestinal and Metabolic,Missing,<0.5 mg,Low dose,Other serious outcome,Ozempic
24098857,1,49,YR,Male,97.959,KG,US,US,OZEMPIC,SEMAGLUTIDE,0.5,MG,PS,Abdominal pain,OT,2024Q3,Younger Adults (18–64),Gastro-Intestinal and Metabolic,80–99 kg,0.5–0.99 mg,Medium dose,Other serious outcome,Ozempic
24098886,1,70,YR,Male,,"",US,US,OZEMPIC,SEMAGLUTIDE,,"",PS,Pancreatitis,OT,2024Q3,Older Adults (≥65),Gastro-Intestinal and Metabolic,Missing,Missing,Missing,Other serious outcome,Ozempic
24098890,1,67,YR,Male,,"",US,US,OZEMPIC,SEMAGLUTIDE,,"",PS,Pancreatitis,HO,2024Q3,Older Adults (≥65),Gastro-Intestinal and Metabolic,Missing,Missing,Missing,Hospitalization,Ozempic
24098909,1,61,YR,Female,,"",US,US,OZEMPIC,SEMAGLUTIDE,0.25,MG,PS,Pancreatitis,HO,2024Q3,Younger Adults (18–64),Gastro-Intestinal and Metabolic,Missing,<0.5 mg,Low dose,Hospitalization,Ozempic
24098926,1,38,YR,Female,,"",US,US,OZEMPIC,SEMAGLUTIDE,0.5,MG,PS,Heart rate increased,OT,2024Q3,Younger Adults (18–64),Cardiovascular,Missing,0.5–0.99 mg,Medium dose,Other serious outcome,Ozempic
24098937,1,76,YR,Male,104.22,KG,US,US,OZEMPIC,SEMAGLUTIDE,0.5,MG,PS,Ileus,OT,2024Q3,Older Adults (≥65),Gastro-Intestinal and Metabolic,≥100 kg,0.5–0.99 mg,Medium dose,Other serious outcome,Ozempic
24098968,1,62,YR,Male,,"",US,US,OZEMPIC,SEMAGLUTIDE,0.5,MG,PS,Renal impairment,HO,2024Q3,Younger Adults (18–64),Others,Missing,0.5–0.99 mg,Medium dose,Hospitalization,Ozempic
24099006,1,40,YR,Female,,"",US,US,OZEMPIC,SEMAGLUTIDE,,"",PS,Impaired gastric emptying,OT,2024Q3,Younger Adults (18–64),Gastro-Intestinal and Metabolic,Missing,Missing,Missing,Other serious outcome,Ozempic
24099028,1,72,YR,Female,,"",US,US,OZEMPIC,SEMAGLUTIDE,,"",PS,Dehydration,HO,2024Q3,Older Adults (≥65),Gastro-Intestinal and Metabolic,Missing,Missing,Missing,Hospitalization,Ozempic
24099199,2,57,YR,Female,,"",US,US,OZEMPIC,SEMAGLUTIDE,1,MG,PS,Thyroid hormones increased,OT,2024Q3,Younger Adults (18–64),Others,Missing,≥1 mg,High dose,Other serious outcome,Ozempic
24099238,1,53,YR,Female,,"",US,US,OZEMPIC,SEMAGLUTIDE,0.5,MG,PS,Off label use,HO,2024Q3,Younger Adults (18–64),Others,Missing,0.5–0.99 mg,Medium dose,Hospitalization,Ozempic
24099394,1,55,YR,Male,,"",US,US,OZEMPIC,SEMAGLUTIDE,,"",PS,Pancreatitis,OT,2024Q3,Younger Adults (18–64),Gastro-Intestinal and Metabolic,Missing,Missing,Missing,Other serious outcome,Ozempic
24099415,1,78,YR,Male,92.8,KG,US,US,OZEMPIC,SEMAGLUTIDE,1,MG,PS,Pancreatitis acute,HO,2024Q3,Older Adults (≥65),Gastro-Intestinal and Metabolic,80–99 kg,≥1 mg,High dose,Hospitalization,Ozempic
24099462,1,45,YR,Female,,"",US,US,OZEMPIC,SEMAGLUTIDE,0.25,MG,PS,Diarrhoea,OT,2024Q3,Younger Adults (18–64),Gastro-Intestinal and Metabolic,Missing,<0.5 mg,Low dose,Other serious outcome,Ozempic
24099567,1,61,YR,Female,,"",US,US,OZEMPIC,SEMAGLUTIDE,,"",PS,Anaphylactic shock,OT,2024Q3,Younger Adults (18–64),Others,Missing,Missing,Missing,Other serious outcome,Ozempic
24099681,2,74,YR,Male,,"",US,US,OZEMPIC,SEMAGLUTIDE,,"",PS,Eructation,OT,2024Q3,Older Adults (≥65),Others,Missing,Missing,Missing,Other serious outcome,Ozempic
24099693,1,66,YR,Male,,"",US,US,OZEMPIC,SEMAGLUTIDE,0.25,MG,PS,Pancreatitis,OT,2024Q3,Older Adults (≥65),Gastro-Intestinal and Metabolic,Missing,<0.5 mg,Low dose,Other serious outcome,Ozempic
24099704,1,60,YR,Female,,"",US,US,OZEMPIC,SEMAGLUTIDE,,"",PS,Acute kidney injury,HO,2024Q3,Younger Adults (18–64),Others,Missing,Missing,Missing,Hospitalization,Ozempic
24099745,1,59,YR,Male,123.81,KG,US,US,OZEMPIC,SEMAGLUTIDE,0.5,MG,PS,Pancreatitis acute,HO,2024Q3,Younger Adults (18–64),Gastro-Intestinal and Metabolic,≥100 kg,0.5–0.99 mg,Medium dose,Hospitalization,Ozempic
24099760,2,59,YR,Female,48.526,KG,US,US,OZEMPIC,SEMAGLUTIDE,0.5,MG,PS,Malnutrition,HO,2024Q4,Younger Adults (18–64),Gastro-Intestinal and Metabolic,<80 kg,0.5–0.99 mg,Medium dose,Hospitalization,Ozempic
24099807,2,73,YR,Female,,"",US,US,OZEMPIC,SEMAGLUTIDE,,"",PS,Product use complaint,OT,2024Q3,Older Adults (≥65),Others,Missing,Missing,Missing,Other serious outcome,Ozempic
24099808,1,64,YR,Male,,"",US,US,OZEMPIC,SEMAGLUTIDE,0.25,MG,PS,Nerve compression,OT,2024Q3,Younger Adults (18–64),Others,Missing,<0.5 mg,Low dose,Other serious outcome,Ozempic
24099820,1,61,YR,Male,,"",US,US,OZEMPIC,SEMAGLUTIDE,,"",PS,Angioedema,OT,2024Q3,Younger Adults (18–64),Others,Missing,Missing,Missing,Other serious outcome,Ozempic
24099891,1,73,YR,Female,,"",US,US,OZEMPIC,SEMAGLUTIDE,,"",PS,Impaired gastric emptying,HO,2024Q3,Older Adults (≥65),Gastro-Intestinal and Metabolic,Missing,Missing,Missing,Hospitalization,Ozempic
24099922,1,71,YR,Female,,"",US,US,OZEMPIC,SEMAGLUTIDE,2,MG,PS,Wrong technique in product usage process,OT,2024Q3,Older Adults (≥65),Others,Missing,≥1 mg,High dose,Other serious outcome,Ozempic
24100005,1,42,YR,Female,,"",US,US,OZEMPIC,SEMAGLUTIDE,,"",PS,Pancreatitis,HO,2024Q3,Younger Adults (18–64),Gastro-Intestinal and Metabolic,Missing,Missing,Missing,Hospitalization,Ozempic
24100040,2,54,YR,Male,,"",US,US,OZEMPIC,SEMAGLUTIDE,0.25,MG,PS,Decreased appetite,OT,2024Q4,Younger Adults (18–64),Gastro-Intestinal and Metabolic,Missing,<0.5 mg,Low dose,Other serious outcome,Ozempic
24100141,1,66,YR,Male,,"",US,US,OZEMPIC,SEMAGLUTIDE,,"",PS,Inappropriate schedule of product administration,HO,2024Q3,Older Adults (≥65),Others,Missing,Missing,Missing,Hospitalization,Ozempic
24100142,1,53,YR,Female,133.33,KG,US,US,OZEMPIC,SEMAGLUTIDE,0.25,MG,PS,Off label use,HO,2024Q3,Younger Adults (18–64),Others,≥100 kg,<0.5 mg,Low dose,Hospitalization,Ozempic
24100146,1,74,YR,Female,,"",US,US,OZEMPIC,SEMAGLUTIDE,0.66,MG,PS,Incorrect dose administered,HO,2024Q3,Older Adults (≥65),Others,Missing,0.5–0.99 mg,Medium dose,Hospitalization,Ozempic
24100201,1,55,YR,Female,,"",US,US,OZEMPIC,SEMAGLUTIDE,,"",PS,Impaired gastric emptying,HO,2024Q3,Younger Adults (18–64),Gastro-Intestinal and Metabolic,Missing,Missing,Missing,Hospitalization,Ozempic
24100229,1,28,YR,Female,,"",US,US,OZEMPIC,SEMAGLUTIDE,,"",PS,Pancreatitis acute,HO,2024Q3,Younger Adults (18–64),Gastro-Intestinal and Metabolic,Missing,Missing,Missing,Hospitalization,Ozempic
24100265,1,67,YR,Female,,"",US,US,OZEMPIC,SEMAGLUTIDE,,"",PS,Impaired gastric emptying,OT,2024Q3,Older Adults (≥65),Gastro-Intestinal and Metabolic,Missing,Missing,Missing,Other serious outcome,Ozempic
24100281,1,60,YR,Female,,"",US,US,OZEMPIC,SEMAGLUTIDE,,"",PS,Pancreatitis,HO,2024Q3,Younger Adults (18–64),Gastro-Intestinal and Metabolic,Missing,Missing,Missing,Hospitalization,Ozempic
24100321,1,72,YR,Female,,"",US,US,OZEMPIC,SEMAGLUTIDE,,"",PS,Off label use,OT,2024Q3,Older Adults (≥65),Others,Missing,Missing,Missing,Other serious outcome,Ozempic
24100379,1,30,YR,Female,,"",US,US,OZEMPIC,SEMAGLUTIDE,,"",PS,Pancreatitis,HO,2024Q3,Younger Adults (18–64),Gastro-Intestinal and Metabolic,Missing,Missing,Missing,Hospitalization,Ozempic
24100414,1,41,YR,Female,,"",US,US,OZEMPIC,SEMAGLUTIDE,2,MG,PS,Impaired gastric emptying,OT,2024Q3,Younger Adults (18–64),Gastro-Intestinal and Metabolic,Missing,≥1 mg,High dose,Other serious outcome,Ozempic
24100448,2,71,YR,Female,,"",US,US,OZEMPIC,SEMAGLUTIDE,0.25,MG,PS,Fear of eating,OT,2024Q4,Older Adults (≥65),Others,Missing,<0.5 mg,Low dose,Other serious outcome,Ozempic
24100524,1,68,YR,Male,,"",US,US,OZEMPIC,SEMAGLUTIDE,,"",PS,Pancreatitis,HO,2024Q3,Older Adults (≥65),Gastro-Intestinal and Metabolic,Missing,Missing,Missing,Hospitalization,Ozempic
24100545,1,60,YR,Female,,"",US,US,OZEMPIC,SEMAGLUTIDE,,"",PS,Pancreatitis,HO,2024Q3,Younger Adults (18–64),Gastro-Intestinal and Metabolic,Missing,Missing,Missing,Hospitalization,Ozempic
24100556,1,50,YR,Female,,"",US,US,OZEMPIC,SEMAGLUTIDE,,"",PS,Vomiting,HO,2024Q3,Younger Adults (18–64),Gastro-Intestinal and Metabolic,Missing,Missing,Missing,Hospitalization,Ozempic
24100557,1,70,YR,Male,,"",US,US,OZEMPIC,SEMAGLUTIDE,,"",PS,Diabetes mellitus inadequate control,OT,2024Q3,Older Adults (≥65),Others,Missing,Missing,Missing,Other serious outcome,Ozempic
24100585,1,45,YR,Female,,"",US,US,OZEMPIC,SEMAGLUTIDE,2,MG,PS,Impaired gastric emptying,OT,2024Q3,Younger Adults (18–64),Gastro-Intestinal and Metabolic,Missing,≥1 mg,High dose,Other serious outcome,Ozempic
24100819,2,63,YR,Female,,"",US,US,OZEMPIC,SEMAGLUTIDE,2,MG,PS,Vomiting,HO,2024Q3,Younger Adults (18–64),Gastro-Intestinal and Metabolic,Missing,≥1 mg,High dose,Hospitalization,Ozempic
24100861,2,49,YR,Male,,"",US,US,OZEMPIC,SEMAGLUTIDE,0.25,MG,PS,Vomiting,HO,2024Q4,Younger Adults (18–64),Gastro-Intestinal and Metabolic,Missing,<0.5 mg,Low dose,Hospitalization,Ozempic
24100873,1,54,YR,Female,,"",US,US,OZEMPIC,SEMAGLUTIDE,0.25,MG,PS,Weight decreased,HO,2024Q3,Younger Adults (18–64),Gastro-Intestinal and Metabolic,Missing,<0.5 mg,Low dose,Hospitalization,Ozempic
24100901,1,43,YR,Male,,"",US,US,OZEMPIC,SEMAGLUTIDE,,"",PS,Pancreatitis acute,OT,2024Q3,Younger Adults (18–64),Gastro-Intestinal and Metabolic,Missing,Missing,Missing,Other serious outcome,Ozempic
24100985,2,71,YR,Female,,"",US,US,OZEMPIC,SEMAGLUTIDE,0.5,MG,PS,Vomiting,HO,2024Q3,Older Adults (≥65),Gastro-Intestinal and Metabolic,Missing,0.5–0.99 mg,Medium dose,Hospitalization,Ozempic
24101015,3,44,YR,Female,,"",US,US,RYBELSUS,SEMAGLUTIDE,3,MG,PS,Diarrhoea,HO,2024Q4,Younger Adults (18–64),Gastro-Intestinal and Metabolic,Missing,≥1 mg,High dose,Hospitalization,Rybelsus
24101074,1,34,YR,Female,,"",US,US,OZEMPIC,SEMAGLUTIDE,,"",PS,Impaired gastric emptying,HO,2024Q3,Younger Adults (18–64),Gastro-Intestinal and Metabolic,Missing,Missing,Missing,Hospitalization,Ozempic
24101084,1,59,YR,Male,122.5,KG,US,US,OZEMPIC,SEMAGLUTIDE,,"",PS,Pancreatitis,OT,2024Q3,Younger Adults (18–64),Gastro-Intestinal and Metabolic,≥100 kg,Missing,Missing,Other serious outcome,Ozempic
24101097,2,42,YR,Female,105.22,KG,US,US,OZEMPIC,SEMAGLUTIDE,,"",PS,Vomiting,HO,2024Q3,Younger Adults (18–64),Gastro-Intestinal and Metabolic,≥100 kg,Missing,Missing,Hospitalization,Ozempic
24101194,1,63,YR,Female,,"",US,US,OZEMPIC,SEMAGLUTIDE,0.25,MG,PS,Fatigue,HO,2024Q3,Younger Adults (18–64),Others,Missing,<0.5 mg,Low dose,Hospitalization,Ozempic
24101212,1,44,YR,Female,77.098,KG,US,US,OZEMPIC,SEMAGLUTIDE,,"",PS,Anaphylactic reaction,HO,2024Q3,Younger Adults (18–64),Others,<80 kg,Missing,Missing,Hospitalization,Ozempic
24101242,1,37,YR,Female,,"",US,US,OZEMPIC,SEMAGLUTIDE,,"",PS,Impaired gastric emptying,OT,2024Q3,Younger Adults (18–64),Gastro-Intestinal and Metabolic,Missing,Missing,Missing,Other serious outcome,Ozempic
24101250,1,42,YR,Female,,"",US,US,OZEMPIC,SEMAGLUTIDE,3,MG,PS,Inappropriate schedule of product administration,OT,2024Q3,Younger Adults (18–64),Others,Missing,≥1 mg,High dose,Other serious outcome,Ozempic
24101367,3,50,YR,Female,108.84,KG,US,US,OZEMPIC,SEMAGLUTIDE,1,MG,PS,Pancreatic failure,OT,2024Q4,Younger Adults (18–64),Others,≥100 kg,≥1 mg,High dose,Other serious outcome,Ozempic
24101426,1,41,YR,Female,,"",US,US,OZEMPIC,SEMAGLUTIDE,,"",PS,Cholelithiasis,OT,2024Q3,Younger Adults (18–64),Gastro-Intestinal and Metabolic,Missing,Missing,Missing,Other serious outcome,Ozempic
24101558,1,53,YR,Female,,"",US,US,OZEMPIC,SEMAGLUTIDE,,"",PS,Impaired gastric emptying,OT,2024Q3,Younger Adults (18–64),Gastro-Intestinal and Metabolic,Missing,Missing,Missing,Other serious outcome,Ozempic
24101570,2,53,YR,Female,97.506,KG,US,US,OZEMPIC,SEMAGLUTIDE,0.5,MG,PS,Diarrhoea,HO,2024Q4,Younger Adults (18–64),Gastro-Intestinal and Metabolic,80–99 kg,0.5–0.99 mg,Medium dose,Hospitalization,Ozempic
24101688,1,48,YR,Female,,"",US,US,OZEMPIC,SEMAGLUTIDE,0.25,MG,PS,Vomiting,HO,2024Q3,Younger Adults (18–64),Gastro-Intestinal and Metabolic,Missing,<0.5 mg,Low dose,Hospitalization,Ozempic
24101697,1,56,YR,Male,,"",US,US,OZEMPIC,SEMAGLUTIDE,1,MG,PS,Pancreatitis,HO,2024Q3,Younger Adults (18–64),Gastro-Intestinal and Metabolic,Missing,≥1 mg,High dose,Hospitalization,Ozempic
24101710,1,68,YR,Male,,"",US,US,OZEMPIC,SEMAGLUTIDE,1,MG,PS,Hiccups,OT,2024Q3,Older Adults (≥65),Others,Missing,≥1 mg,High dose,Other serious outcome,Ozempic
24101716,1,70,YR,Female,,"",US,US,OZEMPIC,SEMAGLUTIDE,1,MG,PS,Pancreatitis,OT,2024Q3,Older Adults (≥65),Gastro-Intestinal and Metabolic,Missing,≥1 mg,High dose,Other serious outcome,Ozempic
24101751,1,49,YR,Female,,"",US,US,OZEMPIC,SEMAGLUTIDE,0.25,MG,PS,Cholelithiasis,OT,2024Q3,Younger Adults (18–64),Gastro-Intestinal and Metabolic,Missing,<0.5 mg,Low dose,Other serious outcome,Ozempic
24101781,1,70,YR,Male,,"",US,US,OZEMPIC,SEMAGLUTIDE,0.5,MG,PS,Lipase increased,OT,2024Q3,Older Adults (≥65),Others,Missing,0.5–0.99 mg,Medium dose,Other serious outcome,Ozempic
24101804,1,60,YR,Female,,"",US,US,OZEMPIC,SEMAGLUTIDE,0.5,MG,PS,Impaired gastric emptying,OT,2024Q3,Younger Adults (18–64),Gastro-Intestinal and Metabolic,Missing,0.5–0.99 mg,Medium dose,Other serious outcome,Ozempic
24101944,1,66,YR,Male,,"",US,US,OZEMPIC,SEMAGLUTIDE,1,MG,PS,Pancreatitis,OT,2024Q3,Older Adults (≥65),Gastro-Intestinal and Metabolic,Missing,≥1 mg,High dose,Other serious outcome,Ozempic
24101989,1,59,YR,Female,106.58,KG,US,US,OZEMPIC,SEMAGLUTIDE,,"",PS,Vomiting,HO,2024Q3,Younger Adults (18–64),Gastro-Intestinal and Metabolic,≥100 kg,Missing,Missing,Hospitalization,Ozempic
24101990,1,49,YR,Female,70.295,KG,US,US,OZEMPIC,SEMAGLUTIDE,,"",PS,Ileus,OT,2024Q3,Younger Adults (18–64),Gastro-Intestinal and Metabolic,<80 kg,Missing,Missing,Other serious outcome,Ozempic
24102029,1,71,YR,Female,,"",US,US,OZEMPIC,SEMAGLUTIDE,0.25,MG,PS,Pancreatitis,OT,2024Q3,Older Adults (≥65),Gastro-Intestinal and Metabolic,Missing,<0.5 mg,Low dose,Other serious outcome,Ozempic
24102189,3,32,YR,Female,,"",US,US,OZEMPIC,SEMAGLUTIDE,0.25,MG,PS,Off label use,HO,2024Q4,Younger Adults (18–64),Others,Missing,<0.5 mg,Low dose,Hospitalization,Ozempic
24102223,1,29,YR,Female,,"",US,US,OZEMPIC,SEMAGLUTIDE,,"",PS,Pancreatitis acute,HO,2024Q3,Younger Adults (18–64),Gastro-Intestinal and Metabolic,Missing,Missing,Missing,Hospitalization,Ozempic
24102250,1,62,YR,Female,,"",US,US,OZEMPIC,SEMAGLUTIDE,,"",PS,Impaired gastric emptying,OT,2024Q3,Younger Adults (18–64),Gastro-Intestinal and Metabolic,Missing,Missing,Missing,Other serious outcome,Ozempic
24102278,1,75,YR,Female,,"",US,US,OZEMPIC,SEMAGLUTIDE,,"",PS,Inappropriate schedule of product administration,OT,2024Q3,Older Adults (≥65),Others,Missing,Missing,Missing,Other serious outcome,Ozempic
24102289,1,37,YR,Female,,"",US,US,OZEMPIC,SEMAGLUTIDE,,"",PS,Off label use,HO,2024Q3,Younger Adults (18–64),Others,Missing,Missing,Missing,Hospitalization,Ozempic
24102313,1,60,YR,Male,,"",US,US,OZEMPIC,SEMAGLUTIDE,2,MG,PS,Pancreatitis,HO,2024Q3,Younger Adults (18–64),Gastro-Intestinal and Metabolic,Missing,≥1 mg,High dose,Hospitalization,Ozempic
24102319,1,29,YR,Female,,"",US,US,OZEMPIC,SEMAGLUTIDE,,"",PS,Heart rate increased,OT,2024Q3,Younger Adults (18–64),Cardiovascular,Missing,Missing,Missing,Other serious outcome,Ozempic
24102409,2,64,YR,Female,78.458,KG,US,US,OZEMPIC,SEMAGLUTIDE,1,MG,PS,Decreased appetite,HO,2024Q4,Younger Adults (18–64),Gastro-Intestinal and Metabolic,<80 kg,≥1 mg,High dose,Hospitalization,Ozempic
24102415,1,60,YR,Female,,"",US,US,OZEMPIC,SEMAGLUTIDE,0.5,MG,PS,Cholelithiasis,OT,2024Q3,Younger Adults (18–64),Gastro-Intestinal and Metabolic,Missing,0.5–0.99 mg,Medium dose,Other serious outcome,Ozempic
24102469,1,71,YR,Female,,"",US,US,OZEMPIC,SEMAGLUTIDE,,"",PS,Sarcopenia,HO,2024Q3,Older Adults (≥65),Others,Missing,Missing,Missing,Hospitalization,Ozempic
24102471,1,68,YR,Female,,"",US,US,OZEMPIC,SEMAGLUTIDE,,"",PS,Nausea,HO,2024Q3,Older Adults (≥65),Gastro-Intestinal and Metabolic,Missing,Missing,Missing,Hospitalization,Ozempic
24102473,1,51,YR,Female,,"",US,US,OZEMPIC,SEMAGLUTIDE,,"",PS,Pancreatitis,OT,2024Q3,Younger Adults (18–64),Gastro-Intestinal and Metabolic,Missing,Missing,Missing,Other serious outcome,Ozempic
24102485,1,55,YR,Female,,"",US,US,OZEMPIC,SEMAGLUTIDE,,"",PS,Vomiting,HO,2024Q3,Younger Adults (18–64),Gastro-Intestinal and Metabolic,Missing,Missing,Missing,Hospitalization,Ozempic
24102491,1,50,YR,Male,,"",US,US,OZEMPIC,SEMAGLUTIDE,1,MG,PS,Hypoglycaemia,HO,2024Q3,Younger Adults (18–64),Gastro-Intestinal and Metabolic,Missing,≥1 mg,High dose,Hospitalization,Ozempic
24102523,1,64,YR,Female,71.6,KG,US,US,OZEMPIC,SEMAGLUTIDE,2,MG,PS,Pancreatitis acute,HO,2024Q3,Younger Adults (18–64),Gastro-Intestinal and Metabolic,<80 kg,≥1 mg,High dose,Hospitalization,Ozempic
24102534,1,74,YR,Male,,"",US,US,OZEMPIC,SEMAGLUTIDE,,"",PS,Pancreatitis,OT,2024Q3,Older Adults (≥65),Gastro-Intestinal and Metabolic,Missing,Missing,Missing,Other serious outcome,Ozempic
24102539,1,43,YR,Female,,"",US,US,OZEMPIC,SEMAGLUTIDE,,"",PS,Dizziness,HO,2024Q3,Younger Adults (18–64),Others,Missing,Missing,Missing,Hospitalization,Ozempic
24102556,1,53,YR,Male,90.249,KG,US,US,OZEMPIC,SEMAGLUTIDE,0.25,MG,PS,Pancreatitis,HO,2024Q3,Younger Adults (18–64),Gastro-Intestinal and Metabolic,80–99 kg,<0.5 mg,Low dose,Hospitalization,Ozempic
24102561,1,58,YR,Female,,"",US,US,OZEMPIC,SEMAGLUTIDE,0.5,MG,PS,Diabetic retinopathy,OT,2024Q3,Younger Adults (18–64),Others,Missing,0.5–0.99 mg,Medium dose,Other serious outcome,Ozempic
24102584,1,71,YR,Male,,"",US,US,OZEMPIC,SEMAGLUTIDE,,"",PS,Nausea,HO,2024Q3,Older Adults (≥65),Gastro-Intestinal and Metabolic,Missing,Missing,Missing,Hospitalization,Ozempic
24102589,1,44,YR,Female,,"",US,US,OZEMPIC,SEMAGLUTIDE,1,MG,PS,Cholelithiasis,OT,2024Q3,Younger Adults (18–64),Gastro-Intestinal and Metabolic,Missing,≥1 mg,High dose,Other serious outcome,Ozempic
24102659,1,59,YR,Male,,"",US,US,OZEMPIC,SEMAGLUTIDE,,"",PS,Impaired gastric emptying,OT,2024Q3,Younger Adults (18–64),Gastro-Intestinal and Metabolic,Missing,Missing,Missing,Other serious outcome,Ozempic
24102714,1,63,YR,Female,90.703,KG,US,US,OZEMPIC,SEMAGLUTIDE,1,MG,PS,Pancreatitis,HO,2024Q3,Younger Adults (18–64),Gastro-Intestinal and Metabolic,80–99 kg,≥1 mg,High dose,Hospitalization,Ozempic
24102742,1,55,YR,Male,,"",US,US,OZEMPIC,SEMAGLUTIDE,,"",PS,Pancreatitis acute,HO,2024Q3,Younger Adults (18–64),Gastro-Intestinal and Metabolic,Missing,Missing,Missing,Hospitalization,Ozempic
24102746,1,49,YR,Female,,"",US,US,OZEMPIC,SEMAGLUTIDE,2,MG,PS,Steatorrhoea,OT,2024Q3,Younger Adults (18–64),Others,Missing,≥1 mg,High dose,Other serious outcome,Ozempic
24102790,2,74,YR,Female,,"",US,US,OZEMPIC,SEMAGLUTIDE,1,MG,PS,Glycosylated haemoglobin increased,OT,2024Q3,Older Adults (≥65),Others,Missing,≥1 mg,High dose,Other serious outcome,Ozempic
24102826,1,67,YR,Female,,"",US,US,OZEMPIC,SEMAGLUTIDE,1,MG,PS,Renal failure,OT,2024Q3,Older Adults (≥65),Others,Missing,≥1 mg,High dose,Other serious outcome,Ozempic
24102850,2,56,YR,Female,111,KG,US,US,OZEMPIC,SEMAGLUTIDE,1,MG,PS,Acute kidney injury,HO,2024Q4,Younger Adults (18–64),Others,≥100 kg,≥1 mg,High dose,Hospitalization,Ozempic
24102882,1,22,YR,Male,,"",US,US,OZEMPIC,SEMAGLUTIDE,1,MG,PS,Ileus,OT,2024Q3,Younger Adults (18–64),Gastro-Intestinal and Metabolic,Missing,≥1 mg,High dose,Other serious outcome,Ozempic
24102904,1,71,YR,Male,,"",US,US,OZEMPIC,SEMAGLUTIDE,0.25,MG,PS,Blood glucose increased,OT,2024Q3,Older Adults (≥65),Gastro-Intestinal and Metabolic,Missing,<0.5 mg,Low dose,Other serious outcome,Ozempic
24102943,2,54,YR,Female,97.506,KG,US,US,OZEMPIC,SEMAGLUTIDE,,"",PS,Dyspepsia,HO,2024Q4,Younger Adults (18–64),Gastro-Intestinal and Metabolic,80–99 kg,Missing,Missing,Hospitalization,Ozempic
24102960,3,69,YR,Male,,"",US,US,OZEMPIC,SEMAGLUTIDE,1,MG,PS,Aortic stenosis,OT,2024Q4,Older Adults (≥65),Others,Missing,≥1 mg,High dose,Other serious outcome,Ozempic
24102963,1,63,YR,Female,,"",US,US,OZEMPIC,SEMAGLUTIDE,0.5,MG,PS,Nausea,OT,2024Q3,Younger Adults (18–64),Gastro-Intestinal and Metabolic,Missing,0.5–0.99 mg,Medium dose,Other serious outcome,Ozempic
24107184,1,67,YR,Male,,"",US,US,OZEMPIC,SEMAGLUTIDE,1,MG,PS,Retinal detachment,OT,2024Q3,Older Adults (≥65),Others,Missing,≥1 mg,High dose,Other serious outcome,Ozempic
24107187,1,68,YR,Female,,"",US,US,OZEMPIC,SEMAGLUTIDE,2,MG,PS,Visual impairment,OT,2024Q3,Older Adults (≥65),Others,Missing,≥1 mg,High dose,Other serious outcome,Ozempic
24107192,1,71,YR,Female,,"",US,US,OZEMPIC,SEMAGLUTIDE,2,MG,PS,Bell's palsy,HO,2024Q3,Older Adults (≥65),Others,Missing,≥1 mg,High dose,Hospitalization,Ozempic
24107536,2,38,YR,Female,81.7,KG,US,US,WEGOVY,SEMAGLUTIDE,2.4,MG,PS,Unintended pregnancy,OT,2024Q3,Younger Adults (18–64),Others,80–99 kg,≥1 mg,High dose,Other serious outcome,Wegovy
24107538,2,57,YR,Male,,"",US,US,OZEMPIC,SEMAGLUTIDE,,"",PS,Dehydration,HO,2024Q4,Younger Adults (18–64),Gastro-Intestinal and Metabolic,Missing,Missing,Missing,Hospitalization,Ozempic
24109269,1,45,YR,Male,108.86,KG,US,"",OZEMPIC,SEMAGLUTIDE,,"",PS,Hospitalisation,LT,2024Q3,Younger Adults (18–64),Others,≥100 kg,Missing,Missing,Life-threatening,Ozempic
24110321,1,58,YR,Female,121.05,KG,US,"",OZEMPIC,SEMAGLUTIDE,,"",PS,Screaming,LT,2024Q3,Younger Adults (18–64),Others,≥100 kg,Missing,Missing,Life-threatening,Ozempic
24114863,1,48,YR,Female,,"",US,US,WEGOVY,SEMAGLUTIDE,,"",PS,Depression,OT,2024Q3,Younger Adults (18–64),Psychiatric-related,Missing,Missing,Missing,Other serious outcome,Wegovy
24114932,1,52,YR,Female,,"",US,US,WEGOVY,SEMAGLUTIDE,,"",PS,Weight increased,HO,2024Q3,Younger Adults (18–64),Others,Missing,Missing,Missing,Hospitalization,Wegovy
24114994,2,43,YR,Female,193,KG,US,US,WEGOVY,SEMAGLUTIDE,2.4,MG,PS,Inappropriate schedule of product administration,HO,2024Q4,Younger Adults (18–64),Others,≥100 kg,≥1 mg,High dose,Hospitalization,Wegovy
24115011,1,56,YR,Female,,"",US,US,WEGOVY,SEMAGLUTIDE,,"",PS,Pancreatitis,HO,2024Q3,Younger Adults (18–64),Gastro-Intestinal and Metabolic,Missing,Missing,Missing,Hospitalization,Wegovy
24115049,2,62,YR,Female,,"",US,US,WEGOVY,SEMAGLUTIDE,0.5,MG,PS,Vomiting,HO,2024Q4,Younger Adults (18–64),Gastro-Intestinal and Metabolic,Missing,0.5–0.99 mg,Medium dose,Hospitalization,Wegovy
24115064,1,48,YR,Female,,"",US,US,WEGOVY,SEMAGLUTIDE,2.4,MG,PS,Ileus,OT,2024Q3,Younger Adults (18–64),Gastro-Intestinal and Metabolic,Missing,≥1 mg,High dose,Other serious outcome,Wegovy
24115068,1,65,YR,Female,,"",US,US,WEGOVY,SEMAGLUTIDE,0.25,MG,PS,Hypersensitivity,OT,2024Q3,Older Adults (≥65),Others,Missing,<0.5 mg,Low dose,Other serious outcome,Wegovy
24115125,1,62,YR,Female,118.6,KG,US,US,WEGOVY,SEMAGLUTIDE,0.25,MG,PS,Diarrhoea,HO,2024Q3,Younger Adults (18–64),Gastro-Intestinal and Metabolic,≥100 kg,<0.5 mg,Low dose,Hospitalization,Wegovy
24115184,1,59,YR,Female,,"",US,US,WEGOVY,SEMAGLUTIDE,0.25,MG,PS,Extra dose administered,HO,2024Q3,Younger Adults (18–64),Others,Missing,<0.5 mg,Low dose,Hospitalization,Wegovy
24115231,1,29,YR,Female,,"",US,US,WEGOVY,SEMAGLUTIDE,1.7,MG,PS,Gallbladder disorder,OT,2024Q3,Younger Adults (18–64),Others,Missing,≥1 mg,High dose,Other serious outcome,Wegovy
24115232,3,50,YR,Female,,"",US,US,WEGOVY,SEMAGLUTIDE,,"",PS,Vomiting,OT,2024Q3,Younger Adults (18–64),Gastro-Intestinal and Metabolic,Missing,Missing,Missing,Other serious outcome,Wegovy
24115239,1,53,YR,Female,,"",US,US,WEGOVY,SEMAGLUTIDE,,"",PS,Pancreatitis,OT,2024Q3,Younger Adults (18–64),Gastro-Intestinal and Metabolic,Missing,Missing,Missing,Other serious outcome,Wegovy
24115260,1,46,YR,Female,,"",US,US,WEGOVY,SEMAGLUTIDE,1.7,MG,PS,Appendicitis,HO,2024Q3,Younger Adults (18–64),Others,Missing,≥1 mg,High dose,Hospitalization,Wegovy
24115271,1,42,YR,Female,,"",US,US,WEGOVY,SEMAGLUTIDE,1.7,MG,PS,Pancreatitis,HO,2024Q3,Younger Adults (18–64),Gastro-Intestinal and Metabolic,Missing,≥1 mg,High dose,Hospitalization,Wegovy
24115307,1,25,YR,Female,171.7,KG,US,US,WEGOVY,SEMAGLUTIDE,,"",PS,Pancreatitis,HO,2024Q3,Younger Adults (18–64),Gastro-Intestinal and Metabolic,≥100 kg,Missing,Missing,Hospitalization,Wegovy
24115312,1,50,YR,Female,,"",US,US,WEGOVY,SEMAGLUTIDE,,"",PS,Heart rate increased,HO,2024Q3,Younger Adults (18–64),Cardiovascular,Missing,Missing,Missing,Hospitalization,Wegovy
24115350,1,49,YR,Female,,"",US,US,WEGOVY,SEMAGLUTIDE,2.4,MG,PS,Drug intolerance,HO,2024Q3,Younger Adults (18–64),Others,Missing,≥1 mg,High dose,Hospitalization,Wegovy
24115353,1,55,YR,Female,,"",US,US,WEGOVY,SEMAGLUTIDE,1.7,MG,PS,Prescription drug used without a prescription,OT,2024Q3,Younger Adults (18–64),Others,Missing,≥1 mg,High dose,Other serious outcome,Wegovy
24115376,1,52,YR,Female,,"",US,US,WEGOVY,SEMAGLUTIDE,2.4,MG,PS,Idiopathic pancreatitis,OT,2024Q3,Younger Adults (18–64),Others,Missing,≥1 mg,High dose,Other serious outcome,Wegovy
24115448,1,57,YR,Female,,"",US,US,WEGOVY,SEMAGLUTIDE,0.25,MG,PS,Headache,OT,2024Q3,Younger Adults (18–64),Others,Missing,<0.5 mg,Low dose,Other serious outcome,Wegovy
24115475,1,57,YR,Female,,"",US,US,WEGOVY,SEMAGLUTIDE,0.5,MG,PS,Dry throat,OT,2024Q3,Younger Adults (18–64),Others,Missing,0.5–0.99 mg,Medium dose,Other serious outcome,Wegovy
24115500,1,28,YR,Female,92.063,KG,US,US,WEGOVY,SEMAGLUTIDE,0.5,MG,PS,Anaphylactic reaction,HO,2024Q3,Younger Adults (18–64),Others,80–99 kg,0.5–0.99 mg,Medium dose,Hospitalization,Wegovy
24115518,1,35,YR,Male,,"",US,US,WEGOVY,SEMAGLUTIDE,,"",PS,Impaired gastric emptying,HO,2024Q3,Younger Adults (18–64),Gastro-Intestinal and Metabolic,Missing,Missing,Missing,Hospitalization,Wegovy
24115519,1,42,YR,Male,,"",US,US,WEGOVY,SEMAGLUTIDE,,"",PS,Nausea,OT,2024Q3,Younger Adults (18–64),Gastro-Intestinal and Metabolic,Missing,Missing,Missing,Other serious outcome,Wegovy
24115546,2,37,YR,Female,,"",US,US,WEGOVY,SEMAGLUTIDE,0.25,MG,PS,Incorrect dose administered,HO,2024Q3,Younger Adults (18–64),Others,Missing,<0.5 mg,Low dose,Hospitalization,Wegovy
24115601,1,29,YR,Female,,"",US,US,WEGOVY,SEMAGLUTIDE,0.25,MG,PS,Cholecystitis,HO,2024Q3,Younger Adults (18–64),Gastro-Intestinal and Metabolic,Missing,<0.5 mg,Low dose,Hospitalization,Wegovy
24115624,1,49,YR,Male,,"",US,US,WEGOVY,SEMAGLUTIDE,,"",PS,Nausea,OT,2024Q3,Younger Adults (18–64),Gastro-Intestinal and Metabolic,Missing,Missing,Missing,Other serious outcome,Wegovy
24115629,2,46,YR,Female,,"",US,US,WEGOVY,SEMAGLUTIDE,0.25,MG,PS,Head injury,OT,2024Q4,Younger Adults (18–64),Others,Missing,<0.5 mg,Low dose,Other serious outcome,Wegovy
24115678,1,53,YR,Female,,"",US,US,WEGOVY,SEMAGLUTIDE,1.7,MG,PS,Vomiting,HO,2024Q3,Younger Adults (18–64),Gastro-Intestinal and Metabolic,Missing,≥1 mg,High dose,Hospitalization,Wegovy
24115732,1,55,YR,Male,139.68,KG,US,US,WEGOVY,SEMAGLUTIDE,,"",PS,Impaired gastric emptying,OT,2024Q3,Younger Adults (18–64),Gastro-Intestinal and Metabolic,≥100 kg,Missing,Missing,Other serious outcome,Wegovy
24115735,1,42,YR,Female,,"",US,US,WEGOVY,SEMAGLUTIDE,2.4,MG,PS,Vomiting,HO,2024Q3,Younger Adults (18–64),Gastro-Intestinal and Metabolic,Missing,≥1 mg,High dose,Hospitalization,Wegovy
24116253,1,80,YR,Female,,"",US,US,OZEMPIC,SEMAGLUTIDE,1,MG,PS,Hallucination,OT,2024Q3,Older Adults (≥65),Psychiatric-related,Missing,≥1 mg,High dose,Other serious outcome,Ozempic
24116255,1,57,YR,Male,,"",US,US,OZEMPIC,SEMAGLUTIDE,0.25,MG,PS,Flank pain,OT,2024Q3,Younger Adults (18–64),Others,Missing,<0.5 mg,Low dose,Other serious outcome,Ozempic
24116257,1,18,YR,Female,,"",US,US,WEGOVY,SEMAGLUTIDE,,"",PS,Cholecystectomy,OT,2024Q3,Younger Adults (18–64),Others,Missing,Missing,Missing,Other serious outcome,Wegovy
24116262,1,31,YR,Female,,"",US,US,OZEMPIC,SEMAGLUTIDE,,"",PS,Shock hypoglycaemic,OT,2024Q3,Younger Adults (18–64),Others,Missing,Missing,Missing,Other serious outcome,Ozempic
24116266,1,68,YR,Male,,"",US,US,WEGOVY,SEMAGLUTIDE,,"",PS,Vomiting,HO,2024Q3,Older Adults (≥65),Gastro-Intestinal and Metabolic,Missing,Missing,Missing,Hospitalization,Wegovy
24116268,1,50,YR,Female,,"",US,US,OZEMPIC,SEMAGLUTIDE,1,MG,PS,Elbow operation,OT,2024Q3,Younger Adults (18–64),Others,Missing,≥1 mg,High dose,Other serious outcome,Ozempic
24116269,2,43,YR,Female,,"",US,US,OZEMPIC,SEMAGLUTIDE,1,MG,PS,Optic ischaemic neuropathy,OT,2024Q3,Younger Adults (18–64),Others,Missing,≥1 mg,High dose,Other serious outcome,Ozempic
24116276,1,44,YR,Female,,"",US,US,WEGOVY,SEMAGLUTIDE,1.7,MG,PS,Cataract operation,OT,2024Q3,Younger Adults (18–64),Others,Missing,≥1 mg,High dose,Other serious outcome,Wegovy
24116278,2,68,YR,Female,,"",US,US,OZEMPIC,SEMAGLUTIDE,,"",PS,Cataract operation,OT,2024Q4,Older Adults (≥65),Others,Missing,Missing,Missing,Other serious outcome,Ozempic
24116335,1,69,YR,Female,,"",US,US,OZEMPIC,SEMAGLUTIDE,,"",PS,Retching,OT,2024Q3,Older Adults (≥65),Others,Missing,Missing,Missing,Other serious outcome,Ozempic
24116343,2,36,YR,Female,,"",US,US,OZEMPIC,SEMAGLUTIDE,,"",PS,Constipation,OT,2024Q4,Younger Adults (18–64),Gastro-Intestinal and Metabolic,Missing,Missing,Missing,Other serious outcome,Ozempic
24116344,2,61,YR,Male,102.9,KG,US,US,OZEMPIC,SEMAGLUTIDE,0.25,MG,PS,Dysphagia,HO,2024Q3,Younger Adults (18–64),Others,≥100 kg,<0.5 mg,Low dose,Hospitalization,Ozempic
24116355,1,63,YR,Male,,"",US,US,OZEMPIC,SEMAGLUTIDE,2,MG,PS,Hospitalisation,HO,2024Q3,Younger Adults (18–64),Others,Missing,≥1 mg,High dose,Hospitalization,Ozempic
24116565,2,66,YR,Female,,"",US,US,OZEMPIC,SEMAGLUTIDE,,"",PS,Trigger finger,OT,2024Q3,Older Adults (≥65),Others,Missing,Missing,Missing,Other serious outcome,Ozempic
24117370,1,49,YR,Male,,"",US,US,WEGOVY,SEMAGLUTIDE,0.25,MG,PS,Optic ischaemic neuropathy,OT,2024Q3,Younger Adults (18–64),Others,Missing,<0.5 mg,Low dose,Other serious outcome,Wegovy
24117565,1,60,YR,Female,,"",US,US,OZEMPIC,SEMAGLUTIDE,,"",PS,Wrong technique in product usage process,OT,2024Q3,Younger Adults (18–64),Others,Missing,Missing,Missing,Other serious outcome,Ozempic
24121655,1,61,YR,Female,82.35,KG,US,"",WEGOVY,SEMAGLUTIDE,,"",PS,Constipation,HO,2024Q3,Younger Adults (18–64),Gastro-Intestinal and Metabolic,80–99 kg,Missing,Missing,Hospitalization,Wegovy
24122737,1,61,YR,Male,,"",US,US,OZEMPIC,SEMAGLUTIDE,1,MG,PS,Thyroid cancer,OT,2024Q3,Younger Adults (18–64),Others,Missing,≥1 mg,High dose,Other serious outcome,Ozempic
24122757,1,73,YR,Female,,"",US,US,OZEMPIC,SEMAGLUTIDE,0.5,MG,PS,Breast cancer,HO,2024Q3,Older Adults (≥65),Others,Missing,0.5–0.99 mg,Medium dose,Hospitalization,Ozempic
24122759,1,28,YR,Female,,"",US,US,OZEMPIC,SEMAGLUTIDE,,"",PS,Pancreatic carcinoma,OT,2024Q3,Younger Adults (18–64),Others,Missing,Missing,Missing,Other serious outcome,Ozempic
24122765,1,71,YR,Female,,"",US,US,OZEMPIC,SEMAGLUTIDE,,"",PS,Balance disorder,OT,2024Q3,Older Adults (≥65),Others,Missing,Missing,Missing,Other serious outcome,Ozempic
24122772,1,81,YR,Male,,"",US,US,OZEMPIC,SEMAGLUTIDE,,"",PS,Blindness unilateral,OT,2024Q3,Older Adults (≥65),Others,Missing,Missing,Missing,Other serious outcome,Ozempic
24122790,1,67,YR,Female,,"",US,US,OZEMPIC,SEMAGLUTIDE,,"",PS,Off label use,OT,2024Q3,Older Adults (≥65),Others,Missing,Missing,Missing,Other serious outcome,Ozempic
24128545,1,71,YR,Male,111,KG,US,US,RYBELSUS,SEMAGLUTIDE,7,MG,PS,Pancreatitis,HO,2024Q3,Older Adults (≥65),Gastro-Intestinal and Metabolic,≥100 kg,≥1 mg,High dose,Hospitalization,Rybelsus
24128590,1,81,YR,Male,,"",US,US,RYBELSUS,SEMAGLUTIDE,3,MG,PS,Glycosylated haemoglobin increased,OT,2024Q3,Older Adults (≥65),Others,Missing,≥1 mg,High dose,Other serious outcome,Rybelsus
24128607,1,70,YR,Male,,"",US,US,RYBELSUS,SEMAGLUTIDE,,"",PS,Impaired gastric emptying,OT,2024Q3,Older Adults (≥65),Gastro-Intestinal and Metabolic,Missing,Missing,Missing,Other serious outcome,Rybelsus
24128613,1,58,YR,Male,92.517,KG,US,US,RYBELSUS,SEMAGLUTIDE,14,MG,PS,Pancreatitis,OT,2024Q3,Younger Adults (18–64),Gastro-Intestinal and Metabolic,80–99 kg,≥1 mg,High dose,Other serious outcome,Rybelsus
24128630,1,56,YR,Male,,"",US,US,RYBELSUS,SEMAGLUTIDE,,"",PS,Cholecystitis,HO,2024Q3,Younger Adults (18–64),Gastro-Intestinal and Metabolic,Missing,Missing,Missing,Hospitalization,Rybelsus
24128642,1,58,YR,Female,,"",US,US,RYBELSUS,SEMAGLUTIDE,,"",PS,Ileus,OT,2024Q3,Younger Adults (18–64),Gastro-Intestinal and Metabolic,Missing,Missing,Missing,Other serious outcome,Rybelsus
24128650,1,64,YR,Female,,"",US,US,RYBELSUS,SEMAGLUTIDE,,"",PS,Blood glucose increased,OT,2024Q3,Younger Adults (18–64),Gastro-Intestinal and Metabolic,Missing,Missing,Missing,Other serious outcome,Rybelsus
24128675,1,47,YR,Male,104.31,KG,US,US,RYBELSUS,SEMAGLUTIDE,7,MG,PS,Ileus,HO,2024Q3,Younger Adults (18–64),Gastro-Intestinal and Metabolic,≥100 kg,≥1 mg,High dose,Hospitalization,Rybelsus
24128696,1,60,YR,Male,,"",US,US,RYBELSUS,SEMAGLUTIDE,7,MG,PS,Nausea,OT,2024Q3,Younger Adults (18–64),Gastro-Intestinal and Metabolic,Missing,≥1 mg,High dose,Other serious outcome,Rybelsus
24128744,1,40,YR,Male,99.773,KG,US,US,RYBELSUS,SEMAGLUTIDE,,"",PS,Anaphylactic reaction,HO,2024Q3,Younger Adults (18–64),Others,80–99 kg,Missing,Missing,Hospitalization,Rybelsus
24128746,1,46,YR,Male,,"",US,US,RYBELSUS,SEMAGLUTIDE,,"",PS,Diarrhoea,OT,2024Q3,Younger Adults (18–64),Gastro-Intestinal and Metabolic,Missing,Missing,Missing,Other serious outcome,Rybelsus
24129760,1,67,YR,Female,,"",US,US,OZEMPIC,SEMAGLUTIDE,,"",PS,Nephrolithiasis,HO,2024Q3,Older Adults (≥65),Others,Missing,Missing,Missing,Hospitalization,Ozempic
24131723,1,74,YR,Female,69.4,KG,US,"",OZEMPIC,SEMAGLUTIDE,1,MG,PS,Nausea,OT,2024Q3,Older Adults (≥65),Gastro-Intestinal and Metabolic,<80 kg,≥1 mg,High dose,Other serious outcome,Ozempic
24132289,1,52,YR,Female,105.75,KG,US,"",WEGOVY,SEMAGLUTIDE,,"",PS,Gait inability,OT,2024Q3,Younger Adults (18–64),Others,≥100 kg,Missing,Missing,Other serious outcome,Wegovy
24132637,1,25,YR,Female,95.85,KG,US,"",WEGOVY,SEMAGLUTIDE,,"",PS,Dyspnoea,RI,2024Q3,Younger Adults (18–64),Others,80–99 kg,Missing,Missing,Required intervention,Wegovy
24133456,1,51,YR,Male,94.05,KG,US,"",WEGOVY,SEMAGLUTIDE,,"",PS,Suicidal ideation,LT,2024Q3,Younger Adults (18–64),Psychiatric-related,80–99 kg,Missing,Missing,Life-threatening,Wegovy
24133542,1,73,YR,Female,91.2,KG,US,"",OZEMPIC,SEMAGLUTIDE,,"",PS,Urinary tract infection,HO,2024Q3,Older Adults (≥65),Others,80–99 kg,Missing,Missing,Hospitalization,Ozempic
24134979,1,45,YR,Female,,"",US,US,SEMAGLUTIDE,SEMAGLUTIDE,,"",PS,Pulmonary embolism,HO,2024Q3,Younger Adults (18–64),Cardiovascular,Missing,Missing,Missing,Hospitalization,Semaglutide (Unspecified)
24134981,1,64,YR,Female,,"",US,US,WEGOVY,SEMAGLUTIDE,,"",PS,Dehydration,HO,2024Q3,Younger Adults (18–64),Gastro-Intestinal and Metabolic,Missing,Missing,Missing,Hospitalization,Wegovy
24134986,1,66,YR,Male,,"",US,US,OZEMPIC,SEMAGLUTIDE,0.25,MG,PS,Gastrointestinal pain,HO,2024Q3,Older Adults (≥65),Others,Missing,<0.5 mg,Low dose,Hospitalization,Ozempic
24134987,1,79,YR,Female,,"",US,US,OZEMPIC,SEMAGLUTIDE,0.25,MG,PS,Nausea,OT,2024Q3,Older Adults (≥65),Gastro-Intestinal and Metabolic,Missing,<0.5 mg,Low dose,Other serious outcome,Ozempic
24134994,4,48,YR,Female,,"",US,US,WEGOVY,SEMAGLUTIDE,0.5,MG,PS,Oral discomfort,OT,2024Q4,Younger Adults (18–64),Others,Missing,0.5–0.99 mg,Medium dose,Other serious outcome,Wegovy
24138069,1,40,YR,Male,90.72,KG,US,"",OZEMPIC,SEMAGLUTIDE,0.5,MG,PS,Agitation,OT,2024Q3,Younger Adults (18–64),Psychiatric-related,80–99 kg,0.5–0.99 mg,Medium dose,Other serious outcome,Ozempic
24140986,1,44,YR,Female,67.5,KG,US,"",OZEMPIC,SEMAGLUTIDE,,"",PS,Muscle fatigue,HO,2024Q3,Younger Adults (18–64),Others,<80 kg,Missing,Missing,Hospitalization,Ozempic
24141044,1,71,YR,Male,89.1,KG,US,"",OZEMPIC,SEMAGLUTIDE,,"",PS,Neck pain,HO,2024Q3,Older Adults (≥65),Others,80–99 kg,Missing,Missing,Hospitalization,Ozempic
24141311,1,64,YR,Female,67.5,KG,US,"",WEGOVY,SEMAGLUTIDE,,"",PS,Depressed mood,DS,2024Q3,Younger Adults (18–64),Psychiatric-related,<80 kg,Missing,Missing,Disability,Wegovy
24142280,1,51,YR,Male,156,KG,US,"",OZEMPIC,SEMAGLUTIDE,2,MG,PS,Ocular hyperaemia,OT,2024Q3,Younger Adults (18–64),Others,≥100 kg,≥1 mg,High dose,Other serious outcome,Ozempic
24142398,1,48,YR,Female,90.45,KG,US,"",OZEMPIC,SEMAGLUTIDE,,"",PS,Constipation,RI,2024Q3,Younger Adults (18–64),Gastro-Intestinal and Metabolic,80–99 kg,Missing,Missing,Required intervention,Ozempic
24145106,1,63,YR,Female,,"",US,US,OZEMPIC,SEMAGLUTIDE,,"",PS,Disability,DS,2024Q3,Younger Adults (18–64),Others,Missing,Missing,Missing,Disability,Ozempic
24145108,1,63,YR,Female,,"",US,US,SEMAGLUTIDE,SEMAGLUTIDE,,"",PS,Fatigue,OT,2024Q3,Younger Adults (18–64),Others,Missing,Missing,Missing,Other serious outcome,Semaglutide (Unspecified)
24145432,1,60,YR,Female,,"",US,US,OZEMPIC,SEMAGLUTIDE,,"",PS,Blindness unilateral,OT,2024Q3,Younger Adults (18–64),Others,Missing,Missing,Missing,Other serious outcome,Ozempic
24145433,2,64,YR,Male,104.04,KG,US,US,OZEMPIC,SEMAGLUTIDE,0.25,MG,PS,Renal cyst,HO,2024Q3,Younger Adults (18–64),Others,≥100 kg,<0.5 mg,Low dose,Hospitalization,Ozempic
24145434,2,46,YR,Male,180.5,KG,US,US,OZEMPIC,SEMAGLUTIDE,0.25,MG,PS,Gastritis,HO,2024Q4,Younger Adults (18–64),Others,≥100 kg,<0.5 mg,Low dose,Hospitalization,Ozempic
24145446,2,63,YR,Female,,"",US,US,OZEMPIC,SEMAGLUTIDE,,"",PS,Vision blurred,OT,2024Q3,Younger Adults (18–64),Others,Missing,Missing,Missing,Other serious outcome,Ozempic
24145781,1,63,YR,Female,,"",US,US,OZEMPIC,SEMAGLUTIDE,0.25,MG,PS,Chest pain,HO,2024Q3,Younger Adults (18–64),Others,Missing,<0.5 mg,Low dose,Hospitalization,Ozempic
24145785,2,55,YR,Female,90.703,KG,US,US,OZEMPIC,SEMAGLUTIDE,0.5,MG,PS,Nausea,HO,2024Q4,Younger Adults (18–64),Gastro-Intestinal and Metabolic,80–99 kg,0.5–0.99 mg,Medium dose,Hospitalization,Ozempic
24145788,1,69,YR,Male,,"",US,US,OZEMPIC,SEMAGLUTIDE,0.5,MG,PS,Vitreous floaters,OT,2024Q3,Older Adults (≥65),Others,Missing,0.5–0.99 mg,Medium dose,Other serious outcome,Ozempic
24147220,1,47,YR,Male,131.9,KG,US,"",OZEMPIC,SEMAGLUTIDE,2.4,MG,PS,Large intestine perforation,LT,2024Q3,Younger Adults (18–64),Others,≥100 kg,≥1 mg,High dose,Life-threatening,Ozempic
24147619,1,37,YR,Male,,"",US,US,OZEMPIC,SEMAGLUTIDE,,"",PS,Wernicke's encephalopathy,OT,2024Q3,Younger Adults (18–64),Others,Missing,Missing,Missing,Other serious outcome,Ozempic
24148075,1,24,YR,Female,141.75,KG,US,"",OZEMPIC,SEMAGLUTIDE,,"",PS,Ovarian cyst ruptured,HO,2024Q3,Younger Adults (18–64),Others,≥100 kg,Missing,Missing,Hospitalization,Ozempic
24149670,1,77,YR,Female,,"",US,US,OZEMPIC,SEMAGLUTIDE,1,MG,PS,Cataract,OT,2024Q3,Older Adults (≥65),Others,Missing,≥1 mg,High dose,Other serious outcome,Ozempic
24149672,2,55,YR,Female,99,KG,US,US,OZEMPIC,SEMAGLUTIDE,0.25,MG,PS,Ileus,HO,2024Q4,Younger Adults (18–64),Gastro-Intestinal and Metabolic,80–99 kg,<0.5 mg,Low dose,Hospitalization,Ozempic
24149673,2,49,YR,Female,92.063,KG,US,US,OZEMPIC,SEMAGLUTIDE,0.25,MG,PS,Faecalith,HO,2024Q4,Younger Adults (18–64),Others,80–99 kg,<0.5 mg,Low dose,Hospitalization,Ozempic
24149674,2,49,YR,Female,99.79,KG,US,US,OZEMPIC,SEMAGLUTIDE,0.5,MG,PS,Small intestinal obstruction,HO,2024Q4,Younger Adults (18–64),Others,80–99 kg,0.5–0.99 mg,Medium dose,Hospitalization,Ozempic
24149685,2,49,YR,Female,,"",US,US,OZEMPIC,SEMAGLUTIDE,0.25,MG,PS,Aplastic anaemia,HO,2024Q4,Younger Adults (18–64),Others,Missing,<0.5 mg,Low dose,Hospitalization,Ozempic
24149715,1,49,YR,Female,,"",US,US,OZEMPIC,SEMAGLUTIDE,,"",PS,Ileus,HO,2024Q3,Younger Adults (18–64),Gastro-Intestinal and Metabolic,Missing,Missing,Missing,Hospitalization,Ozempic
24149719,2,61,YR,Female,88.45,KG,US,US,OZEMPIC,SEMAGLUTIDE,0.25,MG,PS,Diarrhoea,HO,2024Q4,Younger Adults (18–64),Gastro-Intestinal and Metabolic,80–99 kg,<0.5 mg,Low dose,Hospitalization,Ozempic
24149721,2,39,YR,Female,,"",US,US,OZEMPIC,SEMAGLUTIDE,,"",PS,Impaired gastric emptying,HO,2024Q4,Younger Adults (18–64),Gastro-Intestinal and Metabolic,Missing,Missing,Missing,Hospitalization,Ozempic
24149724,2,53,YR,Female,68.027,KG,US,US,OZEMPIC,SEMAGLUTIDE,0.25,MG,PS,Nausea,HO,2024Q4,Younger Adults (18–64),Gastro-Intestinal and Metabolic,<80 kg,<0.5 mg,Low dose,Hospitalization,Ozempic
24149727,2,53,YR,Female,105.22,KG,US,US,OZEMPIC,SEMAGLUTIDE,0.5,MG,PS,Product use issue,HO,2024Q4,Younger Adults (18–64),Others,≥100 kg,0.5–0.99 mg,Medium dose,Hospitalization,Ozempic
24149729,2,49,YR,Female,,"",US,US,WEGOVY,SEMAGLUTIDE,0.25,MG,PS,Malnutrition,HO,2024Q4,Younger Adults (18–64),Gastro-Intestinal and Metabolic,Missing,<0.5 mg,Low dose,Hospitalization,Wegovy
24149955,2,70,YR,Male,,"",US,US,RYBELSUS,SEMAGLUTIDE,3,MG,PS,Colitis,HO,2024Q3,Older Adults (≥65),Others,Missing,≥1 mg,High dose,Hospitalization,Rybelsus
24151984,1,33,YR,Female,,"",US,"",OZEMPIC,SEMAGLUTIDE,1,MG,PS,Cerebrovascular accident,OT,2024Q3,Younger Adults (18–64),Cardiovascular,Missing,≥1 mg,High dose,Other serious outcome,Ozempic
24152565,1,61,YR,Female,66.6,KG,US,"",OZEMPIC,SEMAGLUTIDE,,"",PS,Pancreatitis,OT,2024Q3,Younger Adults (18–64),Gastro-Intestinal and Metabolic,<80 kg,Missing,Missing,Other serious outcome,Ozempic
24154550,3,74,YR,Female,,"",US,US,OZEMPIC,SEMAGLUTIDE,,"",PS,Constipation,OT,2024Q3,Older Adults (≥65),Gastro-Intestinal and Metabolic,Missing,Missing,Missing,Other serious outcome,Ozempic
24154571,1,40,YR,Female,,"",US,US,WEGOVY,SEMAGLUTIDE,,"",PS,Rectal haemorrhage,OT,2024Q3,Younger Adults (18–64),Others,Missing,Missing,Missing,Other serious outcome,Wegovy
24156756,1,54,YR,Female,81,KG,US,"",OZEMPIC,SEMAGLUTIDE,,"",PS,Hypersensitivity,RI,2024Q3,Younger Adults (18–64),Others,80–99 kg,Missing,Missing,Required intervention,Ozempic
24158230,1,53,YR,Female,80.1,KG,US,"",WEGOVY,SEMAGLUTIDE,,"",PS,Constipation,RI,2024Q3,Younger Adults (18–64),Gastro-Intestinal and Metabolic,80–99 kg,Missing,Missing,Required intervention,Wegovy
24160065,4,77,YR,Female,,"",US,US,OZEMPIC,SEMAGLUTIDE,,"",PS,Thrombotic stroke,HO,2024Q3,Older Adults (≥65),Others,Missing,Missing,Missing,Hospitalization,Ozempic
24160136,1,65,YR,Female,,"",US,US,OZEMPIC,SEMAGLUTIDE,,"",PS,Eye haemorrhage,OT,2024Q3,Older Adults (≥65),Others,Missing,Missing,Missing,Other serious outcome,Ozempic
24162426,1,76,YR,Female,87,KG,US,"",WEGOVY,SEMAGLUTIDE,,"",PS,Diarrhoea,OT,2024Q3,Older Adults (≥65),Gastro-Intestinal and Metabolic,80–99 kg,Missing,Missing,Other serious outcome,Wegovy
24162539,1,41,YR,Male,106,KG,US,"",CYANOCOBALAMIN\SEMAGLUTIDE,CYANOCOBALAMIN\SEMAGLUTIDE,0.25,MG,PS,Vomiting,OT,2024Q3,Younger Adults (18–64),Gastro-Intestinal and Metabolic,≥100 kg,<0.5 mg,Low dose,Other serious outcome,Combination Product
24165086,3,75,YR,Female,,"",US,US,OZEMPIC,SEMAGLUTIDE,,"",PS,Thrombosis,HO,2024Q4,Older Adults (≥65),Others,Missing,Missing,Missing,Hospitalization,Ozempic
24165089,1,72,YR,Male,,"",US,US,WEGOVY,SEMAGLUTIDE,0.5,MG,PS,Pain in extremity,OT,2024Q3,Older Adults (≥65),Others,Missing,0.5–0.99 mg,Medium dose,Other serious outcome,Wegovy
24165091,1,71,YR,Male,,"",US,US,OZEMPIC,SEMAGLUTIDE,1,MG,PS,Arterial rupture,HO,2024Q3,Older Adults (≥65),Others,Missing,≥1 mg,High dose,Hospitalization,Ozempic
24165092,1,77,YR,Female,,"",US,US,OZEMPIC,SEMAGLUTIDE,,"",PS,Cardiac failure,DE,2024Q3,Older Adults (≥65),Cardiovascular,Missing,Missing,Missing,Death,Ozempic
24165094,1,59,YR,Male,,"",US,US,OZEMPIC,SEMAGLUTIDE,,"",PS,Blindness unilateral,OT,2024Q3,Younger Adults (18–64),Others,Missing,Missing,Missing,Other serious outcome,Ozempic
24165096,1,49,YR,Female,,"",US,US,OZEMPIC,SEMAGLUTIDE,,"",PS,Abdominal pain upper,HO,2024Q3,Younger Adults (18–64),Gastro-Intestinal and Metabolic,Missing,Missing,Missing,Hospitalization,Ozempic
24166807,1,76,YR,Male,168,LBS,US,"",OZEMPIC,SEMAGLUTIDE,,"",PS,Flushing,OT,2024Q3,Older Adults (≥65),Others,≥100 kg,Missing,Missing,Other serious outcome,Ozempic
24171874,2,52,YR,Female,,"",US,US,WEGOVY,SEMAGLUTIDE,,"",PS,Arthropod sting,OT,2024Q3,Younger Adults (18–64),Others,Missing,Missing,Missing,Other serious outcome,Wegovy
24171887,1,78,YR,Female,,"",US,US,OZEMPIC,SEMAGLUTIDE,0.5,MG,PS,Cataract operation,OT,2024Q3,Older Adults (≥65),Others,Missing,0.5–0.99 mg,Medium dose,Other serious outcome,Ozempic
24171964,2,44,YR,Female,108.84,KG,US,US,OZEMPIC,SEMAGLUTIDE,0.5,MG,PS,Impaired gastric emptying,HO,2024Q4,Younger Adults (18–64),Gastro-Intestinal and Metabolic,≥100 kg,0.5–0.99 mg,Medium dose,Hospitalization,Ozempic
24171983,2,40,YR,Female,91.61,KG,US,US,OZEMPIC,SEMAGLUTIDE,0.25,MG,PS,Intestinal obstruction,HO,2024Q4,Younger Adults (18–64),Gastro-Intestinal and Metabolic,80–99 kg,<0.5 mg,Low dose,Hospitalization,Ozempic
24171985,1,73,YR,Female,,"",US,US,OZEMPIC,SEMAGLUTIDE,1,MG,PS,Decreased appetite,HO,2024Q3,Older Adults (≥65),Gastro-Intestinal and Metabolic,Missing,≥1 mg,High dose,Hospitalization,Ozempic
24171989,2,69,YR,Female,93.424,KG,US,US,OZEMPIC,SEMAGLUTIDE,0.25,MG,PS,Ileus,HO,2024Q4,Older Adults (≥65),Gastro-Intestinal and Metabolic,80–99 kg,<0.5 mg,Low dose,Hospitalization,Ozempic
24172065,1,78,YR,Female,,"",US,US,OZEMPIC,SEMAGLUTIDE,,"",PS,Off label use,OT,2024Q3,Older Adults (≥65),Others,Missing,Missing,Missing,Other serious outcome,Ozempic
24172068,1,73,YR,Male,,"",US,US,OZEMPIC,SEMAGLUTIDE,1,MG,PS,Faecal disimpaction,OT,2024Q3,Older Adults (≥65),Others,Missing,≥1 mg,High dose,Other serious outcome,Ozempic
24172071,3,66,YR,Female,,"",US,US,OZEMPIC,SEMAGLUTIDE,1,MG,PS,Cataract operation,OT,2024Q4,Older Adults (≥65),Others,Missing,≥1 mg,High dose,Other serious outcome,Ozempic
24172072,1,77,YR,Female,,"",US,US,OZEMPIC,SEMAGLUTIDE,0.5,MG,PS,Injection site pain,OT,2024Q3,Older Adults (≥65),Others,Missing,0.5–0.99 mg,Medium dose,Other serious outcome,Ozempic
24173300,2,38,YR,Female,106.58,KG,US,US,OZEMPIC,SEMAGLUTIDE,0.5,MG,PS,Off label use,HO,2024Q4,Younger Adults (18–64),Others,≥100 kg,0.5–0.99 mg,Medium dose,Hospitalization,Ozempic
24173302,1,57,YR,Male,,"",US,US,OZEMPIC,SEMAGLUTIDE,,"",PS,Product use in unapproved indication,OT,2024Q3,Younger Adults (18–64),Others,Missing,Missing,Missing,Other serious outcome,Ozempic
24173384,2,43,YR,Male,126.08,KG,US,US,OZEMPIC,SEMAGLUTIDE,,"",PS,Product use issue,HO,2024Q4,Younger Adults (18–64),Others,≥100 kg,Missing,Missing,Hospitalization,Ozempic
24173387,2,49,YR,Female,68.027,KG,US,US,OZEMPIC,SEMAGLUTIDE,0.5,MG,PS,Intestinal obstruction,HO,2024Q4,Younger Adults (18–64),Gastro-Intestinal and Metabolic,<80 kg,0.5–0.99 mg,Medium dose,Hospitalization,Ozempic
24173394,2,72,YR,Male,,"",US,US,OZEMPIC,SEMAGLUTIDE,,"",PS,Cardiac disorder,HO,2024Q3,Older Adults (≥65),Others,Missing,Missing,Missing,Hospitalization,Ozempic
24173449,1,69,YR,Male,,"",US,US,OZEMPIC,SEMAGLUTIDE,0.5,MG,PS,Blood pressure abnormal,HO,2024Q3,Older Adults (≥65),Others,Missing,0.5–0.99 mg,Medium dose,Hospitalization,Ozempic
24173576,2,76,YR,Female,,"",US,US,OZEMPIC,SEMAGLUTIDE,,"",PS,Influenza,HO,2024Q3,Older Adults (≥65),Others,Missing,Missing,Missing,Hospitalization,Ozempic
24173581,2,67,YR,Female,,"",US,US,OZEMPIC,SEMAGLUTIDE,1,MG,PS,Weight decreased,HO,2024Q3,Older Adults (≥65),Gastro-Intestinal and Metabolic,Missing,≥1 mg,High dose,Hospitalization,Ozempic
24176335,1,73,YR,Male,,"",US,US,OZEMPIC,SEMAGLUTIDE,0.25,MG,PS,Visual impairment,HO,2024Q3,Older Adults (≥65),Others,Missing,<0.5 mg,Low dose,Hospitalization,Ozempic
24176412,1,67,YR,Female,,"",US,US,OZEMPIC,SEMAGLUTIDE,0.5,MG,PS,Systemic lupus erythematosus,OT,2024Q3,Older Adults (≥65),Others,Missing,0.5–0.99 mg,Medium dose,Other serious outcome,Ozempic
24176413,1,75,YR,Male,,"",US,US,OZEMPIC,SEMAGLUTIDE,,"",PS,Myocardial infarction,HO,2024Q3,Older Adults (≥65),Cardiovascular,Missing,Missing,Missing,Hospitalization,Ozempic
24180537,1,76,YR,Female,135,KG,US,"",SEMAGLUTIDE,SEMAGLUTIDE,0.25,MG,PS,Lip swelling,OT,2024Q3,Older Adults (≥65),Others,≥100 kg,<0.5 mg,Low dose,Other serious outcome,Semaglutide (Unspecified)
24180546,1,52,YR,Female,121.7,KG,US,"",OZEMPIC,SEMAGLUTIDE,0.5,MG,PS,Diarrhoea,LT,2024Q3,Younger Adults (18–64),Gastro-Intestinal and Metabolic,≥100 kg,0.5–0.99 mg,Medium dose,Life-threatening,Ozempic
24183993,1,36,YR,Female,80.1,KG,US,"",OZEMPIC,SEMAGLUTIDE,1,MG,PS,Depressed mood,OT,2024Q3,Younger Adults (18–64),Psychiatric-related,80–99 kg,≥1 mg,High dose,Other serious outcome,Ozempic
24184044,1,67,YR,Male,104,KG,US,US,OZEMPIC,SEMAGLUTIDE,,"",PS,Acute kidney injury,HO,2024Q3,Older Adults (≥65),Others,≥100 kg,Missing,Missing,Hospitalization,Ozempic
24184105,1,66,YR,Female,70.9,KG,US,"",OZEMPIC,SEMAGLUTIDE,0.25,MG,PS,Pancreatitis necrotising,LT,2024Q3,Older Adults (≥65),Gastro-Intestinal and Metabolic,<80 kg,<0.5 mg,Low dose,Life-threatening,Ozempic
24189818,2,49,YR,Female,116.1,KG,US,US,OZEMPIC,SEMAGLUTIDE,0.5,MG,PS,Gastritis,HO,2024Q4,Younger Adults (18–64),Others,≥100 kg,0.5–0.99 mg,Medium dose,Hospitalization,Ozempic
24189820,2,63,YR,Female,77.098,KG,US,US,WEGOVY,SEMAGLUTIDE,0.25,MG,PS,Constipation,HO,2024Q4,Younger Adults (18–64),Gastro-Intestinal and Metabolic,<80 kg,<0.5 mg,Low dose,Hospitalization,Wegovy
24189828,1,59,YR,Female,82.35,KG,US,"",WEGOVY,SEMAGLUTIDE,,"",PS,Therapy cessation,RI,2024Q3,Younger Adults (18–64),Others,80–99 kg,Missing,Missing,Required intervention,Wegovy
24189838,2,39,YR,Female,114.74,KG,US,US,OZEMPIC,SEMAGLUTIDE,0.5,MG,PS,Constipation,HO,2024Q4,Younger Adults (18–64),Gastro-Intestinal and Metabolic,≥100 kg,0.5–0.99 mg,Medium dose,Hospitalization,Ozempic
24189839,2,40,YR,Female,106.12,KG,US,US,WEGOVY,SEMAGLUTIDE,0.5,MG,PS,Blood pressure abnormal,HO,2024Q4,Younger Adults (18–64),Others,≥100 kg,0.5–0.99 mg,Medium dose,Hospitalization,Wegovy
24191017,1,77,YR,Female,72.45,KG,US,"",WEGOVY,SEMAGLUTIDE,,"",PS,Cerebrovascular accident,HO,2024Q3,Older Adults (≥65),Cardiovascular,<80 kg,Missing,Missing,Hospitalization,Wegovy
24191910,1,75,YR,Female,,"",US,US,OZEMPIC,SEMAGLUTIDE,,"",PS,Dehydration,HO,2024Q3,Older Adults (≥65),Gastro-Intestinal and Metabolic,Missing,Missing,Missing,Hospitalization,Ozempic
24192036,2,72,YR,Female,,"",US,US,OZEMPIC,SEMAGLUTIDE,1,MG,PS,Scoliosis,OT,2024Q3,Older Adults (≥65),Others,Missing,≥1 mg,High dose,Other serious outcome,Ozempic
24192042,1,54,YR,Male,,"",US,US,WEGOVY,SEMAGLUTIDE,,"",PS,Atrial fibrillation,OT,2024Q3,Younger Adults (18–64),Cardiovascular,Missing,Missing,Missing,Other serious outcome,Wegovy
24192111,2,66,YR,Female,102.49,KG,US,US,OZEMPIC,SEMAGLUTIDE,0.5,MG,PS,Constipation,HO,2024Q4,Older Adults (≥65),Gastro-Intestinal and Metabolic,≥100 kg,0.5–0.99 mg,Medium dose,Hospitalization,Ozempic
24192112,2,73,YR,Female,,"",US,US,OZEMPIC,SEMAGLUTIDE,0.5,MG,PS,Fall,OT,2024Q3,Older Adults (≥65),Others,Missing,0.5–0.99 mg,Medium dose,Other serious outcome,Ozempic
24194409,1,33,YR,Female,70.65,KG,US,"",SEMAGLUTIDE,SEMAGLUTIDE,,"",PS,Mass,RI,2024Q3,Younger Adults (18–64),Others,<80 kg,Missing,Missing,Required intervention,Semaglutide (Unspecified)
24195855,2,84,YR,Male,,"",US,US,OZEMPIC,SEMAGLUTIDE,,"",PS,Cochlea implant,OT,2024Q4,Older Adults (≥65),Others,Missing,Missing,Missing,Other serious outcome,Ozempic
24198186,1,42,YR,Female,,"",US,US,OZEMPIC,SEMAGLUTIDE,2,MG,PS,Viral infection,HO,2024Q3,Younger Adults (18–64),Others,Missing,≥1 mg,High dose,Hospitalization,Ozempic
24198196,2,53,YR,Female,,"",US,US,OZEMPIC,SEMAGLUTIDE,0.25,MG,PS,Cholelithiasis,HO,2024Q4,Younger Adults (18–64),Gastro-Intestinal and Metabolic,Missing,<0.5 mg,Low dose,Hospitalization,Ozempic
24198230,1,74,YR,Female,,"",US,US,RYBELSUS,SEMAGLUTIDE,7,MG,PS,Glycosylated haemoglobin decreased,HO,2024Q3,Older Adults (≥65),Others,Missing,≥1 mg,High dose,Hospitalization,Rybelsus
24198379,1,47,YR,Female,,"",US,US,WEGOVY,SEMAGLUTIDE,,"",PS,Visual field defect,OT,2024Q3,Younger Adults (18–64),Others,Missing,Missing,Missing,Other serious outcome,Wegovy
24198382,1,76,YR,Female,,"",US,US,OZEMPIC,SEMAGLUTIDE,,"",PS,Macular degeneration,OT,2024Q3,Older Adults (≥65),Others,Missing,Missing,Missing,Other serious outcome,Ozempic
24198383,2,63,YR,Female,104.31,KG,US,US,OZEMPIC,SEMAGLUTIDE,2,MG,PS,Injection site bruising,OT,2024Q4,Younger Adults (18–64),Others,≥100 kg,≥1 mg,High dose,Other serious outcome,Ozempic
24198386,1,68,YR,Female,,"",US,US,OZEMPIC,SEMAGLUTIDE,0.5,MG,PS,Trigger finger,OT,2024Q3,Older Adults (≥65),Others,Missing,0.5–0.99 mg,Medium dose,Other serious outcome,Ozempic
24198395,2,57,YR,Female,86.168,KG,US,US,OZEMPIC,SEMAGLUTIDE,0.5,MG,PS,Product use issue,OT,2024Q4,Younger Adults (18–64),Others,80–99 kg,0.5–0.99 mg,Medium dose,Other serious outcome,Ozempic
24198396,2,57,YR,Male,,"",US,US,OZEMPIC,SEMAGLUTIDE,0.5,MG,PS,Constipation,HO,2024Q4,Younger Adults (18–64),Gastro-Intestinal and Metabolic,Missing,0.5–0.99 mg,Medium dose,Hospitalization,Ozempic
24198407,1,62,YR,Female,,"",US,US,OZEMPIC,SEMAGLUTIDE,2,MG,PS,Off label use,OT,2024Q3,Younger Adults (18–64),Others,Missing,≥1 mg,High dose,Other serious outcome,Ozempic
24198408,2,40,YR,Female,58.957,KG,US,US,OZEMPIC,SEMAGLUTIDE,0.25,MG,PS,Constipation,OT,2024Q4,Younger Adults (18–64),Gastro-Intestinal and Metabolic,<80 kg,<0.5 mg,Low dose,Other serious outcome,Ozempic
24198409,1,67,YR,Male,,"",US,US,WEGOVY,SEMAGLUTIDE,,"",PS,Cerebrovascular accident,HO,2024Q3,Older Adults (≥65),Cardiovascular,Missing,Missing,Missing,Hospitalization,Wegovy
24198597,1,35,YR,Male,,"",US,US,OZEMPIC,SEMAGLUTIDE,,"",PS,Intestinal obstruction,OT,2024Q3,Younger Adults (18–64),Gastro-Intestinal and Metabolic,Missing,Missing,Missing,Other serious outcome,Ozempic
24198654,2,78,YR,Female,,"",US,US,SEMAGLUTIDE,SEMAGLUTIDE,,"",PS,Tremor,HO,2024Q4,Older Adults (≥65),Others,Missing,Missing,Missing,Hospitalization,Semaglutide (Unspecified)
24198768,2,41,YR,Male,129.2,KG,US,US,OZEMPIC,SEMAGLUTIDE,0.5,MG,PS,Diarrhoea,HO,2024Q4,Younger Adults (18–64),Gastro-Intestinal and Metabolic,≥100 kg,0.5–0.99 mg,Medium dose,Hospitalization,Ozempic
24198775,1,83,YR,Male,,"",US,US,OZEMPIC,SEMAGLUTIDE,,"",PS,Cardiac disorder,HO,2024Q3,Older Adults (≥65),Others,Missing,Missing,Missing,Hospitalization,Ozempic
24199663,2,62,YR,Female,91.61,KG,US,US,OZEMPIC,SEMAGLUTIDE,0.25,MG,PS,Ileus,HO,2024Q4,Younger Adults (18–64),Gastro-Intestinal and Metabolic,80–99 kg,<0.5 mg,Low dose,Hospitalization,Ozempic
24202643,1,57,YR,Male,,"",US,US,OZEMPIC,SEMAGLUTIDE,1,MG,PS,Inappropriate schedule of product administration,OT,2024Q3,Younger Adults (18–64),Others,Missing,≥1 mg,High dose,Other serious outcome,Ozempic
24202645,1,51,YR,Male,,"",US,US,OZEMPIC,SEMAGLUTIDE,0.5,MG,PS,Impaired gastric emptying,HO,2024Q3,Younger Adults (18–64),Gastro-Intestinal and Metabolic,Missing,0.5–0.99 mg,Medium dose,Hospitalization,Ozempic
24202649,2,45,YR,Female,136.05,KG,US,US,WEGOVY,SEMAGLUTIDE,1.7,MG,PS,Inappropriate schedule of product administration,HO,2024Q4,Younger Adults (18–64),Others,≥100 kg,≥1 mg,High dose,Hospitalization,Wegovy
24202670,2,62,YR,Male,,"",US,US,OZEMPIC,SEMAGLUTIDE,2,MG,PS,Brain operation,OT,2024Q4,Younger Adults (18–64),Others,Missing,≥1 mg,High dose,Other serious outcome,Ozempic
24202677,2,48,YR,Female,109.75,KG,US,US,OZEMPIC,SEMAGLUTIDE,2,MG,PS,Decreased appetite,HO,2024Q4,Younger Adults (18–64),Gastro-Intestinal and Metabolic,≥100 kg,≥1 mg,High dose,Hospitalization,Ozempic
24202679,2,69,YR,Female,61.678,KG,US,US,OZEMPIC,SEMAGLUTIDE,0.25,MG,PS,Constipation,HO,2024Q4,Older Adults (≥65),Gastro-Intestinal and Metabolic,<80 kg,<0.5 mg,Low dose,Hospitalization,Ozempic
24202683,1,64,YR,Female,,"",US,US,WEGOVY,SEMAGLUTIDE,,"",PS,Renal disorder,OT,2024Q3,Younger Adults (18–64),Others,Missing,Missing,Missing,Other serious outcome,Wegovy
24205609,1,28,YR,Female,75.6,KG,US,"",OZEMPIC,SEMAGLUTIDE,,"",PS,Heavy menstrual bleeding,OT,2024Q3,Younger Adults (18–64),Others,<80 kg,Missing,Missing,Other serious outcome,Ozempic
24206367,1,57,YR,Male,92.25,KG,US,"",OZEMPIC,SEMAGLUTIDE,,"",PS,Blood glucose decreased,LT,2024Q3,Younger Adults (18–64),Gastro-Intestinal and Metabolic,80–99 kg,Missing,Missing,Life-threatening,Ozempic
24207575,2,39,YR,Male,145.13,KG,US,US,WEGOVY,SEMAGLUTIDE,0.5,MG,PS,Decreased appetite,HO,2024Q4,Younger Adults (18–64),Gastro-Intestinal and Metabolic,≥100 kg,0.5–0.99 mg,Medium dose,Hospitalization,Wegovy
24207582,1,51,YR,Male,,"",US,US,OZEMPIC,SEMAGLUTIDE,0.5,MG,PS,Decreased appetite,HO,2024Q3,Younger Adults (18–64),Gastro-Intestinal and Metabolic,Missing,0.5–0.99 mg,Medium dose,Hospitalization,Ozempic
24210734,1,61,YR,Female,84.6,KG,US,"",SEMAGLUTIDE,SEMAGLUTIDE,,"",PS,Vomiting,LT,2024Q3,Younger Adults (18–64),Gastro-Intestinal and Metabolic,80–99 kg,Missing,Missing,Life-threatening,Semaglutide (Unspecified)
24210874,1,44,YR,Female,66.6,KG,US,"",WEGOVY,SEMAGLUTIDE,,"",PS,Alopecia,HO,2024Q3,Younger Adults (18–64),Others,<80 kg,Missing,Missing,Hospitalization,Wegovy
24213203,1,44,YR,Female,81,KG,US,"",OZEMPIC,SEMAGLUTIDE,,"",PS,Alanine aminotransferase increased,LT,2024Q3,Younger Adults (18–64),Others,80–99 kg,Missing,Missing,Life-threatening,Ozempic
24215165,1,67,YR,Female,,"",US,US,WEGOVY,SEMAGLUTIDE,,"",PS,Drug-induced liver injury,OT,2024Q3,Older Adults (≥65),Gastro-Intestinal and Metabolic,Missing,Missing,Missing,Other serious outcome,Wegovy
24215170,2,39,YR,Female,79.37,KG,US,US,OZEMPIC,SEMAGLUTIDE,,"",PS,Vomiting,HO,2024Q4,Younger Adults (18–64),Gastro-Intestinal and Metabolic,<80 kg,Missing,Missing,Hospitalization,Ozempic
24215172,1,71,YR,Male,,"",US,US,OZEMPIC,SEMAGLUTIDE,1,MG,PS,Bladder cancer,OT,2024Q3,Older Adults (≥65),Others,Missing,≥1 mg,High dose,Other serious outcome,Ozempic
24215178,6,84,YR,Male,,"",US,US,OZEMPIC,SEMAGLUTIDE,1,MG,PS,Craniofacial fracture,HO,2024Q4,Older Adults (≥65),Others,Missing,≥1 mg,High dose,Hospitalization,Ozempic
24215274,1,79,YR,Male,,"",US,US,OZEMPIC,SEMAGLUTIDE,0.25,MG,PS,Hospitalisation,HO,2024Q3,Older Adults (≥65),Others,Missing,<0.5 mg,Low dose,Hospitalization,Ozempic
24215275,1,75,YR,Female,,"",US,US,OZEMPIC,SEMAGLUTIDE,,"",PS,Nephrolithiasis,HO,2024Q3,Older Adults (≥65),Others,Missing,Missing,Missing,Hospitalization,Ozempic
24217916,1,23,YR,Female,98.55,KG,US,"",CYANOCOBALAMIN\SEMAGLUTIDE,CYANOCOBALAMIN\SEMAGLUTIDE,100,IU,PS,Vomiting,HO,2024Q3,Younger Adults (18–64),Gastro-Intestinal and Metabolic,80–99 kg,≥1 mg,High dose,Hospitalization,Combination Product
24218364,1,69,YR,Female,115.2,KG,US,"",OZEMPIC,SEMAGLUTIDE,,"",PS,Dyspepsia,DS,2024Q3,Older Adults (≥65),Gastro-Intestinal and Metabolic,≥100 kg,Missing,Missing,Disability,Ozempic
24218616,1,61,YR,Female,76.5,KG,US,"",WEGOVY,SEMAGLUTIDE,,"",PS,Loss of consciousness,OT,2024Q3,Younger Adults (18–64),Others,<80 kg,Missing,Missing,Other serious outcome,Wegovy
24221271,1,43,YR,Male,,"",US,US,OZEMPIC,SEMAGLUTIDE,0.25,MG,PS,Necrotising panniculitis,HO,2024Q3,Younger Adults (18–64),Others,Missing,<0.5 mg,Low dose,Hospitalization,Ozempic
24221275,1,42,YR,Female,,"",US,US,WEGOVY,SEMAGLUTIDE,1.7,MG,PS,Abortion spontaneous,OT,2024Q3,Younger Adults (18–64),Others,Missing,≥1 mg,High dose,Other serious outcome,Wegovy
24221291,1,67,YR,Male,,"",US,US,RYBELSUS,SEMAGLUTIDE,7,MG,PS,Brain injury,HO,2024Q3,Older Adults (≥65),Others,Missing,≥1 mg,High dose,Hospitalization,Rybelsus
24221296,1,74,YR,Female,,"",US,US,OZEMPIC,SEMAGLUTIDE,,"",PS,Mammoplasty,OT,2024Q3,Older Adults (≥65),Others,Missing,Missing,Missing,Other serious outcome,Ozempic
24221317,1,81,YR,Male,,"",US,US,OZEMPIC,SEMAGLUTIDE,,"",PS,Abdominal discomfort,OT,2024Q3,Older Adults (≥65),Others,Missing,Missing,Missing,Other serious outcome,Ozempic
24221324,1,52,YR,Female,,"",US,US,OZEMPIC,SEMAGLUTIDE,0.5,MG,PS,Product use in unapproved indication,OT,2024Q3,Younger Adults (18–64),Others,Missing,0.5–0.99 mg,Medium dose,Other serious outcome,Ozempic
24221326,2,57,YR,Female,,"",US,US,OZEMPIC,SEMAGLUTIDE,1,MG,PS,Brain injury,OT,2024Q4,Younger Adults (18–64),Others,Missing,≥1 mg,High dose,Other serious outcome,Ozempic
24221342,1,50,YR,Male,,"",US,US,OZEMPIC,SEMAGLUTIDE,,"",PS,Periorbital disorder,OT,2024Q3,Younger Adults (18–64),Others,Missing,Missing,Missing,Other serious outcome,Ozempic
24221343,1,45,YR,Female,,"",US,US,OZEMPIC,SEMAGLUTIDE,,"",PS,Intestinal obstruction,OT,2024Q3,Younger Adults (18–64),Gastro-Intestinal and Metabolic,Missing,Missing,Missing,Other serious outcome,Ozempic
24221350,1,53,YR,Female,,"",US,US,OZEMPIC,SEMAGLUTIDE,,"",PS,Ileus,OT,2024Q3,Younger Adults (18–64),Gastro-Intestinal and Metabolic,Missing,Missing,Missing,Other serious outcome,Ozempic
24223949,1,42,YR,Female,130.5,KG,US,"",OZEMPIC,SEMAGLUTIDE,,"",PS,Thyroid disorder,OT,2024Q3,Younger Adults (18–64),Others,≥100 kg,Missing,Missing,Other serious outcome,Ozempic
24223952,1,47,YR,Female,121.5,KG,US,"",OZEMPIC,SEMAGLUTIDE,,"",PS,Lymphadenopathy,OT,2024Q3,Younger Adults (18–64),Others,≥100 kg,Missing,Missing,Other serious outcome,Ozempic
24224194,1,38,YR,Male,108,KG,US,"",SEMAGLUTIDE,SEMAGLUTIDE,,"",PS,Cardiac disorder,LT,2024Q3,Younger Adults (18–64),Others,≥100 kg,Missing,Missing,Life-threatening,Semaglutide (Unspecified)
24225095,1,75,YR,Female,,"",US,US,OZEMPIC,SEMAGLUTIDE,1,MG,PS,Haemorrhoids,OT,2024Q3,Older Adults (≥65),Others,Missing,≥1 mg,High dose,Other serious outcome,Ozempic
24225096,2,69,YR,Female,,"",US,US,OZEMPIC,SEMAGLUTIDE,,"",PS,Diarrhoea,HO,2024Q4,Older Adults (≥65),Gastro-Intestinal and Metabolic,Missing,Missing,Missing,Hospitalization,Ozempic
24225115,1,54,YR,Male,,"",US,US,OZEMPIC,SEMAGLUTIDE,,"",PS,Intestinal obstruction,OT,2024Q3,Younger Adults (18–64),Gastro-Intestinal and Metabolic,Missing,Missing,Missing,Other serious outcome,Ozempic
24225263,2,76,YR,Female,,"",US,US,OZEMPIC,SEMAGLUTIDE,0.25,MG,PS,Food poisoning,HO,2024Q3,Older Adults (≥65),Others,Missing,<0.5 mg,Low dose,Hospitalization,Ozempic
24225267,1,48,YR,Female,,"",US,US,WEGOVY,SEMAGLUTIDE,2.4,MG,PS,Nausea,OT,2024Q3,Younger Adults (18–64),Gastro-Intestinal and Metabolic,Missing,≥1 mg,High dose,Other serious outcome,Wegovy
24225272,1,44,YR,Male,,"",US,US,WEGOVY,SEMAGLUTIDE,,"",PS,Syncope,OT,2024Q3,Younger Adults (18–64),Cardiovascular,Missing,Missing,Missing,Other serious outcome,Wegovy
24225450,2,54,YR,Female,,"",US,US,WEGOVY,SEMAGLUTIDE,1,MG,PS,Dyspnoea,HO,2024Q4,Younger Adults (18–64),Others,Missing,≥1 mg,High dose,Hospitalization,Wegovy
24225463,2,70,YR,Male,,"",US,US,OZEMPIC,SEMAGLUTIDE,,"",PS,Transitional cell carcinoma,OT,2024Q4,Older Adults (≥65),Others,Missing,Missing,Missing,Other serious outcome,Ozempic
24225465,2,48,YR,Female,,"",US,US,OZEMPIC,SEMAGLUTIDE,,"",PS,Insomnia,HO,2024Q3,Younger Adults (18–64),Psychiatric-related,Missing,Missing,Missing,Hospitalization,Ozempic
24229201,1,62,YR,Female,72,KG,US,"",SEMAGLUTIDE,SEMAGLUTIDE,,"",PS,Pancreatitis,HO,2024Q3,Younger Adults (18–64),Gastro-Intestinal and Metabolic,<80 kg,Missing,Missing,Hospitalization,Semaglutide (Unspecified)
24230510,1,74,YR,Female,,"",US,US,OZEMPIC,SEMAGLUTIDE,,"",PS,Vomiting,HO,2024Q3,Older Adults (≥65),Gastro-Intestinal and Metabolic,Missing,Missing,Missing,Hospitalization,Ozempic
24230535,1,59,YR,Male,,"",US,US,OZEMPIC,SEMAGLUTIDE,2,MG,PS,Off label use,HO,2024Q3,Younger Adults (18–64),Others,Missing,≥1 mg,High dose,Hospitalization,Ozempic
24230679,1,56,YR,Male,94.34,KG,US,US,OZEMPIC,SEMAGLUTIDE,,"",PS,Blood cholesterol abnormal,OT,2024Q3,Younger Adults (18–64),Others,80–99 kg,Missing,Missing,Other serious outcome,Ozempic
24234402,1,65,YR,Female,78.75,KG,US,"",RYBELSUS,SEMAGLUTIDE,,"",PS,Dyspepsia,OT,2024Q3,Older Adults (≥65),Gastro-Intestinal and Metabolic,<80 kg,Missing,Missing,Other serious outcome,Rybelsus
24235932,1,55,YR,Female,,"",US,US,WEGOVY,SEMAGLUTIDE,,"",PS,Disability,DS,2024Q3,Younger Adults (18–64),Others,Missing,Missing,Missing,Disability,Wegovy
24235939,1,22,YR,Male,,"",US,US,WEGOVY,SEMAGLUTIDE,0.25,MG,PS,Product use in unapproved indication,OT,2024Q3,Younger Adults (18–64),Others,Missing,<0.5 mg,Low dose,Other serious outcome,Wegovy
24235972,1,73,YR,Female,,"",US,US,OZEMPIC,SEMAGLUTIDE,,"",PS,Cataract,OT,2024Q3,Older Adults (≥65),Others,Missing,Missing,Missing,Other serious outcome,Ozempic
24237421,1,66,YR,Male,109.35,KG,US,"",OZEMPIC,SEMAGLUTIDE,,"",PS,Anhedonia,LT,2024Q3,Older Adults (≥65),Psychiatric-related,≥100 kg,Missing,Missing,Life-threatening,Ozempic
24237507,1,57,YR,Female,126,KG,US,"",OZEMPIC,SEMAGLUTIDE,,"",PS,Drug ineffective,LT,2024Q3,Younger Adults (18–64),Others,≥100 kg,Missing,Missing,Life-threatening,Ozempic
24237663,1,51,YR,Female,117,KG,US,"",OZEMPIC,SEMAGLUTIDE,,"",PS,Impaired gastric emptying,OT,2024Q3,Younger Adults (18–64),Gastro-Intestinal and Metabolic,≥100 kg,Missing,Missing,Other serious outcome,Ozempic
24238027,1,56,YR,Female,84.15,KG,US,"",WEGOVY,SEMAGLUTIDE,,"",PS,Crying,RI,2024Q3,Younger Adults (18–64),Others,80–99 kg,Missing,Missing,Required intervention,Wegovy
24238916,1,45,YR,Female,,"",US,"",OZEMPIC,SEMAGLUTIDE,,"",PS,Nausea,DS,2024Q3,Younger Adults (18–64),Gastro-Intestinal and Metabolic,Missing,Missing,Missing,Disability,Ozempic
24238918,1,39,YR,Female,82.8,KG,US,"",SEMAGLUTIDE,SEMAGLUTIDE,,"",PS,Disability,LT,2024Q3,Younger Adults (18–64),Others,80–99 kg,Missing,Missing,Life-threatening,Semaglutide (Unspecified)
24240774,2,42,YR,Female,,"",US,US,OZEMPIC,SEMAGLUTIDE,2,MG,PS,Fall,HO,2024Q4,Younger Adults (18–64),Others,Missing,≥1 mg,High dose,Hospitalization,Ozempic
24240856,1,64,YR,Male,,"",US,US,RYBELSUS,SEMAGLUTIDE,7,MG,PS,Pancreatic neuroendocrine tumour,OT,2024Q3,Younger Adults (18–64),Others,Missing,≥1 mg,High dose,Other serious outcome,Rybelsus
24240857,1,54,YR,Male,,"",US,US,OZEMPIC,SEMAGLUTIDE,,"",PS,Hyperplasia adrenal,OT,2024Q3,Younger Adults (18–64),Others,Missing,Missing,Missing,Other serious outcome,Ozempic
24240864,1,53,YR,Male,,"",US,US,OZEMPIC,SEMAGLUTIDE,,"",PS,Myocardial infarction,DE,2024Q3,Younger Adults (18–64),Cardiovascular,Missing,Missing,Missing,Death,Ozempic
24240866,1,63,YR,Female,,"",US,US,OZEMPIC,SEMAGLUTIDE,1,MG,PS,Diarrhoea,HO,2024Q3,Younger Adults (18–64),Gastro-Intestinal and Metabolic,Missing,≥1 mg,High dose,Hospitalization,Ozempic
24240867,1,50,YR,Female,,"",US,US,OZEMPIC,SEMAGLUTIDE,,"",PS,Pancreatic atrophy,OT,2024Q3,Younger Adults (18–64),Others,Missing,Missing,Missing,Other serious outcome,Ozempic
24242982,1,44,YR,Female,105.75,KG,US,"",OZEMPIC,SEMAGLUTIDE,,"",PS,Pancreatic neuroendocrine tumour,LT,2024Q3,Younger Adults (18–64),Others,≥100 kg,Missing,Missing,Life-threatening,Ozempic
24243252,1,40,YR,Female,95.4,KG,US,"",SEMAGLUTIDE,SEMAGLUTIDE,,"",PS,Vomiting,OT,2024Q3,Younger Adults (18–64),Gastro-Intestinal and Metabolic,80–99 kg,Missing,Missing,Other serious outcome,Semaglutide (Unspecified)
24246814,1,29,YR,Female,,"",US,US,WEGOVY,SEMAGLUTIDE,2.4,MG,PS,Maternal exposure during pregnancy,OT,2024Q3,Younger Adults (18–64),Others,Missing,≥1 mg,High dose,Other serious outcome,Wegovy
24246832,1,80,YR,Female,,"",US,US,OZEMPIC,SEMAGLUTIDE,,"",PS,Fall,HO,2024Q3,Older Adults (≥65),Others,Missing,Missing,Missing,Hospitalization,Ozempic
24246913,1,43,YR,Female,,"",US,US,WEGOVY,SEMAGLUTIDE,,"",PS,Maternal exposure during pregnancy,OT,2024Q3,Younger Adults (18–64),Others,Missing,Missing,Missing,Other serious outcome,Wegovy
24246953,2,78,YR,Male,,"",US,US,OZEMPIC,SEMAGLUTIDE,2,MG,PS,COVID-19 pneumonia,HO,2024Q3,Older Adults (≥65),Others,Missing,≥1 mg,High dose,Hospitalization,Ozempic
24246972,1,50,YR,Female,,"",US,US,WEGOVY,SEMAGLUTIDE,2.4,MG,PS,Fall,OT,2024Q3,Younger Adults (18–64),Others,Missing,≥1 mg,High dose,Other serious outcome,Wegovy
24246989,1,66,YR,Male,,"",US,US,OZEMPIC,SEMAGLUTIDE,0.25,MG,PS,Head injury,HO,2024Q3,Older Adults (≥65),Others,Missing,<0.5 mg,Low dose,Hospitalization,Ozempic
24246991,1,69,YR,Female,,"",US,US,OZEMPIC,SEMAGLUTIDE,,"",PS,Gallbladder adenocarcinoma,OT,2024Q3,Older Adults (≥65),Others,Missing,Missing,Missing,Other serious outcome,Ozempic
24246993,3,80,YR,Female,88,KG,US,US,OZEMPIC,SEMAGLUTIDE,2,MG,PS,Weight decreased,DE,2024Q4,Older Adults (≥65),Gastro-Intestinal and Metabolic,80–99 kg,≥1 mg,High dose,Death,Ozempic
24249386,1,73,YR,Male,94.5,KG,US,"",OZEMPIC,SEMAGLUTIDE,,"",PS,Constipation,OT,2024Q3,Older Adults (≥65),Gastro-Intestinal and Metabolic,80–99 kg,Missing,Missing,Other serious outcome,Ozempic
24249531,1,67,YR,Female,103.5,KG,US,"",OZEMPIC,SEMAGLUTIDE,,"",PS,Therapy cessation,HO,2024Q3,Older Adults (≥65),Others,≥100 kg,Missing,Missing,Hospitalization,Ozempic
24250268,1,65,YR,Female,,"",US,"",OZEMPIC,SEMAGLUTIDE,,"",PS,Tremor,RI,2024Q3,Older Adults (≥65),Others,Missing,Missing,Missing,Required intervention,Ozempic
24250354,1,62,YR,Female,91.35,KG,US,"",SEMAGLUTIDE,SEMAGLUTIDE,,"",PS,Therapy cessation,HO,2024Q3,Younger Adults (18–64),Others,80–99 kg,Missing,Missing,Hospitalization,Semaglutide (Unspecified)
24250480,1,25,YR,Female,90,KG,US,"",WEGOVY,SEMAGLUTIDE,,"",PS,Panic attack,OT,2024Q3,Younger Adults (18–64),Psychiatric-related,80–99 kg,Missing,Missing,Other serious outcome,Wegovy
24250484,1,28,YR,Female,83.25,KG,US,"",WEGOVY,SEMAGLUTIDE,,"",PS,Depression,LT,2024Q3,Younger Adults (18–64),Psychiatric-related,80–99 kg,Missing,Missing,Life-threatening,Wegovy
24250888,1,32,YR,Female,94.5,KG,US,"",OZEMPIC,SEMAGLUTIDE,,"",PS,Economic problem,OT,2024Q3,Younger Adults (18–64),Others,80–99 kg,Missing,Missing,Other serious outcome,Ozempic
24250944,1,80,YR,Male,119.7,KG,US,"",WEGOVY,SEMAGLUTIDE,,"",PS,Weight decreased,HO,2024Q3,Older Adults (≥65),Gastro-Intestinal and Metabolic,≥100 kg,Missing,Missing,Hospitalization,Wegovy
24251022,1,64,YR,Female,80.1,KG,US,"",OZEMPIC,SEMAGLUTIDE,,"",PS,Pancreatitis,OT,2024Q3,Younger Adults (18–64),Gastro-Intestinal and Metabolic,80–99 kg,Missing,Missing,Other serious outcome,Ozempic
24251606,1,64,YR,Female,,"",US,US,OZEMPIC,SEMAGLUTIDE,,"",PS,Retinal vasculitis,OT,2024Q3,Younger Adults (18–64),Others,Missing,Missing,Missing,Other serious outcome,Ozempic
24251611,4,47,YR,Female,98.6,KG,US,US,OZEMPIC,SEMAGLUTIDE,1,MG,PS,Uterine cyst,HO,2024Q4,Younger Adults (18–64),Others,80–99 kg,≥1 mg,High dose,Hospitalization,Ozempic
24251637,1,75,YR,Male,,"",US,US,OZEMPIC,SEMAGLUTIDE,1,MG,PS,Chest discomfort,HO,2024Q3,Older Adults (≥65),Others,Missing,≥1 mg,High dose,Hospitalization,Ozempic
24251700,2,71,YR,Female,,"",US,US,OZEMPIC,SEMAGLUTIDE,1,MG,PS,Spondylitis,OT,2024Q4,Older Adults (≥65),Others,Missing,≥1 mg,High dose,Other serious outcome,Ozempic
24251701,1,75,YR,Female,,"",US,US,OZEMPIC,SEMAGLUTIDE,0.5,MG,PS,Influenza,OT,2024Q3,Older Adults (≥65),Others,Missing,0.5–0.99 mg,Medium dose,Other serious outcome,Ozempic
24256394,1,80,YR,Male,,"",US,US,RYBELSUS,SEMAGLUTIDE,3,MG,PS,Constipation,HO,2024Q3,Older Adults (≥65),Gastro-Intestinal and Metabolic,Missing,≥1 mg,High dose,Hospitalization,Rybelsus
24256411,1,50,YR,Female,,"",US,US,WEGOVY,SEMAGLUTIDE,2.4,MG,PS,Pancreatic carcinoma,LT,2024Q3,Younger Adults (18–64),Others,Missing,≥1 mg,High dose,Life-threatening,Wegovy
24256414,2,60,YR,Female,,"",US,US,OZEMPIC,SEMAGLUTIDE,,"",PS,Vision blurred,OT,2024Q4,Younger Adults (18–64),Others,Missing,Missing,Missing,Other serious outcome,Ozempic
24256415,1,72,YR,Male,,"",US,US,WEGOVY,SEMAGLUTIDE,2.4,MG,PS,Atrial fibrillation,OT,2024Q3,Older Adults (≥65),Cardiovascular,Missing,≥1 mg,High dose,Other serious outcome,Wegovy
24258207,1,62,YR,Female,203,LBS,US,"",SEMAGLUTIDE,SEMAGLUTIDE,,"",PS,Upper gastrointestinal haemorrhage,HO,2024Q3,Younger Adults (18–64),Others,≥100 kg,Missing,Missing,Hospitalization,Semaglutide (Unspecified)
24260039,1,60,YR,Female,74.1,KG,US,"",OZEMPIC,SEMAGLUTIDE,1,MG,PS,Malaise,LT,2024Q3,Younger Adults (18–64),Others,<80 kg,≥1 mg,High dose,Life-threatening,Ozempic
24260166,1,70,YR,Male,81,KG,US,"",RYBELSUS,SEMAGLUTIDE,,"",PS,Constipation,OT,2024Q3,Older Adults (≥65),Gastro-Intestinal and Metabolic,80–99 kg,Missing,Missing,Other serious outcome,Rybelsus
24261074,1,56,YR,Female,119.27,KG,US,US,OZEMPIC,SEMAGLUTIDE,,"",PS,Colitis ischaemic,HO,2024Q3,Younger Adults (18–64),Others,≥100 kg,Missing,Missing,Hospitalization,Ozempic
24261076,2,48,YR,Female,,"",US,US,OZEMPIC,SEMAGLUTIDE,0.5,MG,PS,Seizure,HO,2024Q4,Younger Adults (18–64),Others,Missing,0.5–0.99 mg,Medium dose,Hospitalization,Ozempic
24261085,1,70,YR,Male,,"",US,US,OZEMPIC,SEMAGLUTIDE,,"",PS,Diabetes mellitus,OT,2024Q3,Older Adults (≥65),Others,Missing,Missing,Missing,Other serious outcome,Ozempic
24264069,1,38,YR,Female,108.9,KG,US,"",LEVOCARNITINE\SEMAGLUTIDE,LEVOCARNITINE\SEMAGLUTIDE,,"",PS,Migraine,LT,2024Q3,Younger Adults (18–64),Others,≥100 kg,Missing,Missing,Life-threatening,Combination Product
24264967,1,69,YR,Female,65.25,KG,US,"",OZEMPIC,SEMAGLUTIDE,,"",PS,Panic attack,OT,2024Q3,Older Adults (≥65),Psychiatric-related,<80 kg,Missing,Missing,Other serious outcome,Ozempic
24265924,2,74,YR,Male,,"",US,US,OZEMPIC,SEMAGLUTIDE,0.25,MG,PS,Cerebrovascular accident,OT,2024Q3,Older Adults (≥65),Cardiovascular,Missing,<0.5 mg,Low dose,Other serious outcome,Ozempic
24265925,2,52,YR,Female,,"",US,US,WEGOVY,SEMAGLUTIDE,,"",PS,Nephrolithiasis,OT,2024Q3,Younger Adults (18–64),Others,Missing,Missing,Missing,Other serious outcome,Wegovy
24265943,1,73,YR,Female,,"",US,US,OZEMPIC,SEMAGLUTIDE,1,MG,PS,Constipation,OT,2024Q3,Older Adults (≥65),Gastro-Intestinal and Metabolic,Missing,≥1 mg,High dose,Other serious outcome,Ozempic
24265947,1,32,YR,Female,,"",US,US,WEGOVY,SEMAGLUTIDE,0.5,MG,PS,Nephrolithiasis,OT,2024Q3,Younger Adults (18–64),Others,Missing,0.5–0.99 mg,Medium dose,Other serious outcome,Wegovy
24266022,1,57,YR,Male,,"",US,US,WEGOVY,SEMAGLUTIDE,,"",PS,Off label use,OT,2024Q3,Younger Adults (18–64),Others,Missing,Missing,Missing,Other serious outcome,Wegovy
24266050,2,47,YR,Female,,"",US,US,OZEMPIC,SEMAGLUTIDE,1,MG,PS,Blood glucose increased,OT,2024Q4,Younger Adults (18–64),Gastro-Intestinal and Metabolic,Missing,≥1 mg,High dose,Other serious outcome,Ozempic
24267421,1,80,YR,Male,69,KG,US,"",OZEMPIC,SEMAGLUTIDE,,"",PS,Metastases to liver,LT,2024Q3,Older Adults (≥65),Others,<80 kg,Missing,Missing,Life-threatening,Ozempic
24268224,1,32,YR,Female,103.95,KG,US,"",WEGOVY,SEMAGLUTIDE,,"",PS,Cholelithiasis,HO,2024Q3,Younger Adults (18–64),Gastro-Intestinal and Metabolic,≥100 kg,Missing,Missing,Hospitalization,Wegovy
24271748,1,71,YR,Female,,"",US,US,OZEMPIC,SEMAGLUTIDE,1,MG,PS,Vitreous floaters,OT,2024Q3,Older Adults (≥65),Others,Missing,≥1 mg,High dose,Other serious outcome,Ozempic
24271808,1,41,YR,Male,,"",US,US,OZEMPIC,SEMAGLUTIDE,,"",PS,Athetosis,DE,2024Q3,Younger Adults (18–64),Others,Missing,Missing,Missing,Death,Ozempic
24271824,1,72,YR,Male,,"",US,US,OZEMPIC,SEMAGLUTIDE,,"",PS,Wrong technique in product usage process,HO,2024Q3,Older Adults (≥65),Others,Missing,Missing,Missing,Hospitalization,Ozempic
24271831,2,70,YR,Male,,"",US,US,OZEMPIC,SEMAGLUTIDE,0.5,MG,PS,Muscle spasms,OT,2024Q4,Older Adults (≥65),Others,Missing,0.5–0.99 mg,Medium dose,Other serious outcome,Ozempic
24275219,1,62,YR,Female,,"",US,US,WEGOVY,SEMAGLUTIDE,0.5,MG,PS,Nausea,OT,2024Q3,Younger Adults (18–64),Gastro-Intestinal and Metabolic,Missing,0.5–0.99 mg,Medium dose,Other serious outcome,Wegovy
24275225,1,43,YR,Female,,"",US,US,WEGOVY,SEMAGLUTIDE,,"",PS,Colitis,HO,2024Q3,Younger Adults (18–64),Others,Missing,Missing,Missing,Hospitalization,Wegovy
24275352,1,65,YR,Female,,"",US,US,OZEMPIC,SEMAGLUTIDE,0.25,MG,PS,Pancreatic carcinoma,OT,2024Q3,Older Adults (≥65),Others,Missing,<0.5 mg,Low dose,Other serious outcome,Ozempic
24275354,2,69,YR,Female,78.005,KG,US,US,OZEMPIC,SEMAGLUTIDE,1,MG,PS,Dehydration,OT,2024Q4,Older Adults (≥65),Gastro-Intestinal and Metabolic,<80 kg,≥1 mg,High dose,Other serious outcome,Ozempic
24275355,1,69,YR,Female,,"",US,US,OZEMPIC,SEMAGLUTIDE,0.5,MG,PS,Asthenia,OT,2024Q3,Older Adults (≥65),Others,Missing,0.5–0.99 mg,Medium dose,Other serious outcome,Ozempic
24276573,1,62,YR,Female,,"",US,US,OZEMPIC,SEMAGLUTIDE,0.5,MG,PS,Joint manipulation,OT,2024Q3,Younger Adults (18–64),Others,Missing,0.5–0.99 mg,Medium dose,Other serious outcome,Ozempic
24278746,1,50,YR,Female,63.9,KG,US,"",WEGOVY,SEMAGLUTIDE,,"",PS,Stress,OT,2024Q3,Younger Adults (18–64),Psychiatric-related,<80 kg,Missing,Missing,Other serious outcome,Wegovy
24278792,1,41,YR,Female,82.35,KG,US,"",SEMAGLUTIDE,SEMAGLUTIDE,,"",PS,Abdominal pain,LT,2024Q3,Younger Adults (18–64),Gastro-Intestinal and Metabolic,80–99 kg,Missing,Missing,Life-threatening,Semaglutide (Unspecified)
24278977,1,48,YR,Female,99.9,KG,US,"",OZEMPIC,SEMAGLUTIDE,,"",PS,Stress,LT,2024Q3,Younger Adults (18–64),Psychiatric-related,80–99 kg,Missing,Missing,Life-threatening,Ozempic
24278980,1,53,YR,Female,99.45,KG,US,"",WEGOVY,SEMAGLUTIDE,,"",PS,Sensitive skin,DS,2024Q3,Younger Adults (18–64),Others,80–99 kg,Missing,Missing,Disability,Wegovy
24279732,1,67,YR,Female,,"",US,US,OZEMPIC,SEMAGLUTIDE,,"",PS,Cataract operation,HO,2024Q3,Older Adults (≥65),Others,Missing,Missing,Missing,Hospitalization,Ozempic
24279749,1,50,YR,Female,,"",US,US,OZEMPIC,SEMAGLUTIDE,2,MG,PS,Abdominal discomfort,HO,2024Q3,Younger Adults (18–64),Others,Missing,≥1 mg,High dose,Hospitalization,Ozempic
24281560,1,52,YR,Female,74.25,KG,US,"",OZEMPIC,SEMAGLUTIDE,,"",PS,Sensitive skin,OT,2024Q3,Younger Adults (18–64),Others,<80 kg,Missing,Missing,Other serious outcome,Ozempic
24281564,1,44,YR,Female,72.9,KG,US,"",WEGOVY,SEMAGLUTIDE,,"",PS,Lymphadenopathy,OT,2024Q3,Younger Adults (18–64),Others,<80 kg,Missing,Missing,Other serious outcome,Wegovy
24282276,1,46,YR,Male,103.05,KG,US,"",WEGOVY,SEMAGLUTIDE,,"",PS,Appendicitis,HO,2024Q3,Younger Adults (18–64),Others,≥100 kg,Missing,Missing,Hospitalization,Wegovy
24282855,1,58,YR,Female,76.5,KG,US,"",SEMAGLUTIDE,SEMAGLUTIDE,,"",PS,Lupus-like syndrome,OT,2024Q3,Younger Adults (18–64),Others,<80 kg,Missing,Missing,Other serious outcome,Semaglutide (Unspecified)
24282889,1,70,YR,Female,73.7,KG,US,"",OZEMPIC,SEMAGLUTIDE,,"",PS,Pancreatic carcinoma,DS,2024Q3,Older Adults (≥65),Others,<80 kg,Missing,Missing,Disability,Ozempic
24283208,1,58,YR,Female,77.4,KG,US,"",OZEMPIC,SEMAGLUTIDE,0.25,MG,PS,Cardiac arrest,DE,2024Q3,Younger Adults (18–64),Cardiovascular,<80 kg,<0.5 mg,Low dose,Death,Ozempic
24283271,1,62,YR,Male,163.35,KG,US,"",OZEMPIC,SEMAGLUTIDE,,"",PS,Anxiety,OT,2024Q3,Younger Adults (18–64),Psychiatric-related,≥100 kg,Missing,Missing,Other serious outcome,Ozempic
24283351,1,48,YR,Female,89.8,KG,US,"",OZEMPIC,SEMAGLUTIDE,,"",PS,Nausea,DE,2024Q3,Younger Adults (18–64),Gastro-Intestinal and Metabolic,80–99 kg,Missing,Missing,Death,Ozempic
24283900,2,69,YR,Female,,"",US,US,OZEMPIC,SEMAGLUTIDE,0.5,MG,PS,Cerebrovascular accident,OT,2024Q4,Older Adults (≥65),Cardiovascular,Missing,0.5–0.99 mg,Medium dose,Other serious outcome,Ozempic
24284043,2,66,YR,Female,,"",US,US,OZEMPIC,SEMAGLUTIDE,0.25,MG,PS,Nausea,HO,2024Q4,Older Adults (≥65),Gastro-Intestinal and Metabolic,Missing,<0.5 mg,Low dose,Hospitalization,Ozempic
24284060,1,48,YR,Female,,"",US,US,OZEMPIC,SEMAGLUTIDE,2,MG,PS,Inappropriate schedule of product administration,HO,2024Q3,Younger Adults (18–64),Others,Missing,≥1 mg,High dose,Hospitalization,Ozempic
24284061,2,46,YR,Female,83.7,KG,US,US,WEGOVY,SEMAGLUTIDE,,"",PS,Diverticulitis,HO,2024Q4,Younger Adults (18–64),Others,80–99 kg,Missing,Missing,Hospitalization,Wegovy
24285459,2,51,YR,Female,117.93,KG,US,US,OZEMPIC,SEMAGLUTIDE,0.25,MG,PS,Intestinal obstruction,HO,2024Q4,Younger Adults (18–64),Gastro-Intestinal and Metabolic,≥100 kg,<0.5 mg,Low dose,Hospitalization,Ozempic
24286737,1,35,YR,Female,132.75,KG,US,"",CYANOCOBALAMIN\SEMAGLUTIDE,CYANOCOBALAMIN\SEMAGLUTIDE,,"",PS,Therapy interrupted,RI,2024Q3,Younger Adults (18–64),Others,≥100 kg,Missing,Missing,Required intervention,Combination Product
24286881,1,36,YR,Female,204.8,LBS,US,"",WEGOVY,SEMAGLUTIDE,1.7,MG,PS,Suicidal ideation,LT,2024Q3,Younger Adults (18–64),Psychiatric-related,≥100 kg,≥1 mg,High dose,Life-threatening,Wegovy
24286894,1,39,YR,Female,94.5,KG,US,"",SEMAGLUTIDE,SEMAGLUTIDE,,"",PS,Pain,OT,2024Q3,Younger Adults (18–64),Others,80–99 kg,Missing,Missing,Other serious outcome,Semaglutide (Unspecified)
24286959,1,68,YR,Male,76.5,KG,US,"",OZEMPIC,SEMAGLUTIDE,,"",PS,Renal injury,DS,2024Q3,Older Adults (≥65),Others,<80 kg,Missing,Missing,Disability,Ozempic
24287787,1,67,YR,Male,,"",US,"",WEGOVY,SEMAGLUTIDE,,"",PS,Abdominal pain,OT,2024Q3,Older Adults (≥65),Gastro-Intestinal and Metabolic,Missing,Missing,Missing,Other serious outcome,Wegovy
24287798,1,53,YR,Female,62.1,KG,US,"",SEMAGLUTIDE,SEMAGLUTIDE,,"",PS,Haemorrhagic cholecystitis,HO,2024Q3,Younger Adults (18–64),Others,<80 kg,Missing,Missing,Hospitalization,Semaglutide (Unspecified)
24287915,1,46,YR,Female,65.25,KG,US,"",WEGOVY,SEMAGLUTIDE,,"",PS,Rheumatoid factor increased,DS,2024Q3,Younger Adults (18–64),Others,<80 kg,Missing,Missing,Disability,Wegovy
24291037,1,60,YR,Female,81,KG,US,"",OZEMPIC,SEMAGLUTIDE,,"",PS,Panic attack,HO,2024Q3,Younger Adults (18–64),Psychiatric-related,80–99 kg,Missing,Missing,Hospitalization,Ozempic
24291039,1,64,YR,Female,141.75,KG,US,"",OZEMPIC,SEMAGLUTIDE,2,MG,PS,Suicidal ideation,LT,2024Q3,Younger Adults (18–64),Psychiatric-related,≥100 kg,≥1 mg,High dose,Life-threatening,Ozempic
24291682,1,51,YR,Female,99,KG,US,"",WEGOVY,SEMAGLUTIDE,,"",PS,Eye movement disorder,HO,2024Q3,Younger Adults (18–64),Others,80–99 kg,Missing,Missing,Hospitalization,Wegovy
24291709,1,48,YR,Female,211,LBS,US,"",SEMAGLUTIDE,SEMAGLUTIDE,0.5,MG,PS,Completed suicide,DE,2024Q3,Younger Adults (18–64),Psychiatric-related,≥100 kg,0.5–0.99 mg,Medium dose,Death,Semaglutide (Unspecified)
24296031,1,67,YR,Male,,"",US,US,OZEMPIC,SEMAGLUTIDE,,"",PS,Vitreous detachment,OT,2024Q3,Older Adults (≥65),Others,Missing,Missing,Missing,Other serious outcome,Ozempic
24296041,1,26,YR,Female,,"",US,US,WEGOVY,SEMAGLUTIDE,1.7,MG,PS,Injection site haemorrhage,OT,2024Q3,Younger Adults (18–64),Others,Missing,≥1 mg,High dose,Other serious outcome,Wegovy
24296044,1,70,YR,Male,,"",US,US,OZEMPIC,SEMAGLUTIDE,,"",PS,Follicular lymphoma,OT,2024Q3,Older Adults (≥65),Others,Missing,Missing,Missing,Other serious outcome,Ozempic
24296076,2,38,YR,Male,158.73,KG,US,US,OZEMPIC,SEMAGLUTIDE,0.25,MG,PS,Off label use,HO,2024Q4,Younger Adults (18–64),Others,≥100 kg,<0.5 mg,Low dose,Hospitalization,Ozempic
24296082,1,64,YR,Female,,"",US,US,OZEMPIC,SEMAGLUTIDE,,"",PS,Hip arthroplasty,HO,2024Q3,Younger Adults (18–64),Others,Missing,Missing,Missing,Hospitalization,Ozempic
24296085,2,84,YR,Female,,"",US,US,OZEMPIC,SEMAGLUTIDE,2.5,MG,PS,Constipation,OT,2024Q4,Older Adults (≥65),Gastro-Intestinal and Metabolic,Missing,≥1 mg,High dose,Other serious outcome,Ozempic
24296087,1,61,YR,Female,,"",US,US,WEGOVY,SEMAGLUTIDE,1.7,MG,PS,Obstructive pancreatitis,HO,2024Q3,Younger Adults (18–64),Others,Missing,≥1 mg,High dose,Hospitalization,Wegovy
24296182,1,48,YR,Male,,"",US,US,OZEMPIC,SEMAGLUTIDE,0.5,MG,PS,Suicidal ideation,OT,2024Q3,Younger Adults (18–64),Psychiatric-related,Missing,0.5–0.99 mg,Medium dose,Other serious outcome,Ozempic
24296273,1,57,YR,Female,,"",US,US,OZEMPIC,SEMAGLUTIDE,,"",PS,Intestinal obstruction,HO,2024Q3,Younger Adults (18–64),Gastro-Intestinal and Metabolic,Missing,Missing,Missing,Hospitalization,Ozempic
24299280,1,33,YR,Female,126,KG,US,"",SEMAGLUTIDE,SEMAGLUTIDE,,"",PS,Abdominal pain upper,HO,2024Q3,Younger Adults (18–64),Gastro-Intestinal and Metabolic,≥100 kg,Missing,Missing,Hospitalization,Semaglutide (Unspecified)
24300521,2,60,YR,Female,84.807,KG,US,US,WEGOVY,SEMAGLUTIDE,,"",PS,Vomiting,LT,2024Q4,Younger Adults (18–64),Gastro-Intestinal and Metabolic,80–99 kg,Missing,Missing,Life-threatening,Wegovy
24300532,2,73,YR,Female,,"",US,US,OZEMPIC,SEMAGLUTIDE,,"",PS,Shoulder arthroplasty,HO,2024Q4,Older Adults (≥65),Others,Missing,Missing,Missing,Hospitalization,Ozempic
24300543,2,79,YR,Male,,"",US,US,OZEMPIC,SEMAGLUTIDE,2,MG,PS,Weight decreased,OT,2024Q3,Older Adults (≥65),Gastro-Intestinal and Metabolic,Missing,≥1 mg,High dose,Other serious outcome,Ozempic
24300680,1,77,YR,Female,,"",US,US,OZEMPIC,SEMAGLUTIDE,1.5,MG,PS,Off label use,HO,2024Q3,Older Adults (≥65),Others,Missing,≥1 mg,High dose,Hospitalization,Ozempic
24300685,2,72,YR,Female,,"",US,US,OZEMPIC,SEMAGLUTIDE,0.5,MG,PS,Syncope,OT,2024Q4,Older Adults (≥65),Cardiovascular,Missing,0.5–0.99 mg,Medium dose,Other serious outcome,Ozempic
24300757,4,66,YR,Male,,"",US,US,OZEMPIC,SEMAGLUTIDE,0.5,MG,PS,Retching,OT,2024Q4,Older Adults (≥65),Others,Missing,0.5–0.99 mg,Medium dose,Other serious outcome,Ozempic
24300769,1,44,YR,Female,,"",US,US,OZEMPIC,SEMAGLUTIDE,0.5,MG,PS,Euglycaemic diabetic ketoacidosis,HO,2024Q3,Younger Adults (18–64),Gastro-Intestinal and Metabolic,Missing,0.5–0.99 mg,Medium dose,Hospitalization,Ozempic
24301019,1,59,YR,Female,,"",US,US,OZEMPIC,SEMAGLUTIDE,,"",PS,Cerebrovascular accident,OT,2024Q3,Younger Adults (18–64),Cardiovascular,Missing,Missing,Missing,Other serious outcome,Ozempic
24301020,2,58,YR,Female,72.109,KG,US,US,OZEMPIC,SEMAGLUTIDE,,"",PS,Small intestinal obstruction,OT,2024Q4,Younger Adults (18–64),Others,<80 kg,Missing,Missing,Other serious outcome,Ozempic
24303456,1,44,YR,Male,164.25,KG,US,"",OZEMPIC,SEMAGLUTIDE,,"",PS,Depression,RI,2024Q3,Younger Adults (18–64),Psychiatric-related,≥100 kg,Missing,Missing,Required intervention,Ozempic
24303938,1,43,YR,Male,100.8,KG,US,"",SEMAGLUTIDE,SEMAGLUTIDE,,"",PS,Diarrhoea,DS,2024Q3,Younger Adults (18–64),Gastro-Intestinal and Metabolic,≥100 kg,Missing,Missing,Disability,Semaglutide (Unspecified)
24305187,1,81,YR,Male,,"",US,US,OZEMPIC,SEMAGLUTIDE,0.25,MG,PS,Deep vein thrombosis,HO,2024Q3,Older Adults (≥65),Cardiovascular,Missing,<0.5 mg,Low dose,Hospitalization,Ozempic
24305188,1,77,YR,Male,,"",US,US,OZEMPIC,SEMAGLUTIDE,,"",PS,Neoplasm malignant,OT,2024Q3,Older Adults (≥65),Others,Missing,Missing,Missing,Other serious outcome,Ozempic
24305190,1,69,YR,Male,,"",US,US,OZEMPIC,SEMAGLUTIDE,,"",PS,Cerebrovascular accident,OT,2024Q3,Older Adults (≥65),Cardiovascular,Missing,Missing,Missing,Other serious outcome,Ozempic
24305197,1,69,YR,Female,,"",US,US,OZEMPIC,SEMAGLUTIDE,,"",PS,Memory impairment,HO,2024Q3,Older Adults (≥65),Psychiatric-related,Missing,Missing,Missing,Hospitalization,Ozempic
24305212,1,60,YR,Female,,"",US,US,OZEMPIC,SEMAGLUTIDE,,"",PS,Vomiting,OT,2024Q3,Younger Adults (18–64),Gastro-Intestinal and Metabolic,Missing,Missing,Missing,Other serious outcome,Ozempic
24307712,1,56,YR,Male,95.4,KG,US,"",OZEMPIC,SEMAGLUTIDE,,"",PS,Cardiac disorder,HO,2024Q3,Younger Adults (18–64),Others,80–99 kg,Missing,Missing,Hospitalization,Ozempic
24307784,1,63,YR,Female,110.25,KG,US,"",OZEMPIC,SEMAGLUTIDE,,"",PS,Dry eye,RI,2024Q3,Younger Adults (18–64),Others,≥100 kg,Missing,Missing,Required intervention,Ozempic
24307785,1,61,YR,Female,72,KG,US,"",OZEMPIC,SEMAGLUTIDE,,"",PS,Loss of consciousness,LT,2024Q3,Younger Adults (18–64),Others,<80 kg,Missing,Missing,Life-threatening,Ozempic
24308892,1,45,YR,Female,90,KG,US,"",WEGOVY,SEMAGLUTIDE,1.7,MG,PS,Blood pressure increased,OT,2024Q3,Younger Adults (18–64),Others,80–99 kg,≥1 mg,High dose,Other serious outcome,Wegovy
24308934,1,38,YR,Male,,"",US,"",OZEMPIC,SEMAGLUTIDE,,"",PS,Fournier's gangrene,HO,2024Q3,Younger Adults (18–64),Others,Missing,Missing,Missing,Hospitalization,Ozempic
24309646,3,70,YR,Male,,"",US,US,OZEMPIC,SEMAGLUTIDE,,"",PS,Pharyngitis,OT,2024Q4,Older Adults (≥65),Others,Missing,Missing,Missing,Other serious outcome,Ozempic
24314433,1,47,YR,Male,,"",US,US,OZEMPIC,SEMAGLUTIDE,1,MG,PS,Hypogonadism,OT,2024Q3,Younger Adults (18–64),Others,Missing,≥1 mg,High dose,Other serious outcome,Ozempic
24314445,2,75,YR,Female,,"",US,US,OZEMPIC,SEMAGLUTIDE,1,MG,PS,Nephrolithiasis,HO,2024Q4,Older Adults (≥65),Others,Missing,≥1 mg,High dose,Hospitalization,Ozempic
24314460,3,67,YR,Female,,"",US,US,OZEMPIC,SEMAGLUTIDE,0.5,MG,PS,Colitis ischaemic,HO,2024Q4,Older Adults (≥65),Others,Missing,0.5–0.99 mg,Medium dose,Hospitalization,Ozempic
24314501,1,52,YR,Female,,"",US,US,OZEMPIC,SEMAGLUTIDE,1,MG,PS,Paralysis,HO,2024Q3,Younger Adults (18–64),Others,Missing,≥1 mg,High dose,Hospitalization,Ozempic
24314514,1,74,YR,Female,,"",US,US,OZEMPIC,SEMAGLUTIDE,0.5,MG,PS,Cataract,OT,2024Q3,Older Adults (≥65),Others,Missing,0.5–0.99 mg,Medium dose,Other serious outcome,Ozempic
24314515,2,54,YR,Female,,"",US,US,OZEMPIC,SEMAGLUTIDE,0.25,MG,PS,Impaired gastric emptying,DE,2024Q4,Younger Adults (18–64),Gastro-Intestinal and Metabolic,Missing,<0.5 mg,Low dose,Death,Ozempic
24314516,2,61,YR,Male,96.145,KG,US,US,OZEMPIC,SEMAGLUTIDE,0.5,MG,PS,Ileus,HO,2024Q4,Younger Adults (18–64),Gastro-Intestinal and Metabolic,80–99 kg,0.5–0.99 mg,Medium dose,Hospitalization,Ozempic
24314517,1,29,YR,Female,,"",US,US,WEGOVY,SEMAGLUTIDE,0.25,MG,PS,Maternal exposure during pregnancy,OT,2024Q3,Younger Adults (18–64),Others,Missing,<0.5 mg,Low dose,Other serious outcome,Wegovy
24314522,1,73,YR,Male,,"",US,US,OZEMPIC,SEMAGLUTIDE,,"",PS,Wrong technique in product usage process,OT,2024Q3,Older Adults (≥65),Others,Missing,Missing,Missing,Other serious outcome,Ozempic
24315716,1,65,YR,Female,85.95,KG,US,"",OZEMPIC,SEMAGLUTIDE,,"",PS,Impaired gastric emptying,DS,2024Q3,Older Adults (≥65),Gastro-Intestinal and Metabolic,80–99 kg,Missing,Missing,Disability,Ozempic
24316913,1,37,YR,Female,83.25,KG,US,"",CYANOCOBALAMIN\SEMAGLUTIDE,CYANOCOBALAMIN\SEMAGLUTIDE,,"",PS,Appendicitis,HO,2024Q3,Younger Adults (18–64),Others,80–99 kg,Missing,Missing,Hospitalization,Combination Product
24317074,1,53,YR,Male,100.35,KG,US,"",WEGOVY,SEMAGLUTIDE,2.4,MG,PS,Allodynia,OT,2024Q3,Younger Adults (18–64),Others,≥100 kg,≥1 mg,High dose,Other serious outcome,Wegovy
24317184,1,41,YR,Male,124.2,KG,US,"",WEGOVY,SEMAGLUTIDE,,"",PS,Pain,OT,2024Q3,Younger Adults (18–64),Others,≥100 kg,Missing,Missing,Other serious outcome,Wegovy
24321196,1,81,YR,Male,,"",US,US,OZEMPIC,SEMAGLUTIDE,1,MG,PS,Cerebrovascular accident,LT,2024Q3,Older Adults (≥65),Cardiovascular,Missing,≥1 mg,High dose,Life-threatening,Ozempic
24321199,2,46,YR,Female,95.238,KG,US,US,OZEMPIC,SEMAGLUTIDE,0.25,MG,PS,Constipation,HO,2024Q4,Younger Adults (18–64),Gastro-Intestinal and Metabolic,80–99 kg,<0.5 mg,Low dose,Hospitalization,Ozempic
24321204,1,73,YR,Female,,"",US,US,OZEMPIC,SEMAGLUTIDE,,"",PS,Age-related macular degeneration,OT,2024Q3,Older Adults (≥65),Others,Missing,Missing,Missing,Other serious outcome,Ozempic
24321350,1,34,YR,Female,,"",US,US,OZEMPIC,SEMAGLUTIDE,1,MG,PS,Seizure,OT,2024Q3,Younger Adults (18–64),Others,Missing,≥1 mg,High dose,Other serious outcome,Ozempic
24321391,1,77,YR,Female,,"",US,US,OZEMPIC,SEMAGLUTIDE,1.5,MG,PS,Thrombocytopenia,OT,2024Q3,Older Adults (≥65),Others,Missing,≥1 mg,High dose,Other serious outcome,Ozempic
24321393,1,62,YR,Female,,"",US,US,WEGOVY,SEMAGLUTIDE,,"",PS,Nausea,OT,2024Q3,Younger Adults (18–64),Gastro-Intestinal and Metabolic,Missing,Missing,Missing,Other serious outcome,Wegovy
24321394,1,71,YR,Male,,"",US,US,OZEMPIC,SEMAGLUTIDE,1,MG,PS,Chronic kidney disease,HO,2024Q3,Older Adults (≥65),Others,Missing,≥1 mg,High dose,Hospitalization,Ozempic
24321395,1,76,YR,Male,,"",US,US,RYBELSUS,SEMAGLUTIDE,7,MG,PS,Condition aggravated,OT,2024Q3,Older Adults (≥65),Others,Missing,≥1 mg,High dose,Other serious outcome,Rybelsus
24321405,1,78,YR,Male,,"",US,US,OZEMPIC,SEMAGLUTIDE,1,MG,PS,Hiatus hernia,HO,2024Q3,Older Adults (≥65),Others,Missing,≥1 mg,High dose,Hospitalization,Ozempic
24321409,1,68,YR,Male,,"",US,US,OZEMPIC,SEMAGLUTIDE,,"",PS,Off label use,HO,2024Q3,Older Adults (≥65),Others,Missing,Missing,Missing,Hospitalization,Ozempic
24321507,1,71,YR,Female,,"",US,US,OZEMPIC,SEMAGLUTIDE,0.25,MG,PS,Off label use,OT,2024Q3,Older Adults (≥65),Others,Missing,<0.5 mg,Low dose,Other serious outcome,Ozempic
24321513,1,40,YR,Female,78,KG,US,US,WEGOVY,SEMAGLUTIDE,0.25,MG,PS,Ketoacidosis,HO,2024Q3,Younger Adults (18–64),Others,<80 kg,<0.5 mg,Low dose,Hospitalization,Wegovy
24323553,1,75,YR,Male,62.55,KG,US,"",OZEMPIC,SEMAGLUTIDE,,"",PS,Emotional poverty,OT,2024Q3,Older Adults (≥65),Others,<80 kg,Missing,Missing,Other serious outcome,Ozempic
24323809,1,48,YR,Female,70.65,KG,US,"",OZEMPIC,SEMAGLUTIDE,,"",PS,Vertigo,DS,2024Q3,Younger Adults (18–64),Others,<80 kg,Missing,Missing,Disability,Ozempic
24324025,1,40,YR,Female,126,KG,US,"",SEMAGLUTIDE,SEMAGLUTIDE,,"",PS,Pancreatitis acute,HO,2024Q3,Younger Adults (18–64),Gastro-Intestinal and Metabolic,≥100 kg,Missing,Missing,Hospitalization,Semaglutide (Unspecified)
24324069,1,38,YR,Female,93.6,KG,US,"",OZEMPIC,SEMAGLUTIDE,,"",PS,Palpitations,OT,2024Q3,Younger Adults (18–64),Cardiovascular,80–99 kg,Missing,Missing,Other serious outcome,Ozempic
24324963,1,27,YR,Female,85.5,KG,US,"",OZEMPIC,SEMAGLUTIDE,,"",PS,Panic attack,RI,2024Q3,Younger Adults (18–64),Psychiatric-related,80–99 kg,Missing,Missing,Required intervention,Ozempic
24325644,2,77,YR,Male,,"",US,US,OZEMPIC,SEMAGLUTIDE,0.5,MG,PS,Drug ineffective,OT,2024Q4,Older Adults (≥65),Others,Missing,0.5–0.99 mg,Medium dose,Other serious outcome,Ozempic
24325646,1,61,YR,Female,,"",US,US,OZEMPIC,SEMAGLUTIDE,0.5,MG,PS,Nausea,HO,2024Q3,Younger Adults (18–64),Gastro-Intestinal and Metabolic,Missing,0.5–0.99 mg,Medium dose,Hospitalization,Ozempic
24325651,1,61,YR,Male,,"",US,US,WEGOVY,SEMAGLUTIDE,2.4,MG,PS,Infrequent bowel movements,OT,2024Q3,Younger Adults (18–64),Others,Missing,≥1 mg,High dose,Other serious outcome,Wegovy
24325654,1,60,YR,Female,,"",US,US,OZEMPIC,SEMAGLUTIDE,2,MG,PS,Vomiting,OT,2024Q3,Younger Adults (18–64),Gastro-Intestinal and Metabolic,Missing,≥1 mg,High dose,Other serious outcome,Ozempic
24325767,1,64,YR,Female,,"",US,US,OZEMPIC,SEMAGLUTIDE,0.25,MG,PS,Nausea,HO,2024Q3,Younger Adults (18–64),Gastro-Intestinal and Metabolic,Missing,<0.5 mg,Low dose,Hospitalization,Ozempic
24325833,1,79,YR,Female,,"",US,US,OZEMPIC,SEMAGLUTIDE,0.25,MG,PS,Drug ineffective for unapproved indication,OT,2024Q3,Older Adults (≥65),Others,Missing,<0.5 mg,Low dose,Other serious outcome,Ozempic
24325835,1,66,YR,Female,,"",US,US,OZEMPIC,SEMAGLUTIDE,,"",PS,Heart rate increased,HO,2024Q3,Older Adults (≥65),Cardiovascular,Missing,Missing,Missing,Hospitalization,Ozempic
24325836,2,66,YR,Male,168.25,KG,US,US,OZEMPIC,SEMAGLUTIDE,1,MG,PS,Ventricular extrasystoles,HO,2024Q4,Older Adults (≥65),Others,≥100 kg,≥1 mg,High dose,Hospitalization,Ozempic
24325838,1,75,YR,Male,,"",US,US,WEGOVY,SEMAGLUTIDE,1.7,MG,PS,Neuropathy peripheral,OT,2024Q3,Older Adults (≥65),Others,Missing,≥1 mg,High dose,Other serious outcome,Wegovy
24325853,1,47,YR,Female,,"",US,US,WEGOVY,SEMAGLUTIDE,,"",PS,Nephrolithiasis,OT,2024Q3,Younger Adults (18–64),Others,Missing,Missing,Missing,Other serious outcome,Wegovy
24326477,4,68,YR,Male,,"",US,US,RYBELSUS,SEMAGLUTIDE,,"",PS,Dehydration,HO,2024Q4,Older Adults (≥65),Gastro-Intestinal and Metabolic,Missing,Missing,Missing,Hospitalization,Rybelsus
24327543,1,30,YR,Female,,"",US,"",WEGOVY,SEMAGLUTIDE,,"",PS,Anxiety,DS,2024Q3,Younger Adults (18–64),Psychiatric-related,Missing,Missing,Missing,Disability,Wegovy
24330342,2,55,YR,Male,,"",US,US,OZEMPIC,SEMAGLUTIDE,,"",PS,VIth nerve paralysis,HO,2024Q4,Younger Adults (18–64),Others,Missing,Missing,Missing,Hospitalization,Ozempic
24330350,1,70,YR,Male,,"",US,US,RYBELSUS,SEMAGLUTIDE,3,MG,PS,Dehydration,HO,2024Q3,Older Adults (≥65),Gastro-Intestinal and Metabolic,Missing,≥1 mg,High dose,Hospitalization,Rybelsus
24330361,1,44,YR,Male,,"",US,US,OZEMPIC,SEMAGLUTIDE,,"",PS,Depression,OT,2024Q3,Younger Adults (18–64),Psychiatric-related,Missing,Missing,Missing,Other serious outcome,Ozempic
24330363,1,78,YR,Female,,"",US,US,OZEMPIC,SEMAGLUTIDE,2.4,MG,PS,Cardiac failure congestive,HO,2024Q3,Older Adults (≥65),Cardiovascular,Missing,≥1 mg,High dose,Hospitalization,Ozempic
24332767,1,37,YR,Female,76.05,KG,US,"",SEMAGLUTIDE,SEMAGLUTIDE,,"",PS,Anxiety,OT,2024Q3,Younger Adults (18–64),Psychiatric-related,<80 kg,Missing,Missing,Other serious outcome,Semaglutide (Unspecified)
24333074,1,73,YR,Male,111,KG,US,"",OZEMPIC,SEMAGLUTIDE,,"",PS,Cholecystitis,HO,2024Q3,Older Adults (≥65),Gastro-Intestinal and Metabolic,≥100 kg,Missing,Missing,Hospitalization,Ozempic
24333082,1,70,YR,Female,60.75,KG,US,"",OZEMPIC,SEMAGLUTIDE,,"",PS,Ischaemia,DS,2024Q3,Older Adults (≥65),Others,<80 kg,Missing,Missing,Disability,Ozempic
24333271,1,60,YR,Female,83.25,KG,US,"",WEGOVY,SEMAGLUTIDE,,"",PS,White blood cells urine positive,OT,2024Q3,Younger Adults (18–64),Others,80–99 kg,Missing,Missing,Other serious outcome,Wegovy
24333305,1,49,YR,Female,97.2,KG,US,"",WEGOVY,SEMAGLUTIDE,,"",PS,Lymphadenopathy,OT,2024Q3,Younger Adults (18–64),Others,80–99 kg,Missing,Missing,Other serious outcome,Wegovy
24334391,1,72,YR,Female,147,LBS,US,"",SEMAGLUTIDE,SEMAGLUTIDE,,"",PS,Generalised tonic-clonic seizure,HO,2024Q3,Older Adults (≥65),Others,≥100 kg,Missing,Missing,Hospitalization,Semaglutide (Unspecified)
24334720,1,61,YR,Female,92.25,KG,US,"",WEGOVY,SEMAGLUTIDE,,"",PS,Appendicitis,HO,2024Q3,Younger Adults (18–64),Others,80–99 kg,Missing,Missing,Hospitalization,Wegovy
24335674,1,76,YR,Male,,"",US,US,OZEMPIC,SEMAGLUTIDE,2,MG,PS,Off label use,OT,2024Q3,Older Adults (≥65),Others,Missing,≥1 mg,High dose,Other serious outcome,Ozempic
24335676,2,57,YR,Female,,"",US,US,WEGOVY,SEMAGLUTIDE,0.5,MG,PS,Ulcer,HO,2024Q4,Younger Adults (18–64),Others,Missing,0.5–0.99 mg,Medium dose,Hospitalization,Wegovy
24335827,1,33,YR,Female,,"",US,US,WEGOVY,SEMAGLUTIDE,,"",PS,Abortion spontaneous,OT,2024Q3,Younger Adults (18–64),Others,Missing,Missing,Missing,Other serious outcome,Wegovy
24339402,1,67,YR,Female,67.95,KG,US,"",OZEMPIC,SEMAGLUTIDE,,"",PS,Obstruction gastric,HO,2024Q3,Older Adults (≥65),Others,<80 kg,Missing,Missing,Hospitalization,Ozempic
24340041,1,44,YR,Female,72.9,KG,US,"",SEMAGLUTIDE,SEMAGLUTIDE,,"",PS,Headache,OT,2024Q3,Younger Adults (18–64),Others,<80 kg,Missing,Missing,Other serious outcome,Semaglutide (Unspecified)
24340307,1,67,YR,Female,79.2,KG,US,"",OZEMPIC,SEMAGLUTIDE,0.5,MG,PS,Irritability,RI,2024Q3,Older Adults (≥65),Psychiatric-related,<80 kg,0.5–0.99 mg,Medium dose,Required intervention,Ozempic
24340311,1,53,YR,Female,123.75,KG,US,"",WEGOVY,SEMAGLUTIDE,,"",PS,Drug hypersensitivity,LT,2024Q3,Younger Adults (18–64),Others,≥100 kg,Missing,Missing,Life-threatening,Wegovy
24341492,1,18,YR,Female,,"",US,US,WEGOVY,SEMAGLUTIDE,,"",PS,Vomiting,OT,2024Q3,Younger Adults (18–64),Gastro-Intestinal and Metabolic,Missing,Missing,Missing,Other serious outcome,Wegovy
24341849,1,74,YR,Female,,"",US,US,OZEMPIC,SEMAGLUTIDE,2,MG,PS,Dehydration,OT,2024Q3,Older Adults (≥65),Gastro-Intestinal and Metabolic,Missing,≥1 mg,High dose,Other serious outcome,Ozempic
24341852,1,76,YR,Female,,"",US,US,OZEMPIC,SEMAGLUTIDE,1,MG,PS,Precancerous condition,OT,2024Q3,Older Adults (≥65),Others,Missing,≥1 mg,High dose,Other serious outcome,Ozempic
24341914,1,50,YR,Female,,"",US,US,WEGOVY,SEMAGLUTIDE,2.4,MG,PS,Thyroid cancer,OT,2024Q3,Younger Adults (18–64),Others,Missing,≥1 mg,High dose,Other serious outcome,Wegovy
24341919,3,69,YR,Male,,"",US,US,OZEMPIC,SEMAGLUTIDE,0.5,MG,PS,Visual impairment,OT,2024Q4,Older Adults (≥65),Others,Missing,0.5–0.99 mg,Medium dose,Other serious outcome,Ozempic
24341973,1,65,YR,Male,,"",US,US,OZEMPIC,SEMAGLUTIDE,1,MG,PS,Pancreatitis,DE,2024Q3,Older Adults (≥65),Gastro-Intestinal and Metabolic,Missing,≥1 mg,High dose,Death,Ozempic
24341976,1,40,YR,Female,,"",US,US,OZEMPIC,SEMAGLUTIDE,,"",PS,Optic ischaemic neuropathy,OT,2024Q3,Younger Adults (18–64),Others,Missing,Missing,Missing,Other serious outcome,Ozempic
24341979,1,72,YR,Male,,"",US,US,OZEMPIC,SEMAGLUTIDE,2,MG,PS,Tendon rupture,OT,2024Q3,Older Adults (≥65),Others,Missing,≥1 mg,High dose,Other serious outcome,Ozempic
24341985,4,76,YR,Female,82.54,KG,US,US,OZEMPIC,SEMAGLUTIDE,,"",PS,Condition aggravated,OT,2024Q4,Older Adults (≥65),Others,80–99 kg,Missing,Missing,Other serious outcome,Ozempic
24344048,1,39,YR,Female,90,KG,US,"",WEGOVY,SEMAGLUTIDE,,"",PS,Allodynia,DS,2024Q3,Younger Adults (18–64),Others,80–99 kg,Missing,Missing,Disability,Wegovy
24344436,1,46,YR,Female,99,KG,US,"",OZEMPIC,SEMAGLUTIDE,,"",PS,Alopecia,OT,2024Q3,Younger Adults (18–64),Others,80–99 kg,Missing,Missing,Other serious outcome,Ozempic
24345436,1,61,YR,Female,65.8,KG,US,"",SEMAGLUTIDE,SEMAGLUTIDE,,"",PS,Colitis,HO,2024Q3,Younger Adults (18–64),Others,<80 kg,Missing,Missing,Hospitalization,Semaglutide (Unspecified)
24347982,1,64,YR,Female,,"",US,US,OZEMPIC,SEMAGLUTIDE,0.25,MG,PS,Pemphigoid,OT,2024Q3,Younger Adults (18–64),Others,Missing,<0.5 mg,Low dose,Other serious outcome,Ozempic
24347988,1,61,YR,Female,,"",US,US,OZEMPIC,SEMAGLUTIDE,1,MG,PS,Intestinal ischaemia,HO,2024Q3,Younger Adults (18–64),Others,Missing,≥1 mg,High dose,Hospitalization,Ozempic
24347995,1,67,YR,Female,,"",US,US,OZEMPIC,SEMAGLUTIDE,0.5,MG,PS,Skin ulcer,HO,2024Q3,Older Adults (≥65),Others,Missing,0.5–0.99 mg,Medium dose,Hospitalization,Ozempic
24348004,2,69,YR,Male,,"",US,US,WEGOVY,SEMAGLUTIDE,2.4,MG,PS,Abdominal distension,OT,2024Q4,Older Adults (≥65),Others,Missing,≥1 mg,High dose,Other serious outcome,Wegovy
24348011,1,80,YR,Female,,"",US,US,OZEMPIC,SEMAGLUTIDE,,"",PS,Off label use,OT,2024Q3,Older Adults (≥65),Others,Missing,Missing,Missing,Other serious outcome,Ozempic
24348132,1,76,YR,Female,,"",US,US,OZEMPIC,SEMAGLUTIDE,0.5,MG,PS,Product communication issue,OT,2024Q3,Older Adults (≥65),Others,Missing,0.5–0.99 mg,Medium dose,Other serious outcome,Ozempic
24348261,1,56,YR,Male,,"",US,US,OZEMPIC,SEMAGLUTIDE,,"",PS,Gallbladder disorder,OT,2024Q3,Younger Adults (18–64),Others,Missing,Missing,Missing,Other serious outcome,Ozempic
24348263,2,42,YR,Female,93.878,KG,US,US,OZEMPIC,SEMAGLUTIDE,0.5,MG,PS,Colectomy,HO,2024Q4,Younger Adults (18–64),Others,80–99 kg,0.5–0.99 mg,Medium dose,Hospitalization,Ozempic
24352269,1,44,YR,Male,130.5,KG,US,"",WEGOVY,SEMAGLUTIDE,,"",PS,Rhabdomyolysis,LT,2024Q3,Younger Adults (18–64),Others,≥100 kg,Missing,Missing,Life-threatening,Wegovy
24354629,1,33,YR,Female,125.1,KG,US,"",WEGOVY,SEMAGLUTIDE,,"",PS,Headache,DS,2024Q3,Younger Adults (18–64),Others,≥100 kg,Missing,Missing,Disability,Wegovy
24355283,2,74,YR,Male,,"",US,US,OZEMPIC,SEMAGLUTIDE,,"",PS,Taste disorder,HO,2024Q4,Older Adults (≥65),Others,Missing,Missing,Missing,Hospitalization,Ozempic
24355284,1,52,YR,Female,,"",US,US,OZEMPIC,SEMAGLUTIDE,2,MG,PS,Breast cancer,OT,2024Q3,Younger Adults (18–64),Others,Missing,≥1 mg,High dose,Other serious outcome,Ozempic
24355306,1,60,YR,Male,,"",US,US,OZEMPIC,SEMAGLUTIDE,,"",PS,Pulmonary embolism,HO,2024Q3,Younger Adults (18–64),Cardiovascular,Missing,Missing,Missing,Hospitalization,Ozempic
24355307,1,26,YR,Female,,"",US,US,OZEMPIC,SEMAGLUTIDE,,"",PS,Overdose,HO,2024Q3,Younger Adults (18–64),Others,Missing,Missing,Missing,Hospitalization,Ozempic
24355557,1,68,YR,Female,,"",US,US,OZEMPIC,SEMAGLUTIDE,2,MG,PS,COVID-19,HO,2024Q3,Older Adults (≥65),Others,Missing,≥1 mg,High dose,Hospitalization,Ozempic
24355560,1,68,YR,Male,,"",US,US,OZEMPIC,SEMAGLUTIDE,1,MG,PS,Constipation,OT,2024Q3,Older Adults (≥65),Gastro-Intestinal and Metabolic,Missing,≥1 mg,High dose,Other serious outcome,Ozempic
24355572,1,44,YR,Female,,"",US,US,OZEMPIC,SEMAGLUTIDE,1,MG,PS,Vertigo,HO,2024Q3,Younger Adults (18–64),Others,Missing,≥1 mg,High dose,Hospitalization,Ozempic
24355574,1,57,YR,Female,,"",US,US,OZEMPIC,SEMAGLUTIDE,0.5,MG,PS,Seizure,HO,2024Q3,Younger Adults (18–64),Others,Missing,0.5–0.99 mg,Medium dose,Hospitalization,Ozempic
24355575,1,79,YR,Female,,"",US,US,OZEMPIC,SEMAGLUTIDE,,"",PS,Cholecystitis infective,HO,2024Q3,Older Adults (≥65),Others,Missing,Missing,Missing,Hospitalization,Ozempic
24355577,1,76,YR,Female,,"",US,US,OZEMPIC,SEMAGLUTIDE,0.5,MG,PS,Weight increased,HO,2024Q3,Older Adults (≥65),Others,Missing,0.5–0.99 mg,Medium dose,Hospitalization,Ozempic
24357458,1,62,YR,Female,73.7,KG,US,"",OZEMPIC,SEMAGLUTIDE,,"",PS,Product prescribing issue,HO,2024Q3,Younger Adults (18–64),Others,<80 kg,Missing,Missing,Hospitalization,Ozempic
24357621,1,66,YR,Female,67.95,KG,US,"",WEGOVY,SEMAGLUTIDE,,"",PS,Retching,OT,2024Q3,Older Adults (≥65),Others,<80 kg,Missing,Missing,Other serious outcome,Wegovy
24358148,1,67,YR,Male,67.5,KG,US,"",RYBELSUS,SEMAGLUTIDE,,"",PS,Abdominal pain lower,DE,2024Q3,Older Adults (≥65),Gastro-Intestinal and Metabolic,<80 kg,Missing,Missing,Death,Rybelsus
24360220,1,76,YR,Female,,"",US,US,OZEMPIC,SEMAGLUTIDE,,"",PS,Flatulence,OT,2024Q3,Older Adults (≥65),Others,Missing,Missing,Missing,Other serious outcome,Ozempic
24360243,1,64,YR,Female,,"",US,US,OZEMPIC,SEMAGLUTIDE,2,MG,PS,Off label use,OT,2024Q3,Younger Adults (18–64),Others,Missing,≥1 mg,High dose,Other serious outcome,Ozempic
24360250,1,53,YR,Female,,"",US,US,WEGOVY,SEMAGLUTIDE,2.4,MG,PS,Blood cholesterol increased,HO,2024Q3,Younger Adults (18–64),Others,Missing,≥1 mg,High dose,Hospitalization,Wegovy
24360266,1,83,YR,Male,,"",US,US,RYBELSUS,SEMAGLUTIDE,,"",PS,Rectal haemorrhage,HO,2024Q3,Older Adults (≥65),Others,Missing,Missing,Missing,Hospitalization,Rybelsus
24360267,2,76,YR,Female,,"",US,US,OZEMPIC,SEMAGLUTIDE,1,MG,PS,Transient ischaemic attack,HO,2024Q4,Older Adults (≥65),Cardiovascular,Missing,≥1 mg,High dose,Hospitalization,Ozempic
24362148,1,46,YR,Female,120.6,KG,US,"",WEGOVY,SEMAGLUTIDE,,"",PS,Alopecia areata,DS,2024Q3,Younger Adults (18–64),Others,≥100 kg,Missing,Missing,Disability,Wegovy
24362184,1,65,YR,Male,175.8,KG,US,"",OZEMPIC,SEMAGLUTIDE,,"",PS,Anisocoria,DE,2024Q3,Older Adults (≥65),Others,≥100 kg,Missing,Missing,Death,Ozempic
24364657,1,55,YR,Female,,"",US,US,WEGOVY,SEMAGLUTIDE,,"",PS,Colitis,HO,2024Q3,Younger Adults (18–64),Others,Missing,Missing,Missing,Hospitalization,Wegovy
24364658,1,75,YR,Male,,"",US,US,OZEMPIC,SEMAGLUTIDE,1,MG,PS,Cataract,HO,2024Q3,Older Adults (≥65),Others,Missing,≥1 mg,High dose,Hospitalization,Ozempic
24364673,1,56,YR,Male,,"",US,US,WEGOVY,SEMAGLUTIDE,,"",PS,Intervertebral disc injury,OT,2024Q3,Younger Adults (18–64),Others,Missing,Missing,Missing,Other serious outcome,Wegovy
24364674,2,66,YR,Female,,"",US,US,OZEMPIC,SEMAGLUTIDE,,"",PS,Product storage error,OT,2024Q4,Older Adults (≥65),Others,Missing,Missing,Missing,Other serious outcome,Ozempic
24364675,1,68,YR,Female,,"",US,US,OZEMPIC,SEMAGLUTIDE,0.5,MG,PS,Breast cancer,OT,2024Q3,Older Adults (≥65),Others,Missing,0.5–0.99 mg,Medium dose,Other serious outcome,Ozempic
24364676,1,72,YR,Male,,"",US,US,OZEMPIC,SEMAGLUTIDE,2,MG,PS,Medical procedure,OT,2024Q3,Older Adults (≥65),Others,Missing,≥1 mg,High dose,Other serious outcome,Ozempic
24364688,1,62,YR,Female,,"",US,US,RYBELSUS,SEMAGLUTIDE,7,MG,PS,Abdominal pain upper,OT,2024Q3,Younger Adults (18–64),Gastro-Intestinal and Metabolic,Missing,≥1 mg,High dose,Other serious outcome,Rybelsus
24364689,1,75,YR,Female,,"",US,US,OZEMPIC,SEMAGLUTIDE,,"",PS,Sciatica,OT,2024Q3,Older Adults (≥65),Others,Missing,Missing,Missing,Other serious outcome,Ozempic
24364691,1,44,YR,Male,,"",US,US,OZEMPIC,SEMAGLUTIDE,0.25,MG,PS,Heart rate increased,DE,2024Q3,Younger Adults (18–64),Cardiovascular,Missing,<0.5 mg,Low dose,Death,Ozempic
24364699,2,42,YR,Female,,"",US,US,OZEMPIC,SEMAGLUTIDE,2,MG,PS,Drug effect faster than expected,HO,2024Q4,Younger Adults (18–64),Others,Missing,≥1 mg,High dose,Hospitalization,Ozempic
24367736,1,35,YR,Female,118.8,KG,US,"",RYBELSUS,SEMAGLUTIDE,,"",PS,Back pain,OT,2024Q3,Younger Adults (18–64),Others,≥100 kg,Missing,Missing,Other serious outcome,Rybelsus
24368998,1,78,YR,Male,,"",US,US,OZEMPIC,SEMAGLUTIDE,1,MG,PS,Syncope,OT,2024Q3,Older Adults (≥65),Cardiovascular,Missing,≥1 mg,High dose,Other serious outcome,Ozempic
24368999,1,49,YR,Female,,"",US,US,WEGOVY,SEMAGLUTIDE,0.5,MG,PS,Focal segmental glomerulosclerosis,OT,2024Q3,Younger Adults (18–64),Others,Missing,0.5–0.99 mg,Medium dose,Other serious outcome,Wegovy
24369004,1,68,YR,Female,,"",US,US,SEMAGLUTIDE,SEMAGLUTIDE,,"",PS,Vomiting,HO,2024Q3,Older Adults (≥65),Gastro-Intestinal and Metabolic,Missing,Missing,Missing,Hospitalization,Semaglutide (Unspecified)
24369005,1,68,YR,Male,103.8,KG,US,US,SEMAGLUTIDE,SEMAGLUTIDE,,"",PS,Vomiting,HO,2024Q3,Older Adults (≥65),Gastro-Intestinal and Metabolic,≥100 kg,Missing,Missing,Hospitalization,Semaglutide (Unspecified)
24369017,1,66,YR,Female,,"",US,US,OZEMPIC,SEMAGLUTIDE,0.5,MG,PS,Diarrhoea,HO,2024Q3,Older Adults (≥65),Gastro-Intestinal and Metabolic,Missing,0.5–0.99 mg,Medium dose,Hospitalization,Ozempic
24369073,1,68,YR,Female,,"",US,US,OZEMPIC,SEMAGLUTIDE,,"",PS,Cataract operation,OT,2024Q3,Older Adults (≥65),Others,Missing,Missing,Missing,Other serious outcome,Ozempic
24373784,1,41,YR,Female,60.75,KG,US,"",SEMAGLUTIDE,SEMAGLUTIDE,,"",PS,Loss of consciousness,OT,2024Q3,Younger Adults (18–64),Others,<80 kg,Missing,Missing,Other serious outcome,Semaglutide (Unspecified)
24376068,1,63,YR,Male,112,KG,US,"",SEMAGLUTIDE,SEMAGLUTIDE,1,MG,PS,Acute kidney injury,DE,2024Q3,Younger Adults (18–64),Others,≥100 kg,≥1 mg,High dose,Death,Semaglutide (Unspecified)
24376659,1,41,YR,Female,90,KG,US,"",OZEMPIC,SEMAGLUTIDE,,"",PS,Abdominal pain upper,LT,2024Q3,Younger Adults (18–64),Gastro-Intestinal and Metabolic,80–99 kg,Missing,Missing,Life-threatening,Ozempic
24377246,1,72,YR,Female,,"",US,US,RYBELSUS,SEMAGLUTIDE,,"",PS,Malignant melanoma,OT,2024Q3,Older Adults (≥65),Others,Missing,Missing,Missing,Other serious outcome,Rybelsus
24377295,1,54,YR,Male,,"",US,US,OZEMPIC,SEMAGLUTIDE,,"",PS,Ileus,HO,2024Q3,Younger Adults (18–64),Gastro-Intestinal and Metabolic,Missing,Missing,Missing,Hospitalization,Ozempic
24377306,1,48,YR,Female,113.4,KG,US,"",OZEMPIC,SEMAGLUTIDE,,"",PS,Pancreatitis,HO,2024Q3,Younger Adults (18–64),Gastro-Intestinal and Metabolic,≥100 kg,Missing,Missing,Hospitalization,Ozempic
24377383,1,40,YR,Male,,"",US,US,SEMAGLUTIDE,SEMAGLUTIDE,0.5,MG,PS,Intrusive thoughts,OT,2024Q3,Younger Adults (18–64),Others,Missing,0.5–0.99 mg,Medium dose,Other serious outcome,Semaglutide (Unspecified)
24377637,1,23,YR,Female,87.75,KG,US,"",WEGOVY,SEMAGLUTIDE,1,MG,PS,Nerve injury,DS,2024Q3,Younger Adults (18–64),Others,80–99 kg,≥1 mg,High dose,Disability,Wegovy
24377985,1,70,YR,Male,162,KG,US,"",SEMAGLUTIDE,SEMAGLUTIDE,0.25,MG,PS,Vomiting,HO,2024Q3,Older Adults (≥65),Gastro-Intestinal and Metabolic,≥100 kg,<0.5 mg,Low dose,Hospitalization,Semaglutide (Unspecified)
24378581,1,53,YR,Male,179,KG,US,"",SEMAGLUTIDE,SEMAGLUTIDE,1,MG,PS,Vomiting,HO,2024Q3,Younger Adults (18–64),Gastro-Intestinal and Metabolic,≥100 kg,≥1 mg,High dose,Hospitalization,Semaglutide (Unspecified)
24378669,1,64,YR,Male,,"",US,"",SEMAGLUTIDE,SEMAGLUTIDE,,"",PS,Fatigue,DE,2024Q3,Younger Adults (18–64),Others,Missing,Missing,Missing,Death,Semaglutide (Unspecified)
24381383,1,68,YR,Male,,"",US,US,OZEMPIC,SEMAGLUTIDE,,"",PS,Cardiac disorder,OT,2024Q4,Older Adults (≥65),Others,Missing,Missing,Missing,Other serious outcome,Ozempic
24381389,1,57,YR,Female,,"",US,US,OZEMPIC,SEMAGLUTIDE,0.5,MG,PS,Gastrooesophageal reflux disease,HO,2024Q4,Younger Adults (18–64),Gastro-Intestinal and Metabolic,Missing,0.5–0.99 mg,Medium dose,Hospitalization,Ozempic
24381391,2,76,YR,Male,,"",US,US,OZEMPIC,SEMAGLUTIDE,0.25,MG,PS,Diarrhoea,HO,2024Q4,Older Adults (≥65),Gastro-Intestinal and Metabolic,Missing,<0.5 mg,Low dose,Hospitalization,Ozempic
24381392,1,82,YR,Female,,"",US,US,OZEMPIC,SEMAGLUTIDE,0.25,MG,PS,Myocardial infarction,HO,2024Q4,Older Adults (≥65),Cardiovascular,Missing,<0.5 mg,Low dose,Hospitalization,Ozempic
24381402,2,66,YR,Female,,"",US,US,OZEMPIC,SEMAGLUTIDE,0.5,MG,PS,Shoulder arthroplasty,OT,2024Q4,Older Adults (≥65),Others,Missing,0.5–0.99 mg,Medium dose,Other serious outcome,Ozempic
24381403,3,52,YR,Female,,"",US,US,WEGOVY,SEMAGLUTIDE,1.7,MG,PS,Urticaria,OT,2024Q4,Younger Adults (18–64),Others,Missing,≥1 mg,High dose,Other serious outcome,Wegovy
24381405,2,65,YR,Female,95.238,KG,US,US,OZEMPIC,SEMAGLUTIDE,0.25,MG,PS,Cholelithiasis,HO,2024Q4,Older Adults (≥65),Gastro-Intestinal and Metabolic,80–99 kg,<0.5 mg,Low dose,Hospitalization,Ozempic
24381406,2,58,YR,Female,,"",US,US,OZEMPIC,SEMAGLUTIDE,1,MG,PS,Foot operation,OT,2024Q4,Younger Adults (18–64),Others,Missing,≥1 mg,High dose,Other serious outcome,Ozempic
24381472,1,82,YR,Female,,"",US,US,OZEMPIC,SEMAGLUTIDE,,"",PS,Medical device implantation,OT,2024Q4,Older Adults (≥65),Others,Missing,Missing,Missing,Other serious outcome,Ozempic
24381664,1,69,YR,Female,,"",US,US,OZEMPIC,SEMAGLUTIDE,0.25,MG,PS,Eye contusion,HO,2024Q4,Older Adults (≥65),Others,Missing,<0.5 mg,Low dose,Hospitalization,Ozempic
24381666,1,73,YR,Female,,"",US,US,OZEMPIC,SEMAGLUTIDE,0.5,MG,PS,Transient ischaemic attack,HO,2024Q4,Older Adults (≥65),Cardiovascular,Missing,0.5–0.99 mg,Medium dose,Hospitalization,Ozempic
24384105,1,61,YR,Female,,"",US,US,WEGOVY,SEMAGLUTIDE,,"",PS,Dehydration,OT,2024Q4,Younger Adults (18–64),Gastro-Intestinal and Metabolic,Missing,Missing,Missing,Other serious outcome,Wegovy
24384210,1,60,YR,Female,,"",US,US,WEGOVY,SEMAGLUTIDE,1,MG,PS,Vision blurred,OT,2024Q4,Younger Adults (18–64),Others,Missing,≥1 mg,High dose,Other serious outcome,Wegovy
24384216,1,64,YR,Female,,"",US,US,OZEMPIC,SEMAGLUTIDE,,"",PS,Product use in unapproved indication,HO,2024Q4,Younger Adults (18–64),Others,Missing,Missing,Missing,Hospitalization,Ozempic
24384217,2,37,YR,Female,185.94,KG,US,US,OZEMPIC,SEMAGLUTIDE,0.5,MG,PS,Nausea,LT,2024Q4,Younger Adults (18–64),Gastro-Intestinal and Metabolic,≥100 kg,0.5–0.99 mg,Medium dose,Life-threatening,Ozempic
24384501,1,67,YR,Male,117,KG,US,"",OZEMPIC,SEMAGLUTIDE,0.25,MG,PS,Mucous stools,HO,2024Q3,Older Adults (≥65),Others,≥100 kg,<0.5 mg,Low dose,Hospitalization,Ozempic
24387838,1,49,YR,Male,,"",US,"",WEGOVY,SEMAGLUTIDE,0.25,MG,PS,Vision blurred,RI,2024Q4,Younger Adults (18–64),Others,Missing,<0.5 mg,Low dose,Required intervention,Wegovy
24388071,1,71,YR,Male,109.8,KG,US,"",OZEMPIC,SEMAGLUTIDE,,"",PS,Cerebrovascular accident,DS,2024Q4,Older Adults (≥65),Cardiovascular,≥100 kg,Missing,Missing,Disability,Ozempic
24388710,1,48,YR,Female,72,KG,US,"",SEMAGLUTIDE,SEMAGLUTIDE,,"",PS,Incorrect dose administered,DS,2024Q4,Younger Adults (18–64),Others,<80 kg,Missing,Missing,Disability,Semaglutide (Unspecified)
24389413,1,77,YR,Male,,"",US,US,OZEMPIC,SEMAGLUTIDE,0.5,MG,PS,Headache,HO,2024Q4,Older Adults (≥65),Others,Missing,0.5–0.99 mg,Medium dose,Hospitalization,Ozempic
24392488,1,71,YR,Male,225,LBS,US,"",OZEMPIC,SEMAGLUTIDE,,"",PS,Pulmonary oedema,LT,2024Q4,Older Adults (≥65),Others,≥100 kg,Missing,Missing,Life-threatening,Ozempic
24393073,1,75,YR,Male,80.55,KG,US,"",RYBELSUS,SEMAGLUTIDE,,"",PS,Constipation,RI,2024Q4,Older Adults (≥65),Gastro-Intestinal and Metabolic,80–99 kg,Missing,Missing,Required intervention,Rybelsus
24394348,1,72,YR,Female,,"",US,US,OZEMPIC,SEMAGLUTIDE,2,MG,PS,Product use in unapproved indication,HO,2024Q4,Older Adults (≥65),Others,Missing,≥1 mg,High dose,Hospitalization,Ozempic
24394350,1,50,YR,Male,,"",US,US,OZEMPIC,SEMAGLUTIDE,,"",PS,Colitis ischaemic,OT,2024Q4,Younger Adults (18–64),Others,Missing,Missing,Missing,Other serious outcome,Ozempic
24394362,1,77,YR,Female,,"",US,US,OZEMPIC,SEMAGLUTIDE,0.25,MG,PS,Blood glucose increased,OT,2024Q4,Older Adults (≥65),Gastro-Intestinal and Metabolic,Missing,<0.5 mg,Low dose,Other serious outcome,Ozempic
24394366,1,74,YR,Female,,"",US,US,OZEMPIC,SEMAGLUTIDE,0.5,MG,PS,Dupuytren's contracture,OT,2024Q4,Older Adults (≥65),Others,Missing,0.5–0.99 mg,Medium dose,Other serious outcome,Ozempic
24394370,1,78,YR,Female,,"",US,US,OZEMPIC,SEMAGLUTIDE,0.25,MG,PS,Gastrointestinal vascular malformation haemorrhagic,HO,2024Q4,Older Adults (≥65),Others,Missing,<0.5 mg,Low dose,Hospitalization,Ozempic
24394373,1,37,YR,Female,,"",US,US,WEGOVY,SEMAGLUTIDE,,"",PS,Neck mass,OT,2024Q4,Younger Adults (18–64),Others,Missing,Missing,Missing,Other serious outcome,Wegovy
24394468,1,63,YR,Male,,"",US,US,SEMAGLUTIDE,SEMAGLUTIDE,1,MG,PS,Multiple organ dysfunction syndrome,DE,2024Q4,Younger Adults (18–64),Others,Missing,≥1 mg,High dose,Death,Semaglutide (Unspecified)
24394591,2,64,YR,Male,,"",US,US,OZEMPIC,SEMAGLUTIDE,,"",PS,Wrong technique in product usage process,OT,2024Q4,Younger Adults (18–64),Others,Missing,Missing,Missing,Other serious outcome,Ozempic
24394595,2,70,YR,Female,92.063,KG,US,US,OZEMPIC,SEMAGLUTIDE,,"",PS,Ileus,HO,2024Q4,Older Adults (≥65),Gastro-Intestinal and Metabolic,80–99 kg,Missing,Missing,Hospitalization,Ozempic
24394603,1,67,YR,Female,,"",US,US,OZEMPIC,SEMAGLUTIDE,,"",PS,Tooth extraction,OT,2024Q4,Older Adults (≥65),Others,Missing,Missing,Missing,Other serious outcome,Ozempic
24396966,1,74,YR,Male,86,KG,US,"",SEMAGLUTIDE,SEMAGLUTIDE,0.25,MG,PS,Ileus,HO,2024Q4,Older Adults (≥65),Gastro-Intestinal and Metabolic,80–99 kg,<0.5 mg,Low dose,Hospitalization,Semaglutide (Unspecified)
24399065,1,63,YR,Male,102.6,KG,US,"",WEGOVY,SEMAGLUTIDE,,"",PS,Loss of consciousness,OT,2024Q4,Younger Adults (18–64),Others,≥100 kg,Missing,Missing,Other serious outcome,Wegovy
24401426,1,74,YR,Female,,"",US,US,OZEMPIC,SEMAGLUTIDE,,"",PS,Knee operation,OT,2024Q4,Older Adults (≥65),Others,Missing,Missing,Missing,Other serious outcome,Ozempic
24401433,2,66,YR,Female,,"",US,US,OZEMPIC,SEMAGLUTIDE,,"",PS,Abdominal pain upper,HO,2024Q4,Older Adults (≥65),Gastro-Intestinal and Metabolic,Missing,Missing,Missing,Hospitalization,Ozempic
24401439,2,58,YR,Female,98.866,KG,US,US,OZEMPIC,SEMAGLUTIDE,,"",PS,Product use issue,HO,2024Q4,Younger Adults (18–64),Others,80–99 kg,Missing,Missing,Hospitalization,Ozempic
24401442,2,39,YR,Male,118.82,KG,US,US,OZEMPIC,SEMAGLUTIDE,0.5,MG,PS,Intestinal obstruction,HO,2024Q4,Younger Adults (18–64),Gastro-Intestinal and Metabolic,≥100 kg,0.5–0.99 mg,Medium dose,Hospitalization,Ozempic
24401445,2,59,YR,Male,,"",US,US,OZEMPIC,SEMAGLUTIDE,0.75,MG,PS,Product use issue,HO,2024Q4,Younger Adults (18–64),Others,Missing,0.5–0.99 mg,Medium dose,Hospitalization,Ozempic
24401583,1,85,YR,Male,,"",US,US,OZEMPIC,SEMAGLUTIDE,,"",PS,Medullary thyroid cancer,OT,2024Q4,Older Adults (≥65),Others,Missing,Missing,Missing,Other serious outcome,Ozempic
24401585,1,63,YR,Female,98.1,KG,US,US,WEGOVY,SEMAGLUTIDE,0.25,MG,PS,Appendicitis perforated,HO,2024Q4,Younger Adults (18–64),Others,80–99 kg,<0.5 mg,Low dose,Hospitalization,Wegovy
24402208,1,74,YR,Female,,"",US,US,OZEMPIC,SEMAGLUTIDE,1,MG,PS,Renal failure,HO,2024Q4,Older Adults (≥65),Others,Missing,≥1 mg,High dose,Hospitalization,Ozempic
24402210,1,53,YR,Female,,"",US,US,OZEMPIC,SEMAGLUTIDE,0.25,MG,PS,Septic shock,DE,2024Q4,Younger Adults (18–64),Others,Missing,<0.5 mg,Low dose,Death,Ozempic
24402212,1,30,YR,Female,,"",US,US,WEGOVY,SEMAGLUTIDE,,"",PS,Swelling face,HO,2024Q4,Younger Adults (18–64),Others,Missing,Missing,Missing,Hospitalization,Wegovy
24402215,2,59,YR,Male,,"",US,US,OZEMPIC,SEMAGLUTIDE,2,MG,PS,Major depression,HO,2024Q4,Younger Adults (18–64),Psychiatric-related,Missing,≥1 mg,High dose,Hospitalization,Ozempic
24402220,1,61,YR,Male,,"",US,US,WEGOVY,SEMAGLUTIDE,,"",PS,Blood testosterone decreased,OT,2024Q4,Younger Adults (18–64),Others,Missing,Missing,Missing,Other serious outcome,Wegovy
24402239,1,65,YR,Female,,"",US,US,OZEMPIC,SEMAGLUTIDE,0.5,MG,PS,Constipation,HO,2024Q4,Older Adults (≥65),Gastro-Intestinal and Metabolic,Missing,0.5–0.99 mg,Medium dose,Hospitalization,Ozempic
24405394,1,54,YR,Female,93.6,KG,US,"",OZEMPIC,SEMAGLUTIDE,,"",PS,Back pain,OT,2024Q4,Younger Adults (18–64),Others,80–99 kg,Missing,Missing,Other serious outcome,Ozempic
24405396,1,63,YR,Female,73.35,KG,US,"",OZEMPIC,SEMAGLUTIDE,,"",PS,Myalgia,DS,2024Q4,Younger Adults (18–64),Others,<80 kg,Missing,Missing,Disability,Ozempic
24406754,1,61,YR,Female,,"",US,"",WEGOVY,SEMAGLUTIDE,,"",PS,Drug hypersensitivity,OT,2024Q4,Younger Adults (18–64),Others,Missing,Missing,Missing,Other serious outcome,Wegovy
24408069,1,56,YR,Female,76.5,KG,US,"",RYBELSUS,SEMAGLUTIDE,,"",PS,Dehydration,LT,2024Q4,Younger Adults (18–64),Gastro-Intestinal and Metabolic,<80 kg,Missing,Missing,Life-threatening,Rybelsus
24409184,1,71,YR,Male,,"",US,US,OZEMPIC,SEMAGLUTIDE,0.25,MG,PS,Thyroid cancer,OT,2024Q4,Older Adults (≥65),Others,Missing,<0.5 mg,Low dose,Other serious outcome,Ozempic
24409188,1,46,YR,Female,,"",US,US,WEGOVY,SEMAGLUTIDE,0.25,MG,PS,Diverticulitis,OT,2024Q4,Younger Adults (18–64),Others,Missing,<0.5 mg,Low dose,Other serious outcome,Wegovy
24409208,1,81,YR,Female,,"",US,US,OZEMPIC,SEMAGLUTIDE,1,MG,PS,Blood glucose decreased,OT,2024Q4,Older Adults (≥65),Gastro-Intestinal and Metabolic,Missing,≥1 mg,High dose,Other serious outcome,Ozempic
24409400,1,55,YR,Female,,"",US,US,OZEMPIC,SEMAGLUTIDE,,"",PS,Glomerular filtration rate decreased,OT,2024Q4,Younger Adults (18–64),Others,Missing,Missing,Missing,Other serious outcome,Ozempic
24409404,1,78,YR,Female,,"",US,US,OZEMPIC,SEMAGLUTIDE,0.5,MG,PS,Cataract,HO,2024Q4,Older Adults (≥65),Others,Missing,0.5–0.99 mg,Medium dose,Hospitalization,Ozempic
24409413,2,56,YR,Male,106.58,KG,US,US,OZEMPIC,SEMAGLUTIDE,,"",PS,Intraocular pressure increased,HO,2024Q4,Younger Adults (18–64),Others,≥100 kg,Missing,Missing,Hospitalization,Ozempic
24411308,1,69,YR,Female,78.3,KG,US,"",SEMAGLUTIDE,SEMAGLUTIDE,,"",PS,Appendicitis,HO,2024Q4,Older Adults (≥65),Others,<80 kg,Missing,Missing,Hospitalization,Semaglutide (Unspecified)
24412012,2,48,YR,Male,,"",US,US,OZEMPIC,SEMAGLUTIDE,0.5,MG,PS,Inappropriate schedule of product administration,HO,2024Q4,Younger Adults (18–64),Others,Missing,0.5–0.99 mg,Medium dose,Hospitalization,Ozempic
24412045,1,75,YR,Male,208,KG,US,"",SEMAGLUTIDE,SEMAGLUTIDE,1,MG,PS,Faecaloma,HO,2024Q4,Older Adults (≥65),Others,≥100 kg,≥1 mg,High dose,Hospitalization,Semaglutide (Unspecified)
24412574,1,48,YR,Female,69.75,KG,US,"",OZEMPIC,SEMAGLUTIDE,,"",PS,Anxiety,OT,2024Q4,Younger Adults (18–64),Psychiatric-related,<80 kg,Missing,Missing,Other serious outcome,Ozempic
24414375,2,79,YR,Female,,"",US,US,OZEMPIC,SEMAGLUTIDE,,"",PS,Sepsis,HO,2024Q4,Older Adults (≥65),Others,Missing,Missing,Missing,Hospitalization,Ozempic
24414380,1,65,YR,Male,,"",US,US,RYBELSUS,SEMAGLUTIDE,,"",PS,Seizure,OT,2024Q4,Older Adults (≥65),Others,Missing,Missing,Missing,Other serious outcome,Rybelsus
24414381,1,65,YR,Female,,"",US,US,OZEMPIC,SEMAGLUTIDE,0.5,MG,PS,Cerebrovascular accident,HO,2024Q4,Older Adults (≥65),Cardiovascular,Missing,0.5–0.99 mg,Medium dose,Hospitalization,Ozempic
24414384,2,72,YR,Female,,"",US,US,OZEMPIC,SEMAGLUTIDE,,"",PS,Chronic kidney disease,HO,2024Q4,Older Adults (≥65),Others,Missing,Missing,Missing,Hospitalization,Ozempic
24414385,2,67,YR,Female,,"",US,US,WEGOVY,SEMAGLUTIDE,,"",PS,Electrocardiogram QT prolonged,OT,2024Q4,Older Adults (≥65),Others,Missing,Missing,Missing,Other serious outcome,Wegovy
24414399,1,53,YR,Female,,"",US,US,WEGOVY,SEMAGLUTIDE,,"",PS,Thrombosis,OT,2024Q4,Younger Adults (18–64),Others,Missing,Missing,Missing,Other serious outcome,Wegovy
24414404,1,40,YR,Female,,"",US,US,WEGOVY,SEMAGLUTIDE,1.7,MG,PS,Concussion,OT,2024Q4,Younger Adults (18–64),Others,Missing,≥1 mg,High dose,Other serious outcome,Wegovy
24414408,1,84,YR,Male,,"",US,US,OZEMPIC,SEMAGLUTIDE,0.5,MG,PS,Off label use,OT,2024Q4,Older Adults (≥65),Others,Missing,0.5–0.99 mg,Medium dose,Other serious outcome,Ozempic
24416502,1,66,YR,Female,95.85,KG,US,"",OZEMPIC,SEMAGLUTIDE,,"",PS,Alopecia,DS,2024Q4,Older Adults (≥65),Others,80–99 kg,Missing,Missing,Disability,Ozempic
24416611,1,53,YR,Female,110.7,KG,US,"",WEGOVY,SEMAGLUTIDE,,"",PS,Abdominal pain upper,RI,2024Q4,Younger Adults (18–64),Gastro-Intestinal and Metabolic,≥100 kg,Missing,Missing,Required intervention,Wegovy
24420400,1,50,YR,Male,,"",US,US,OZEMPIC,SEMAGLUTIDE,,"",PS,Ileus,HO,2024Q4,Younger Adults (18–64),Gastro-Intestinal and Metabolic,Missing,Missing,Missing,Hospitalization,Ozempic
24420401,2,55,YR,Female,98.413,KG,US,US,OZEMPIC,SEMAGLUTIDE,,"",PS,Product use in unapproved indication,HO,2024Q4,Younger Adults (18–64),Others,80–99 kg,Missing,Missing,Hospitalization,Ozempic
24420410,1,79,YR,Female,,"",US,US,OZEMPIC,SEMAGLUTIDE,,"",PS,Product label confusion,OT,2024Q4,Older Adults (≥65),Others,Missing,Missing,Missing,Other serious outcome,Ozempic
24420415,1,72,YR,Female,,"",US,US,OZEMPIC,SEMAGLUTIDE,0.5,MG,PS,Unevaluable investigation,DE,2024Q4,Older Adults (≥65),Others,Missing,0.5–0.99 mg,Medium dose,Death,Ozempic
24420460,1,45,YR,Female,,"",US,US,OZEMPIC,SEMAGLUTIDE,0.25,MG,PS,Intestinal obstruction,HO,2024Q4,Younger Adults (18–64),Gastro-Intestinal and Metabolic,Missing,<0.5 mg,Low dose,Hospitalization,Ozempic
24427261,1,63,YR,Female,108,KG,US,"",WEGOVY,SEMAGLUTIDE,,"",PS,Suicidal ideation,OT,2024Q4,Younger Adults (18–64),Psychiatric-related,≥100 kg,Missing,Missing,Other serious outcome,Wegovy
24428207,1,45,YR,Female,56.7,KG,US,"",WEGOVY,SEMAGLUTIDE,,"",PS,Therapy interrupted,HO,2024Q4,Younger Adults (18–64),Others,<80 kg,Missing,Missing,Hospitalization,Wegovy
24431150,1,64,YR,Female,,"",US,US,OZEMPIC,SEMAGLUTIDE,,"",PS,Bunion operation,OT,2024Q4,Younger Adults (18–64),Others,Missing,Missing,Missing,Other serious outcome,Ozempic
24431404,2,62,YR,Female,,"",US,US,OZEMPIC,SEMAGLUTIDE,,"",PS,Myocardial infarction,OT,2024Q4,Younger Adults (18–64),Cardiovascular,Missing,Missing,Missing,Other serious outcome,Ozempic
24431407,2,67,YR,Male,122.45,KG,US,US,OZEMPIC,SEMAGLUTIDE,,"",PS,Ileus,HO,2024Q4,Older Adults (≥65),Gastro-Intestinal and Metabolic,≥100 kg,Missing,Missing,Hospitalization,Ozempic
24431411,1,75,YR,Female,,"",US,US,WEGOVY,SEMAGLUTIDE,,"",PS,Thrombotic stroke,HO,2024Q4,Older Adults (≥65),Others,Missing,Missing,Missing,Hospitalization,Wegovy
24431412,2,56,YR,Female,88.45,KG,US,US,OZEMPIC,SEMAGLUTIDE,1,MG,PS,Obstruction gastric,OT,2024Q4,Younger Adults (18–64),Others,80–99 kg,≥1 mg,High dose,Other serious outcome,Ozempic
24431413,1,53,YR,Female,,"",US,US,OZEMPIC,SEMAGLUTIDE,1,MG,PS,Off label use,HO,2024Q4,Younger Adults (18–64),Others,Missing,≥1 mg,High dose,Hospitalization,Ozempic
24431539,1,41,YR,Female,,"",US,US,WEGOVY,SEMAGLUTIDE,,"",PS,Abortion spontaneous,OT,2024Q4,Younger Adults (18–64),Others,Missing,Missing,Missing,Other serious outcome,Wegovy
24431541,2,61,YR,Female,71.655,KG,US,US,OZEMPIC,SEMAGLUTIDE,,"",PS,Dehydration,HO,2024Q4,Younger Adults (18–64),Gastro-Intestinal and Metabolic,<80 kg,Missing,Missing,Hospitalization,Ozempic
24431670,1,84,YR,Male,,"",US,US,OZEMPIC,SEMAGLUTIDE,0.25,MG,PS,Inappropriate schedule of product administration,OT,2024Q4,Older Adults (≥65),Others,Missing,<0.5 mg,Low dose,Other serious outcome,Ozempic
24431674,1,68,YR,Female,,"",US,US,OZEMPIC,SEMAGLUTIDE,0.25,MG,PS,Gallbladder enlargement,OT,2024Q4,Older Adults (≥65),Others,Missing,<0.5 mg,Low dose,Other serious outcome,Ozempic
24432398,1,61,YR,Female,,"",US,US,OZEMPIC,SEMAGLUTIDE,,"",PS,Scar excision,OT,2024Q4,Younger Adults (18–64),Others,Missing,Missing,Missing,Other serious outcome,Ozempic
24432400,1,76,YR,Female,,"",US,US,OZEMPIC,SEMAGLUTIDE,1,MG,PS,Colitis,HO,2024Q4,Older Adults (≥65),Others,Missing,≥1 mg,High dose,Hospitalization,Ozempic
24432402,1,48,YR,Female,,"",US,US,WEGOVY,SEMAGLUTIDE,,"",PS,Product communication issue,HO,2024Q4,Younger Adults (18–64),Others,Missing,Missing,Missing,Hospitalization,Wegovy
24432512,1,72,YR,Male,,"",US,US,OZEMPIC,SEMAGLUTIDE,0.5,MG,PS,Peripheral arterial occlusive disease,HO,2024Q4,Older Adults (≥65),Others,Missing,0.5–0.99 mg,Medium dose,Hospitalization,Ozempic
24435466,1,53,YR,Male,,"",US,US,OZEMPIC,SEMAGLUTIDE,0.5,MG,PS,Oesophagitis,OT,2024Q4,Younger Adults (18–64),Others,Missing,0.5–0.99 mg,Medium dose,Other serious outcome,Ozempic
24435472,1,49,YR,Female,,"",US,US,OZEMPIC,SEMAGLUTIDE,2,MG,PS,Hysterectomy,OT,2024Q4,Younger Adults (18–64),Others,Missing,≥1 mg,High dose,Other serious outcome,Ozempic
24435473,3,61,YR,Female,,"",US,US,WEGOVY,SEMAGLUTIDE,,"",PS,Gastrooesophageal reflux disease,OT,2024Q4,Younger Adults (18–64),Gastro-Intestinal and Metabolic,Missing,Missing,Missing,Other serious outcome,Wegovy
24435821,2,81,YR,Female,55.329,KG,US,US,OZEMPIC,SEMAGLUTIDE,1,MG,PS,Retinal oedema,HO,2024Q4,Older Adults (≥65),Others,<80 kg,≥1 mg,High dose,Hospitalization,Ozempic
24435823,1,77,YR,Female,,"",US,US,OZEMPIC,SEMAGLUTIDE,0.25,MG,PS,Intestinal haemorrhage,HO,2024Q4,Older Adults (≥65),Others,Missing,<0.5 mg,Low dose,Hospitalization,Ozempic
24435835,1,45,YR,Female,,"",US,US,OZEMPIC,SEMAGLUTIDE,0.25,MG,PS,Intestinal obstruction,HO,2024Q4,Younger Adults (18–64),Gastro-Intestinal and Metabolic,Missing,<0.5 mg,Low dose,Hospitalization,Ozempic
24435837,2,73,YR,Female,,"",US,US,OZEMPIC,SEMAGLUTIDE,,"",PS,Cold sweat,HO,2024Q4,Older Adults (≥65),Others,Missing,Missing,Missing,Hospitalization,Ozempic
24435840,1,71,YR,Female,,"",US,US,OZEMPIC,SEMAGLUTIDE,0.5,MG,PS,Fall,HO,2024Q4,Older Adults (≥65),Others,Missing,0.5–0.99 mg,Medium dose,Hospitalization,Ozempic
24435841,1,76,YR,Male,,"",US,US,OZEMPIC,SEMAGLUTIDE,1,MG,PS,Staphylococcal infection,HO,2024Q4,Older Adults (≥65),Others,Missing,≥1 mg,High dose,Hospitalization,Ozempic
24437627,1,35,YR,Male,128.7,KG,US,"",WEGOVY,SEMAGLUTIDE,,"",PS,Vomiting,LT,2024Q4,Younger Adults (18–64),Gastro-Intestinal and Metabolic,≥100 kg,Missing,Missing,Life-threatening,Wegovy
24438091,1,76,YR,Female,60.75,KG,US,"",OZEMPIC,SEMAGLUTIDE,,"",PS,Ileus,DE,2024Q4,Older Adults (≥65),Gastro-Intestinal and Metabolic,<80 kg,Missing,Missing,Death,Ozempic
24438632,1,34,YR,Female,76.5,KG,US,"",SEMAGLUTIDE,SEMAGLUTIDE,,"",PS,Product compounding quality issue,RI,2024Q4,Younger Adults (18–64),Others,<80 kg,Missing,Missing,Required intervention,Semaglutide (Unspecified)
24438688,1,45,YR,Female,87.75,KG,US,"",WEGOVY,SEMAGLUTIDE,,"",PS,Anxiety,OT,2024Q4,Younger Adults (18–64),Psychiatric-related,80–99 kg,Missing,Missing,Other serious outcome,Wegovy
24438950,2,66,YR,Male,,"",US,US,OZEMPIC,SEMAGLUTIDE,1,MG,PS,Eye haemorrhage,OT,2024Q4,Older Adults (≥65),Others,Missing,≥1 mg,High dose,Other serious outcome,Ozempic
24439047,1,44,YR,Male,143.1,KG,US,"",SEMAGLUTIDE,SEMAGLUTIDE,,"",PS,Weight increased,OT,2024Q4,Younger Adults (18–64),Others,≥100 kg,Missing,Missing,Other serious outcome,Semaglutide (Unspecified)
24439287,1,46,YR,Male,,"",US,"",OZEMPIC,SEMAGLUTIDE,,"",PS,Optic ischaemic neuropathy,DS,2024Q4,Younger Adults (18–64),Others,Missing,Missing,Missing,Disability,Ozempic
24439665,1,26,YR,Female,88.11,KG,US,"",WEGOVY,SEMAGLUTIDE,,"",PS,Pityriasis rosea,OT,2024Q4,Younger Adults (18–64),Others,80–99 kg,Missing,Missing,Other serious outcome,Wegovy
24440614,1,63,YR,Female,,"",US,US,OZEMPIC,SEMAGLUTIDE,,"",PS,Constipation,HO,2024Q4,Younger Adults (18–64),Gastro-Intestinal and Metabolic,Missing,Missing,Missing,Hospitalization,Ozempic
24440724,1,60,YR,Male,,"",US,US,OZEMPIC,SEMAGLUTIDE,1,MG,PS,Liver transplant,HO,2024Q4,Younger Adults (18–64),Others,Missing,≥1 mg,High dose,Hospitalization,Ozempic
24440725,1,73,YR,Female,,"",US,US,OZEMPIC,SEMAGLUTIDE,0.5,MG,PS,Decreased appetite,HO,2024Q4,Older Adults (≥65),Gastro-Intestinal and Metabolic,Missing,0.5–0.99 mg,Medium dose,Hospitalization,Ozempic
24444323,1,79,YR,Male,,"",US,"",SEMAGLUTIDE,SEMAGLUTIDE,2,MG,PS,Pancreatitis,HO,2024Q4,Older Adults (≥65),Gastro-Intestinal and Metabolic,Missing,≥1 mg,High dose,Hospitalization,Semaglutide (Unspecified)
24444654,1,75,YR,Male,,"",US,"",SEMAGLUTIDE,SEMAGLUTIDE,,"",PS,Gastric hypomotility,HO,2024Q4,Older Adults (≥65),Others,Missing,Missing,Missing,Hospitalization,Semaglutide (Unspecified)
24445236,1,54,YR,Female,87.75,KG,US,"",OZEMPIC,SEMAGLUTIDE,,"",PS,Malaise,DS,2024Q4,Younger Adults (18–64),Others,80–99 kg,Missing,Missing,Disability,Ozempic
24445275,1,55,YR,Female,94.5,KG,US,"",OZEMPIC,SEMAGLUTIDE,,"",PS,Abdominal pain upper,DS,2024Q4,Younger Adults (18–64),Gastro-Intestinal and Metabolic,80–99 kg,Missing,Missing,Disability,Ozempic
24445277,1,77,YR,Female,103.5,KG,US,"",OZEMPIC,SEMAGLUTIDE,,"",PS,Abdominal pain lower,OT,2024Q4,Older Adults (≥65),Gastro-Intestinal and Metabolic,≥100 kg,Missing,Missing,Other serious outcome,Ozempic
24448589,1,68,YR,Female,,"",US,US,WEGOVY,SEMAGLUTIDE,1.7,MG,PS,Product communication issue,OT,2024Q4,Older Adults (≥65),Others,Missing,≥1 mg,High dose,Other serious outcome,Wegovy
24448614,1,40,YR,Female,,"",US,US,OZEMPIC,SEMAGLUTIDE,0.5,MG,PS,Hypomagnesaemia,HO,2024Q4,Younger Adults (18–64),Others,Missing,0.5–0.99 mg,Medium dose,Hospitalization,Ozempic
24448616,1,55,YR,Female,,"",US,US,OZEMPIC,SEMAGLUTIDE,0.5,MG,PS,Seizure,OT,2024Q4,Younger Adults (18–64),Others,Missing,0.5–0.99 mg,Medium dose,Other serious outcome,Ozempic
24448617,1,70,YR,Male,,"",US,US,OZEMPIC,SEMAGLUTIDE,,"",PS,Pneumonia,OT,2024Q4,Older Adults (≥65),Others,Missing,Missing,Missing,Other serious outcome,Ozempic
24450558,1,43,YR,Female,91.35,KG,US,"",SEMAGLUTIDE,SEMAGLUTIDE,,"",PS,Dry skin,DS,2024Q4,Younger Adults (18–64),Others,80–99 kg,Missing,Missing,Disability,Semaglutide (Unspecified)
24457288,1,67,YR,Female,,"",US,US,OZEMPIC,SEMAGLUTIDE,2,MG,PS,Product use in unapproved indication,HO,2024Q4,Older Adults (≥65),Others,Missing,≥1 mg,High dose,Hospitalization,Ozempic
24457314,3,52,YR,Female,85.184,KG,US,US,WEGOVY,SEMAGLUTIDE,2.4,MG,PS,Incisional hernia repair,HO,2024Q4,Younger Adults (18–64),Others,80–99 kg,≥1 mg,High dose,Hospitalization,Wegovy
24457612,2,66,YR,Male,,"",US,US,OZEMPIC,SEMAGLUTIDE,2,MG,PS,Incisional hernia,HO,2024Q4,Older Adults (≥65),Others,Missing,≥1 mg,High dose,Hospitalization,Ozempic
24457662,1,41,YR,Female,,"",US,US,OZEMPIC,SEMAGLUTIDE,0.25,MG,PS,Colitis,HO,2024Q4,Younger Adults (18–64),Others,Missing,<0.5 mg,Low dose,Hospitalization,Ozempic
24457663,1,66,YR,Female,,"",US,US,OZEMPIC,SEMAGLUTIDE,2,MG,PS,Cataract operation,OT,2024Q4,Older Adults (≥65),Others,Missing,≥1 mg,High dose,Other serious outcome,Ozempic
24457664,1,69,YR,Female,,"",US,US,OZEMPIC,SEMAGLUTIDE,0.25,MG,PS,Inappropriate schedule of product administration,OT,2024Q4,Older Adults (≥65),Others,Missing,<0.5 mg,Low dose,Other serious outcome,Ozempic
24457668,1,56,YR,Female,,"",US,US,OZEMPIC,SEMAGLUTIDE,,"",PS,Blood glucose decreased,OT,2024Q4,Younger Adults (18–64),Gastro-Intestinal and Metabolic,Missing,Missing,Missing,Other serious outcome,Ozempic
24457671,2,76,YR,Male,,"",US,US,OZEMPIC,SEMAGLUTIDE,,"",PS,Cataract operation,OT,2024Q4,Older Adults (≥65),Others,Missing,Missing,Missing,Other serious outcome,Ozempic
24457673,1,70,YR,Male,,"",US,US,OZEMPIC,SEMAGLUTIDE,,"",PS,Syncope,HO,2024Q4,Older Adults (≥65),Cardiovascular,Missing,Missing,Missing,Hospitalization,Ozempic
24457679,1,79,YR,Male,,"",US,US,OZEMPIC,SEMAGLUTIDE,,"",PS,Product use in unapproved indication,OT,2024Q4,Older Adults (≥65),Others,Missing,Missing,Missing,Other serious outcome,Ozempic
24458149,2,54,YR,Female,,"",US,US,OZEMPIC,SEMAGLUTIDE,0.25,MG,PS,Diabetic ketoacidosis,HO,2024Q4,Younger Adults (18–64),Gastro-Intestinal and Metabolic,Missing,<0.5 mg,Low dose,Hospitalization,Ozempic
24458170,1,40,YR,Female,90.703,KG,US,US,OZEMPIC,SEMAGLUTIDE,0.25,MG,PS,Off label use,HO,2024Q4,Younger Adults (18–64),Others,80–99 kg,<0.5 mg,Low dose,Hospitalization,Ozempic
24460917,1,39,YR,Male,96.75,KG,US,"",OZEMPIC,SEMAGLUTIDE,,"",PS,Blindness unilateral,DS,2024Q4,Younger Adults (18–64),Others,80–99 kg,Missing,Missing,Disability,Ozempic
24461089,1,66,YR,Female,80.1,KG,US,"",WEGOVY,SEMAGLUTIDE,,"",PS,Gastrointestinal pain,HO,2024Q4,Older Adults (≥65),Others,80–99 kg,Missing,Missing,Hospitalization,Wegovy
24464821,1,56,YR,Male,146.25,KG,US,"",WEGOVY,SEMAGLUTIDE,,"",PS,Intestinal ischaemia,HO,2024Q4,Younger Adults (18–64),Others,≥100 kg,Missing,Missing,Hospitalization,Wegovy
24468204,2,78,YR,Male,,"",US,US,OZEMPIC,SEMAGLUTIDE,2,MG,PS,Blister,LT,2024Q4,Older Adults (≥65),Others,Missing,≥1 mg,High dose,Life-threatening,Ozempic
24526160,1,59,YR,Male,103.8,KG,US,US,RYBELSUS,SEMAGLUTIDE,,"",PS,Pneumonia aspiration,HO,2024Q4,Younger Adults (18–64),Others,≥100 kg,Missing,Missing,Hospitalization,Rybelsus
24526326,2,52,YR,Male,113.39,KG,US,US,OZEMPIC,SEMAGLUTIDE,0.5,MG,PS,Inappropriate schedule of product administration,HO,2024Q4,Younger Adults (18–64),Others,≥100 kg,0.5–0.99 mg,Medium dose,Hospitalization,Ozempic
24526348,1,33,YR,Female,,"",US,US,RYBELSUS,SEMAGLUTIDE,7,MG,PS,Cholecystitis,HO,2024Q4,Younger Adults (18–64),Gastro-Intestinal and Metabolic,Missing,≥1 mg,High dose,Hospitalization,Rybelsus
24526354,1,42,YR,Female,72.109,KG,US,US,OZEMPIC,SEMAGLUTIDE,2,MG,PS,Dyspepsia,HO,2024Q4,Younger Adults (18–64),Gastro-Intestinal and Metabolic,<80 kg,≥1 mg,High dose,Hospitalization,Ozempic
24526398,1,66,YR,Female,,"",US,US,OZEMPIC,SEMAGLUTIDE,,"",PS,Renal disorder,HO,2024Q4,Older Adults (≥65),Others,Missing,Missing,Missing,Hospitalization,Ozempic
24529109,1,71,YR,Female,70.65,KG,US,"",SEMAGLUTIDE,SEMAGLUTIDE,,"",PS,Gastric ulcer,OT,2024Q4,Older Adults (≥65),Others,<80 kg,Missing,Missing,Other serious outcome,Semaglutide (Unspecified)
24529175,1,44,YR,Female,67.5,KG,US,"",WEGOVY,SEMAGLUTIDE,,"",PS,Pancreatitis,HO,2024Q4,Younger Adults (18–64),Gastro-Intestinal and Metabolic,<80 kg,Missing,Missing,Hospitalization,Wegovy
24529306,1,57,YR,Female,59.85,KG,US,"",SEMAGLUTIDE,SEMAGLUTIDE,,"",PS,Panic attack,OT,2024Q4,Younger Adults (18–64),Psychiatric-related,<80 kg,Missing,Missing,Other serious outcome,Semaglutide (Unspecified)
24529320,1,56,YR,Female,126.45,KG,US,"",OZEMPIC,SEMAGLUTIDE,,"",PS,Nausea,RI,2024Q4,Younger Adults (18–64),Gastro-Intestinal and Metabolic,≥100 kg,Missing,Missing,Required intervention,Ozempic
24531149,2,65,YR,Male,,"",US,US,OZEMPIC,SEMAGLUTIDE,1,MG,PS,Carbon monoxide poisoning,HO,2024Q4,Older Adults (≥65),Others,Missing,≥1 mg,High dose,Hospitalization,Ozempic
24531155,1,37,YR,Female,,"",US,US,OZEMPIC,SEMAGLUTIDE,2,MG,PS,Abdominal pain,HO,2024Q4,Younger Adults (18–64),Gastro-Intestinal and Metabolic,Missing,≥1 mg,High dose,Hospitalization,Ozempic
24531157,1,61,YR,Female,,"",US,US,OZEMPIC,SEMAGLUTIDE,,"",PS,Drug hypersensitivity,HO,2024Q4,Younger Adults (18–64),Others,Missing,Missing,Missing,Hospitalization,Ozempic
24531181,1,39,YR,Female,120.18,KG,US,US,OZEMPIC,SEMAGLUTIDE,0.5,MG,PS,Decreased appetite,HO,2024Q4,Younger Adults (18–64),Gastro-Intestinal and Metabolic,≥100 kg,0.5–0.99 mg,Medium dose,Hospitalization,Ozempic
24531346,2,29,YR,Male,,"",US,US,OZEMPIC,SEMAGLUTIDE,2,MG,PS,Hypoglycaemia,OT,2024Q4,Younger Adults (18–64),Gastro-Intestinal and Metabolic,Missing,≥1 mg,High dose,Other serious outcome,Ozempic
24531745,1,56,YR,Female,,"",US,US,OZEMPIC,SEMAGLUTIDE,1,MG,PS,Abdominal distension,OT,2024Q4,Younger Adults (18–64),Others,Missing,≥1 mg,High dose,Other serious outcome,Ozempic
24531752,1,58,YR,Male,,"",US,US,OZEMPIC,SEMAGLUTIDE,,"",PS,Abnormal loss of weight,OT,2024Q4,Younger Adults (18–64),Gastro-Intestinal and Metabolic,Missing,Missing,Missing,Other serious outcome,Ozempic
24531757,1,57,YR,Female,,"",US,US,OZEMPIC,SEMAGLUTIDE,,"",PS,Gastrointestinal disorder,HO,2024Q4,Younger Adults (18–64),Others,Missing,Missing,Missing,Hospitalization,Ozempic
24531760,1,69,YR,Female,,"",US,US,OZEMPIC,SEMAGLUTIDE,0.25,MG,PS,Hip arthroplasty,OT,2024Q4,Older Adults (≥65),Others,Missing,<0.5 mg,Low dose,Other serious outcome,Ozempic
24531814,1,65,YR,Male,,"",US,US,OZEMPIC,SEMAGLUTIDE,2,MG,PS,Hiccups,OT,2024Q4,Older Adults (≥65),Others,Missing,≥1 mg,High dose,Other serious outcome,Ozempic
24532882,1,51,YR,Female,79.83,KG,US,MX,WEGOVY,SEMAGLUTIDE,,"",PS,Gastric ulcer,HO,2024Q4,Younger Adults (18–64),Others,<80 kg,Missing,Missing,Hospitalization,Wegovy
24533959,1,81,YR,Female,,"",US,"",OZEMPIC,SEMAGLUTIDE,0.5,MG,PS,Loss of consciousness,HO,2024Q4,Older Adults (≥65),Others,Missing,0.5–0.99 mg,Medium dose,Hospitalization,Ozempic
24534052,1,58,YR,Male,75.6,KG,US,"",RYBELSUS,SEMAGLUTIDE,,"",PS,Gastric infection,OT,2024Q4,Younger Adults (18–64),Others,<80 kg,Missing,Missing,Other serious outcome,Rybelsus
24534156,1,86,YR,Male,64.7,KG,US,"",SEMAGLUTIDE,SEMAGLUTIDE,7,MG,PS,Urinary tract infection,HO,2024Q4,Older Adults (≥65),Others,<80 kg,≥1 mg,High dose,Hospitalization,Semaglutide (Unspecified)
24535631,1,91,YR,Male,112,KG,US,"",OZEMPIC,SEMAGLUTIDE,,"",PS,"Hallucination, auditory",OT,2024Q4,Older Adults (≥65),Psychiatric-related,≥100 kg,Missing,Missing,Other serious outcome,Ozempic
24540033,1,67,YR,Female,,"",US,"",RYBELSUS,SEMAGLUTIDE,,"",PS,Eating disorder,HO,2024Q4,Older Adults (≥65),Others,Missing,Missing,Missing,Hospitalization,Rybelsus
24540221,2,52,YR,Female,,"",US,US,OZEMPIC,SEMAGLUTIDE,,"",PS,Breast reconstruction,OT,2024Q4,Younger Adults (18–64),Others,Missing,Missing,Missing,Other serious outcome,Ozempic
24541918,1,71,YR,Female,,"",US,US,OZEMPIC,SEMAGLUTIDE,0.25,MG,PS,Ejection fraction decreased,OT,2024Q4,Older Adults (≥65),Others,Missing,<0.5 mg,Low dose,Other serious outcome,Ozempic
24541920,1,37,YR,Female,,"",US,US,WEGOVY,SEMAGLUTIDE,0.25,MG,PS,Bipolar disorder,OT,2024Q4,Younger Adults (18–64),Others,Missing,<0.5 mg,Low dose,Other serious outcome,Wegovy
24542050,1,79,YR,Female,,"",US,US,OZEMPIC,SEMAGLUTIDE,0.5,MG,PS,Nausea,HO,2024Q4,Older Adults (≥65),Gastro-Intestinal and Metabolic,Missing,0.5–0.99 mg,Medium dose,Hospitalization,Ozempic
24542366,2,91,YR,Male,,"",US,US,OZEMPIC,SEMAGLUTIDE,,"",PS,Weight decreased,DE,2024Q4,Older Adults (≥65),Gastro-Intestinal and Metabolic,Missing,Missing,Missing,Death,Ozempic
24542368,1,55,YR,Female,,"",US,US,OZEMPIC,SEMAGLUTIDE,0.5,MG,PS,Constipation,HO,2024Q4,Younger Adults (18–64),Gastro-Intestinal and Metabolic,Missing,0.5–0.99 mg,Medium dose,Hospitalization,Ozempic
24545102,1,58,YR,Female,,"",US,US,OZEMPIC,SEMAGLUTIDE,0.5,MG,PS,Dyspepsia,HO,2024Q4,Younger Adults (18–64),Gastro-Intestinal and Metabolic,Missing,0.5–0.99 mg,Medium dose,Hospitalization,Ozempic
24545144,1,33,WK,Female,72,KG,US,"",WEGOVY,SEMAGLUTIDE,,"",PS,Musculoskeletal chest pain,OT,2024Q4,Younger Adults (18–64),Others,<80 kg,Missing,Missing,Other serious outcome,Wegovy
24545147,1,76,YR,Female,57.15,KG,US,"",OZEMPIC,SEMAGLUTIDE,,"",PS,Autoimmune hepatitis,OT,2024Q4,Older Adults (≥65),Others,<80 kg,Missing,Missing,Other serious outcome,Ozempic
24545348,1,62,YR,Male,198,KG,US,"",OZEMPIC,SEMAGLUTIDE,,"",PS,Cardiac failure,LT,2024Q4,Younger Adults (18–64),Cardiovascular,≥100 kg,Missing,Missing,Life-threatening,Ozempic
24545564,1,73,YR,Male,,"",US,US,OZEMPIC,SEMAGLUTIDE,0.25,MG,PS,Sepsis,HO,2024Q4,Older Adults (≥65),Others,Missing,<0.5 mg,Low dose,Hospitalization,Ozempic
24545569,2,51,YR,Male,107.03,KG,US,US,OZEMPIC,SEMAGLUTIDE,0.5,MG,PS,Ileus,HO,2024Q4,Younger Adults (18–64),Gastro-Intestinal and Metabolic,≥100 kg,0.5–0.99 mg,Medium dose,Hospitalization,Ozempic
24545932,2,57,YR,Female,59.41,KG,US,US,RYBELSUS,SEMAGLUTIDE,,"",PS,Anaemia,OT,2024Q4,Younger Adults (18–64),Others,<80 kg,Missing,Missing,Other serious outcome,Rybelsus
24546759,1,46,YR,Female,,"",US,US,OZEMPIC,SEMAGLUTIDE,2,MG,PS,Diarrhoea,HO,2024Q4,Younger Adults (18–64),Gastro-Intestinal and Metabolic,Missing,≥1 mg,High dose,Hospitalization,Ozempic
24546761,1,41,YR,Female,,"",US,US,WEGOVY,SEMAGLUTIDE,1.7,MG,PS,Dehydration,HO,2024Q4,Younger Adults (18–64),Gastro-Intestinal and Metabolic,Missing,≥1 mg,High dose,Hospitalization,Wegovy
24546817,1,80,YR,Female,,"",US,US,OZEMPIC,SEMAGLUTIDE,0.5,MG,PS,Hospitalisation,HO,2024Q4,Older Adults (≥65),Others,Missing,0.5–0.99 mg,Medium dose,Hospitalization,Ozempic
24546819,2,68,YR,Male,,"",US,US,OZEMPIC,SEMAGLUTIDE,,"",PS,Thyroid mass,OT,2024Q4,Older Adults (≥65),Others,Missing,Missing,Missing,Other serious outcome,Ozempic
24546857,1,58,YR,Male,86.168,KG,US,US,OZEMPIC,SEMAGLUTIDE,1,MG,PS,Atrioventricular block,OT,2024Q4,Younger Adults (18–64),Others,80–99 kg,≥1 mg,High dose,Other serious outcome,Ozempic
24546862,1,76,YR,Female,,"",US,US,OZEMPIC,SEMAGLUTIDE,2,MG,PS,Nephrolithiasis,OT,2024Q4,Older Adults (≥65),Others,Missing,≥1 mg,High dose,Other serious outcome,Ozempic
24546898,1,48,YR,Female,,"",US,US,OZEMPIC,SEMAGLUTIDE,2,MG,PS,Procedural pain,HO,2024Q4,Younger Adults (18–64),Others,Missing,≥1 mg,High dose,Hospitalization,Ozempic
24546899,1,70,YR,Female,,"",US,US,OZEMPIC,SEMAGLUTIDE,0.5,MG,PS,Surgery,OT,2024Q4,Older Adults (≥65),Others,Missing,0.5–0.99 mg,Medium dose,Other serious outcome,Ozempic
24549767,1,48,YR,Female,79.7,KG,US,"",OZEMPIC,SEMAGLUTIDE,,"",PS,Cerebrovascular accident,LT,2024Q4,Younger Adults (18–64),Cardiovascular,<80 kg,Missing,Missing,Life-threatening,Ozempic
24549769,1,38,YR,Male,136.35,KG,US,"",OZEMPIC,SEMAGLUTIDE,0.5,MG,PS,Small intestinal obstruction,HO,2024Q4,Younger Adults (18–64),Others,≥100 kg,0.5–0.99 mg,Medium dose,Hospitalization,Ozempic
24549905,1,46,YR,Female,67.5,KG,US,"",CYANOCOBALAMIN\SEMAGLUTIDE,CYANOCOBALAMIN\SEMAGLUTIDE,,"",PS,Flatulence,DS,2024Q4,Younger Adults (18–64),Others,<80 kg,Missing,Missing,Disability,Combination Product
24549906,1,46,YR,Female,112.5,KG,US,"",CYANOCOBALAMIN\SEMAGLUTIDE,CYANOCOBALAMIN\SEMAGLUTIDE,,"",PS,Vision blurred,DS,2024Q4,Younger Adults (18–64),Others,≥100 kg,Missing,Missing,Disability,Combination Product
24549991,1,68,YR,Female,68.4,KG,US,"",OZEMPIC,SEMAGLUTIDE,,"",PS,Eructation,RI,2024Q4,Older Adults (≥65),Others,<80 kg,Missing,Missing,Required intervention,Ozempic
24550974,1,61,YR,Female,,"",US,US,WEGOVY,SEMAGLUTIDE,2.4,MG,PS,Positron emission tomogram abnormal,OT,2024Q4,Younger Adults (18–64),Others,Missing,≥1 mg,High dose,Other serious outcome,Wegovy
24555661,1,54,YR,Female,105.67,KG,US,US,OZEMPIC,SEMAGLUTIDE,0.25,MG,PS,Decreased appetite,HO,2024Q4,Younger Adults (18–64),Gastro-Intestinal and Metabolic,≥100 kg,<0.5 mg,Low dose,Hospitalization,Ozempic
24556127,1,70,YR,Male,,"",US,US,WEGOVY,SEMAGLUTIDE,,"",PS,Off label use,HO,2024Q4,Older Adults (≥65),Others,Missing,Missing,Missing,Hospitalization,Wegovy
24556418,1,78,YR,Male,,"",US,US,OZEMPIC,SEMAGLUTIDE,,"",PS,Injection site urticaria,HO,2024Q4,Older Adults (≥65),Others,Missing,Missing,Missing,Hospitalization,Ozempic
24556508,1,65,YR,Female,63,KG,US,"",WEGOVY,SEMAGLUTIDE,,"",PS,Vomiting,OT,2024Q4,Older Adults (≥65),Gastro-Intestinal and Metabolic,<80 kg,Missing,Missing,Other serious outcome,Wegovy
24557512,1,80,YR,Female,,"",US,US,OZEMPIC,SEMAGLUTIDE,2,MG,PS,Blood glucose decreased,OT,2024Q4,Older Adults (≥65),Gastro-Intestinal and Metabolic,Missing,≥1 mg,High dose,Other serious outcome,Ozempic
24557516,3,47,YR,Female,246,KG,US,US,WEGOVY,SEMAGLUTIDE,0.25,MG,PS,Condition aggravated,OT,2024Q4,Younger Adults (18–64),Others,≥100 kg,<0.5 mg,Low dose,Other serious outcome,Wegovy
24557527,1,75,YR,Female,,"",US,US,OZEMPIC,SEMAGLUTIDE,0.5,MG,PS,Rotator cuff repair,OT,2024Q4,Older Adults (≥65),Others,Missing,0.5–0.99 mg,Medium dose,Other serious outcome,Ozempic
24557903,1,23,YR,Female,102.04,KG,US,US,WEGOVY,SEMAGLUTIDE,0.25,MG,PS,Dehydration,OT,2024Q4,Younger Adults (18–64),Gastro-Intestinal and Metabolic,≥100 kg,<0.5 mg,Low dose,Other serious outcome,Wegovy
24560789,2,38,YR,Female,,"",US,US,OZEMPIC,SEMAGLUTIDE,1,MG,PS,Constipation,HO,2024Q4,Younger Adults (18–64),Gastro-Intestinal and Metabolic,Missing,≥1 mg,High dose,Hospitalization,Ozempic
24561061,1,63,YR,Male,,"",US,"",SEMAGLUTIDE,SEMAGLUTIDE,1,MG,PS,Gastric perforation,HO,2024Q4,Younger Adults (18–64),Others,Missing,≥1 mg,High dose,Hospitalization,Semaglutide (Unspecified)
24561159,1,68,YR,Female,76.5,KG,US,"",OZEMPIC,SEMAGLUTIDE,,"",PS,Biliary colic,HO,2024Q4,Older Adults (≥65),Others,<80 kg,Missing,Missing,Hospitalization,Ozempic
24561511,1,42,YR,Female,98.55,KG,US,"",WEGOVY,SEMAGLUTIDE,,"",PS,Dehydration,RI,2024Q4,Younger Adults (18–64),Gastro-Intestinal and Metabolic,80–99 kg,Missing,Missing,Required intervention,Wegovy
24561881,2,64,YR,Male,,"",US,US,OZEMPIC,SEMAGLUTIDE,0.25,MG,PS,Blood glucose increased,HO,2024Q4,Younger Adults (18–64),Gastro-Intestinal and Metabolic,Missing,<0.5 mg,Low dose,Hospitalization,Ozempic
24562314,1,62,YR,Male,141.1,KG,US,"",SEMAGLUTIDE,SEMAGLUTIDE,2,MG,PS,Vomiting,HO,2024Q4,Younger Adults (18–64),Gastro-Intestinal and Metabolic,≥100 kg,≥1 mg,High dose,Hospitalization,Semaglutide (Unspecified)
24562732,1,80,YR,Female,,"",US,US,OZEMPIC,SEMAGLUTIDE,0.5,MG,PS,Knee arthroplasty,HO,2024Q4,Older Adults (≥65),Others,Missing,0.5–0.99 mg,Medium dose,Hospitalization,Ozempic
24565626,1,54,YR,Male,,"",US,US,OZEMPIC,SEMAGLUTIDE,0.25,MG,PS,Surgery,OT,2024Q4,Younger Adults (18–64),Others,Missing,<0.5 mg,Low dose,Other serious outcome,Ozempic
24565628,1,68,YR,Female,,"",US,US,SEMAGLUTIDE,SEMAGLUTIDE,,"",PS,Abdominal discomfort,OT,2024Q4,Older Adults (≥65),Others,Missing,Missing,Missing,Other serious outcome,Semaglutide (Unspecified)
24565641,1,57,YR,Male,110.66,KG,US,US,OZEMPIC,SEMAGLUTIDE,0.5,MG,PS,Depression,OT,2024Q4,Younger Adults (18–64),Psychiatric-related,≥100 kg,0.5–0.99 mg,Medium dose,Other serious outcome,Ozempic
24565752,2,69,YR,Female,88.9,KG,US,US,OZEMPIC,SEMAGLUTIDE,,"",PS,Rectocele,OT,2024Q4,Older Adults (≥65),Others,80–99 kg,Missing,Missing,Other serious outcome,Ozempic
24565754,1,74,YR,Female,,"",US,US,OZEMPIC,SEMAGLUTIDE,1,MG,PS,Aortic disorder,OT,2024Q4,Older Adults (≥65),Others,Missing,≥1 mg,High dose,Other serious outcome,Ozempic
24565756,2,58,YR,Male,,"",US,US,RYBELSUS,SEMAGLUTIDE,14,MG,PS,Pancreatic carcinoma metastatic,OT,2024Q4,Younger Adults (18–64),Others,Missing,≥1 mg,High dose,Other serious outcome,Rybelsus
24566150,1,45,YR,Male,136.1,KG,US,"",OZEMPIC,SEMAGLUTIDE,2,MG,PS,Cardio-respiratory arrest,DE,2024Q4,Younger Adults (18–64),Others,≥100 kg,≥1 mg,High dose,Death,Ozempic
24566236,1,86,YR,Male,,"",US,US,OZEMPIC,SEMAGLUTIDE,,"",PS,Incontinence,HO,2024Q4,Older Adults (≥65),Others,Missing,Missing,Missing,Hospitalization,Ozempic
24566402,1,54,YR,Female,105,KG,US,"",SEMAGLUTIDE,SEMAGLUTIDE,1.7,MG,PS,Therapy cessation,HO,2024Q4,Younger Adults (18–64),Others,≥100 kg,≥1 mg,High dose,Hospitalization,Semaglutide (Unspecified)
24566842,1,55,YR,Female,,"",US,US,WEGOVY,SEMAGLUTIDE,,"",PS,Bipolar disorder,OT,2024Q4,Younger Adults (18–64),Others,Missing,Missing,Missing,Other serious outcome,Wegovy
24566986,1,70,YR,Female,,"",US,US,OZEMPIC,SEMAGLUTIDE,1,MG,PS,Diarrhoea,OT,2024Q4,Older Adults (≥65),Gastro-Intestinal and Metabolic,Missing,≥1 mg,High dose,Other serious outcome,Ozempic
24567013,2,86,YR,Male,,"",US,US,RYBELSUS,SEMAGLUTIDE,7,MG,PS,Abdominal distension,HO,2024Q4,Older Adults (≥65),Others,Missing,≥1 mg,High dose,Hospitalization,Rybelsus
24567102,1,62,YR,Male,,"",US,US,OZEMPIC,SEMAGLUTIDE,0.25,MG,PS,Nausea,HO,2024Q4,Younger Adults (18–64),Gastro-Intestinal and Metabolic,Missing,<0.5 mg,Low dose,Hospitalization,Ozempic
24567427,1,38,YR,Female,,"",US,US,OZEMPIC,SEMAGLUTIDE,0.05,MG,PS,Diverticulitis,OT,2024Q4,Younger Adults (18–64),Others,Missing,<0.5 mg,Low dose,Other serious outcome,Ozempic
24567431,1,53,YR,Female,,"",US,US,OZEMPIC,SEMAGLUTIDE,2,MG,PS,Decreased appetite,HO,2024Q4,Younger Adults (18–64),Gastro-Intestinal and Metabolic,Missing,≥1 mg,High dose,Hospitalization,Ozempic
24569256,1,72,YR,Male,133.2,KG,US,"",RYBELSUS,SEMAGLUTIDE,,"",PS,Tinnitus,OT,2024Q4,Older Adults (≥65),Others,≥100 kg,Missing,Missing,Other serious outcome,Rybelsus
24569261,1,27,YR,Female,90,KG,US,"",SEMAGLUTIDE,SEMAGLUTIDE,,"",PS,Hypoglycaemia,OT,2024Q4,Younger Adults (18–64),Gastro-Intestinal and Metabolic,80–99 kg,Missing,Missing,Other serious outcome,Semaglutide (Unspecified)
24569299,1,47,YR,Female,72.9,KG,US,"",SEMAGLUTIDE,SEMAGLUTIDE,,"",PS,Appendicectomy,HO,2024Q4,Younger Adults (18–64),Others,<80 kg,Missing,Missing,Hospitalization,Semaglutide (Unspecified)
24569374,1,68,YR,Female,89.36,KG,US,"",OZEMPIC,SEMAGLUTIDE,,"",PS,Nausea,OT,2024Q4,Older Adults (≥65),Gastro-Intestinal and Metabolic,80–99 kg,Missing,Missing,Other serious outcome,Ozempic
24569376,1,41,YR,Female,,"",US,"",WEGOVY,SEMAGLUTIDE,,"",PS,Pruritus,OT,2024Q4,Younger Adults (18–64),Others,Missing,Missing,Missing,Other serious outcome,Wegovy
24569516,1,77,YR,Female,,"",US,US,OZEMPIC,SEMAGLUTIDE,,"",PS,Breast cancer,OT,2024Q4,Older Adults (≥65),Others,Missing,Missing,Missing,Other serious outcome,Ozempic
24569521,1,62,YR,Male,,"",US,US,OZEMPIC,SEMAGLUTIDE,0.5,MG,PS,Visual impairment,OT,2024Q4,Younger Adults (18–64),Others,Missing,0.5–0.99 mg,Medium dose,Other serious outcome,Ozempic
24569670,1,76,YR,Female,,"",US,US,OZEMPIC,SEMAGLUTIDE,,"",PS,Autoimmune hepatitis,OT,2024Q4,Older Adults (≥65),Others,Missing,Missing,Missing,Other serious outcome,Ozempic
24569956,1,69,YR,Male,77.25,KG,US,"",SEMAGLUTIDE,SEMAGLUTIDE,0.25,MG,PS,Syncope,LT,2024Q4,Older Adults (≥65),Cardiovascular,<80 kg,<0.5 mg,Low dose,Life-threatening,Semaglutide (Unspecified)
24570272,1,63,YR,Male,,"",US,US,OZEMPIC,SEMAGLUTIDE,,"",PS,Off label use,LT,2024Q4,Younger Adults (18–64),Others,Missing,Missing,Missing,Life-threatening,Ozempic
24570398,1,45,YR,Male,,"",US,US,OZEMPIC,SEMAGLUTIDE,0.25,MG,PS,Drug hypersensitivity,OT,2024Q4,Younger Adults (18–64),Others,Missing,<0.5 mg,Low dose,Other serious outcome,Ozempic
24570402,2,47,YR,Female,,"",US,US,OZEMPIC,SEMAGLUTIDE,0.25,MG,PS,Death,DE,2024Q4,Younger Adults (18–64),Others,Missing,<0.5 mg,Low dose,Death,Ozempic
24570461,1,45,YR,Female,,"",US,US,OZEMPIC,SEMAGLUTIDE,,"",PS,Pelvic floor dysfunction,HO,2024Q4,Younger Adults (18–64),Others,Missing,Missing,Missing,Hospitalization,Ozempic
24570604,1,77,YR,Female,,"",US,US,OZEMPIC,SEMAGLUTIDE,1,MG,PS,Product label confusion,OT,2024Q4,Older Adults (≥65),Others,Missing,≥1 mg,High dose,Other serious outcome,Ozempic
24570606,2,59,YR,Male,,"",US,US,OZEMPIC,SEMAGLUTIDE,0.5,MG,PS,Myocardial infarction,DE,2024Q4,Younger Adults (18–64),Cardiovascular,Missing,0.5–0.99 mg,Medium dose,Death,Ozempic
24570615,1,42,YR,Female,,"",US,US,RYBELSUS,SEMAGLUTIDE,14,MG,PS,Product use in unapproved indication,OT,2024Q4,Younger Adults (18–64),Others,Missing,≥1 mg,High dose,Other serious outcome,Rybelsus
24570618,1,30,YR,Female,,"",US,US,WEGOVY,SEMAGLUTIDE,,"",PS,Urinary tract infection,OT,2024Q4,Younger Adults (18–64),Others,Missing,Missing,Missing,Other serious outcome,Wegovy
24570619,1,70,YR,Male,,"",US,US,OZEMPIC,SEMAGLUTIDE,,"",PS,Death,DE,2024Q4,Older Adults (≥65),Others,Missing,Missing,Missing,Death,Ozempic
24571867,1,38,YR,Male,111.36,KG,US,US,SEMAGLUTIDE,SEMAGLUTIDE,,"",PS,Impaired gastric emptying,HO,2024Q4,Younger Adults (18–64),Gastro-Intestinal and Metabolic,≥100 kg,Missing,Missing,Hospitalization,Semaglutide (Unspecified)
24572144,1,64,YR,Male,,"",US,"",OZEMPIC,SEMAGLUTIDE,0.5,MG,PS,Adverse drug reaction,HO,2024Q4,Younger Adults (18–64),Others,Missing,0.5–0.99 mg,Medium dose,Hospitalization,Ozempic
24572837,1,63,YR,Female,65.25,KG,US,"",OZEMPIC,SEMAGLUTIDE,,"",PS,Glycosylated haemoglobin increased,OT,2024Q4,Younger Adults (18–64),Others,<80 kg,Missing,Missing,Other serious outcome,Ozempic
24572938,1,53,YR,Female,,"",US,US,WEGOVY,SEMAGLUTIDE,,"",PS,Ileus,OT,2024Q4,Younger Adults (18–64),Gastro-Intestinal and Metabolic,Missing,Missing,Missing,Other serious outcome,Wegovy
24573043,2,77,YR,Female,99.32,KG,US,US,OZEMPIC,SEMAGLUTIDE,0.25,MG,PS,Renal impairment,HO,2024Q4,Older Adults (≥65),Others,80–99 kg,<0.5 mg,Low dose,Hospitalization,Ozempic
24575727,1,68,YR,Male,89,KG,US,"",SEMAGLUTIDE,SEMAGLUTIDE,1.7,MG,PS,Abdominal pain,HO,2024Q4,Older Adults (≥65),Gastro-Intestinal and Metabolic,80–99 kg,≥1 mg,High dose,Hospitalization,Semaglutide (Unspecified)
24577077,1,38,YR,Female,67.5,KG,US,"",WEGOVY,SEMAGLUTIDE,,"",PS,Back pain,HO,2024Q4,Younger Adults (18–64),Others,<80 kg,Missing,Missing,Hospitalization,Wegovy
24578341,2,74,YR,Female,,"",US,US,OZEMPIC,SEMAGLUTIDE,0.5,MG,PS,Trigger finger,OT,2024Q4,Older Adults (≥65),Others,Missing,0.5–0.99 mg,Medium dose,Other serious outcome,Ozempic
24578343,1,29,YR,Female,,"",US,US,OZEMPIC,SEMAGLUTIDE,,"",PS,Product use in unapproved indication,HO,2024Q4,Younger Adults (18–64),Others,Missing,Missing,Missing,Hospitalization,Ozempic
24578364,1,58,YR,Male,,"",US,US,OZEMPIC,SEMAGLUTIDE,1,MG,PS,Alcohol use,HO,2024Q4,Younger Adults (18–64),Others,Missing,≥1 mg,High dose,Hospitalization,Ozempic
24578369,1,30,YR,Female,,"",US,US,WEGOVY,SEMAGLUTIDE,0.5,MG,PS,Dizziness,HO,2024Q4,Younger Adults (18–64),Others,Missing,0.5–0.99 mg,Medium dose,Hospitalization,Wegovy
24578375,1,63,YR,Female,,"",US,US,OZEMPIC,SEMAGLUTIDE,0.5,MG,PS,Gastric bypass,OT,2024Q4,Younger Adults (18–64),Others,Missing,0.5–0.99 mg,Medium dose,Other serious outcome,Ozempic
24578394,1,56,YR,Female,86.168,KG,US,US,OZEMPIC,SEMAGLUTIDE,,"",PS,Hepatic cirrhosis,OT,2024Q4,Younger Adults (18–64),Others,80–99 kg,Missing,Missing,Other serious outcome,Ozempic
24578483,1,72,YR,Female,,"",US,US,OZEMPIC,SEMAGLUTIDE,0.25,MG,PS,Insomnia,OT,2024Q4,Older Adults (≥65),Psychiatric-related,Missing,<0.5 mg,Low dose,Other serious outcome,Ozempic
24578485,1,63,YR,Female,,"",US,US,OZEMPIC,SEMAGLUTIDE,,"",PS,Hernia repair,OT,2024Q4,Younger Adults (18–64),Others,Missing,Missing,Missing,Other serious outcome,Ozempic
24578489,1,71,YR,Female,,"",US,US,OZEMPIC,SEMAGLUTIDE,2,MG,PS,Macular degeneration,OT,2024Q4,Older Adults (≥65),Others,Missing,≥1 mg,High dose,Other serious outcome,Ozempic
24578500,1,71,YR,Male,,"",US,US,OZEMPIC,SEMAGLUTIDE,0.5,MG,PS,Knee operation,OT,2024Q4,Older Adults (≥65),Others,Missing,0.5–0.99 mg,Medium dose,Other serious outcome,Ozempic
24578505,1,61,YR,Female,,"",US,US,OZEMPIC,SEMAGLUTIDE,,"",PS,Muscular weakness,HO,2024Q4,Younger Adults (18–64),Others,Missing,Missing,Missing,Hospitalization,Ozempic
24580419,1,61,YR,Female,94.95,KG,US,"",OZEMPIC,SEMAGLUTIDE,,"",PS,Therapy change,OT,2024Q4,Younger Adults (18–64),Others,80–99 kg,Missing,Missing,Other serious outcome,Ozempic
24580803,1,68,YR,Female,193,LBS,US,"",OZEMPIC,SEMAGLUTIDE,0.25,IU,PS,Neuropathy peripheral,RI,2024Q4,Older Adults (≥65),Others,≥100 kg,<0.5 mg,Low dose,Required intervention,Ozempic
24581507,1,68,YR,Female,,"",US,US,OZEMPIC,SEMAGLUTIDE,,"",PS,Off label use,OT,2024Q4,Older Adults (≥65),Others,Missing,Missing,Missing,Other serious outcome,Ozempic
24582421,1,83,YR,Male,,"",US,US,WEGOVY,SEMAGLUTIDE,,"",PS,Glomerulosclerosis,HO,2024Q4,Older Adults (≥65),Others,Missing,Missing,Missing,Hospitalization,Wegovy
24582424,1,68,YR,Female,,"",US,US,OZEMPIC,SEMAGLUTIDE,1,MG,PS,Suicidal ideation,HO,2024Q4,Older Adults (≥65),Psychiatric-related,Missing,≥1 mg,High dose,Hospitalization,Ozempic
24582448,2,77,YR,Female,,"",US,US,RYBELSUS,SEMAGLUTIDE,3,MG,PS,Diabetes mellitus inadequate control,OT,2024Q4,Older Adults (≥65),Others,Missing,≥1 mg,High dose,Other serious outcome,Rybelsus
24584315,1,36,YR,Male,,"",US,"",OZEMPIC,SEMAGLUTIDE,,"",PS,Therapy cessation,DE,2024Q4,Younger Adults (18–64),Others,Missing,Missing,Missing,Death,Ozempic
24584372,1,40,YR,Female,74.25,KG,US,"",SEMAGLUTIDE,SEMAGLUTIDE,,"",PS,Anaphylactic reaction,LT,2024Q4,Younger Adults (18–64),Others,<80 kg,Missing,Missing,Life-threatening,Semaglutide (Unspecified)
24588782,1,74,YR,Male,,"",US,US,SEMAGLUTIDE,SEMAGLUTIDE,0.5,MG,PS,Hypotension,DE,2024Q4,Older Adults (≥65),Cardiovascular,Missing,0.5–0.99 mg,Medium dose,Death,Semaglutide (Unspecified)
24589246,1,78,YR,Male,56,KG,US,"",SEMAGLUTIDE,SEMAGLUTIDE,0.5,MG,PS,Cholecystectomy,HO,2024Q4,Older Adults (≥65),Others,<80 kg,0.5–0.99 mg,Medium dose,Hospitalization,Semaglutide (Unspecified)
24589378,1,73,YR,Female,,"",US,US,OZEMPIC,SEMAGLUTIDE,1,MG,PS,Off label use,OT,2024Q4,Older Adults (≥65),Others,Missing,≥1 mg,High dose,Other serious outcome,Ozempic
24589383,1,70,YR,Female,,"",US,US,OZEMPIC,SEMAGLUTIDE,2,MG,PS,Cataract,OT,2024Q4,Older Adults (≥65),Others,Missing,≥1 mg,High dose,Other serious outcome,Ozempic
24589388,1,73,YR,Female,,"",US,US,OZEMPIC,SEMAGLUTIDE,,"",PS,Off label use,OT,2024Q4,Older Adults (≥65),Others,Missing,Missing,Missing,Other serious outcome,Ozempic
24589423,2,51,YR,Male,,"",US,US,WEGOVY,SEMAGLUTIDE,2.4,MG,PS,Nausea,DE,2024Q4,Younger Adults (18–64),Gastro-Intestinal and Metabolic,Missing,≥1 mg,High dose,Death,Wegovy
24589425,1,73,YR,Female,,"",US,US,OZEMPIC,SEMAGLUTIDE,,"",PS,Polycythaemia,OT,2024Q4,Older Adults (≥65),Others,Missing,Missing,Missing,Other serious outcome,Ozempic
24589426,1,54,YR,Female,,"",US,US,OZEMPIC,SEMAGLUTIDE,,"",PS,Weight increased,HO,2024Q4,Younger Adults (18–64),Others,Missing,Missing,Missing,Hospitalization,Ozempic
24590352,1,70,YR,Female,,"",US,US,OZEMPIC,SEMAGLUTIDE,2,MG,PS,Intervertebral disc protrusion,OT,2024Q4,Older Adults (≥65),Others,Missing,≥1 mg,High dose,Other serious outcome,Ozempic
24592900,1,50,YR,Male,107,KG,US,"",SEMAGLUTIDE,SEMAGLUTIDE,2.4,MG,PS,Small intestinal obstruction,HO,2024Q4,Younger Adults (18–64),Others,≥100 kg,≥1 mg,High dose,Hospitalization,Semaglutide (Unspecified)
24593183,1,55,YR,Male,94,KG,US,"",SEMAGLUTIDE,SEMAGLUTIDE,1,MG,PS,Cholelithiasis,HO,2024Q4,Younger Adults (18–64),Gastro-Intestinal and Metabolic,80–99 kg,≥1 mg,High dose,Hospitalization,Semaglutide (Unspecified)
24593653,1,32,YR,Female,72,KG,US,"",PYRIDOXINE\SEMAGLUTIDE,PYRIDOXINE\SEMAGLUTIDE,,"",PS,Therapeutic product effect decreased,OT,2024Q4,Younger Adults (18–64),Others,<80 kg,Missing,Missing,Other serious outcome,Combination Product
24593819,1,38,YR,Female,78.75,KG,US,"",SEMAGLUTIDE,SEMAGLUTIDE,,"",PS,Liver disorder,HO,2024Q4,Younger Adults (18–64),Others,<80 kg,Missing,Missing,Hospitalization,Semaglutide (Unspecified)
24594565,1,77,YR,Female,,"",US,US,OZEMPIC,SEMAGLUTIDE,0.5,MG,PS,Diabetic complication,OT,2024Q4,Older Adults (≥65),Others,Missing,0.5–0.99 mg,Medium dose,Other serious outcome,Ozempic
24594751,1,76,YR,Female,72,KG,US,"",RYBELSUS,SEMAGLUTIDE,,"",PS,Gait inability,OT,2024Q4,Older Adults (≥65),Others,<80 kg,Missing,Missing,Other serious outcome,Rybelsus
24601155,1,64,YR,Female,,"",US,US,OZEMPIC,SEMAGLUTIDE,1,MG,PS,Tooth fracture,OT,2024Q4,Younger Adults (18–64),Others,Missing,≥1 mg,High dose,Other serious outcome,Ozempic
24601156,1,48,YR,Female,,"",US,US,WEGOVY,SEMAGLUTIDE,1,MG,PS,Pneumonia,OT,2024Q4,Younger Adults (18–64),Others,Missing,≥1 mg,High dose,Other serious outcome,Wegovy
24601159,1,68,YR,Male,,"",US,US,OZEMPIC,SEMAGLUTIDE,0.5,MG,PS,Weight decreased,OT,2024Q4,Older Adults (≥65),Gastro-Intestinal and Metabolic,Missing,0.5–0.99 mg,Medium dose,Other serious outcome,Ozempic
24601166,1,74,YR,Female,,"",US,US,OZEMPIC,SEMAGLUTIDE,0.5,MG,PS,Dyspepsia,OT,2024Q4,Older Adults (≥65),Gastro-Intestinal and Metabolic,Missing,0.5–0.99 mg,Medium dose,Other serious outcome,Ozempic
24601167,1,67,YR,Female,,"",US,US,OZEMPIC,SEMAGLUTIDE,,"",PS,Colitis,HO,2024Q4,Older Adults (≥65),Others,Missing,Missing,Missing,Hospitalization,Ozempic
24601180,2,53,YR,Male,,"",US,US,WEGOVY,SEMAGLUTIDE,0.25,MG,PS,Myocardial infarction,DE,2024Q4,Younger Adults (18–64),Cardiovascular,Missing,<0.5 mg,Low dose,Death,Wegovy
24601185,1,59,YR,Male,,"",US,US,OZEMPIC,SEMAGLUTIDE,0.25,MG,PS,Optic neuritis,OT,2024Q4,Younger Adults (18–64),Others,Missing,<0.5 mg,Low dose,Other serious outcome,Ozempic
24601186,2,87,YR,Female,,"",US,US,OZEMPIC,SEMAGLUTIDE,,"",PS,Cataract operation,OT,2024Q4,Older Adults (≥65),Others,Missing,Missing,Missing,Other serious outcome,Ozempic
24601187,1,71,YR,Female,,"",US,US,OZEMPIC,SEMAGLUTIDE,0.5,MG,PS,Cervical polyp,OT,2024Q4,Older Adults (≥65),Others,Missing,0.5–0.99 mg,Medium dose,Other serious outcome,Ozempic
24601302,1,83,YR,Female,,"",US,US,WEGOVY,SEMAGLUTIDE,,"",PS,Retching,OT,2024Q4,Older Adults (≥65),Others,Missing,Missing,Missing,Other serious outcome,Wegovy
24601303,1,87,YR,Female,,"",US,US,OZEMPIC,SEMAGLUTIDE,,"",PS,Wrong technique in product usage process,OT,2024Q4,Older Adults (≥65),Others,Missing,Missing,Missing,Other serious outcome,Ozempic
24601305,1,52,YR,Female,,"",US,US,OZEMPIC,SEMAGLUTIDE,1,MG,PS,Cataract,OT,2024Q4,Younger Adults (18–64),Others,Missing,≥1 mg,High dose,Other serious outcome,Ozempic
24601306,1,62,YR,Female,,"",US,US,OZEMPIC,SEMAGLUTIDE,2,MG,PS,Dysgeusia,OT,2024Q4,Younger Adults (18–64),Others,Missing,≥1 mg,High dose,Other serious outcome,Ozempic
24603600,1,76,YR,Male,110.25,KG,US,"",OZEMPIC,SEMAGLUTIDE,,"",PS,Visual impairment,HO,2024Q4,Older Adults (≥65),Others,≥100 kg,Missing,Missing,Hospitalization,Ozempic
24605964,1,59,YR,Male,103.8,KG,US,US,RYBELSUS,SEMAGLUTIDE,,"",PS,Pneumonia aspiration,HO,2024Q4,Younger Adults (18–64),Others,≥100 kg,Missing,Missing,Hospitalization,Rybelsus
24605965,1,52,YR,Female,,"",US,US,OZEMPIC,SEMAGLUTIDE,,"",PS,Retinopathy,OT,2024Q4,Younger Adults (18–64),Others,Missing,Missing,Missing,Other serious outcome,Ozempic
24605972,1,68,YR,Female,,"",US,US,OZEMPIC,SEMAGLUTIDE,,"",PS,Influenza,OT,2024Q4,Older Adults (≥65),Others,Missing,Missing,Missing,Other serious outcome,Ozempic
24606139,1,54,YR,Female,,"",US,US,OZEMPIC,SEMAGLUTIDE,2,MG,PS,Diverticulitis,HO,2024Q4,Younger Adults (18–64),Others,Missing,≥1 mg,High dose,Hospitalization,Ozempic
24606141,1,66,YR,Female,,"",US,US,WEGOVY,SEMAGLUTIDE,2.4,MG,PS,Medical procedure,OT,2024Q4,Older Adults (≥65),Others,Missing,≥1 mg,High dose,Other serious outcome,Wegovy
24606154,1,66,YR,Female,,"",US,US,OZEMPIC,SEMAGLUTIDE,,"",PS,Flap surgery,OT,2024Q4,Older Adults (≥65),Others,Missing,Missing,Missing,Other serious outcome,Ozempic
24606158,1,76,YR,Male,,"",US,US,OZEMPIC,SEMAGLUTIDE,0.25,MG,PS,Pulmonary mass,OT,2024Q4,Older Adults (≥65),Others,Missing,<0.5 mg,Low dose,Other serious outcome,Ozempic
24607165,1,46,YR,Female,103.5,KG,US,"",OZEMPIC,SEMAGLUTIDE,,"",PS,Vertigo,DS,2024Q4,Younger Adults (18–64),Others,≥100 kg,Missing,Missing,Disability,Ozempic
24607206,1,40,YR,Female,70.65,KG,US,"",PYRIDOXINE\SEMAGLUTIDE,PYRIDOXINE\SEMAGLUTIDE,,"",PS,Arthralgia,OT,2024Q4,Younger Adults (18–64),Others,<80 kg,Missing,Missing,Other serious outcome,Combination Product
24608655,1,45,YR,Male,96.16,KG,US,"",OZEMPIC,SEMAGLUTIDE,,"",PS,Therapy cessation,OT,2024Q4,Younger Adults (18–64),Others,80–99 kg,Missing,Missing,Other serious outcome,Ozempic
24609576,1,39,YR,Female,99,KG,US,"",SEMAGLUTIDE,SEMAGLUTIDE,1,MG,PS,Cholecystitis,HO,2024Q4,Younger Adults (18–64),Gastro-Intestinal and Metabolic,80–99 kg,≥1 mg,High dose,Hospitalization,Semaglutide (Unspecified)
24611301,1,42,YR,Female,,"",US,US,OZEMPIC,SEMAGLUTIDE,,"",PS,Off label use,HO,2024Q4,Younger Adults (18–64),Others,Missing,Missing,Missing,Hospitalization,Ozempic
24611302,1,68,YR,Female,,"",US,US,OZEMPIC,SEMAGLUTIDE,,"",PS,Gallbladder disorder,HO,2024Q4,Older Adults (≥65),Others,Missing,Missing,Missing,Hospitalization,Ozempic
24612863,1,64,YR,Female,,"",US,"",SEMAGLUTIDE,SEMAGLUTIDE,2.4,MG,PS,Diverticulitis,RI,2024Q4,Younger Adults (18–64),Others,Missing,≥1 mg,High dose,Required intervention,Semaglutide (Unspecified)
24613830,1,64,YR,Male,63,KG,US,"",RYBELSUS,SEMAGLUTIDE,,"",PS,Alopecia,OT,2024Q4,Younger Adults (18–64),Others,<80 kg,Missing,Missing,Other serious outcome,Rybelsus
24616209,1,56,YR,Female,,"",US,US,OZEMPIC,SEMAGLUTIDE,1,MG,PS,Thrombotic thrombocytopenic purpura,HO,2024Q4,Younger Adults (18–64),Others,Missing,≥1 mg,High dose,Hospitalization,Ozempic
24616485,1,71,YR,Female,,"",US,US,OZEMPIC,SEMAGLUTIDE,1,MG,PS,Knee operation,HO,2024Q4,Older Adults (≥65),Others,Missing,≥1 mg,High dose,Hospitalization,Ozempic
24616526,1,55,YR,Female,,"",US,US,OZEMPIC,SEMAGLUTIDE,,"",PS,Pancreatic carcinoma,OT,2024Q4,Younger Adults (18–64),Others,Missing,Missing,Missing,Other serious outcome,Ozempic
24616528,1,67,YR,Female,,"",US,US,OZEMPIC,SEMAGLUTIDE,0.25,MG,PS,Vomiting,HO,2024Q4,Older Adults (≥65),Gastro-Intestinal and Metabolic,Missing,<0.5 mg,Low dose,Hospitalization,Ozempic
24618491,1,70,YR,Male,,"",US,"",SEMAGLUTIDE,SEMAGLUTIDE,,"",PS,Hypotension,HO,2024Q4,Older Adults (≥65),Cardiovascular,Missing,Missing,Missing,Hospitalization,Semaglutide (Unspecified)
24618913,1,61,YR,Female,77.85,KG,US,"",OZEMPIC,SEMAGLUTIDE,1,MG,PS,Presyncope,HO,2024Q4,Younger Adults (18–64),Cardiovascular,<80 kg,≥1 mg,High dose,Hospitalization,Ozempic
24618920,1,67,YR,Female,130.5,KG,US,"",OZEMPIC,SEMAGLUTIDE,,"",PS,Chest pain,RI,2024Q4,Older Adults (≥65),Others,≥100 kg,Missing,Missing,Required intervention,Ozempic
24622220,1,64,YR,Male,,"",US,US,OZEMPIC,SEMAGLUTIDE,1,MG,PS,Ear tube insertion,OT,2024Q4,Younger Adults (18–64),Others,Missing,≥1 mg,High dose,Other serious outcome,Ozempic
24622260,1,55,YR,Female,,"",US,US,RYBELSUS,SEMAGLUTIDE,3,MG,PS,Autoimmune disorder,HO,2024Q4,Younger Adults (18–64),Others,Missing,≥1 mg,High dose,Hospitalization,Rybelsus
24622280,2,47,YR,Female,,"",US,US,OZEMPIC,SEMAGLUTIDE,,"",PS,Disability,DS,2024Q4,Younger Adults (18–64),Others,Missing,Missing,Missing,Disability,Ozempic
24624139,1,54,YR,Male,,"",US,"",SEMAGLUTIDE,SEMAGLUTIDE,1,MG,PS,Diarrhoea,HO,2024Q4,Younger Adults (18–64),Gastro-Intestinal and Metabolic,Missing,≥1 mg,High dose,Hospitalization,Semaglutide (Unspecified)
24624217,1,69,YR,Male,,"",US,"",SEMAGLUTIDE,SEMAGLUTIDE,,"",PS,Sinus tachycardia,LT,2024Q4,Older Adults (≥65),Cardiovascular,Missing,Missing,Missing,Life-threatening,Semaglutide (Unspecified)
24624362,1,52,YR,Female,72.9,KG,US,"",OZEMPIC,SEMAGLUTIDE,,"",PS,Myocardial infarction,HO,2024Q4,Younger Adults (18–64),Cardiovascular,<80 kg,Missing,Missing,Hospitalization,Ozempic
24624382,1,27,YR,Male,117,KG,US,"",WEGOVY,SEMAGLUTIDE,,"",PS,Syncope,HO,2024Q4,Younger Adults (18–64),Cardiovascular,≥100 kg,Missing,Missing,Hospitalization,Wegovy
24626294,1,65,YR,Male,104.8,KG,US,US,OZEMPIC,SEMAGLUTIDE,0.5,MG,PS,Diarrhoea,HO,2024Q4,Older Adults (≥65),Gastro-Intestinal and Metabolic,≥100 kg,0.5–0.99 mg,Medium dose,Hospitalization,Ozempic
24629006,1,66,YR,Female,,"",US,US,OZEMPIC,SEMAGLUTIDE,,"",PS,Cataract operation,OT,2024Q4,Older Adults (≥65),Others,Missing,Missing,Missing,Other serious outcome,Ozempic
24629014,1,74,YR,Male,,"",US,US,OZEMPIC,SEMAGLUTIDE,1,MG,PS,Blood glucose increased,OT,2024Q4,Older Adults (≥65),Gastro-Intestinal and Metabolic,Missing,≥1 mg,High dose,Other serious outcome,Ozempic
24629043,1,69,YR,Female,,"",US,US,OZEMPIC,SEMAGLUTIDE,2,MG,PS,Hip fracture,HO,2024Q4,Older Adults (≥65),Others,Missing,≥1 mg,High dose,Hospitalization,Ozempic
24629049,1,59,YR,Female,,"",US,US,SEMAGLUTIDE,SEMAGLUTIDE,1,MG,PS,Diabetic ketoacidosis,HO,2024Q4,Younger Adults (18–64),Gastro-Intestinal and Metabolic,Missing,≥1 mg,High dose,Hospitalization,Semaglutide (Unspecified)
24629186,1,84,YR,Male,,"",US,US,OZEMPIC,SEMAGLUTIDE,0.25,MG,PS,Wrong technique in product usage process,OT,2024Q4,Older Adults (≥65),Others,Missing,<0.5 mg,Low dose,Other serious outcome,Ozempic
24630897,1,53,YR,Female,103.5,KG,US,"",OZEMPIC,SEMAGLUTIDE,,"",PS,Facial discomfort,OT,2024Q4,Younger Adults (18–64),Others,≥100 kg,Missing,Missing,Other serious outcome,Ozempic
24631766,1,52,YR,Male,127,KG,US,"",SEMAGLUTIDE,SEMAGLUTIDE,2,MG,PS,Pancreatitis,RI,2024Q4,Younger Adults (18–64),Gastro-Intestinal and Metabolic,≥100 kg,≥1 mg,High dose,Required intervention,Semaglutide (Unspecified)
24634115,1,65,YR,Female,,"",US,US,OZEMPIC,SEMAGLUTIDE,0.5,MG,PS,Product dispensing error,OT,2024Q4,Older Adults (≥65),Others,Missing,0.5–0.99 mg,Medium dose,Other serious outcome,Ozempic
24634117,1,46,YR,Female,,"",US,US,WEGOVY,SEMAGLUTIDE,0.25,MG,PS,Tongue spasm,OT,2024Q4,Younger Adults (18–64),Others,Missing,<0.5 mg,Low dose,Other serious outcome,Wegovy
24634121,1,73,YR,Female,,"",US,US,OZEMPIC,SEMAGLUTIDE,,"",PS,Ileus,HO,2024Q4,Older Adults (≥65),Gastro-Intestinal and Metabolic,Missing,Missing,Missing,Hospitalization,Ozempic
24634123,2,70,YR,Female,71.569,KG,US,US,WEGOVY,SEMAGLUTIDE,,"",PS,Aspiration,OT,2024Q4,Older Adults (≥65),Others,<80 kg,Missing,Missing,Other serious outcome,Wegovy
24634221,1,79,YR,Female,,"",US,US,OZEMPIC,SEMAGLUTIDE,0.5,MG,PS,Spinal operation,OT,2024Q4,Older Adults (≥65),Others,Missing,0.5–0.99 mg,Medium dose,Other serious outcome,Ozempic
24634226,1,68,YR,Female,,"",US,US,OZEMPIC,SEMAGLUTIDE,1,MG,PS,Atrial fibrillation,OT,2024Q4,Older Adults (≥65),Cardiovascular,Missing,≥1 mg,High dose,Other serious outcome,Ozempic
24634359,1,61,YR,Female,,"",US,US,OZEMPIC,SEMAGLUTIDE,,"",PS,Intestinal obstruction,HO,2024Q4,Younger Adults (18–64),Gastro-Intestinal and Metabolic,Missing,Missing,Missing,Hospitalization,Ozempic
24634361,1,66,YR,Male,,"",US,US,OZEMPIC,SEMAGLUTIDE,0.5,MG,PS,Surgery,OT,2024Q4,Older Adults (≥65),Others,Missing,0.5–0.99 mg,Medium dose,Other serious outcome,Ozempic
24634371,1,54,YR,Male,181.41,KG,US,US,RYBELSUS,SEMAGLUTIDE,7,MG,PS,Supraventricular tachycardia,HO,2024Q4,Younger Adults (18–64),Others,≥100 kg,≥1 mg,High dose,Hospitalization,Rybelsus
24634379,2,49,YR,Female,,"",US,US,OZEMPIC,SEMAGLUTIDE,2,MG,PS,Pancreatitis acute,OT,2024Q4,Younger Adults (18–64),Gastro-Intestinal and Metabolic,Missing,≥1 mg,High dose,Other serious outcome,Ozempic
24634389,2,79,YR,Male,,"",US,US,OZEMPIC,SEMAGLUTIDE,0.25,MG,PS,Haematological malignancy,OT,2024Q4,Older Adults (≥65),Others,Missing,<0.5 mg,Low dose,Other serious outcome,Ozempic
24637055,1,31,YR,Female,78.75,KG,US,"",WEGOVY,SEMAGLUTIDE,,"",PS,Dizziness,OT,2024Q4,Younger Adults (18–64),Others,<80 kg,Missing,Missing,Other serious outcome,Wegovy
24637877,1,60,YR,Female,86.18,KG,US,"",WEGOVY,SEMAGLUTIDE,1,MG,PS,Optic ischaemic neuropathy,DS,2024Q4,Younger Adults (18–64),Others,80–99 kg,≥1 mg,High dose,Disability,Wegovy
24638314,1,76,YR,Male,,"",US,"",SEMAGLUTIDE,SEMAGLUTIDE,,"",PS,Suicidal ideation,LT,2024Q4,Older Adults (≥65),Psychiatric-related,Missing,Missing,Missing,Life-threatening,Semaglutide (Unspecified)
24638479,1,64,YR,Male,107,KG,US,"",SEMAGLUTIDE,SEMAGLUTIDE,,"",PS,Suicidal ideation,LT,2024Q4,Younger Adults (18–64),Psychiatric-related,≥100 kg,Missing,Missing,Life-threatening,Semaglutide (Unspecified)
24639707,1,37,YR,Female,,"",US,US,WEGOVY,SEMAGLUTIDE,0.5,MG,PS,Pain in extremity,OT,2024Q4,Younger Adults (18–64),Others,Missing,0.5–0.99 mg,Medium dose,Other serious outcome,Wegovy
24640129,1,42,YR,Female,,"",US,US,WEGOVY,SEMAGLUTIDE,,"",PS,Coeliac disease,OT,2024Q4,Younger Adults (18–64),Others,Missing,Missing,Missing,Other serious outcome,Wegovy
24640133,1,57,YR,Female,,"",US,US,WEGOVY,SEMAGLUTIDE,1.7,MG,PS,Hiatus hernia,OT,2024Q4,Younger Adults (18–64),Others,Missing,≥1 mg,High dose,Other serious outcome,Wegovy
24640142,1,72,YR,Female,,"",US,US,OZEMPIC,SEMAGLUTIDE,,"",PS,Cataract,OT,2024Q4,Older Adults (≥65),Others,Missing,Missing,Missing,Other serious outcome,Ozempic
24640150,1,59,YR,Male,,"",US,US,OZEMPIC,SEMAGLUTIDE,0.25,MG,PS,Accident at work,HO,2024Q4,Younger Adults (18–64),Others,Missing,<0.5 mg,Low dose,Hospitalization,Ozempic
24640160,1,54,YR,Male,,"",US,US,OZEMPIC,SEMAGLUTIDE,0.5,MG,PS,Pyrexia,HO,2024Q4,Younger Adults (18–64),Others,Missing,0.5–0.99 mg,Medium dose,Hospitalization,Ozempic
24641977,1,66,YR,Male,97.5,KG,US,"",OZEMPIC,SEMAGLUTIDE,,"",PS,Generalised tonic-clonic seizure,OT,2024Q4,Older Adults (≥65),Others,80–99 kg,Missing,Missing,Other serious outcome,Ozempic
24642207,1,33,YR,Female,80.1,KG,US,"",WEGOVY,SEMAGLUTIDE,,"",PS,Panic attack,HO,2024Q4,Younger Adults (18–64),Psychiatric-related,80–99 kg,Missing,Missing,Hospitalization,Wegovy
24642303,1,50,YR,Male,112.5,KG,US,"",OZEMPIC,SEMAGLUTIDE,,"",PS,Allodynia,RI,2024Q4,Younger Adults (18–64),Others,≥100 kg,Missing,Missing,Required intervention,Ozempic
24642311,1,63,YR,Female,78.75,KG,US,"",WEGOVY,SEMAGLUTIDE,,"",PS,Pruritus,DS,2024Q4,Younger Adults (18–64),Others,<80 kg,Missing,Missing,Disability,Wegovy
24642620,1,42,YR,Female,90,KG,US,"",WEGOVY,SEMAGLUTIDE,,"",PS,Anxiety,RI,2024Q4,Younger Adults (18–64),Psychiatric-related,80–99 kg,Missing,Missing,Required intervention,Wegovy
24642817,1,62,YR,Female,112.5,KG,US,"",WEGOVY,SEMAGLUTIDE,,"",PS,Abdominal pain upper,HO,2024Q4,Younger Adults (18–64),Gastro-Intestinal and Metabolic,≥100 kg,Missing,Missing,Hospitalization,Wegovy
24644711,1,58,YR,Male,,"",US,US,OZEMPIC,SEMAGLUTIDE,0.25,MG,PS,Wrong technique in product usage process,OT,2024Q4,Younger Adults (18–64),Others,Missing,<0.5 mg,Low dose,Other serious outcome,Ozempic
24647472,1,76,YR,Female,51.75,KG,US,"",OZEMPIC,SEMAGLUTIDE,,"",PS,Therapy change,HO,2024Q4,Older Adults (≥65),Others,<80 kg,Missing,Missing,Hospitalization,Ozempic
24647520,1,64,YR,Female,90,KG,US,"",OZEMPIC,SEMAGLUTIDE,,"",PS,Arthralgia,OT,2024Q4,Younger Adults (18–64),Others,80–99 kg,Missing,Missing,Other serious outcome,Ozempic
24650051,1,76,YR,Female,,"",US,US,OZEMPIC,SEMAGLUTIDE,1,MG,PS,Tooth extraction,OT,2024Q4,Older Adults (≥65),Others,Missing,≥1 mg,High dose,Other serious outcome,Ozempic
24650054,1,46,YR,Female,,"",US,US,OZEMPIC,SEMAGLUTIDE,,"",PS,Blindness,OT,2024Q4,Younger Adults (18–64),Others,Missing,Missing,Missing,Other serious outcome,Ozempic
24650055,1,73,YR,Male,,"",US,US,OZEMPIC,SEMAGLUTIDE,0.5,MG,PS,Colon cancer,OT,2024Q4,Older Adults (≥65),Others,Missing,0.5–0.99 mg,Medium dose,Other serious outcome,Ozempic
24650085,1,81,YR,Female,,"",US,US,OZEMPIC,SEMAGLUTIDE,1,MG,PS,Cardiac pacemaker replacement,HO,2024Q4,Older Adults (≥65),Others,Missing,≥1 mg,High dose,Hospitalization,Ozempic
24650091,2,62,YR,Female,81.633,KG,US,US,WEGOVY,SEMAGLUTIDE,1.7,MG,PS,Syncope,HO,2024Q4,Younger Adults (18–64),Cardiovascular,80–99 kg,≥1 mg,High dose,Hospitalization,Wegovy
24653412,1,48,YR,Male,85,KG,US,"",OZEMPIC,SEMAGLUTIDE,,"",PS,Completed suicide,DE,2024Q4,Younger Adults (18–64),Psychiatric-related,80–99 kg,Missing,Missing,Death,Ozempic
24653866,1,65,YR,Male,97.65,KG,US,"",OZEMPIC,SEMAGLUTIDE,,"",PS,Depression,DS,2024Q4,Older Adults (≥65),Psychiatric-related,80–99 kg,Missing,Missing,Disability,Ozempic
24656648,1,41,YR,Female,,"",US,US,WEGOVY,SEMAGLUTIDE,,"",PS,Diverticulitis,HO,2024Q4,Younger Adults (18–64),Others,Missing,Missing,Missing,Hospitalization,Wegovy
24656651,1,43,YR,Female,,"",US,US,WEGOVY,SEMAGLUTIDE,2.4,MG,PS,Diarrhoea,HO,2024Q4,Younger Adults (18–64),Gastro-Intestinal and Metabolic,Missing,≥1 mg,High dose,Hospitalization,Wegovy
24656654,1,57,YR,Female,,"",US,US,OZEMPIC,SEMAGLUTIDE,0.5,MG,PS,Neoplasm malignant,OT,2024Q4,Younger Adults (18–64),Others,Missing,0.5–0.99 mg,Medium dose,Other serious outcome,Ozempic
24656659,2,78,YR,Female,86.621,KG,US,US,OZEMPIC,SEMAGLUTIDE,,"",PS,Diarrhoea,OT,2024Q4,Older Adults (≥65),Gastro-Intestinal and Metabolic,80–99 kg,Missing,Missing,Other serious outcome,Ozempic
24656902,1,65,YR,Female,,"",US,US,OZEMPIC,SEMAGLUTIDE,0.5,MG,PS,Inappropriate schedule of product administration,OT,2024Q4,Older Adults (≥65),Others,Missing,0.5–0.99 mg,Medium dose,Other serious outcome,Ozempic
24658973,1,51,YR,Male,146.25,KG,US,"",OZEMPIC,SEMAGLUTIDE,,"",PS,Diabetes mellitus,LT,2024Q4,Younger Adults (18–64),Others,≥100 kg,Missing,Missing,Life-threatening,Ozempic
24659154,1,39,YR,Female,105.75,KG,US,"",WEGOVY,SEMAGLUTIDE,,"",PS,Depression,DS,2024Q4,Younger Adults (18–64),Psychiatric-related,≥100 kg,Missing,Missing,Disability,Wegovy
24659359,1,45,YR,Female,69.3,KG,US,"",WEGOVY,SEMAGLUTIDE,,"",PS,Gastrointestinal disorder,OT,2024Q4,Younger Adults (18–64),Others,<80 kg,Missing,Missing,Other serious outcome,Wegovy
24660426,1,55,YR,Female,,"",US,"",OZEMPIC,SEMAGLUTIDE,,"",PS,Splenomegaly,LT,2024Q4,Younger Adults (18–64),Others,Missing,Missing,Missing,Life-threatening,Ozempic
24661400,1,49,YR,Female,99.9,KG,US,"",WEGOVY,SEMAGLUTIDE,,"",PS,Tremor,OT,2024Q4,Younger Adults (18–64),Others,80–99 kg,Missing,Missing,Other serious outcome,Wegovy
24661486,1,61,YR,Male,138.15,KG,US,"",OZEMPIC,SEMAGLUTIDE,1,MG,PS,Pancreatitis,LT,2024Q4,Younger Adults (18–64),Gastro-Intestinal and Metabolic,≥100 kg,≥1 mg,High dose,Life-threatening,Ozempic
24662490,2,75,YR,Female,,"",US,US,OZEMPIC,SEMAGLUTIDE,0.25,MG,PS,Wheezing,HO,2024Q4,Older Adults (≥65),Others,Missing,<0.5 mg,Low dose,Hospitalization,Ozempic
24662526,1,55,YR,Female,,"",US,US,OZEMPIC,SEMAGLUTIDE,,"",PS,Pancreatic carcinoma,OT,2024Q4,Younger Adults (18–64),Others,Missing,Missing,Missing,Other serious outcome,Ozempic
24662527,2,72,YR,Female,,"",US,US,OZEMPIC,SEMAGLUTIDE,,"",PS,Upper limb fracture,OT,2024Q4,Older Adults (≥65),Others,Missing,Missing,Missing,Other serious outcome,Ozempic
24662530,1,44,YR,Female,,"",US,US,WEGOVY,SEMAGLUTIDE,,"",PS,Visual impairment,OT,2024Q4,Younger Adults (18–64),Others,Missing,Missing,Missing,Other serious outcome,Wegovy
24662535,1,84,YR,Female,,"",US,US,OZEMPIC,SEMAGLUTIDE,1,MG,PS,Cataract operation,OT,2024Q4,Older Adults (≥65),Others,Missing,≥1 mg,High dose,Other serious outcome,Ozempic
24662536,1,65,YR,Male,,"",US,US,OZEMPIC,SEMAGLUTIDE,0.25,MG,PS,Urinary retention,OT,2024Q4,Older Adults (≥65),Others,Missing,<0.5 mg,Low dose,Other serious outcome,Ozempic
24662707,1,59,YR,Male,,"",US,US,OZEMPIC,SEMAGLUTIDE,,"",PS,Cerebrovascular accident,HO,2024Q4,Younger Adults (18–64),Cardiovascular,Missing,Missing,Missing,Hospitalization,Ozempic
24662709,1,68,YR,Male,,"",US,US,OZEMPIC,SEMAGLUTIDE,2,MG,PS,Myocardial infarction,DE,2024Q4,Older Adults (≥65),Cardiovascular,Missing,≥1 mg,High dose,Death,Ozempic
24662719,1,55,YR,Male,,"",US,US,WEGOVY,SEMAGLUTIDE,,"",PS,Intestinal obstruction,HO,2024Q4,Younger Adults (18–64),Gastro-Intestinal and Metabolic,Missing,Missing,Missing,Hospitalization,Wegovy
24662727,1,65,YR,Male,,"",US,US,OZEMPIC,SEMAGLUTIDE,0.5,MG,PS,Optic ischaemic neuropathy,OT,2024Q4,Older Adults (≥65),Others,Missing,0.5–0.99 mg,Medium dose,Other serious outcome,Ozempic
24662737,1,51,YR,Female,,"",US,US,WEGOVY,SEMAGLUTIDE,0.5,MG,PS,Hypoglycaemia,OT,2024Q4,Younger Adults (18–64),Gastro-Intestinal and Metabolic,Missing,0.5–0.99 mg,Medium dose,Other serious outcome,Wegovy
24664839,1,78,YR,Male,105.2,KG,US,"",SEMAGLUTIDE,SEMAGLUTIDE,,"",PS,Product prescribing error,OT,2024Q4,Older Adults (≥65),Others,≥100 kg,Missing,Missing,Other serious outcome,Semaglutide (Unspecified)
24665816,1,57,YR,Female,56.7,KG,US,"",SEMAGLUTIDE,SEMAGLUTIDE,,"",PS,Insomnia,DS,2024Q4,Younger Adults (18–64),Psychiatric-related,<80 kg,Missing,Missing,Disability,Semaglutide (Unspecified)
24667909,3,62,YR,Female,,"",US,US,OZEMPIC,SEMAGLUTIDE,0.25,MG,PS,Weight loss poor,HO,2024Q4,Younger Adults (18–64),Others,Missing,<0.5 mg,Low dose,Hospitalization,Ozempic
24667919,1,66,YR,Female,,"",US,US,WEGOVY,SEMAGLUTIDE,2.4,MG,PS,Diverticulitis,HO,2024Q4,Older Adults (≥65),Others,Missing,≥1 mg,High dose,Hospitalization,Wegovy
24667920,1,61,YR,Female,,"",US,US,SEMAGLUTIDE,SEMAGLUTIDE,,"",PS,Nephropathy toxic,HO,2024Q4,Younger Adults (18–64),Others,Missing,Missing,Missing,Hospitalization,Semaglutide (Unspecified)
24667924,1,72,YR,Female,,"",US,US,OZEMPIC,SEMAGLUTIDE,,"",PS,Dyspnoea,HO,2024Q4,Older Adults (≥65),Others,Missing,Missing,Missing,Hospitalization,Ozempic
24667926,1,76,YR,Female,,"",US,US,OZEMPIC,SEMAGLUTIDE,1,MG,PS,Dyspepsia,OT,2024Q4,Older Adults (≥65),Gastro-Intestinal and Metabolic,Missing,≥1 mg,High dose,Other serious outcome,Ozempic
24667930,1,65,YR,Female,,"",US,US,OZEMPIC,SEMAGLUTIDE,,"",PS,Surgery,OT,2024Q4,Older Adults (≥65),Others,Missing,Missing,Missing,Other serious outcome,Ozempic
24667932,1,54,YR,Female,,"",US,US,WEGOVY,SEMAGLUTIDE,2.4,MG,PS,Road traffic accident,OT,2024Q4,Younger Adults (18–64),Others,Missing,≥1 mg,High dose,Other serious outcome,Wegovy
24669665,1,59,YR,Female,,"",US,"",OZEMPIC,SEMAGLUTIDE,,"",PS,Intussusception,LT,2024Q4,Younger Adults (18–64),Others,Missing,Missing,Missing,Life-threatening,Ozempic
24670441,1,55,YR,Female,108.72,KG,US,"",WEGOVY,SEMAGLUTIDE,,"",PS,Therapy interrupted,HO,2024Q4,Younger Adults (18–64),Others,≥100 kg,Missing,Missing,Hospitalization,Wegovy
24671495,1,68,YR,Female,,"",US,US,OZEMPIC,SEMAGLUTIDE,0.5,MG,PS,Nerve compression,OT,2024Q4,Older Adults (≥65),Others,Missing,0.5–0.99 mg,Medium dose,Other serious outcome,Ozempic
24680576,1,76,YR,Female,,"",US,US,OZEMPIC,SEMAGLUTIDE,0.5,MG,PS,Wrong technique in product usage process,OT,2024Q4,Older Adults (≥65),Others,Missing,0.5–0.99 mg,Medium dose,Other serious outcome,Ozempic
24680578,2,73,YR,Male,,"",US,US,OZEMPIC,SEMAGLUTIDE,0.25,MG,PS,Depression,OT,2024Q4,Older Adults (≥65),Psychiatric-related,Missing,<0.5 mg,Low dose,Other serious outcome,Ozempic
24683469,1,79,YR,Female,,"",US,US,OZEMPIC,SEMAGLUTIDE,0.5,MG,PS,Blood glucose fluctuation,OT,2024Q4,Older Adults (≥65),Others,Missing,0.5–0.99 mg,Medium dose,Other serious outcome,Ozempic
24683476,1,81,YR,Male,,"",US,US,OZEMPIC,SEMAGLUTIDE,0.5,MG,PS,Death,DE,2024Q4,Older Adults (≥65),Others,Missing,0.5–0.99 mg,Medium dose,Death,Ozempic
24683588,1,48,YR,Female,,"",US,US,WEGOVY,SEMAGLUTIDE,,"",PS,Blood pressure increased,HO,2024Q4,Younger Adults (18–64),Others,Missing,Missing,Missing,Hospitalization,Wegovy
24683591,1,61,YR,Male,,"",US,US,OZEMPIC,SEMAGLUTIDE,0.25,MG,PS,Off label use,OT,2024Q4,Younger Adults (18–64),Others,Missing,<0.5 mg,Low dose,Other serious outcome,Ozempic
24683733,1,71,YR,Male,,"",US,US,OZEMPIC,SEMAGLUTIDE,0.5,MG,PS,Cataract operation,OT,2024Q4,Older Adults (≥65),Others,Missing,0.5–0.99 mg,Medium dose,Other serious outcome,Ozempic
24683739,1,57,YR,Female,,"",US,US,WEGOVY,SEMAGLUTIDE,1.7,MG,PS,Thrombosis,OT,2024Q4,Younger Adults (18–64),Others,Missing,≥1 mg,High dose,Other serious outcome,Wegovy
24684564,1,84,YR,Female,,"",US,US,OZEMPIC,SEMAGLUTIDE,,"",PS,Small intestinal obstruction,HO,2024Q4,Older Adults (≥65),Others,Missing,Missing,Missing,Hospitalization,Ozempic
24684565,1,65,YR,Female,,"",US,US,OZEMPIC,SEMAGLUTIDE,1,MG,PS,Cataract,OT,2024Q4,Older Adults (≥65),Others,Missing,≥1 mg,High dose,Other serious outcome,Ozempic
24684566,1,69,YR,Male,,"",US,US,OZEMPIC,SEMAGLUTIDE,,"",PS,Paraesthesia,OT,2024Q4,Older Adults (≥65),Others,Missing,Missing,Missing,Other serious outcome,Ozempic
24684568,1,54,YR,Male,,"",US,US,OZEMPIC,SEMAGLUTIDE,,"",PS,Loss of consciousness,HO,2024Q4,Younger Adults (18–64),Others,Missing,Missing,Missing,Hospitalization,Ozempic
24686058,1,79,YR,Male,61.2,KG,US,"",OZEMPIC,SEMAGLUTIDE,,"",PS,Insomnia,DS,2024Q4,Older Adults (≥65),Psychiatric-related,<80 kg,Missing,Missing,Disability,Ozempic
24686443,1,37,YR,Male,,"",US,"",WEGOVY,SEMAGLUTIDE,,"",PS,Ill-defined disorder,HO,2024Q4,Younger Adults (18–64),Others,Missing,Missing,Missing,Hospitalization,Wegovy
24686446,1,41,YR,Female,64.35,KG,US,"",WEGOVY,SEMAGLUTIDE,,"",PS,Large intestinal stenosis,HO,2024Q4,Younger Adults (18–64),Others,<80 kg,Missing,Missing,Hospitalization,Wegovy
24687130,1,58,YR,Female,119.25,KG,US,"",RYBELSUS,SEMAGLUTIDE,,"",PS,Vomiting,RI,2024Q4,Younger Adults (18–64),Gastro-Intestinal and Metabolic,≥100 kg,Missing,Missing,Required intervention,Rybelsus
24687413,1,69,YR,Male,86.85,KG,US,"",OZEMPIC,SEMAGLUTIDE,,"",PS,Joint range of motion decreased,DS,2024Q4,Older Adults (≥65),Others,80–99 kg,Missing,Missing,Disability,Ozempic
24687419,1,52,YR,Female,74.7,KG,US,"",OZEMPIC,SEMAGLUTIDE,,"",PS,Fungal infection,OT,2024Q4,Younger Adults (18–64),Others,<80 kg,Missing,Missing,Other serious outcome,Ozempic
24687569,1,43,YR,Female,104.85,KG,US,"",OZEMPIC,SEMAGLUTIDE,,"",PS,Blood pressure increased,DS,2024Q4,Younger Adults (18–64),Others,≥100 kg,Missing,Missing,Disability,Ozempic
24688691,1,75,YR,Male,94.3,KG,US,US,OZEMPIC,SEMAGLUTIDE,,"",PS,Cancer screening abnormal,OT,2024Q4,Older Adults (≥65),Others,80–99 kg,Missing,Missing,Other serious outcome,Ozempic
24688693,1,49,YR,Female,96.599,KG,US,US,OZEMPIC,SEMAGLUTIDE,0.25,MG,PS,Pancreatitis,HO,2024Q4,Younger Adults (18–64),Gastro-Intestinal and Metabolic,80–99 kg,<0.5 mg,Low dose,Hospitalization,Ozempic
24688810,1,73,YR,Male,,"",US,US,OZEMPIC,SEMAGLUTIDE,0.25,MG,PS,Cardioversion,OT,2024Q4,Older Adults (≥65),Others,Missing,<0.5 mg,Low dose,Other serious outcome,Ozempic
24688825,1,66,YR,Female,,"",US,US,WEGOVY,SEMAGLUTIDE,1,MG,PS,Neuralgia,OT,2024Q4,Older Adults (≥65),Others,Missing,≥1 mg,High dose,Other serious outcome,Wegovy
24688828,1,60,YR,Male,,"",US,US,WEGOVY,SEMAGLUTIDE,2.4,MG,PS,Hospitalisation,HO,2024Q4,Younger Adults (18–64),Others,Missing,≥1 mg,High dose,Hospitalization,Wegovy
24691624,1,70,YR,Female,,"",US,"",SEMAGLUTIDE,SEMAGLUTIDE,1,MG,PS,Cholelithiasis,HO,2024Q4,Older Adults (≥65),Gastro-Intestinal and Metabolic,Missing,≥1 mg,High dose,Hospitalization,Semaglutide (Unspecified)
24692034,1,36,YR,Female,108,KG,US,"",OZEMPIC,SEMAGLUTIDE,,"",PS,Palpitations,OT,2024Q4,Younger Adults (18–64),Cardiovascular,≥100 kg,Missing,Missing,Other serious outcome,Ozempic
24692035,1,64,YR,Female,,"",US,"",RYBELSUS,SEMAGLUTIDE,,"",PS,Therapy cessation,HO,2024Q4,Younger Adults (18–64),Others,Missing,Missing,Missing,Hospitalization,Rybelsus
24692510,1,33,YR,Male,153,KG,US,"",SEMAGLUTIDE,SEMAGLUTIDE,,"",PS,Rash,DE,2024Q4,Younger Adults (18–64),Others,≥100 kg,Missing,Missing,Death,Semaglutide (Unspecified)
24692809,1,77,YR,Female,,"",US,US,OZEMPIC,SEMAGLUTIDE,,"",PS,Pain,OT,2024Q4,Older Adults (≥65),Others,Missing,Missing,Missing,Other serious outcome,Ozempic
24693633,1,62,YR,Female,,"",US,US,OZEMPIC,SEMAGLUTIDE,,"",PS,Breast cancer female,HO,2024Q4,Younger Adults (18–64),Others,Missing,Missing,Missing,Hospitalization,Ozempic
24693642,1,39,YR,Female,,"",US,US,OZEMPIC,SEMAGLUTIDE,,"",PS,Muscle spasms,HO,2024Q4,Younger Adults (18–64),Others,Missing,Missing,Missing,Hospitalization,Ozempic
24693645,1,57,YR,Male,,"",US,US,OZEMPIC,SEMAGLUTIDE,1,MG,PS,Rotator cuff syndrome,OT,2024Q4,Younger Adults (18–64),Others,Missing,≥1 mg,High dose,Other serious outcome,Ozempic
24693650,1,64,YR,Female,,"",US,US,OZEMPIC,SEMAGLUTIDE,2,MG,PS,Intraocular pressure increased,OT,2024Q4,Younger Adults (18–64),Others,Missing,≥1 mg,High dose,Other serious outcome,Ozempic
24693654,1,65,YR,Female,126.98,KG,US,US,OZEMPIC,SEMAGLUTIDE,1,MG,PS,Glomerular filtration rate decreased,OT,2024Q4,Older Adults (≥65),Others,≥100 kg,≥1 mg,High dose,Other serious outcome,Ozempic
24695212,1,38,YR,Female,68.85,KG,US,"",OZEMPIC,SEMAGLUTIDE,,"",PS,Herpes zoster,DS,2024Q4,Younger Adults (18–64),Others,<80 kg,Missing,Missing,Disability,Ozempic
24695220,1,44,YR,Female,69.75,KG,US,"",WEGOVY,SEMAGLUTIDE,,"",PS,Arthralgia,DS,2024Q4,Younger Adults (18–64),Others,<80 kg,Missing,Missing,Disability,Wegovy
24701482,1,66,YR,Female,,"",US,US,OZEMPIC,SEMAGLUTIDE,,"",PS,Glycosylated haemoglobin increased,OT,2024Q4,Older Adults (≥65),Others,Missing,Missing,Missing,Other serious outcome,Ozempic
24701487,1,59,YR,Female,,"",US,US,OZEMPIC,SEMAGLUTIDE,2.4,MG,PS,Intussusception,OT,2024Q4,Younger Adults (18–64),Others,Missing,≥1 mg,High dose,Other serious outcome,Ozempic
24707321,1,45,YR,Female,54,KG,US,"",WEGOVY,SEMAGLUTIDE,,"",PS,Impaired quality of life,RI,2024Q4,Younger Adults (18–64),Others,<80 kg,Missing,Missing,Required intervention,Wegovy
24707575,1,78,YR,Male,,"",US,"",SEMAGLUTIDE,SEMAGLUTIDE,,"",PS,Depression,OT,2024Q4,Older Adults (≥65),Psychiatric-related,Missing,Missing,Missing,Other serious outcome,Semaglutide (Unspecified)
24707742,1,41,YR,Female,94.95,KG,US,"",WEGOVY,SEMAGLUTIDE,,"",PS,Dysphagia,DS,2024Q4,Younger Adults (18–64),Others,80–99 kg,Missing,Missing,Disability,Wegovy
24709352,1,84,YR,Female,,"",US,US,OZEMPIC,SEMAGLUTIDE,,"",PS,Ischaemic stroke,OT,2024Q4,Older Adults (≥65),Cardiovascular,Missing,Missing,Missing,Other serious outcome,Ozempic
24709430,1,55,YR,Male,,"",US,US,OZEMPIC,SEMAGLUTIDE,,"",PS,Device breakage,DS,2024Q4,Younger Adults (18–64),Others,Missing,Missing,Missing,Disability,Ozempic
24709441,1,84,YR,Female,,"",US,US,OZEMPIC,SEMAGLUTIDE,0.5,MG,PS,Tooth extraction,OT,2024Q4,Older Adults (≥65),Others,Missing,0.5–0.99 mg,Medium dose,Other serious outcome,Ozempic
24709446,1,36,YR,Male,,"",US,US,OZEMPIC,SEMAGLUTIDE,,"",PS,Inappropriate schedule of product administration,HO,2024Q4,Younger Adults (18–64),Others,Missing,Missing,Missing,Hospitalization,Ozempic
24709459,1,64,YR,Female,,"",US,US,OZEMPIC,SEMAGLUTIDE,1,MG,PS,Illness,OT,2024Q4,Younger Adults (18–64),Others,Missing,≥1 mg,High dose,Other serious outcome,Ozempic
24709571,1,61,YR,Female,,"",US,US,OZEMPIC,SEMAGLUTIDE,,"",PS,Colitis,HO,2024Q4,Younger Adults (18–64),Others,Missing,Missing,Missing,Hospitalization,Ozempic
24711233,1,82,YR,Female,98.9,KG,US,"",OZEMPIC,SEMAGLUTIDE,,"",PS,Pancreatitis acute,HO,2024Q4,Older Adults (≥65),Gastro-Intestinal and Metabolic,80–99 kg,Missing,Missing,Hospitalization,Ozempic
24712965,1,55,YR,Female,89.1,KG,US,"",SEMAGLUTIDE,SEMAGLUTIDE,2.4,MG/M**2,PS,Syncope,OT,2024Q4,Younger Adults (18–64),Cardiovascular,80–99 kg,≥1 mg,High dose,Other serious outcome,Semaglutide (Unspecified)
24714231,1,43,YR,Female,133.81,KG,US,"",WEGOVY,SEMAGLUTIDE,,"",PS,Illness,DS,2024Q4,Younger Adults (18–64),Others,≥100 kg,Missing,Missing,Disability,Wegovy
24714739,1,55,YR,Female,,"",US,US,OZEMPIC,SEMAGLUTIDE,1,MG,PS,Disability,HO,2024Q4,Younger Adults (18–64),Others,Missing,≥1 mg,High dose,Hospitalization,Ozempic
24714866,2,72,YR,Male,97.9,KG,US,US,OZEMPIC,SEMAGLUTIDE,0.25,MG,PS,Knee arthroplasty,HO,2024Q4,Older Adults (≥65),Others,80–99 kg,<0.5 mg,Low dose,Hospitalization,Ozempic
24714867,1,43,YR,Female,,"",US,US,OZEMPIC,SEMAGLUTIDE,2,MG,PS,Product use in unapproved indication,OT,2024Q4,Younger Adults (18–64),Others,Missing,≥1 mg,High dose,Other serious outcome,Ozempic
24716824,1,63,YR,Male,119,KG,US,"",OZEMPIC,SEMAGLUTIDE,1,MG,PS,Multiple organ dysfunction syndrome,LT,2024Q4,Younger Adults (18–64),Others,≥100 kg,≥1 mg,High dose,Life-threatening,Ozempic
24717269,1,33,YR,Female,76.5,KG,US,"",SEMAGLUTIDE,SEMAGLUTIDE,,"",PS,Anxiety,HO,2024Q4,Younger Adults (18–64),Psychiatric-related,<80 kg,Missing,Missing,Hospitalization,Semaglutide (Unspecified)
24718137,1,49,YR,Male,136.35,KG,US,"",WEGOVY,SEMAGLUTIDE,,"",PS,Hypophagia,LT,2024Q4,Younger Adults (18–64),Others,≥100 kg,Missing,Missing,Life-threatening,Wegovy
24718893,1,45,YR,Male,99,KG,US,"",SEMAGLUTIDE,SEMAGLUTIDE,,"",PS,Confusional state,LT,2024Q4,Younger Adults (18–64),Psychiatric-related,80–99 kg,Missing,Missing,Life-threatening,Semaglutide (Unspecified)
24718937,1,52,YR,Female,99.9,KG,US,"",SEMAGLUTIDE,SEMAGLUTIDE,,"",PS,Peritonitis,LT,2024Q4,Younger Adults (18–64),Others,80–99 kg,Missing,Missing,Life-threatening,Semaglutide (Unspecified)
24718938,1,59,YR,Female,95.85,KG,US,"",OZEMPIC,SEMAGLUTIDE,,"",PS,Diarrhoea,OT,2024Q4,Younger Adults (18–64),Gastro-Intestinal and Metabolic,80–99 kg,Missing,Missing,Other serious outcome,Ozempic
24719529,1,53,YR,Female,,"",US,US,WEGOVY,SEMAGLUTIDE,,"",PS,Gastrooesophageal reflux disease,OT,2024Q4,Younger Adults (18–64),Gastro-Intestinal and Metabolic,Missing,Missing,Missing,Other serious outcome,Wegovy
24719537,1,67,YR,Female,,"",US,US,OZEMPIC,SEMAGLUTIDE,,"",PS,Carotid endarterectomy,HO,2024Q4,Older Adults (≥65),Others,Missing,Missing,Missing,Hospitalization,Ozempic
24721687,1,51,YR,Female,110,KG,US,"",OZEMPIC,SEMAGLUTIDE,0.5,MG,PS,Mood altered,OT,2024Q4,Younger Adults (18–64),Psychiatric-related,≥100 kg,0.5–0.99 mg,Medium dose,Other serious outcome,Ozempic
24723133,1,53,YR,Female,,"",US,"",SEMAGLUTIDE,SEMAGLUTIDE,,"",PS,Sphincter of Oddi dysfunction,HO,2024Q4,Younger Adults (18–64),Others,Missing,Missing,Missing,Hospitalization,Semaglutide (Unspecified)
24724369,1,71,YR,Female,,"",US,US,OZEMPIC,SEMAGLUTIDE,0.25,MG,PS,Constipation,OT,2024Q4,Older Adults (≥65),Gastro-Intestinal and Metabolic,Missing,<0.5 mg,Low dose,Other serious outcome,Ozempic
24724370,1,63,YR,Female,,"",US,US,OZEMPIC,SEMAGLUTIDE,,"",PS,Cholecystectomy,HO,2024Q4,Younger Adults (18–64),Others,Missing,Missing,Missing,Hospitalization,Ozempic
24724371,1,64,YR,Male,,"",US,US,OZEMPIC,SEMAGLUTIDE,,"",PS,Intestinal obstruction,DE,2024Q4,Younger Adults (18–64),Gastro-Intestinal and Metabolic,Missing,Missing,Missing,Death,Ozempic
24724378,1,49,YR,Male,,"",US,US,OZEMPIC,SEMAGLUTIDE,,"",PS,Intestinal obstruction,HO,2024Q4,Younger Adults (18–64),Gastro-Intestinal and Metabolic,Missing,Missing,Missing,Hospitalization,Ozempic
24724381,1,21,YR,Female,,"",US,US,WEGOVY,SEMAGLUTIDE,1,MG,PS,Constipation,HO,2024Q4,Younger Adults (18–64),Gastro-Intestinal and Metabolic,Missing,≥1 mg,High dose,Hospitalization,Wegovy
24726322,1,41,YR,Male,156,KG,US,"",SEMAGLUTIDE,SEMAGLUTIDE,1,MG,PS,Vomiting,HO,2024Q4,Younger Adults (18–64),Gastro-Intestinal and Metabolic,≥100 kg,≥1 mg,High dose,Hospitalization,Semaglutide (Unspecified)
24726471,1,51,YR,Female,69,KG,US,"",SEMAGLUTIDE,SEMAGLUTIDE,2.4,MG,PS,Nausea,HO,2024Q4,Younger Adults (18–64),Gastro-Intestinal and Metabolic,<80 kg,≥1 mg,High dose,Hospitalization,Semaglutide (Unspecified)
24727828,1,35,YR,Female,87,KG,US,"",SEMAGLUTIDE,SEMAGLUTIDE,0.25,MG,PS,Agitation,HO,2024Q4,Younger Adults (18–64),Psychiatric-related,80–99 kg,<0.5 mg,Low dose,Hospitalization,Semaglutide (Unspecified)
24727829,1,73,YR,Male,85,KG,US,"",SEMAGLUTIDE,SEMAGLUTIDE,0.5,MG,PS,Therapy cessation,HO,2024Q4,Older Adults (≥65),Others,80–99 kg,0.5–0.99 mg,Medium dose,Hospitalization,Semaglutide (Unspecified)
24728221,2,48,YR,Female,,"",US,US,OZEMPIC,SEMAGLUTIDE,,"",PS,Product use in unapproved indication,OT,2024Q4,Younger Adults (18–64),Others,Missing,Missing,Missing,Other serious outcome,Ozempic
24728992,1,66,YR,Female,,"",US,US,OZEMPIC,SEMAGLUTIDE,2,MG,PS,Postoperative wound complication,HO,2024Q4,Older Adults (≥65),Others,Missing,≥1 mg,High dose,Hospitalization,Ozempic
24731544,1,41,YR,Female,82.35,KG,US,"",OZEMPIC,SEMAGLUTIDE,,"",PS,Mood swings,RI,2024Q4,Younger Adults (18–64),Psychiatric-related,80–99 kg,Missing,Missing,Required intervention,Ozempic
24731545,1,60,YR,Female,92.25,KG,US,"",OZEMPIC,SEMAGLUTIDE,,"",PS,Negative thoughts,DS,2024Q4,Younger Adults (18–64),Others,80–99 kg,Missing,Missing,Disability,Ozempic
24732788,1,55,YR,Female,78.75,KG,US,"",WEGOVY,SEMAGLUTIDE,,"",PS,Completed suicide,DE,2024Q4,Younger Adults (18–64),Psychiatric-related,<80 kg,Missing,Missing,Death,Wegovy
24734696,1,57,YR,Male,,"",US,US,SEMAGLUTIDE,SEMAGLUTIDE,,"",PS,Pancreatitis acute,HO,2024Q4,Younger Adults (18–64),Gastro-Intestinal and Metabolic,Missing,Missing,Missing,Hospitalization,Semaglutide (Unspecified)
24735811,1,59,YR,Male,87.08,KG,US,US,OZEMPIC,SEMAGLUTIDE,0.25,MG,PS,Dyspepsia,HO,2024Q4,Younger Adults (18–64),Gastro-Intestinal and Metabolic,80–99 kg,<0.5 mg,Low dose,Hospitalization,Ozempic
24740537,1,77,YR,Male,,"",US,US,OZEMPIC,SEMAGLUTIDE,1,MG,PS,Injection site infection,HO,2024Q4,Older Adults (≥65),Others,Missing,≥1 mg,High dose,Hospitalization,Ozempic
24740547,1,69,YR,Female,,"",US,US,OZEMPIC,SEMAGLUTIDE,,"",PS,Device occlusion,HO,2024Q4,Older Adults (≥65),Others,Missing,Missing,Missing,Hospitalization,Ozempic
24740551,1,73,YR,Male,,"",US,US,OZEMPIC,SEMAGLUTIDE,,"",PS,Off label use,HO,2024Q4,Older Adults (≥65),Others,Missing,Missing,Missing,Hospitalization,Ozempic
24740558,1,65,YR,Male,,"",US,US,OZEMPIC,SEMAGLUTIDE,,"",PS,Knee arthroplasty,HO,2024Q4,Older Adults (≥65),Others,Missing,Missing,Missing,Hospitalization,Ozempic
24740559,1,77,YR,Male,,"",US,US,OZEMPIC,SEMAGLUTIDE,0.5,MG,PS,Visual impairment,HO,2024Q4,Older Adults (≥65),Others,Missing,0.5–0.99 mg,Medium dose,Hospitalization,Ozempic
24740560,1,73,YR,Female,,"",US,US,OZEMPIC,SEMAGLUTIDE,2,MG,PS,Diarrhoea,HO,2024Q4,Older Adults (≥65),Gastro-Intestinal and Metabolic,Missing,≥1 mg,High dose,Hospitalization,Ozempic
24740565,1,77,YR,Male,,"",US,US,OZEMPIC,SEMAGLUTIDE,0.5,MG,PS,Polyp,OT,2024Q4,Older Adults (≥65),Others,Missing,0.5–0.99 mg,Medium dose,Other serious outcome,Ozempic
24740569,1,74,YR,Female,,"",US,US,OZEMPIC,SEMAGLUTIDE,0.5,MG,PS,Breast cancer,HO,2024Q4,Older Adults (≥65),Others,Missing,0.5–0.99 mg,Medium dose,Hospitalization,Ozempic
24740720,1,60,YR,Female,,"",US,US,OZEMPIC,SEMAGLUTIDE,0.25,MG,PS,Small intestinal obstruction,HO,2024Q4,Younger Adults (18–64),Others,Missing,<0.5 mg,Low dose,Hospitalization,Ozempic
24740733,1,75,YR,Male,,"",US,US,OZEMPIC,SEMAGLUTIDE,,"",PS,Thyroid cancer,OT,2024Q4,Older Adults (≥65),Others,Missing,Missing,Missing,Other serious outcome,Ozempic
24740737,1,63,YR,Female,,"",US,US,OZEMPIC,SEMAGLUTIDE,,"",PS,Urinary tract infection,HO,2024Q4,Younger Adults (18–64),Others,Missing,Missing,Missing,Hospitalization,Ozempic
24740739,1,83,YR,Male,,"",US,US,OZEMPIC,SEMAGLUTIDE,0.25,MG,PS,Inappropriate schedule of product administration,OT,2024Q4,Older Adults (≥65),Others,Missing,<0.5 mg,Low dose,Other serious outcome,Ozempic
24740746,1,64,YR,Female,113.64,KG,US,US,WEGOVY,SEMAGLUTIDE,,"",PS,Pain,DS,2024Q4,Younger Adults (18–64),Others,≥100 kg,Missing,Missing,Disability,Wegovy
24740749,1,42,YR,Male,,"",US,US,OZEMPIC,SEMAGLUTIDE,0.25,MG,PS,Mallory-Weiss syndrome,HO,2024Q4,Younger Adults (18–64),Others,Missing,<0.5 mg,Low dose,Hospitalization,Ozempic
24740760,1,43,YR,Female,98.866,KG,US,US,OZEMPIC,SEMAGLUTIDE,0.25,MG,PS,Impaired gastric emptying,HO,2024Q4,Younger Adults (18–64),Gastro-Intestinal and Metabolic,80–99 kg,<0.5 mg,Low dose,Hospitalization,Ozempic
24742031,1,44,YR,Female,125,KG,US,"",SEMAGLUTIDE,SEMAGLUTIDE,,"",PS,Seizure,LT,2024Q4,Younger Adults (18–64),Others,≥100 kg,Missing,Missing,Life-threatening,Semaglutide (Unspecified)
24742661,1,41,YR,Female,81,KG,US,"",CYANOCOBALAMIN\SEMAGLUTIDE,CYANOCOBALAMIN\SEMAGLUTIDE,,"",PS,Contusion,DS,2024Q4,Younger Adults (18–64),Others,80–99 kg,Missing,Missing,Disability,Combination Product
24742668,1,37,YR,Female,76.5,KG,US,"",SEMAGLUTIDE,SEMAGLUTIDE,,"",PS,Nausea,DS,2024Q4,Younger Adults (18–64),Gastro-Intestinal and Metabolic,<80 kg,Missing,Missing,Disability,Semaglutide (Unspecified)
24743042,1,44,YR,Female,99.9,KG,US,"",OZEMPIC,SEMAGLUTIDE,,"",PS,Hypoglycaemia,OT,2024Q4,Younger Adults (18–64),Gastro-Intestinal and Metabolic,80–99 kg,Missing,Missing,Other serious outcome,Ozempic
24743079,1,38,YR,Male,94.5,KG,US,"",WEGOVY,SEMAGLUTIDE,,"",PS,Blindness unilateral,HO,2024Q4,Younger Adults (18–64),Others,80–99 kg,Missing,Missing,Hospitalization,Wegovy
24745417,1,73,YR,Female,,"",US,US,OZEMPIC,SEMAGLUTIDE,,"",PS,Blood pressure fluctuation,OT,2024Q4,Older Adults (≥65),Others,Missing,Missing,Missing,Other serious outcome,Ozempic
24745420,1,65,YR,Female,,"",US,US,OZEMPIC,SEMAGLUTIDE,0.25,MG,PS,Vomiting,OT,2024Q4,Older Adults (≥65),Gastro-Intestinal and Metabolic,Missing,<0.5 mg,Low dose,Other serious outcome,Ozempic
24745421,1,74,YR,Male,,"",US,US,OZEMPIC,SEMAGLUTIDE,0.5,MG,PS,Myocardial infarction,HO,2024Q4,Older Adults (≥65),Cardiovascular,Missing,0.5–0.99 mg,Medium dose,Hospitalization,Ozempic
24747573,1,46,YR,Female,83.25,KG,US,"",SEMAGLUTIDE,SEMAGLUTIDE,,"",PS,Hypoglycaemia,LT,2024Q4,Younger Adults (18–64),Gastro-Intestinal and Metabolic,80–99 kg,Missing,Missing,Life-threatening,Semaglutide (Unspecified)
24748127,1,65,YR,Female,96.75,KG,US,"",OZEMPIC,SEMAGLUTIDE,,"",PS,Constipation,OT,2024Q4,Older Adults (≥65),Gastro-Intestinal and Metabolic,80–99 kg,Missing,Missing,Other serious outcome,Ozempic
24748665,1,73,YR,Female,130,KG,US,"",OZEMPIC,SEMAGLUTIDE,7,MG,PS,Decreased appetite,DE,2024Q4,Older Adults (≥65),Gastro-Intestinal and Metabolic,≥100 kg,≥1 mg,High dose,Death,Ozempic
24749412,1,63,YR,Male,123.1,KG,US,"",OZEMPIC,SEMAGLUTIDE,,"",PS,Pancreatitis necrotising,LT,2024Q4,Younger Adults (18–64),Gastro-Intestinal and Metabolic,≥100 kg,Missing,Missing,Life-threatening,Ozempic
24750965,1,75,YR,Male,,"",US,US,SEMAGLUTIDE,SEMAGLUTIDE,2,MG,PS,Hyperglycaemia,HO,2024Q4,Older Adults (≥65),Gastro-Intestinal and Metabolic,Missing,≥1 mg,High dose,Hospitalization,Semaglutide (Unspecified)
24751018,1,64,YR,Female,,"",US,US,OZEMPIC,SEMAGLUTIDE,1,MG,PS,Thrombosis,HO,2024Q4,Younger Adults (18–64),Others,Missing,≥1 mg,High dose,Hospitalization,Ozempic
24751161,1,59,YR,Female,89.342,KG,US,US,WEGOVY,SEMAGLUTIDE,0.25,MG,PS,Abdominal pain upper,HO,2024Q4,Younger Adults (18–64),Gastro-Intestinal and Metabolic,80–99 kg,<0.5 mg,Low dose,Hospitalization,Wegovy
24754214,1,59,YR,Female,65.25,KG,US,"",OZEMPIC,SEMAGLUTIDE,,"",PS,Central vision loss,HO,2024Q4,Younger Adults (18–64),Others,<80 kg,Missing,Missing,Hospitalization,Ozempic
24754915,1,78,YR,Female,54,KG,US,"",OZEMPIC,SEMAGLUTIDE,2,MG,PS,Cholecystitis,HO,2024Q4,Older Adults (≥65),Gastro-Intestinal and Metabolic,<80 kg,≥1 mg,High dose,Hospitalization,Ozempic
24755263,1,74,YR,Male,,"",US,"",SEMAGLUTIDE,SEMAGLUTIDE,1,MG,PS,Pancreatitis,HO,2024Q4,Older Adults (≥65),Gastro-Intestinal and Metabolic,Missing,≥1 mg,High dose,Hospitalization,Semaglutide (Unspecified)
24756354,1,77,YR,Male,,"",US,US,OZEMPIC,SEMAGLUTIDE,,"",PS,Haemoglobin decreased,OT,2024Q4,Older Adults (≥65),Others,Missing,Missing,Missing,Other serious outcome,Ozempic
24756366,1,53,YR,Male,,"",US,US,OZEMPIC,SEMAGLUTIDE,0.5,MG,PS,Fournier's gangrene,HO,2024Q4,Younger Adults (18–64),Others,Missing,0.5–0.99 mg,Medium dose,Hospitalization,Ozempic
24756689,1,51,YR,Male,136.05,KG,US,US,OZEMPIC,SEMAGLUTIDE,0.25,MG,PS,Ileus,OT,2024Q4,Younger Adults (18–64),Gastro-Intestinal and Metabolic,≥100 kg,<0.5 mg,Low dose,Other serious outcome,Ozempic
24760214,1,59,YR,Male,157.5,KG,US,"",OZEMPIC,SEMAGLUTIDE,,"",PS,Renal impairment,LT,2024Q4,Younger Adults (18–64),Others,≥100 kg,Missing,Missing,Life-threatening,Ozempic
24761151,1,72,YR,Male,,"",US,US,WEGOVY,SEMAGLUTIDE,0.5,MG,PS,Road traffic accident,OT,2024Q4,Older Adults (≥65),Others,Missing,0.5–0.99 mg,Medium dose,Other serious outcome,Wegovy
24761189,1,79,YR,Female,,"",US,US,OZEMPIC,SEMAGLUTIDE,1,MG,PS,Hospitalisation,HO,2024Q4,Older Adults (≥65),Others,Missing,≥1 mg,High dose,Hospitalization,Ozempic
24761266,1,79,YR,Female,,"",US,US,OZEMPIC,SEMAGLUTIDE,0.5,MG,PS,Atrial fibrillation,OT,2024Q4,Older Adults (≥65),Cardiovascular,Missing,0.5–0.99 mg,Medium dose,Other serious outcome,Ozempic
24761281,1,64,YR,Male,,"",US,US,OZEMPIC,SEMAGLUTIDE,,"",PS,Product communication issue,OT,2024Q4,Younger Adults (18–64),Others,Missing,Missing,Missing,Other serious outcome,Ozempic
24761316,1,73,YR,Female,,"",US,US,OZEMPIC,SEMAGLUTIDE,,"",PS,Transient ischaemic attack,OT,2024Q4,Older Adults (≥65),Cardiovascular,Missing,Missing,Missing,Other serious outcome,Ozempic
24761317,1,29,YR,Male,131,KG,US,US,WEGOVY,SEMAGLUTIDE,,"",PS,Dyspnoea,HO,2024Q4,Younger Adults (18–64),Others,≥100 kg,Missing,Missing,Hospitalization,Wegovy
24761399,1,83,YR,Male,,"",US,US,OZEMPIC,SEMAGLUTIDE,,"",PS,Deafness,OT,2024Q4,Older Adults (≥65),Others,Missing,Missing,Missing,Other serious outcome,Ozempic
24761474,1,55,YR,Female,70.65,KG,US,"",SEMAGLUTIDE,SEMAGLUTIDE,,"",PS,Vomiting,LT,2024Q4,Younger Adults (18–64),Gastro-Intestinal and Metabolic,<80 kg,Missing,Missing,Life-threatening,Semaglutide (Unspecified)
24765326,1,64,YR,Male,135,KG,US,"",SEMAGLUTIDE,SEMAGLUTIDE,0.5,MG,PS,Hypotension,HO,2024Q4,Younger Adults (18–64),Cardiovascular,≥100 kg,0.5–0.99 mg,Medium dose,Hospitalization,Semaglutide (Unspecified)
24765331,1,72,YR,Male,108,KG,US,"",SEMAGLUTIDE,SEMAGLUTIDE,0.5,MG,PS,Dyspnoea,HO,2024Q4,Older Adults (≥65),Others,≥100 kg,0.5–0.99 mg,Medium dose,Hospitalization,Semaglutide (Unspecified)
24765332,1,64,YR,Male,85,KG,US,"",SEMAGLUTIDE,SEMAGLUTIDE,1,MG,PS,Nausea,HO,2024Q4,Younger Adults (18–64),Gastro-Intestinal and Metabolic,80–99 kg,≥1 mg,High dose,Hospitalization,Semaglutide (Unspecified)
24765333,1,54,YR,Male,113,KG,US,"",SEMAGLUTIDE,SEMAGLUTIDE,1,MG,PS,Pancreatitis,HO,2024Q4,Younger Adults (18–64),Gastro-Intestinal and Metabolic,≥100 kg,≥1 mg,High dose,Hospitalization,Semaglutide (Unspecified)
24765334,1,56,YR,Male,100,KG,US,"",OZEMPIC,SEMAGLUTIDE,0.5,MG,PS,Pancreatitis,HO,2024Q4,Younger Adults (18–64),Gastro-Intestinal and Metabolic,≥100 kg,0.5–0.99 mg,Medium dose,Hospitalization,Ozempic
24766279,1,55,YR,Female,72.45,KG,US,"",WEGOVY,SEMAGLUTIDE,,"",PS,Hypersensitivity,OT,2024Q4,Younger Adults (18–64),Others,<80 kg,Missing,Missing,Other serious outcome,Wegovy
24766774,1,72,YR,Male,,"",US,US,OZEMPIC,SEMAGLUTIDE,2,MG,PS,Neuropathy peripheral,OT,2024Q4,Older Adults (≥65),Others,Missing,≥1 mg,High dose,Other serious outcome,Ozempic
24766778,1,58,YR,Female,,"",US,US,OZEMPIC,SEMAGLUTIDE,,"",PS,Spinal fusion surgery,HO,2024Q4,Younger Adults (18–64),Others,Missing,Missing,Missing,Hospitalization,Ozempic
24766781,1,51,YR,Female,,"",US,US,OZEMPIC,SEMAGLUTIDE,2,MG,PS,Gastroenteritis,HO,2024Q4,Younger Adults (18–64),Others,Missing,≥1 mg,High dose,Hospitalization,Ozempic
24767570,1,81,YR,Female,,"",US,US,OZEMPIC,SEMAGLUTIDE,0.25,MG,PS,Clostridium difficile infection,HO,2024Q4,Older Adults (≥65),Others,Missing,<0.5 mg,Low dose,Hospitalization,Ozempic
24767596,1,58,YR,Female,60.75,KG,US,"",SEMAGLUTIDE,SEMAGLUTIDE,,"",PS,Contraindicated product administered,HO,2024Q4,Younger Adults (18–64),Others,<80 kg,Missing,Missing,Hospitalization,Semaglutide (Unspecified)
24768045,1,45,YR,Female,,"",US,US,OZEMPIC,SEMAGLUTIDE,0.5,MG,PS,Weight decreased,HO,2024Q4,Younger Adults (18–64),Gastro-Intestinal and Metabolic,Missing,0.5–0.99 mg,Medium dose,Hospitalization,Ozempic
24768198,1,67,YR,Female,81.6,KG,US,"",SEMAGLUTIDE,SEMAGLUTIDE,,"",PS,Cholecystitis acute,HO,2024Q4,Older Adults (≥65),Others,80–99 kg,Missing,Missing,Hospitalization,Semaglutide (Unspecified)
24768527,1,62,YR,Male,87.982,KG,US,US,OZEMPIC,SEMAGLUTIDE,0.5,MG,PS,Nausea,OT,2024Q4,Younger Adults (18–64),Gastro-Intestinal and Metabolic,80–99 kg,0.5–0.99 mg,Medium dose,Other serious outcome,Ozempic
24768603,1,76,YR,Female,,"",US,US,OZEMPIC,SEMAGLUTIDE,1,MG,PS,Alopecia,HO,2024Q4,Older Adults (≥65),Others,Missing,≥1 mg,High dose,Hospitalization,Ozempic
24768613,1,68,YR,Female,,"",US,US,OZEMPIC,SEMAGLUTIDE,2,MG,PS,Bladder cancer,HO,2024Q4,Older Adults (≥65),Others,Missing,≥1 mg,High dose,Hospitalization,Ozempic
24768615,1,46,YR,Female,,"",US,US,WEGOVY,SEMAGLUTIDE,,"",PS,Papilloedema,OT,2024Q4,Younger Adults (18–64),Others,Missing,Missing,Missing,Other serious outcome,Wegovy
24768624,1,31,YR,Female,98.8,KG,US,US,OZEMPIC,SEMAGLUTIDE,1,MG,PS,Dehydration,HO,2024Q4,Younger Adults (18–64),Gastro-Intestinal and Metabolic,80–99 kg,≥1 mg,High dose,Hospitalization,Ozempic
24768625,1,38,YR,Female,81.64,KG,US,US,OZEMPIC,SEMAGLUTIDE,0.25,MG,PS,Impaired gastric emptying,HO,2024Q4,Younger Adults (18–64),Gastro-Intestinal and Metabolic,80–99 kg,<0.5 mg,Low dose,Hospitalization,Ozempic
24768631,1,40,YR,Male,129.7,KG,US,US,OZEMPIC,SEMAGLUTIDE,0.25,MG,PS,Nausea,HO,2024Q4,Younger Adults (18–64),Gastro-Intestinal and Metabolic,≥100 kg,<0.5 mg,Low dose,Hospitalization,Ozempic
24768639,1,39,YR,Female,117.4,KG,US,US,WEGOVY,SEMAGLUTIDE,1.7,MG,PS,Product use issue,HO,2024Q4,Younger Adults (18–64),Others,≥100 kg,≥1 mg,High dose,Hospitalization,Wegovy
24768704,1,66,YR,Female,82.5,KG,US,US,OZEMPIC,SEMAGLUTIDE,0.25,MG,PS,Dyspepsia,HO,2024Q4,Older Adults (≥65),Gastro-Intestinal and Metabolic,80–99 kg,<0.5 mg,Low dose,Hospitalization,Ozempic
24768712,1,48,YR,Female,90.703,KG,US,US,OZEMPIC,SEMAGLUTIDE,0.25,MG,PS,Impaired gastric emptying,HO,2024Q4,Younger Adults (18–64),Gastro-Intestinal and Metabolic,80–99 kg,<0.5 mg,Low dose,Hospitalization,Ozempic
24768713,1,51,YR,Female,86.168,KG,US,US,OZEMPIC,SEMAGLUTIDE,0.5,MG,PS,Dehydration,HO,2024Q4,Younger Adults (18–64),Gastro-Intestinal and Metabolic,80–99 kg,0.5–0.99 mg,Medium dose,Hospitalization,Ozempic
24774569,1,78,YR,Female,,"",US,US,OZEMPIC,SEMAGLUTIDE,,"",PS,Knee operation,HO,2024Q4,Older Adults (≥65),Others,Missing,Missing,Missing,Hospitalization,Ozempic
24774572,1,58,YR,Male,,"",US,US,OZEMPIC,SEMAGLUTIDE,0.25,MG,PS,Prostate cancer,OT,2024Q4,Younger Adults (18–64),Others,Missing,<0.5 mg,Low dose,Other serious outcome,Ozempic
24774573,1,68,YR,Male,,"",US,US,WEGOVY,SEMAGLUTIDE,,"",PS,Pertussis,HO,2024Q4,Older Adults (≥65),Others,Missing,Missing,Missing,Hospitalization,Wegovy
24774597,1,71,YR,Female,,"",US,US,WEGOVY,SEMAGLUTIDE,1,MG,PS,Hyperhidrosis,OT,2024Q4,Older Adults (≥65),Others,Missing,≥1 mg,High dose,Other serious outcome,Wegovy
24774606,1,62,YR,Female,83.9,KG,US,US,OZEMPIC,SEMAGLUTIDE,0.5,MG,PS,Impaired gastric emptying,HO,2024Q4,Younger Adults (18–64),Gastro-Intestinal and Metabolic,80–99 kg,0.5–0.99 mg,Medium dose,Hospitalization,Ozempic
24774607,1,41,YR,Female,,"",US,US,OZEMPIC,SEMAGLUTIDE,0.25,MG,PS,Dehydration,OT,2024Q4,Younger Adults (18–64),Gastro-Intestinal and Metabolic,Missing,<0.5 mg,Low dose,Other serious outcome,Ozempic
24778259,1,78,YR,Female,,"",US,US,OZEMPIC,SEMAGLUTIDE,0.25,MG,PS,Hypotension,HO,2024Q4,Older Adults (≥65),Cardiovascular,Missing,<0.5 mg,Low dose,Hospitalization,Ozempic
24778260,1,66,YR,Male,,"",US,US,OZEMPIC,SEMAGLUTIDE,,"",PS,Euphoric mood,OT,2024Q4,Older Adults (≥65),Psychiatric-related,Missing,Missing,Missing,Other serious outcome,Ozempic
24778293,1,72,YR,Female,,"",US,US,OZEMPIC,SEMAGLUTIDE,,"",PS,Condition aggravated,OT,2024Q4,Older Adults (≥65),Others,Missing,Missing,Missing,Other serious outcome,Ozempic
24778315,1,85,YR,Female,,"",US,US,OZEMPIC,SEMAGLUTIDE,0.5,MG,PS,Pneumonia,OT,2024Q4,Older Adults (≥65),Others,Missing,0.5–0.99 mg,Medium dose,Other serious outcome,Ozempic
24778327,1,80,YR,Female,,"",US,US,OZEMPIC,SEMAGLUTIDE,,"",PS,Feeling hot,HO,2024Q4,Older Adults (≥65),Others,Missing,Missing,Missing,Hospitalization,Ozempic
24778328,1,42,YR,Male,,"",US,US,WEGOVY,SEMAGLUTIDE,0.25,MG,PS,Syncope,OT,2024Q4,Younger Adults (18–64),Cardiovascular,Missing,<0.5 mg,Low dose,Other serious outcome,Wegovy
24778873,1,52,YR,Female,115.65,KG,US,"",OZEMPIC,SEMAGLUTIDE,,"",PS,Thyroid calcification,DS,2024Q4,Younger Adults (18–64),Others,≥100 kg,Missing,Missing,Disability,Ozempic
24780055,1,32,YR,Female,90.703,KG,US,US,OZEMPIC,SEMAGLUTIDE,0.5,MG,PS,Nausea,HO,2024Q4,Younger Adults (18–64),Gastro-Intestinal and Metabolic,80–99 kg,0.5–0.99 mg,Medium dose,Hospitalization,Ozempic
24780058,1,60,YR,Female,81.633,KG,US,US,OZEMPIC,SEMAGLUTIDE,1,MG,PS,Product use issue,HO,2024Q4,Younger Adults (18–64),Others,80–99 kg,≥1 mg,High dose,Hospitalization,Ozempic
24780071,1,54,YR,Female,95.25,KG,US,US,OZEMPIC,SEMAGLUTIDE,1,MG,PS,Dyspepsia,HO,2024Q4,Younger Adults (18–64),Gastro-Intestinal and Metabolic,80–99 kg,≥1 mg,High dose,Hospitalization,Ozempic
24783214,1,39,YR,Female,,"",US,US,OZEMPIC,SEMAGLUTIDE,,"",PS,White blood cell count increased,HO,2024Q4,Younger Adults (18–64),Others,Missing,Missing,Missing,Hospitalization,Ozempic
24784105,1,43,YR,Female,77.85,KG,US,"",WEGOVY,SEMAGLUTIDE,,"",PS,Injury,OT,2024Q4,Younger Adults (18–64),Others,<80 kg,Missing,Missing,Other serious outcome,Wegovy
24785609,1,36,YR,Female,,"",US,"",SEMAGLUTIDE,SEMAGLUTIDE,,"",PS,Nausea,RI,2024Q4,Younger Adults (18–64),Gastro-Intestinal and Metabolic,Missing,Missing,Missing,Required intervention,Semaglutide (Unspecified)
24785610,1,58,YR,Male,95.4,KG,US,"",OZEMPIC,SEMAGLUTIDE,,"",PS,Eye infection,RI,2024Q4,Younger Adults (18–64),Others,80–99 kg,Missing,Missing,Required intervention,Ozempic
24785615,1,59,YR,Female,69.75,KG,US,"",SEMAGLUTIDE,SEMAGLUTIDE,,"",PS,Abdominal pain upper,DS,2024Q4,Younger Adults (18–64),Gastro-Intestinal and Metabolic,<80 kg,Missing,Missing,Disability,Semaglutide (Unspecified)
24786490,1,58,YR,Male,104,KG,US,US,OZEMPIC,SEMAGLUTIDE,0.5,MG,PS,Dehydration,HO,2024Q4,Younger Adults (18–64),Gastro-Intestinal and Metabolic,≥100 kg,0.5–0.99 mg,Medium dose,Hospitalization,Ozempic
24786499,1,41,YR,Male,,"",US,US,OZEMPIC,SEMAGLUTIDE,,"",PS,Device issue,OT,2024Q4,Younger Adults (18–64),Others,Missing,Missing,Missing,Other serious outcome,Ozempic
24786500,1,45,YR,Male,97.506,KG,US,US,OZEMPIC,SEMAGLUTIDE,0.5,MG,PS,Dyspepsia,HO,2024Q4,Younger Adults (18–64),Gastro-Intestinal and Metabolic,80–99 kg,0.5–0.99 mg,Medium dose,Hospitalization,Ozempic
24786501,1,51,YR,Female,100,KG,US,US,OZEMPIC,SEMAGLUTIDE,0.5,MG,PS,Dyspepsia,HO,2024Q4,Younger Adults (18–64),Gastro-Intestinal and Metabolic,≥100 kg,0.5–0.99 mg,Medium dose,Hospitalization,Ozempic
24786502,1,54,YR,Female,93.4,KG,US,US,OZEMPIC,SEMAGLUTIDE,0.5,MG,PS,Product use in unapproved indication,OT,2024Q4,Younger Adults (18–64),Others,80–99 kg,0.5–0.99 mg,Medium dose,Other serious outcome,Ozempic
24787864,1,68,YR,Female,,"",US,US,OZEMPIC,SEMAGLUTIDE,2,MG,PS,Diabetic ketoacidosis,HO,2024Q4,Older Adults (≥65),Gastro-Intestinal and Metabolic,Missing,≥1 mg,High dose,Hospitalization,Ozempic
24789713,1,66,YR,Female,125.1,KG,US,"",SEMAGLUTIDE,SEMAGLUTIDE,,"",PS,Blood pressure increased,RI,2024Q4,Older Adults (≥65),Others,≥100 kg,Missing,Missing,Required intervention,Semaglutide (Unspecified)
24789724,1,47,YR,Male,92.25,KG,US,"",SEMAGLUTIDE,SEMAGLUTIDE,,"",PS,Lupus-like syndrome,OT,2024Q4,Younger Adults (18–64),Others,80–99 kg,Missing,Missing,Other serious outcome,Semaglutide (Unspecified)
24789859,1,71,YR,Female,,"",US,US,OZEMPIC,SEMAGLUTIDE,0.25,MG,PS,Urinary tract infection,HO,2024Q4,Older Adults (≥65),Others,Missing,<0.5 mg,Low dose,Hospitalization,Ozempic
24789878,1,70,YR,Female,,"",US,US,OZEMPIC,SEMAGLUTIDE,0.5,MG,PS,Dehydration,HO,2024Q4,Older Adults (≥65),Gastro-Intestinal and Metabolic,Missing,0.5–0.99 mg,Medium dose,Hospitalization,Ozempic
24791219,1,72,YR,Male,,"",US,US,OZEMPIC,SEMAGLUTIDE,0.5,MG,PS,Visual impairment,OT,2024Q4,Older Adults (≥65),Others,Missing,0.5–0.99 mg,Medium dose,Other serious outcome,Ozempic
24791221,1,69,YR,Female,,"",US,US,OZEMPIC,SEMAGLUTIDE,0.5,MG,PS,Inflammatory bowel disease,OT,2024Q4,Older Adults (≥65),Others,Missing,0.5–0.99 mg,Medium dose,Other serious outcome,Ozempic
24791231,1,67,YR,Female,,"",US,US,OZEMPIC,SEMAGLUTIDE,,"",PS,Product after taste,OT,2024Q4,Older Adults (≥65),Others,Missing,Missing,Missing,Other serious outcome,Ozempic
24791234,1,22,YR,Female,,"",US,US,OZEMPIC,SEMAGLUTIDE,0.25,MG,PS,Rectal fissure,HO,2024Q4,Younger Adults (18–64),Others,Missing,<0.5 mg,Low dose,Hospitalization,Ozempic
24791237,1,55,YR,Male,,"",US,US,WEGOVY,SEMAGLUTIDE,,"",PS,Optic ischaemic neuropathy,OT,2024Q4,Younger Adults (18–64),Others,Missing,Missing,Missing,Other serious outcome,Wegovy
24791243,1,72,YR,Female,,"",US,US,OZEMPIC,SEMAGLUTIDE,1,MG,PS,Parkinson's disease,OT,2024Q4,Older Adults (≥65),Others,Missing,≥1 mg,High dose,Other serious outcome,Ozempic
24791245,1,59,YR,Female,,"",US,US,OZEMPIC,SEMAGLUTIDE,,"",PS,Optic ischaemic neuropathy,OT,2024Q4,Younger Adults (18–64),Others,Missing,Missing,Missing,Other serious outcome,Ozempic
24791394,1,74,YR,Female,,"",US,US,OZEMPIC,SEMAGLUTIDE,2,MG,PS,Neck mass,OT,2024Q4,Older Adults (≥65),Others,Missing,≥1 mg,High dose,Other serious outcome,Ozempic
24794642,1,77,YR,Male,,"",US,US,WEGOVY,SEMAGLUTIDE,0.25,MG,PS,Mouth swelling,OT,2024Q4,Older Adults (≥65),Others,Missing,<0.5 mg,Low dose,Other serious outcome,Wegovy
24794663,1,57,YR,Female,107.1,KG,US,"",WEGOVY,SEMAGLUTIDE,,"",PS,Abdominal pain upper,LT,2024Q4,Younger Adults (18–64),Gastro-Intestinal and Metabolic,≥100 kg,Missing,Missing,Life-threatening,Wegovy
24794668,1,78,YR,Female,,"",US,US,OZEMPIC,SEMAGLUTIDE,,"",PS,Fall,HO,2024Q4,Older Adults (≥65),Others,Missing,Missing,Missing,Hospitalization,Ozempic
24794673,1,70,YR,Male,,"",US,US,WEGOVY,SEMAGLUTIDE,0.25,MG,PS,Surgery,OT,2024Q4,Older Adults (≥65),Others,Missing,<0.5 mg,Low dose,Other serious outcome,Wegovy
