caseid,caseversion,age,age_cod,sex,wt,wt_cod,reporter_country,occr_country,drugname,prod_ai,dose_amt,dose_unit,role_cod,pt,outc_cod,quarter,age_group
15732357,2,55,YR,F,,"",US,US,OZEMPIC,SEMAGLUTIDE,0.25,MG,PS,Diplopia,,2024Q3,Younger Adults (18–64)
16574315,3,71,YR,F,,"",US,US,OZEMPIC,SEMAGLUTIDE,0.25,MG,PS,Asthenia,,2024Q3,Older Adults (≥65)
16574329,2,76,YR,F,,"",US,US,OZEMPIC,SEMAGLUTIDE,0.25,MG,PS,Blood glucose increased,,2024Q3,Older Adults (≥65)
17311946,2,66,YR,M,,"",US,US,OZEMPIC,SEMAGLUTIDE,0.25,MG,PS,Constipation,,2024Q3,Older Adults (≥65)
17312023,2,66,YR,F,71.202,KG,US,US,OZEMPIC,SEMAGLUTIDE,0.25,MG,PS,Urethritis,,2024Q3,Older Adults (≥65)
17312261,2,63,YR,F,,"",US,US,OZEMPIC,SEMAGLUTIDE,0.25,MG,PS,Blood pressure increased,,2024Q3,Younger Adults (18–64)
17649642,2,57,YR,F,,"",US,US,RYBELSUS,SEMAGLUTIDE,3,MG,PS,Oral mucosal blistering,,2024Q3,Younger Adults (18–64)
17947404,2,67,YR,M,,"",US,US,OZEMPIC,SEMAGLUTIDE,0.5,MG,PS,Off label use,,2024Q3,Older Adults (≥65)
17947504,2,63,YR,M,,"",US,US,OZEMPIC,SEMAGLUTIDE,0.25,MG,PS,Abdominal discomfort,,2024Q3,Younger Adults (18–64)
17948029,2,80,YR,M,,"",US,US,OZEMPIC,SEMAGLUTIDE,0.25,MG,PS,Cyst,,2024Q3,Older Adults (≥65)
17948216,3,76,YR,F,,"",US,US,OZEMPIC,SEMAGLUTIDE,0.5,MG,PS,Malaise,,2024Q3,Older Adults (≥65)
17948731,2,29,YR,F,,"",US,US,OZEMPIC,SEMAGLUTIDE,,"",PS,Platelet count decreased,,2024Q3,Younger Adults (18–64)
17986176,2,52,YR,F,,"",US,US,RYBELSUS,SEMAGLUTIDE,7,MG,PS,Skin burning sensation,,2024Q3,Younger Adults (18–64)
18718959,2,70,YR,F,,"",US,US,RYBELSUS,SEMAGLUTIDE,3,MG,PS,Chromaturia,,2024Q3,Older Adults (≥65)
18743329,2,83,YR,M,,"",US,US,OZEMPIC,SEMAGLUTIDE,1,MG,PS,Gastrointestinal disorder,,2024Q3,Older Adults (≥65)
18743725,3,81,YR,F,,"",US,US,OZEMPIC,SEMAGLUTIDE,0.25,MG,PS,Device malfunction,,2024Q3,Older Adults (≥65)
19567777,3,69,YR,M,,"",US,US,RYBELSUS,SEMAGLUTIDE,,"",PS,Product complaint,,2024Q3,Older Adults (≥65)
19567878,2,74,YR,F,,"",US,US,RYBELSUS,SEMAGLUTIDE,7,MG,PS,Blood glucose increased,,2024Q3,Older Adults (≥65)
19567994,2,75,YR,M,,"",US,US,RYBELSUS,SEMAGLUTIDE,7,MG,PS,Nausea,,2024Q3,Older Adults (≥65)
19568277,2,81,YR,M,,"",US,US,RYBELSUS,SEMAGLUTIDE,,"",PS,Inappropriate schedule of product administration,,2024Q3,Older Adults (≥65)
19579049,2,56,YR,M,,"",US,US,OZEMPIC,SEMAGLUTIDE,0.5,MG,PS,Decreased appetite,,2024Q3,Younger Adults (18–64)
19579794,2,56,YR,F,,"",US,US,OZEMPIC,SEMAGLUTIDE,0.5,MG,PS,Injection site pain,,2024Q3,Younger Adults (18–64)
20323221,2,54,YR,F,,"",US,US,RYBELSUS,SEMAGLUTIDE,14,MG,PS,Headache,,2024Q3,Younger Adults (18–64)
20357818,3,69,YR,F,,"",US,US,OZEMPIC,SEMAGLUTIDE,1,MG,PS,Memory impairment,,2024Q3,Older Adults (≥65)
20358058,2,83,YR,F,,"",US,US,OZEMPIC,SEMAGLUTIDE,1,MG,PS,Abnormal loss of weight,,2024Q3,Older Adults (≥65)
20358780,2,41,YR,F,,"",US,US,OZEMPIC,SEMAGLUTIDE,0.5,MG,PS,Urticaria,,2024Q3,Younger Adults (18–64)
20621744,2,32,YR,F,,"",US,US,WEGOVY,SEMAGLUTIDE,0.25,MG,PS,Device leakage,,2024Q3,Younger Adults (18–64)
20622061,5,75,YR,F,,"",US,US,WEGOVY,SEMAGLUTIDE,0.25,MG,PS,Increased appetite,,2024Q3,Older Adults (≥65)
21031379,2,76,YR,F,,"",US,US,OZEMPIC,SEMAGLUTIDE,0.25,MG,PS,Thrombosis,HO,2024Q4,Older Adults (≥65)
21071864,6,72,YR,M,,"",US,US,RYBELSUS,SEMAGLUTIDE,,"",PS,Headache,,2024Q3,Older Adults (≥65)
21071866,2,51,YR,F,,"",US,US,RYBELSUS,SEMAGLUTIDE,,"",PS,Nausea,,2024Q3,Younger Adults (18–64)
21149052,2,59,YR,F,,"",US,US,OZEMPIC,SEMAGLUTIDE,,"",PS,Malabsorption,,2024Q3,Younger Adults (18–64)
21149264,2,81,YR,F,,"",US,US,OZEMPIC,SEMAGLUTIDE,0.5,MG,PS,Off label use,,2024Q3,Older Adults (≥65)
21150240,2,71,YR,M,,"",US,US,OZEMPIC,SEMAGLUTIDE,,"",PS,Headache,,2024Q3,Older Adults (≥65)
21150332,2,62,YR,F,,"",US,US,OZEMPIC,SEMAGLUTIDE,,"",PS,Product use in unapproved indication,,2024Q3,Younger Adults (18–64)
21150557,4,51,YR,F,,"",US,US,OZEMPIC,SEMAGLUTIDE,0.25,MG,PS,Taste disorder,,2024Q3,Younger Adults (18–64)
21150694,2,60,YR,F,,"",US,US,OZEMPIC,SEMAGLUTIDE,,"",PS,Brain fog,,2024Q3,Younger Adults (18–64)
21199652,4,61,YR,F,,"",US,US,WEGOVY,SEMAGLUTIDE,0.5,MG,PS,Spinal operation,HO,2024Q2,Younger Adults (18–64)
21654592,2,56,YR,F,,"",US,US,OZEMPIC,SEMAGLUTIDE,,"",PS,Product use in unapproved indication,OT,2024Q3,Younger Adults (18–64)
21670942,5,52,YR,M,,"",US,US,OZEMPIC,SEMAGLUTIDE,,"",PS,Psychotic behaviour,OT,2024Q1,Younger Adults (18–64)
21851120,2,56,YR,F,,"",US,US,WEGOVY,SEMAGLUTIDE,,"",PS,Hip arthroplasty,HO,2024Q1,Younger Adults (18–64)
21860745,2,55,YR,F,,"",US,US,WEGOVY,SEMAGLUTIDE,,"",PS,Wrong dose,,2024Q3,Younger Adults (18–64)
21860775,3,64,YR,F,,"",US,US,WEGOVY,SEMAGLUTIDE,,"",PS,Headache,,2024Q3,Younger Adults (18–64)
21860846,2,39,YR,F,,"",US,US,WEGOVY,SEMAGLUTIDE,2.4,MG,PS,Decreased appetite,,2024Q3,Younger Adults (18–64)
21873870,2,74,YR,F,,"",US,US,RYBELSUS,SEMAGLUTIDE,,"",PS,Asthenia,,2024Q3,Older Adults (≥65)
21873959,2,59,YR,F,,"",US,US,RYBELSUS,SEMAGLUTIDE,,"",PS,Abdominal distension,,2024Q3,Younger Adults (18–64)
21899564,2,71,YR,F,,"",US,US,OZEMPIC,SEMAGLUTIDE,,"",PS,Off label use,,2024Q3,Older Adults (≥65)
21899999,2,58,YR,F,,"",US,US,OZEMPIC,SEMAGLUTIDE,0.5,MG,PS,Decreased appetite,,2024Q3,Younger Adults (18–64)
21900471,2,71,YR,F,,"",US,US,OZEMPIC,SEMAGLUTIDE,,"",PS,Palpitations,,2024Q3,Older Adults (≥65)
21900604,2,56,YR,F,,"",US,US,OZEMPIC,SEMAGLUTIDE,,"",PS,Product storage error,,2024Q3,Younger Adults (18–64)
21900731,2,75,YR,M,,"",US,US,OZEMPIC,SEMAGLUTIDE,,"",PS,Off label use,,2024Q3,Older Adults (≥65)
21900845,2,63,YR,F,,"",US,US,OZEMPIC,SEMAGLUTIDE,,"",PS,Abdominal distension,,2024Q3,Younger Adults (18–64)
21900859,2,68,YR,M,,"",US,US,OZEMPIC,SEMAGLUTIDE,0.5,MG,PS,Disturbance in attention,,2024Q3,Older Adults (≥65)
21901001,3,32,YR,F,,"",US,US,OZEMPIC,SEMAGLUTIDE,,"",PS,Panic attack,,2024Q1,Younger Adults (18–64)
21901212,2,74,YR,F,,"",US,US,OZEMPIC,SEMAGLUTIDE,2,MG,PS,Feeling hot,,2024Q1,Older Adults (≥65)
21906719,2,75,YR,F,,"",US,US,OZEMPIC,SEMAGLUTIDE,0.5,MG,PS,Blood zinc decreased,OT,2024Q1,Older Adults (≥65)
21949999,4,71,YR,F,,"",US,US,OZEMPIC,SEMAGLUTIDE,,"",PS,Fall,OT,2024Q1,Older Adults (≥65)
21970447,3,54,YR,F,329,KG,US,US,WEGOVY,SEMAGLUTIDE,0.25,MG,PS,Upper respiratory tract infection,HO,2024Q3,Younger Adults (18–64)
22118132,2,72,YR,F,,"",US,US,OZEMPIC,SEMAGLUTIDE,0.5,MG,PS,Abnormal loss of weight,HO,2024Q1,Older Adults (≥65)
22220697,2,68,YR,F,,"",US,US,OZEMPIC,SEMAGLUTIDE,0.25,MG,PS,Abdominal pain,DS,2024Q4,Older Adults (≥65)
22318079,4,35,YR,F,97.959,KG,US,US,WEGOVY,SEMAGLUTIDE,0.5,MG,PS,Maternal exposure during pregnancy,OT,2024Q1,Younger Adults (18–64)
22329037,3,58,YR,F,123,KG,US,US,OZEMPIC,SEMAGLUTIDE,0.5,MG,PS,Asthenia,HO,2024Q3,Younger Adults (18–64)
22356109,6,68,YR,M,,"",US,US,OZEMPIC,SEMAGLUTIDE,1,MG,PS,Anginal equivalent,LT,2024Q1,Older Adults (≥65)
22377192,2,70,YR,M,,"",US,US,OZEMPIC,SEMAGLUTIDE,,"",PS,Abdominal pain,OT,2024Q1,Older Adults (≥65)
22391283,3,38,YR,F,,"",US,US,WEGOVY,SEMAGLUTIDE,,"",PS,Product physical issue,OT,2024Q1,Younger Adults (18–64)
22586973,2,74,YR,F,,"",US,US,OZEMPIC,SEMAGLUTIDE,0.5,MG,PS,White blood cell count increased,HO,2024Q1,Older Adults (≥65)
22593161,4,72,YR,M,,"",US,US,OZEMPIC,SEMAGLUTIDE,1,MG,PS,Presyncope,HO,2024Q1,Older Adults (≥65)
22607507,2,38,YR,F,,"",US,US,WEGOVY,SEMAGLUTIDE,,"",PS,Death,DE,2024Q1,Younger Adults (18–64)
22638744,3,76,YR,F,77.7,KG,US,US,OZEMPIC,SEMAGLUTIDE,,"",PS,Diabetic glaucoma,OT,2024Q1,Older Adults (≥65)
22660481,3,56,YR,M,110.66,KG,US,US,OZEMPIC,SEMAGLUTIDE,,"",PS,Vomiting,HO,2024Q1,Younger Adults (18–64)
22660535,3,66,YR,F,,"",US,US,SEMAGLUTIDE,SEMAGLUTIDE,0.5,MG,PS,Syncope,HO,2024Q1,Older Adults (≥65)
22663539,2,59,YR,M,,"",US,US,OZEMPIC,SEMAGLUTIDE,0.25,MG,PS,Hypoacusis,OT,2024Q1,Younger Adults (18–64)
22670504,2,37,YR,,,"",US,US,OZEMPIC,SEMAGLUTIDE,,"",PS,Cardiac failure,OT,2024Q2,Younger Adults (18–64)
22675640,6,69,YR,F,,"",US,US,OZEMPIC,SEMAGLUTIDE,,"",PS,Nightmare,HO,2024Q3,Older Adults (≥65)
22675647,2,61,YR,F,,"",US,US,OZEMPIC,SEMAGLUTIDE,,"",PS,Weight increased,OT,2024Q1,Younger Adults (18–64)
22699469,2,75,YR,F,,"",US,US,OZEMPIC,SEMAGLUTIDE,2,MG,PS,Myocardial infarction,HO,2024Q4,Older Adults (≥65)
22703110,2,52,YR,F,,"",US,US,RYBELSUS,SEMAGLUTIDE,,"",PS,Muscle spasms,,2024Q3,Younger Adults (18–64)
22703160,2,74,YR,M,,"",US,US,RYBELSUS,SEMAGLUTIDE,,"",PS,Headache,,2024Q3,Older Adults (≥65)
22703164,4,75,YR,F,,"",US,US,RYBELSUS,SEMAGLUTIDE,,"",PS,Urinary incontinence,,2024Q1,Older Adults (≥65)
22703167,2,75,YR,M,,"",US,US,RYBELSUS,SEMAGLUTIDE,,"",PS,Dysphagia,,2024Q1,Older Adults (≥65)
22703168,4,63,YR,F,,"",US,US,RYBELSUS,SEMAGLUTIDE,,"",PS,Abdominal distension,,2024Q1,Younger Adults (18–64)
22703204,2,81,YR,F,56.699,KG,US,US,RYBELSUS,SEMAGLUTIDE,,"",PS,Weight decreased,,2024Q1,Older Adults (≥65)
22703257,2,61,YR,F,,"",US,US,RYBELSUS,SEMAGLUTIDE,,"",PS,Vomiting,,2024Q1,Younger Adults (18–64)
22703306,2,69,YR,M,,"",US,US,RYBELSUS,SEMAGLUTIDE,,"",PS,Diarrhoea,,2024Q1,Older Adults (≥65)
22703314,2,87,YR,M,,"",US,US,RYBELSUS,SEMAGLUTIDE,,"",PS,Diarrhoea,,2024Q1,Older Adults (≥65)
22731187,2,67,YR,M,122.46,KG,US,US,OZEMPIC,SEMAGLUTIDE,1,MG,PS,Anaphylactic shock,OT,2024Q1,Older Adults (≥65)
22731372,2,62,YR,M,,"",US,US,OZEMPIC,SEMAGLUTIDE,,"",PS,Blood glucose decreased,,2024Q1,Younger Adults (18–64)
22731405,2,67,YR,M,,"",US,US,OZEMPIC,SEMAGLUTIDE,,"",PS,Product quality issue,,2024Q1,Older Adults (≥65)
22731510,2,67,YR,F,,"",US,US,OZEMPIC,SEMAGLUTIDE,,"",PS,Corrective lens user,,2024Q3,Older Adults (≥65)
22731511,2,84,YR,M,,"",US,US,OZEMPIC,SEMAGLUTIDE,,"",PS,Pain of skin,,2024Q1,Older Adults (≥65)
22731532,2,55,YR,M,,"",US,US,OZEMPIC,SEMAGLUTIDE,,"",PS,Eructation,,2024Q1,Younger Adults (18–64)
22731555,2,69,YR,F,,"",US,US,OZEMPIC,SEMAGLUTIDE,2,MG,PS,Weight increased,,2024Q3,Older Adults (≥65)
22731576,2,75,YR,F,,"",US,US,OZEMPIC,SEMAGLUTIDE,,"",PS,Weight loss poor,,2024Q3,Older Adults (≥65)
22731577,2,74,YR,F,,"",US,US,OZEMPIC,SEMAGLUTIDE,0.25,MG,PS,Off label use,,2024Q3,Older Adults (≥65)
22731666,2,55,YR,,,"",US,US,OZEMPIC,SEMAGLUTIDE,0.5,MG,PS,Neuropathy peripheral,,2024Q3,Younger Adults (18–64)
22731730,2,48,YR,F,,"",US,US,OZEMPIC,SEMAGLUTIDE,0.5,MG,PS,Rash,,2024Q1,Younger Adults (18–64)
22731732,2,67,YR,F,,"",US,US,OZEMPIC,SEMAGLUTIDE,0.5,MG,PS,Nausea,,2024Q1,Older Adults (≥65)
22731734,2,64,YR,F,,"",US,US,OZEMPIC,SEMAGLUTIDE,,"",PS,Rash erythematous,,2024Q1,Younger Adults (18–64)
22731737,2,40,YR,F,,"",US,US,OZEMPIC,SEMAGLUTIDE,,"",PS,Alopecia,,2024Q1,Younger Adults (18–64)
22731783,2,68,YR,F,,"",US,US,OZEMPIC,SEMAGLUTIDE,0.5,MG,PS,Mood swings,,2024Q1,Older Adults (≥65)
22731804,2,75,YR,F,,"",US,US,OZEMPIC,SEMAGLUTIDE,0.25,MG,PS,Flatulence,,2024Q3,Older Adults (≥65)
22731811,2,69,YR,M,,"",US,US,OZEMPIC,SEMAGLUTIDE,,"",PS,Wrong technique in product usage process,,2024Q1,Older Adults (≥65)
22731836,3,69,YR,F,,"",US,US,OZEMPIC,SEMAGLUTIDE,,"",PS,Skin irritation,,2024Q3,Older Adults (≥65)
22731901,2,64,YR,F,,"",US,US,OZEMPIC,SEMAGLUTIDE,,"",PS,Abdominal pain,,2024Q1,Younger Adults (18–64)
22731973,2,69,YR,F,,"",US,US,OZEMPIC,SEMAGLUTIDE,,"",PS,Injury associated with device,,2024Q1,Older Adults (≥65)
22732013,2,70,YR,F,,"",US,US,OZEMPIC,SEMAGLUTIDE,0.5,MG,PS,Skin discolouration,,2024Q1,Older Adults (≥65)
22732017,2,67,YR,F,,"",US,US,OZEMPIC,SEMAGLUTIDE,0.5,MG,PS,Gastrointestinal pain,,2024Q3,Older Adults (≥65)
22732021,3,78,YR,M,,"",US,US,OZEMPIC,SEMAGLUTIDE,,"",PS,Pain,,2024Q3,Older Adults (≥65)
22732178,2,56,YR,F,70.295,KG,US,US,OZEMPIC,SEMAGLUTIDE,0.25,MG,PS,Product label confusion,OT,2024Q1,Younger Adults (18–64)
22732190,2,67,YR,M,,"",US,US,OZEMPIC,SEMAGLUTIDE,,"",PS,Nausea,,2024Q1,Older Adults (≥65)
22732201,2,72,YR,F,124,KG,US,US,OZEMPIC,SEMAGLUTIDE,0.5,MG,PS,Dyspepsia,OT,2024Q3,Older Adults (≥65)
22732218,2,54,YR,F,,"",US,US,OZEMPIC,SEMAGLUTIDE,0.5,MG,PS,Blood glucose increased,,2024Q1,Younger Adults (18–64)
22732229,2,72,YR,F,,"",US,US,OZEMPIC,SEMAGLUTIDE,,"",PS,Vomiting,,2024Q3,Older Adults (≥65)
22732247,2,67,YR,M,,"",US,US,OZEMPIC,SEMAGLUTIDE,,"",PS,Retching,,2024Q1,Older Adults (≥65)
22732312,2,71,YR,M,,"",US,US,OZEMPIC,SEMAGLUTIDE,,"",PS,Night sweats,,2024Q3,Older Adults (≥65)
22732383,2,44,YR,,,"",US,US,OZEMPIC,SEMAGLUTIDE,,"",PS,Breast pain,,2024Q1,Younger Adults (18–64)
22732438,2,71,YR,F,,"",US,US,OZEMPIC,SEMAGLUTIDE,,"",PS,Hunger,,2024Q1,Older Adults (≥65)
22732450,2,62,YR,M,,"",US,US,OZEMPIC,SEMAGLUTIDE,,"",PS,Back pain,,2024Q1,Younger Adults (18–64)
22732690,2,72,YR,M,,"",US,US,OZEMPIC,SEMAGLUTIDE,,"",PS,Dyspepsia,,2024Q1,Older Adults (≥65)
22732934,2,60,YR,F,,"",US,US,OZEMPIC,SEMAGLUTIDE,,"",PS,Pancreatitis,OT,2024Q1,Younger Adults (18–64)
22732957,2,60,YR,F,,"",US,US,OZEMPIC,SEMAGLUTIDE,,"",PS,Nasopharyngitis,,2024Q1,Younger Adults (18–64)
22732964,2,52,YR,F,,"",US,US,OZEMPIC,SEMAGLUTIDE,,"",PS,Nausea,,2024Q1,Younger Adults (18–64)
22732982,2,72,YR,M,,"",US,US,OZEMPIC,SEMAGLUTIDE,,"",PS,Off label use,,2024Q3,Older Adults (≥65)
22732998,2,75,YR,F,,"",US,US,OZEMPIC,SEMAGLUTIDE,,"",PS,Off label use,,2024Q1,Older Adults (≥65)
22733002,5,76,YR,F,,"",US,US,OZEMPIC,SEMAGLUTIDE,,"",PS,Taste disorder,,2024Q3,Older Adults (≥65)
22733128,2,70,YR,M,,"",US,US,OZEMPIC,SEMAGLUTIDE,,"",PS,Appetite disorder,,2024Q1,Older Adults (≥65)
22733283,2,79,YR,F,,"",US,US,OZEMPIC,SEMAGLUTIDE,,"",PS,Sensitive skin,,2024Q1,Older Adults (≥65)
22733292,2,73,YR,F,,"",US,US,OZEMPIC,SEMAGLUTIDE,,"",PS,Alopecia,,2024Q1,Older Adults (≥65)
22733310,2,50,YR,F,102.96,KG,US,US,OZEMPIC,SEMAGLUTIDE,,"",PS,Anaphylactic reaction,OT,2024Q1,Younger Adults (18–64)
22733312,2,58,YR,,,"",US,US,OZEMPIC,SEMAGLUTIDE,,"",PS,Constipation,,2024Q1,Younger Adults (18–64)
22733315,2,68,YR,M,,"",US,US,OZEMPIC,SEMAGLUTIDE,1,MG,PS,Off label use,,2024Q1,Older Adults (≥65)
22733363,3,66,YR,F,,"",US,US,OZEMPIC,SEMAGLUTIDE,,"",PS,Off label use,,2024Q3,Older Adults (≥65)
22733374,2,64,YR,F,,"",US,US,OZEMPIC,SEMAGLUTIDE,0.25,MG,PS,Hunger,,2024Q1,Younger Adults (18–64)
22733386,4,70,YR,M,,"",US,US,OZEMPIC,SEMAGLUTIDE,,"",PS,Vomiting,,2024Q3,Older Adults (≥65)
22733396,2,59,YR,,,"",US,US,OZEMPIC,SEMAGLUTIDE,0.5,MG,PS,Wrong technique in product usage process,,2024Q3,Younger Adults (18–64)
22733474,2,70,YR,M,,"",US,US,OZEMPIC,SEMAGLUTIDE,,"",PS,Wrong technique in product usage process,,2024Q1,Older Adults (≥65)
22733504,2,72,YR,F,,"",US,US,OZEMPIC,SEMAGLUTIDE,1,MG,PS,Biliary colic,,2024Q1,Older Adults (≥65)
22733505,2,56,YR,F,,"",US,US,OZEMPIC,SEMAGLUTIDE,,"",PS,Vision blurred,,2024Q1,Younger Adults (18–64)
22733518,2,45,YR,F,,"",US,US,OZEMPIC,SEMAGLUTIDE,,"",PS,Weight decreased,,2024Q1,Younger Adults (18–64)
22733526,2,68,YR,M,,"",US,US,OZEMPIC,SEMAGLUTIDE,,"",PS,Anxiety,,2024Q1,Older Adults (≥65)
22733529,2,71,YR,F,,"",US,US,OZEMPIC,SEMAGLUTIDE,2,MG,PS,Chills,,2024Q3,Older Adults (≥65)
22733554,2,73,YR,M,,"",US,US,OZEMPIC,SEMAGLUTIDE,,"",PS,Tremor,,2024Q1,Older Adults (≥65)
22733559,2,65,YR,F,,"",US,US,OZEMPIC,SEMAGLUTIDE,,"",PS,Visual impairment,,2024Q3,Older Adults (≥65)
22733599,2,60,YR,F,,"",US,US,OZEMPIC,SEMAGLUTIDE,,"",PS,Dry mouth,,2024Q1,Younger Adults (18–64)
22738612,3,46,YR,M,,"",US,US,WEGOVY,SEMAGLUTIDE,,"",PS,Hepatomegaly,,2024Q3,Younger Adults (18–64)
22738714,2,50,YR,F,,"",US,US,WEGOVY,SEMAGLUTIDE,0.25,MG,PS,Injection site reaction,,2024Q1,Younger Adults (18–64)
22738740,2,63,YR,F,,"",US,US,WEGOVY,SEMAGLUTIDE,,"",PS,Weight decreased,,2024Q1,Younger Adults (18–64)
22738746,2,44,YR,F,,"",US,US,WEGOVY,SEMAGLUTIDE,1,MG,PS,Allodynia,,2024Q3,Younger Adults (18–64)
22738749,2,27,YR,F,,"",US,US,WEGOVY,SEMAGLUTIDE,0.25,MG,PS,Heavy menstrual bleeding,,2024Q1,Younger Adults (18–64)
22738772,2,48,YR,F,,"",US,US,WEGOVY,SEMAGLUTIDE,,"",PS,Vaginal haemorrhage,,2024Q1,Younger Adults (18–64)
22738775,2,73,YR,M,78.458,KG,US,US,WEGOVY,SEMAGLUTIDE,,"",PS,Vomiting,HO,2024Q1,Older Adults (≥65)
22738785,2,32,YR,F,,"",US,US,WEGOVY,SEMAGLUTIDE,,"",PS,Diarrhoea,,2024Q1,Younger Adults (18–64)
22738789,2,68,YR,F,,"",US,US,WEGOVY,SEMAGLUTIDE,,"",PS,Constipation,,2024Q1,Older Adults (≥65)
22738790,2,49,YR,F,,"",US,US,WEGOVY,SEMAGLUTIDE,2.4,MG,PS,Muscle strain,,2024Q3,Younger Adults (18–64)
22738809,2,60,YR,F,,"",US,US,WEGOVY,SEMAGLUTIDE,0.25,MG,PS,Weight loss poor,,2024Q1,Younger Adults (18–64)
22738812,2,67,YR,F,,"",US,US,WEGOVY,SEMAGLUTIDE,1,MG,PS,Chills,,2024Q1,Older Adults (≥65)
22738818,2,45,YR,F,,"",US,US,WEGOVY,SEMAGLUTIDE,,"",PS,Paraesthesia oral,,2024Q3,Younger Adults (18–64)
22738819,2,31,YR,F,,"",US,US,WEGOVY,SEMAGLUTIDE,,"",PS,Abdominal pain upper,,2024Q3,Younger Adults (18–64)
22738849,2,45,YR,F,,"",US,US,WEGOVY,SEMAGLUTIDE,0.5,MG,PS,Injection site pain,,2024Q1,Younger Adults (18–64)
22738856,2,53,YR,F,,"",US,US,WEGOVY,SEMAGLUTIDE,,"",PS,Injection site discharge,,2024Q3,Younger Adults (18–64)
22738873,3,52,YR,F,,"",US,US,WEGOVY,SEMAGLUTIDE,,"",PS,Wrong technique in product usage process,,2024Q1,Younger Adults (18–64)
22738900,2,77,YR,F,,"",US,US,WEGOVY,SEMAGLUTIDE,,"",PS,Anaphylactic reaction,OT,2024Q1,Older Adults (≥65)
22738906,2,39,YR,F,,"",US,US,WEGOVY,SEMAGLUTIDE,,"",PS,Allodynia,,2024Q1,Younger Adults (18–64)
22738916,3,58,YR,M,,"",US,US,WEGOVY,SEMAGLUTIDE,2.4,MG,PS,Skin irritation,,2024Q3,Younger Adults (18–64)
22738948,4,57,YR,F,,"",US,US,WEGOVY,SEMAGLUTIDE,,"",PS,Diarrhoea,,2024Q1,Younger Adults (18–64)
22738963,2,42,YR,F,,"",US,US,WEGOVY,SEMAGLUTIDE,0.5,MG,PS,Device mechanical issue,,2024Q1,Younger Adults (18–64)
22738967,4,52,YR,F,,"",US,US,WEGOVY,SEMAGLUTIDE,,"",PS,Injection site bruising,,2024Q1,Younger Adults (18–64)
22738969,2,47,YR,F,,"",US,US,WEGOVY,SEMAGLUTIDE,0.25,MG,PS,Visual impairment,,2024Q1,Younger Adults (18–64)
22738997,2,57,YR,F,,"",US,US,WEGOVY,SEMAGLUTIDE,,"",PS,Weight loss poor,,2024Q1,Younger Adults (18–64)
22739055,2,41,YR,M,,"",US,US,WEGOVY,SEMAGLUTIDE,,"",PS,Injection site bruising,,2024Q1,Younger Adults (18–64)
22739058,2,55,YR,F,,"",US,US,WEGOVY,SEMAGLUTIDE,,"",PS,Depression,,2024Q1,Younger Adults (18–64)
22739073,4,62,YR,F,,"",US,US,WEGOVY,SEMAGLUTIDE,,"",PS,Rash,,2024Q1,Younger Adults (18–64)
22739090,2,48,YR,F,,"",US,US,WEGOVY,SEMAGLUTIDE,0.25,MG,PS,Injection site discharge,,2024Q3,Younger Adults (18–64)
22774972,2,62,YR,M,,"",US,US,OZEMPIC,SEMAGLUTIDE,,"",PS,Dyspepsia,HO,2024Q2,Younger Adults (18–64)
22780202,2,59,YR,M,,"",US,US,OZEMPIC,SEMAGLUTIDE,0.25,MG,PS,Product storage error,HO,2024Q2,Younger Adults (18–64)
22786065,2,79,YR,F,,"",US,US,RYBELSUS,SEMAGLUTIDE,,"",PS,Weight decreased,HO,2024Q2,Older Adults (≥65)
22801599,2,92,YR,M,,"",US,US,OZEMPIC,SEMAGLUTIDE,,"",PS,Loss of consciousness,OT,2024Q2,Older Adults (≥65)
22825293,6,66,YR,M,173.85,KG,US,US,OZEMPIC,SEMAGLUTIDE,0.5,MG,PS,Inappropriate schedule of product administration,HO,2024Q2,Older Adults (≥65)
22846799,2,56,YR,F,,"",US,US,OZEMPIC,SEMAGLUTIDE,2,MG,PS,Hospitalisation,HO,2024Q2,Younger Adults (18–64)
22890046,7,48,YR,F,,"",US,US,OZEMPIC,SEMAGLUTIDE,0.5,MG,PS,Weight decreased,OT,2024Q1,Younger Adults (18–64)
22915134,2,41,YR,F,,"",US,US,OZEMPIC,SEMAGLUTIDE,1,MG,PS,Decreased appetite,HO,2024Q4,Younger Adults (18–64)
22919551,2,33,YR,F,,"",US,US,WEGOVY,SEMAGLUTIDE,0.25,MG,PS,Maternal exposure during pregnancy,OT,2024Q2,Younger Adults (18–64)
22932998,4,47,YR,F,,"",US,US,OZEMPIC,SEMAGLUTIDE,,"",PS,Wisdom teeth removal,OT,2024Q2,Younger Adults (18–64)
22954363,6,66,YR,M,,"",US,US,OZEMPIC,SEMAGLUTIDE,0.5,MG,PS,Appendicitis,HO,2024Q1,Older Adults (≥65)
22955931,2,66,YR,F,,"",US,US,WEGOVY,SEMAGLUTIDE,,"",PS,Pulmonary embolism,OT,2024Q1,Older Adults (≥65)
22959601,6,73,YR,M,119.2,KG,US,US,OZEMPIC,SEMAGLUTIDE,0.25,MG,PS,Abdominal discomfort,LT,2024Q1,Older Adults (≥65)
22989131,2,57,YR,F,,"",US,US,WEGOVY,SEMAGLUTIDE,,"",PS,Hepatic enzyme increased,HO,2024Q1,Younger Adults (18–64)
22996811,3,79,YR,F,,"",US,US,OZEMPIC,SEMAGLUTIDE,2,MG,PS,Chromaturia,DE,2024Q1,Older Adults (≥65)
23011840,3,76,YR,M,,"",US,US,OZEMPIC,SEMAGLUTIDE,,"",PS,Colorectal cancer recurrent,OT,2024Q1,Older Adults (≥65)
23024177,2,66,YR,F,,"",US,US,OZEMPIC,SEMAGLUTIDE,,"",PS,Decreased appetite,HO,2024Q2,Older Adults (≥65)
23030226,3,45,YR,M,,"",US,US,OZEMPIC,SEMAGLUTIDE,,"",PS,Dyspepsia,HO,2024Q3,Younger Adults (18–64)
23043291,2,57,YR,F,,"",US,US,WEGOVY,SEMAGLUTIDE,,"",PS,Dehydration,,2024Q1,Younger Adults (18–64)
23057365,3,73,YR,F,61.224,KG,US,US,OZEMPIC,SEMAGLUTIDE,,"",PS,Haemorrhage,HO,2024Q1,Older Adults (≥65)
23101690,3,70,YR,F,79.3,KG,US,US,WEGOVY,SEMAGLUTIDE,0.5,MG,PS,Nausea,HO,2024Q1,Older Adults (≥65)
23103372,2,53,YR,F,,"",US,US,OZEMPIC,SEMAGLUTIDE,,"",PS,Neck mass,,2024Q1,Younger Adults (18–64)
23112953,3,60,YR,M,,"",US,US,WEGOVY,SEMAGLUTIDE,1,MG,PS,Renal function test abnormal,OT,2024Q1,Younger Adults (18–64)
23149049,4,72,YR,F,206,KG,US,US,OZEMPIC,SEMAGLUTIDE,,"",PS,Abdominal discomfort,OT,2024Q2,Older Adults (≥65)
23157311,2,73,YR,F,63.946,KG,US,US,OZEMPIC,SEMAGLUTIDE,1,MG,PS,Coronary artery occlusion,HO,2024Q1,Older Adults (≥65)
23162334,2,73,YR,F,,"",US,US,RYBELSUS,SEMAGLUTIDE,7,MG,PS,Eczema,,2024Q1,Older Adults (≥65)
23179333,3,65,YR,F,,"",US,US,OZEMPIC,SEMAGLUTIDE,1,MG,PS,Blood glucose increased,HO,2024Q1,Older Adults (≥65)
23187827,3,73,YR,F,,"",US,US,OZEMPIC,SEMAGLUTIDE,,"",PS,Dizziness,,2024Q1,Older Adults (≥65)
23203138,2,61,YR,M,,"",US,US,OZEMPIC,SEMAGLUTIDE,2,MG,PS,Foot amputation,OT,2024Q1,Younger Adults (18–64)
23224002,2,28,YR,F,101.59,KG,US,US,WEGOVY,SEMAGLUTIDE,2.4,MG,PS,Cholelithiasis,OT,2024Q1,Younger Adults (18–64)
23224004,4,79,YR,F,,"",US,US,OZEMPIC,SEMAGLUTIDE,0.5,MG,PS,Influenza,HO,2024Q2,Older Adults (≥65)
23229250,2,44,YR,F,67.574,KG,US,US,WEGOVY,SEMAGLUTIDE,2.4,MG,PS,Obstructive pancreatitis,OT,2024Q1,Younger Adults (18–64)
23238292,4,70,YR,M,93.424,KG,US,US,OZEMPIC,SEMAGLUTIDE,2,MG,PS,Pneumonia bacterial,HO,2024Q1,Older Adults (≥65)
23238293,3,71,YR,F,104.31,KG,US,US,OZEMPIC,SEMAGLUTIDE,1,MG,PS,Sialoadenitis,HO,2024Q2,Older Adults (≥65)
23248612,2,76,YR,F,,"",US,US,OZEMPIC,SEMAGLUTIDE,0.25,MG,PS,Throat tightness,OT,2024Q1,Older Adults (≥65)
23256102,2,79,YR,F,,"",US,US,OZEMPIC,SEMAGLUTIDE,,"",PS,Myocardial infarction,HO,2024Q1,Older Adults (≥65)
23278846,2,75,YR,F,,"",US,US,OZEMPIC,SEMAGLUTIDE,1,MG,PS,Expired product administered,,2024Q1,Older Adults (≥65)
23286512,2,18,YR,F,,"",US,US,OZEMPIC,SEMAGLUTIDE,0.5,MG,PS,Product communication issue,OT,2024Q1,Younger Adults (18–64)
23306356,2,65,YR,F,97.052,KG,US,US,OZEMPIC,SEMAGLUTIDE,,"",PS,Off label use,HO,2024Q1,Older Adults (≥65)
23311415,2,46,YR,F,,"",US,US,OZEMPIC,SEMAGLUTIDE,0.5,MG,PS,Intestinal obstruction,LT,2024Q4,Younger Adults (18–64)
23311416,2,46,YR,F,,"",US,US,WEGOVY,SEMAGLUTIDE,1,MG,PS,Impaired gastric emptying,HO,2024Q4,Younger Adults (18–64)
23311428,6,48,YR,M,,"",US,US,OZEMPIC,SEMAGLUTIDE,,"",PS,Vomiting,LT,2024Q4,Younger Adults (18–64)
23311432,4,50,YR,F,,"",US,US,OZEMPIC,SEMAGLUTIDE,0.25,MG,PS,Injection site pain,HO,2024Q1,Younger Adults (18–64)
23318448,5,75,YR,F,,"",US,US,OZEMPIC,SEMAGLUTIDE,0.25,MG,PS,Hyperchlorhydria,OT,2024Q2,Older Adults (≥65)
23336640,2,29,YR,F,111.57,KG,US,US,OZEMPIC,SEMAGLUTIDE,0.25,MG,PS,Intestinal obstruction,HO,2024Q4,Younger Adults (18–64)
23336642,2,42,YR,M,,"",US,US,WEGOVY,SEMAGLUTIDE,1.7,MG,PS,Intervertebral disc protrusion,HO,2024Q1,Younger Adults (18–64)
23336643,2,44,YR,F,99.32,KG,US,US,WEGOVY,SEMAGLUTIDE,0.25,MG,PS,Gastroenteritis,HO,2024Q4,Younger Adults (18–64)
23340601,2,72,YR,M,,"",US,US,OZEMPIC,SEMAGLUTIDE,1,MG,PS,Vocal cord paralysis,HO,2024Q4,Older Adults (≥65)
23340605,2,51,YR,F,94.331,KG,US,US,OZEMPIC,SEMAGLUTIDE,0.25,MG,PS,Product use in unapproved indication,OT,2024Q1,Younger Adults (18–64)
23344599,2,76,YR,M,,"",US,US,OZEMPIC,SEMAGLUTIDE,0.5,MG,PS,Bile duct stone,DE,2024Q4,Older Adults (≥65)
23344626,2,48,YR,F,107.03,KG,US,US,OZEMPIC,SEMAGLUTIDE,2,MG,PS,Vomiting,HO,2024Q4,Younger Adults (18–64)
23349060,2,54,YR,F,96.145,KG,US,US,OZEMPIC,SEMAGLUTIDE,,"",PS,Haematemesis,HO,2024Q4,Younger Adults (18–64)
23351311,2,59,YR,F,,"",US,US,OZEMPIC,SEMAGLUTIDE,,"",PS,Cerebrovascular accident,HO,2024Q1,Younger Adults (18–64)
23355664,1,57,YR,M,,"",US,US,OZEMPIC,SEMAGLUTIDE,1,MG,PS,Road traffic accident,HO,2024Q1,Younger Adults (18–64)
23355667,1,71,YR,M,,"",US,US,OZEMPIC,SEMAGLUTIDE,0.5,MG,PS,Vomiting,OT,2024Q1,Older Adults (≥65)
23355668,1,45,YR,F,90.7,KG,US,US,OZEMPIC,SEMAGLUTIDE,,"",PS,Rash,HO,2024Q1,Younger Adults (18–64)
23355690,1,65,YR,F,,"",US,US,OZEMPIC,SEMAGLUTIDE,0.5,MG,PS,Meniscus injury,OT,2024Q1,Older Adults (≥65)
23358045,1,54,YR,F,87.75,KG,US,,OZEMPIC,SEMAGLUTIDE,,"",PS,Regurgitation,OT,2024Q1,Younger Adults (18–64)
23359850,2,73,YR,F,,"",US,US,OZEMPIC,SEMAGLUTIDE,,"",PS,Asthenia,,2024Q1,Older Adults (≥65)
23359868,1,73,YR,M,,"",US,US,WEGOVY,SEMAGLUTIDE,,"",PS,Living in residential institution,OT,2024Q1,Older Adults (≥65)
23359869,1,38,YR,F,,"",US,US,WEGOVY,SEMAGLUTIDE,1,MG,PS,Type 2 diabetes mellitus,OT,2024Q1,Younger Adults (18–64)
23361730,1,64,YR,F,,"",US,,CYANOCOBALAMIN\SEMAGLUTIDE,CYANOCOBALAMIN\SEMAGLUTIDE,,"",PS,Vomiting,,2024Q1,Younger Adults (18–64)
23362695,1,50,YR,F,139,LBS,US,,WEGOVY,SEMAGLUTIDE,2.4,GM,PS,Diarrhoea,OT,2024Q1,Younger Adults (18–64)
23364258,2,55,YR,F,,"",US,US,OZEMPIC,SEMAGLUTIDE,0.5,MG,PS,Appendicitis perforated,HO,2024Q1,Younger Adults (18–64)
23364259,1,63,YR,F,,"",US,US,OZEMPIC,SEMAGLUTIDE,,"",PS,Nasopharyngitis,OT,2024Q1,Younger Adults (18–64)
23364267,1,57,YR,M,,"",US,US,OZEMPIC,SEMAGLUTIDE,0.5,MG,PS,Hepatic cirrhosis,OT,2024Q1,Younger Adults (18–64)
23365734,1,60,YR,M,115.65,KG,US,,WEGOVY,SEMAGLUTIDE,,"",PS,Gait disturbance,RI,2024Q1,Younger Adults (18–64)
23365783,1,53,YR,F,,"",US,,SEMAGLUTIDE,SEMAGLUTIDE,5,MG,PS,Overdose,LT,2024Q1,Younger Adults (18–64)
23365941,1,68,YR,M,112.5,KG,US,,OZEMPIC,SEMAGLUTIDE,,"",PS,Abdominal pain,OT,2024Q1,Older Adults (≥65)
23365943,1,47,YR,M,118.8,KG,US,,OZEMPIC,SEMAGLUTIDE,,"",PS,Eructation,OT,2024Q1,Younger Adults (18–64)
23365947,1,60,YR,F,,"",US,,WEGOVY,SEMAGLUTIDE,,"",PS,Depression,HO,2024Q1,Younger Adults (18–64)
23366658,1,62,YR,F,108,KG,US,,OZEMPIC,SEMAGLUTIDE,,"",PS,Gastritis bacterial,LT,2024Q1,Younger Adults (18–64)
23367050,1,54,YR,F,72.9,KG,US,,OZEMPIC,SEMAGLUTIDE,,"",PS,Suicide attempt,LT,2024Q1,Younger Adults (18–64)
23367076,1,50,YR,F,60.75,KG,US,,OZEMPIC,SEMAGLUTIDE,,"",PS,Alopecia,OT,2024Q1,Younger Adults (18–64)
23367336,1,63,YR,F,62.1,KG,US,,WEGOVY,SEMAGLUTIDE,,"",PS,Alopecia,RI,2024Q1,Younger Adults (18–64)
23367461,1,72,YR,F,,"",US,US,OZEMPIC,SEMAGLUTIDE,1,MG,PS,Myocardial infarction,OT,2024Q1,Older Adults (≥65)
23367465,1,75,YR,,,"",US,US,OZEMPIC,SEMAGLUTIDE,1,MG,PS,Staphylococcal infection,OT,2024Q1,Older Adults (≥65)
23367959,1,59,YR,F,,"",US,US,OZEMPIC,SEMAGLUTIDE,0.5,MG,PS,Cataract,OT,2024Q1,Younger Adults (18–64)
23367960,1,85,YR,,,"",US,US,OZEMPIC,SEMAGLUTIDE,,"",PS,Aneurysm,HO,2024Q1,Older Adults (≥65)
23367961,1,77,YR,,,"",US,US,OZEMPIC,SEMAGLUTIDE,2.4,MG,PS,Off label use,OT,2024Q1,Older Adults (≥65)
23369485,1,61,YR,F,73.8,KG,US,,OZEMPIC,SEMAGLUTIDE,,"",PS,Faecaloma,LT,2024Q1,Younger Adults (18–64)
23369486,1,45,YR,M,112.5,KG,US,,WEGOVY,SEMAGLUTIDE,,"",PS,Depression,HO,2024Q1,Younger Adults (18–64)
23369535,1,59,YR,F,68.31,KG,US,,OZEMPIC,SEMAGLUTIDE,,"",PS,Alopecia,,2024Q1,Younger Adults (18–64)
23369664,1,52,YR,M,148.5,KG,US,,RYBELSUS,SEMAGLUTIDE,,"",PS,Decreased appetite,OT,2024Q1,Younger Adults (18–64)
23369723,1,65,YR,F,85.5,KG,US,,WEGOVY,SEMAGLUTIDE,,"",PS,Alopecia,OT,2024Q1,Older Adults (≥65)
23370015,1,40,YR,F,81,KG,US,,WEGOVY,SEMAGLUTIDE,,"",PS,Alopecia,,2024Q1,Younger Adults (18–64)
23370278,1,41,YR,F,81,KG,US,,OZEMPIC,SEMAGLUTIDE,,"",PS,Alopecia,OT,2024Q1,Younger Adults (18–64)
23371523,1,70,YR,F,,"",US,US,OZEMPIC,SEMAGLUTIDE,0.25,MG,PS,Corrective lens user,HO,2024Q1,Older Adults (≥65)
23371548,1,40,YR,M,90,KG,US,,OZEMPIC,SEMAGLUTIDE,,"",PS,Completed suicide,DE,2024Q1,Younger Adults (18–64)
23371550,1,33,YR,F,94.5,KG,US,,OZEMPIC,SEMAGLUTIDE,,"",PS,Congenital multiplex arthrogryposis,CA,2024Q1,Younger Adults (18–64)
23376192,2,69,YR,M,,"",US,US,OZEMPIC,SEMAGLUTIDE,1,MG,PS,Drug ineffective,OT,2024Q1,Older Adults (≥65)
23376194,1,66,YR,F,,"",US,US,OZEMPIC,SEMAGLUTIDE,0.25,MG,PS,Contusion,HO,2024Q1,Older Adults (≥65)
23376196,1,73,YR,F,,"",US,US,OZEMPIC,SEMAGLUTIDE,1,MG,PS,Headache,OT,2024Q1,Older Adults (≥65)
23377761,1,56,YR,F,77.4,KG,US,,OZEMPIC,SEMAGLUTIDE,0.25,MG,PS,Suicidal ideation,OT,2024Q1,Younger Adults (18–64)
23378013,1,72,YR,F,83.25,KG,US,,OZEMPIC,SEMAGLUTIDE,,"",PS,Intestinal obstruction,DS,2024Q1,Older Adults (≥65)
23378070,1,52,YR,F,121.5,KG,US,,OZEMPIC,SEMAGLUTIDE,,"",PS,Alopecia,,2024Q1,Younger Adults (18–64)
23378083,1,67,YR,F,78.3,KG,US,,OZEMPIC,SEMAGLUTIDE,,"",PS,Parosmia,HO,2024Q1,Older Adults (≥65)
23378085,1,63,YR,F,83.25,KG,US,,OZEMPIC,SEMAGLUTIDE,,"",PS,Alopecia,,2024Q1,Younger Adults (18–64)
23378178,1,50,YR,F,56.25,KG,US,,SEMAGLUTIDE,SEMAGLUTIDE,,"",PS,Alopecia,,2024Q1,Younger Adults (18–64)
23378498,1,42,YR,F,96.75,KG,US,,WEGOVY,SEMAGLUTIDE,,"",PS,Amenorrhoea,OT,2024Q1,Younger Adults (18–64)
23378503,1,47,YR,F,78.3,KG,US,,WEGOVY,SEMAGLUTIDE,,"",PS,Loss of consciousness,HO,2024Q1,Younger Adults (18–64)
23378576,1,34,YR,F,105.75,KG,US,,SEMAGLUTIDE,SEMAGLUTIDE,,"",PS,Dysphagia,,2024Q1,Younger Adults (18–64)
23378852,1,32,YR,F,91.1,KG,US,,SEMAGLUTIDE,SEMAGLUTIDE,,"",PS,Vomiting,HO,2024Q1,Younger Adults (18–64)
23379200,1,46,YR,M,99,KG,US,,OZEMPIC,SEMAGLUTIDE,,"",PS,Vomiting,RI,2024Q1,Younger Adults (18–64)
23379232,1,53,YR,F,102.6,KG,US,,WEGOVY,SEMAGLUTIDE,,"",PS,Alopecia,OT,2024Q1,Younger Adults (18–64)
23379237,1,67,YR,F,109.8,KG,US,,OZEMPIC,SEMAGLUTIDE,,"",PS,Alopecia,,2024Q1,Older Adults (≥65)
23379276,1,66,YR,M,97.2,KG,US,,OZEMPIC,SEMAGLUTIDE,,"",PS,Pancreatitis,HO,2024Q1,Older Adults (≥65)
23381291,1,30,YR,F,,"",US,US,OZEMPIC,SEMAGLUTIDE,,"",PS,Abortion spontaneous,OT,2024Q1,Younger Adults (18–64)
23381293,3,61,YR,M,,"",US,US,OZEMPIC,SEMAGLUTIDE,,"",PS,Gastrooesophageal reflux disease,,2024Q1,Younger Adults (18–64)
23381296,2,45,YR,F,163.27,KG,US,US,OZEMPIC,SEMAGLUTIDE,0.5,MG,PS,Dehydration,HO,2024Q4,Younger Adults (18–64)
23381297,1,52,YR,M,,"",US,US,OZEMPIC,SEMAGLUTIDE,0.5,MG,PS,Peritonitis,OT,2024Q1,Younger Adults (18–64)
23381302,1,61,YR,F,,"",US,US,OZEMPIC,SEMAGLUTIDE,1,MG,PS,Surgery,OT,2024Q1,Younger Adults (18–64)
23381321,2,49,YR,F,124.72,KG,US,US,OZEMPIC,SEMAGLUTIDE,0.5,MG,PS,Decreased appetite,HO,2024Q4,Younger Adults (18–64)
23381322,2,65,YR,M,83.9,KG,US,US,OZEMPIC,SEMAGLUTIDE,2,MG,PS,Off label use,HO,2024Q4,Older Adults (≥65)
23381323,2,82,YR,F,,"",US,US,OZEMPIC,SEMAGLUTIDE,,"",PS,Cataract,OT,2024Q2,Older Adults (≥65)
23381327,1,64,YR,M,,"",US,US,OZEMPIC,SEMAGLUTIDE,0.5,MG,PS,Productive cough,OT,2024Q1,Younger Adults (18–64)
23381334,1,55,YR,F,76.19,KG,US,US,OZEMPIC,SEMAGLUTIDE,0.25,MG,PS,Supraventricular tachycardia,OT,2024Q1,Younger Adults (18–64)
23382432,1,32,YR,M,110.25,KG,US,,OZEMPIC,SEMAGLUTIDE,,"",PS,Nausea,,2024Q1,Younger Adults (18–64)
23383085,1,46,YR,F,,"",US,,WEGOVY,SEMAGLUTIDE,,"",PS,Insurance issue,OT,2024Q1,Younger Adults (18–64)
23383086,1,57,YR,F,82.8,KG,US,,WEGOVY,SEMAGLUTIDE,,"",PS,Sleep disorder,OT,2024Q1,Younger Adults (18–64)
23383943,1,36,YR,F,90,KG,US,,OZEMPIC,SEMAGLUTIDE,,"",PS,Brain fog,DS,2024Q1,Younger Adults (18–64)
23383983,3,79,YR,F,,"",US,US,WEGOVY,SEMAGLUTIDE,0.25,MG,PS,Pancreatic duct dilatation,OT,2024Q1,Older Adults (≥65)
23385702,1,62,YR,M,,"",US,US,OZEMPIC,SEMAGLUTIDE,0.5,MG,PS,Cerebrovascular accident,LT,2024Q1,Younger Adults (18–64)
23385706,2,87,YR,F,,"",US,US,OZEMPIC,SEMAGLUTIDE,2,MG,PS,Dizziness,HO,2024Q1,Older Adults (≥65)
23385707,1,59,YR,F,,"",US,US,WEGOVY,SEMAGLUTIDE,2.4,MG,PS,Polypectomy,OT,2024Q1,Younger Adults (18–64)
23385714,1,77,YR,F,,"",US,US,OZEMPIC,SEMAGLUTIDE,,"",PS,Loss of consciousness,DE,2024Q1,Older Adults (≥65)
23387938,1,53,YR,F,127.8,KG,US,,OZEMPIC,SEMAGLUTIDE,,"",PS,Alopecia,,2024Q1,Younger Adults (18–64)
23387942,1,57,YR,M,,"",US,,CYANOCOBALAMIN\SEMAGLUTIDE,CYANOCOBALAMIN\SEMAGLUTIDE,0.5,ML,PS,Dermatitis allergic,,2024Q1,Younger Adults (18–64)
23388075,1,54,YR,M,117,KG,US,,OZEMPIC,SEMAGLUTIDE,,"",PS,Infection,LT,2024Q1,Younger Adults (18–64)
23388178,1,55,YR,F,81,KG,US,,WEGOVY,SEMAGLUTIDE,,"",PS,Depression,RI,2024Q1,Younger Adults (18–64)
23388746,1,33,YR,M,114.75,KG,US,,WEGOVY,SEMAGLUTIDE,,"",PS,Malaise,DS,2024Q1,Younger Adults (18–64)
23389973,1,62,YR,F,,"",US,US,OZEMPIC,SEMAGLUTIDE,,"",PS,Wernicke's encephalopathy,OT,2024Q1,Younger Adults (18–64)
23389974,2,42,YR,F,,"",US,US,OZEMPIC,SEMAGLUTIDE,0.25,MG,PS,Off label use,HO,2024Q1,Younger Adults (18–64)
23389975,5,67,YR,F,,"",US,US,OZEMPIC,SEMAGLUTIDE,1,MG,PS,Vomiting,OT,2024Q2,Older Adults (≥65)
23389976,1,75,YR,M,,"",US,US,OZEMPIC,SEMAGLUTIDE,,"",PS,Diarrhoea,HO,2024Q1,Older Adults (≥65)
23389979,1,72,YR,F,,"",US,US,OZEMPIC,SEMAGLUTIDE,1,MG,PS,Hepatic steatosis,DS,2024Q1,Older Adults (≥65)
23389987,1,76,YR,M,102,KG,US,US,OZEMPIC,SEMAGLUTIDE,,"",PS,Blood pressure decreased,HO,2024Q1,Older Adults (≥65)
23391832,1,54,YR,F,76.5,KG,US,,OZEMPIC,SEMAGLUTIDE,,"",PS,Abdominal pain,HO,2024Q1,Younger Adults (18–64)
23391901,1,32,YR,F,,"",US,,WEGOVY,SEMAGLUTIDE,,"",PS,Deafness unilateral,OT,2024Q1,Younger Adults (18–64)
23391911,1,34,YR,F,75.8,KG,US,,WEGOVY,SEMAGLUTIDE,,"",PS,Pregnancy on oral contraceptive,OT,2024Q1,Younger Adults (18–64)
23392552,1,48,YR,M,73.8,KG,US,,OZEMPIC,SEMAGLUTIDE,,"",PS,Adenocarcinoma pancreas,DE,2024Q1,Younger Adults (18–64)
23392567,2,51,YR,F,,"",US,US,OZEMPIC,SEMAGLUTIDE,,"",PS,Vitreous floaters,OT,2024Q1,Younger Adults (18–64)
23392571,3,73,YR,M,,"",US,US,RYBELSUS,SEMAGLUTIDE,,"",PS,Drug ineffective,OT,2024Q1,Older Adults (≥65)
23392913,1,65,YR,F,,"",US,US,RYBELSUS,SEMAGLUTIDE,7,MG,PS,Pancreatitis,HO,2024Q1,Older Adults (≥65)
23392916,1,76,YR,F,,"",US,US,RYBELSUS,SEMAGLUTIDE,,"",PS,Product design issue,,2024Q1,Older Adults (≥65)
23392923,1,72,YR,M,,"",US,US,RYBELSUS,SEMAGLUTIDE,3,MG,PS,Renal failure,OT,2024Q1,Older Adults (≥65)
23392925,1,63,YR,M,,"",US,US,RYBELSUS,SEMAGLUTIDE,,"",PS,Dizziness,,2024Q1,Younger Adults (18–64)
23392926,1,56,YR,F,,"",US,US,RYBELSUS,SEMAGLUTIDE,3,MG,PS,Abdominal pain,,2024Q1,Younger Adults (18–64)
23392929,2,46,YR,,,"",US,US,RYBELSUS,SEMAGLUTIDE,,"",PS,Irritability,,2024Q1,Younger Adults (18–64)
23392944,1,89,YR,F,,"",US,US,RYBELSUS,SEMAGLUTIDE,,"",PS,Visual impairment,,2024Q1,Older Adults (≥65)
23392947,1,72,YR,F,,"",US,US,RYBELSUS,SEMAGLUTIDE,,"",PS,Headache,,2024Q1,Older Adults (≥65)
23392950,1,56,YR,F,,"",US,US,RYBELSUS,SEMAGLUTIDE,3,MG,PS,Rash,,2024Q1,Younger Adults (18–64)
23392956,1,73,YR,M,,"",US,US,RYBELSUS,SEMAGLUTIDE,,"",PS,Abdominal pain,HO,2024Q1,Older Adults (≥65)
23392958,1,74,YR,F,,"",US,US,RYBELSUS,SEMAGLUTIDE,7,MG,PS,Cholelithiasis,OT,2024Q1,Older Adults (≥65)
23392959,1,50,YR,F,,"",US,US,RYBELSUS,SEMAGLUTIDE,,"",PS,Pruritus,,2024Q1,Younger Adults (18–64)
23392960,1,60,YR,M,,"",US,US,RYBELSUS,SEMAGLUTIDE,,"",PS,Muscle atrophy,,2024Q1,Younger Adults (18–64)
23392961,1,42,YR,M,,"",US,US,RYBELSUS,SEMAGLUTIDE,,"",PS,Neuropathy peripheral,,2024Q1,Younger Adults (18–64)
23392964,1,41,YR,M,106.12,KG,US,US,RYBELSUS,SEMAGLUTIDE,7,MG,PS,Dehydration,HO,2024Q1,Younger Adults (18–64)
23392966,1,25,YR,M,,"",US,US,RYBELSUS,SEMAGLUTIDE,7,MG,PS,Abdominal pain,HO,2024Q1,Younger Adults (18–64)
23392968,1,67,YR,F,,"",US,US,RYBELSUS,SEMAGLUTIDE,14,MG,PS,Hypertension,,2024Q1,Older Adults (≥65)
23392971,1,35,YR,F,,"",US,US,RYBELSUS,SEMAGLUTIDE,,"",PS,Dysuria,,2024Q1,Younger Adults (18–64)
23392985,2,82,YR,F,,"",US,US,RYBELSUS,SEMAGLUTIDE,,"",PS,Pain,,2024Q3,Older Adults (≥65)
23392987,1,75,YR,F,,"",US,US,RYBELSUS,SEMAGLUTIDE,,"",PS,Oropharyngeal pain,,2024Q1,Older Adults (≥65)
23392990,1,50,YR,F,,"",US,US,RYBELSUS,SEMAGLUTIDE,,"",PS,Diabetic retinopathy,OT,2024Q1,Younger Adults (18–64)
23392992,2,32,YR,F,,"",US,US,RYBELSUS,SEMAGLUTIDE,7,MG,PS,Hepatic enzyme increased,,2024Q3,Younger Adults (18–64)
23393002,1,83,YR,F,,"",US,US,RYBELSUS,SEMAGLUTIDE,3,MG,PS,Headache,,2024Q1,Older Adults (≥65)
23393007,1,50,YR,M,,"",US,US,RYBELSUS,SEMAGLUTIDE,,"",PS,Constipation,,2024Q1,Younger Adults (18–64)
23393011,2,59,YR,F,,"",US,US,RYBELSUS,SEMAGLUTIDE,,"",PS,Drug eruption,,2024Q3,Younger Adults (18–64)
23393013,2,80,YR,F,,"",US,US,RYBELSUS,SEMAGLUTIDE,,"",PS,Nausea,,2024Q3,Older Adults (≥65)
23393019,1,63,YR,F,,"",US,US,RYBELSUS,SEMAGLUTIDE,7,MG,PS,Urinary tract infection,,2024Q1,Younger Adults (18–64)
23393020,1,64,YR,M,,"",US,US,RYBELSUS,SEMAGLUTIDE,,"",PS,Hypoaesthesia,,2024Q1,Younger Adults (18–64)
23393021,1,75,YR,M,,"",US,US,RYBELSUS,SEMAGLUTIDE,,"",PS,Vomiting,,2024Q1,Older Adults (≥65)
23393022,2,52,YR,M,,"",US,US,RYBELSUS,SEMAGLUTIDE,,"",PS,Pruritus,,2024Q1,Younger Adults (18–64)
23393026,1,65,YR,F,,"",US,US,RYBELSUS,SEMAGLUTIDE,,"",PS,Off label use,,2024Q1,Older Adults (≥65)
23393028,2,64,YR,F,61.224,KG,US,US,RYBELSUS,SEMAGLUTIDE,,"",PS,Glycosylated haemoglobin increased,,2024Q1,Younger Adults (18–64)
23393032,2,63,YR,M,,"",US,US,RYBELSUS,SEMAGLUTIDE,7,MG,PS,Pancreatitis acute,OT,2024Q3,Younger Adults (18–64)
23393037,1,60,YR,F,,"",US,US,RYBELSUS,SEMAGLUTIDE,,"",PS,Pain of skin,,2024Q1,Younger Adults (18–64)
23393041,1,30,YR,M,,"",US,US,RYBELSUS,SEMAGLUTIDE,,"",PS,Dizziness,,2024Q1,Younger Adults (18–64)
23393044,1,37,YR,M,,"",US,US,RYBELSUS,SEMAGLUTIDE,,"",PS,Pruritus,,2024Q1,Younger Adults (18–64)
23393055,1,65,YR,F,,"",US,US,RYBELSUS,SEMAGLUTIDE,3,MG,PS,Drug dose titration not performed,HO,2024Q1,Older Adults (≥65)
23393056,1,68,YR,F,,"",US,US,RYBELSUS,SEMAGLUTIDE,7,MG,PS,Hot flush,,2024Q1,Older Adults (≥65)
23393057,1,78,YR,M,,"",US,US,RYBELSUS,SEMAGLUTIDE,,"",PS,Urinary tract infection,,2024Q1,Older Adults (≥65)
23393062,4,70,YR,M,,"",US,US,RYBELSUS,SEMAGLUTIDE,,"",PS,Nausea,,2024Q3,Older Adults (≥65)
23393070,1,68,YR,M,,"",US,US,RYBELSUS,SEMAGLUTIDE,3,MG,PS,Dysphagia,,2024Q1,Older Adults (≥65)
23393076,2,69,YR,F,,"",US,US,RYBELSUS,SEMAGLUTIDE,,"",PS,Dehydration,,2024Q3,Older Adults (≥65)
23393077,1,38,YR,F,,"",US,US,RYBELSUS,SEMAGLUTIDE,,"",PS,Low density lipoprotein increased,,2024Q1,Younger Adults (18–64)
23393088,1,50,YR,,,"",US,US,RYBELSUS,SEMAGLUTIDE,,"",PS,COVID-19,,2024Q1,Younger Adults (18–64)
23393095,2,75,YR,M,,"",US,US,RYBELSUS,SEMAGLUTIDE,3,MG,PS,Dizziness,,2024Q3,Older Adults (≥65)
23393098,1,89,YR,M,,"",US,US,RYBELSUS,SEMAGLUTIDE,,"",PS,Weight decreased,,2024Q1,Older Adults (≥65)
23393103,1,70,YR,M,,"",US,US,RYBELSUS,SEMAGLUTIDE,,"",PS,Nausea,,2024Q1,Older Adults (≥65)
23393104,1,72,YR,M,,"",US,US,RYBELSUS,SEMAGLUTIDE,3,MG,PS,Constipation,,2024Q1,Older Adults (≥65)
23393110,1,60,YR,F,175,KG,US,US,RYBELSUS,SEMAGLUTIDE,,"",PS,Drug ineffective,,2024Q1,Younger Adults (18–64)
23393113,1,48,YR,M,,"",US,US,RYBELSUS,SEMAGLUTIDE,7,MG,PS,Erythema,,2024Q1,Younger Adults (18–64)
23393117,1,76,YR,F,,"",US,US,RYBELSUS,SEMAGLUTIDE,14,MG,PS,Dysphagia,,2024Q1,Older Adults (≥65)
23393118,1,52,YR,F,,"",US,US,RYBELSUS,SEMAGLUTIDE,,"",PS,Lethargy,,2024Q1,Younger Adults (18–64)
23393123,1,58,YR,M,,"",US,US,RYBELSUS,SEMAGLUTIDE,,"",PS,Ocular hyperaemia,,2024Q1,Younger Adults (18–64)
23393125,1,30,YR,M,,"",US,US,RYBELSUS,SEMAGLUTIDE,,"",PS,Product use in unapproved indication,,2024Q1,Younger Adults (18–64)
23395161,1,62,YR,F,,"",US,US,OZEMPIC,SEMAGLUTIDE,0.5,MG,PS,Dermal cyst,OT,2024Q1,Younger Adults (18–64)
23395170,1,57,YR,M,,"",US,US,OZEMPIC,SEMAGLUTIDE,0.5,MG,PS,Blood sodium decreased,HO,2024Q1,Younger Adults (18–64)
23395172,4,68,YR,F,,"",US,US,OZEMPIC,SEMAGLUTIDE,1,MG,PS,Glaucoma,OT,2024Q1,Older Adults (≥65)
23396795,1,43,YR,F,76.5,KG,US,,WEGOVY,SEMAGLUTIDE,2.4,MG,PS,Hypoaesthesia,OT,2024Q1,Younger Adults (18–64)
23398064,1,67,YR,F,,"",US,,OZEMPIC,SEMAGLUTIDE,,"",PS,Depression,LT,2024Q1,Older Adults (≥65)
23398340,2,73,YR,M,,"",US,US,OZEMPIC,SEMAGLUTIDE,1,MG,PS,Retching,OT,2024Q1,Older Adults (≥65)
23403564,3,63,YR,M,,"",US,US,OZEMPIC,SEMAGLUTIDE,,"",PS,Nausea,HO,2024Q1,Younger Adults (18–64)
23403570,2,46,YR,M,,"",US,US,OZEMPIC,SEMAGLUTIDE,,"",PS,Constipation,HO,2024Q4,Younger Adults (18–64)
23403573,2,47,YR,F,,"",US,US,WEGOVY,SEMAGLUTIDE,2.4,MG,PS,Colitis ischaemic,HO,2024Q1,Younger Adults (18–64)
23403583,1,49,YR,M,114,KG,US,US,WEGOVY,SEMAGLUTIDE,2.4,MG,PS,Viral diarrhoea,HO,2024Q1,Younger Adults (18–64)
23405264,1,77,YR,F,78.75,KG,US,,OZEMPIC,SEMAGLUTIDE,,"",PS,Diarrhoea,HO,2024Q1,Older Adults (≥65)
23405418,1,61,YR,F,83.9,KG,US,,OZEMPIC,SEMAGLUTIDE,,"",PS,Abdominal pain,HO,2024Q1,Younger Adults (18–64)
23405927,1,57,YR,F,92.25,KG,US,,WEGOVY,SEMAGLUTIDE,,"",PS,Alopecia,OT,2024Q1,Younger Adults (18–64)
23405956,1,72,YR,M,99,KG,US,,OZEMPIC,SEMAGLUTIDE,,"",PS,Ileus,OT,2024Q1,Older Adults (≥65)
23405957,1,26,YR,F,63,KG,US,,WEGOVY,SEMAGLUTIDE,,"",PS,Malnutrition,RI,2024Q1,Younger Adults (18–64)
23406034,1,53,YR,F,87.75,KG,US,,OZEMPIC,SEMAGLUTIDE,,"",PS,Suicidal ideation,OT,2024Q1,Younger Adults (18–64)
23406075,1,60,YR,F,114.75,KG,US,,RYBELSUS,SEMAGLUTIDE,,"",PS,Onychomycosis,OT,2024Q1,Younger Adults (18–64)
23406460,1,78,YR,F,,"",US,US,OZEMPIC,SEMAGLUTIDE,,"",PS,Diverticulitis,HO,2024Q1,Older Adults (≥65)
23406461,1,48,YR,F,,"",US,US,WEGOVY,SEMAGLUTIDE,0.25,MG,PS,Surgery,OT,2024Q1,Younger Adults (18–64)
23406463,1,80,YR,F,,"",US,US,OZEMPIC,SEMAGLUTIDE,1,MG,PS,Knee operation,OT,2024Q1,Older Adults (≥65)
23406466,3,66,YR,F,96.145,KG,US,US,OZEMPIC,SEMAGLUTIDE,2,MG,PS,Blood glucose increased,HO,2024Q1,Older Adults (≥65)
23407235,1,67,YR,F,213,KG,US,US,SEMAGLUTIDE,SEMAGLUTIDE,,"",PS,Road traffic accident,,2024Q1,Older Adults (≥65)
23407237,1,51,YR,F,,"",US,US,SEMAGLUTIDE,SEMAGLUTIDE,,"",PS,Allodynia,,2024Q1,Younger Adults (18–64)
23407239,1,42,YR,F,,"",US,US,SEMAGLUTIDE,SEMAGLUTIDE,,"",PS,Allodynia,,2024Q1,Younger Adults (18–64)
23407240,1,36,YR,F,,"",US,US,SEMAGLUTIDE,SEMAGLUTIDE,,"",PS,Burning sensation,,2024Q1,Younger Adults (18–64)
23407242,1,48,YR,F,,"",US,US,SEMAGLUTIDE,SEMAGLUTIDE,0.5,MG,PS,Cholelithiasis,OT,2024Q1,Younger Adults (18–64)
23407244,1,74,YR,M,,"",US,US,SEMAGLUTIDE,SEMAGLUTIDE,0.5,MG,PS,Lethargy,,2024Q1,Older Adults (≥65)
23407250,1,50,YR,F,,"",US,US,SEMAGLUTIDE,SEMAGLUTIDE,1,MG,PS,Allodynia,,2024Q1,Younger Adults (18–64)
23407251,2,69,YR,M,,"",US,US,SEMAGLUTIDE,SEMAGLUTIDE,,"",PS,Tremor,,2024Q3,Older Adults (≥65)
23407253,1,47,YR,F,,"",US,US,SEMAGLUTIDE,SEMAGLUTIDE,0.5,MG,PS,Skin burning sensation,,2024Q1,Younger Adults (18–64)
23407254,1,53,YR,F,,"",US,US,SEMAGLUTIDE,SEMAGLUTIDE,20,IU,PS,Illness,,2024Q1,Younger Adults (18–64)
23407255,1,52,YR,F,66.667,KG,US,US,SEMAGLUTIDE,SEMAGLUTIDE,,"",PS,Dyspepsia,,2024Q1,Younger Adults (18–64)
23407257,1,54,YR,F,,"",US,US,SEMAGLUTIDE,SEMAGLUTIDE,,"",PS,Burning sensation,,2024Q1,Younger Adults (18–64)
23407258,1,49,YR,F,,"",US,US,SEMAGLUTIDE,SEMAGLUTIDE,0.25,MG,PS,Pain,,2024Q1,Younger Adults (18–64)
23407260,1,30,YR,M,,"",US,US,SEMAGLUTIDE,SEMAGLUTIDE,,"",PS,Depressed mood,,2024Q1,Younger Adults (18–64)
23407261,2,72,YR,F,,"",US,US,SEMAGLUTIDE,SEMAGLUTIDE,,"",PS,Weight increased,,2024Q3,Older Adults (≥65)
23407264,1,60,YR,F,,"",US,US,SEMAGLUTIDE,SEMAGLUTIDE,0.5,MG,PS,Pain of skin,,2024Q1,Younger Adults (18–64)
23407265,1,39,YR,F,,"",US,US,SEMAGLUTIDE,SEMAGLUTIDE,,"",PS,Chills,,2024Q1,Younger Adults (18–64)
23407267,1,57,YR,F,,"",US,US,SEMAGLUTIDE,SEMAGLUTIDE,,"",PS,Blood glucose increased,,2024Q1,Younger Adults (18–64)
23407271,1,54,YR,F,,"",US,US,SEMAGLUTIDE,SEMAGLUTIDE,30,IU,PS,Allodynia,,2024Q1,Younger Adults (18–64)
23407272,1,40,YR,F,,"",US,US,SEMAGLUTIDE,SEMAGLUTIDE,20,MG,PS,Fatigue,,2024Q1,Younger Adults (18–64)
23407275,1,33,YR,M,138.3,KG,US,US,SEMAGLUTIDE,SEMAGLUTIDE,,"",PS,Abdominal discomfort,,2024Q1,Younger Adults (18–64)
23407276,1,42,YR,F,,"",US,US,SEMAGLUTIDE,SEMAGLUTIDE,1.7,MG,PS,Pain of skin,,2024Q1,Younger Adults (18–64)
23407277,1,58,YR,F,,"",US,US,SEMAGLUTIDE,SEMAGLUTIDE,,"",PS,Pain of skin,,2024Q1,Younger Adults (18–64)
23407278,1,58,YR,F,,"",US,US,SEMAGLUTIDE,SEMAGLUTIDE,,"",PS,Allodynia,,2024Q1,Younger Adults (18–64)
23407282,1,58,YR,M,,"",US,US,SEMAGLUTIDE,SEMAGLUTIDE,,"",PS,Constipation,,2024Q1,Younger Adults (18–64)
23407922,1,37,YR,F,,"",US,US,OZEMPIC,SEMAGLUTIDE,,"",PS,Product use issue,OT,2024Q1,Younger Adults (18–64)
23407952,1,75,YR,M,,"",US,US,OZEMPIC,SEMAGLUTIDE,,"",PS,Diarrhoea,HO,2024Q1,Older Adults (≥65)
23409260,1,30,YR,F,129,KG,US,,OZEMPIC,SEMAGLUTIDE,,"",PS,Back pain,HO,2024Q1,Younger Adults (18–64)
23409284,1,51,YR,F,61.65,KG,US,,WEGOVY,SEMAGLUTIDE,,"",PS,Product substitution issue,OT,2024Q1,Younger Adults (18–64)
23411033,1,47,YR,F,137.25,KG,US,,OZEMPIC,SEMAGLUTIDE,,"",PS,Trichorrhexis,OT,2024Q1,Younger Adults (18–64)
23411036,1,56,YR,F,74.25,KG,US,,OZEMPIC,SEMAGLUTIDE,,"",PS,Ventricular extrasystoles,,2024Q1,Younger Adults (18–64)
23411038,1,63,YR,F,81.9,KG,US,,PYRIDOXINE\SEMAGLUTIDE,PYRIDOXINE\SEMAGLUTIDE,,"",PS,Constipation,LT,2024Q1,Younger Adults (18–64)
23411963,1,66,YR,F,,"",US,US,OZEMPIC,SEMAGLUTIDE,0.25,MG,PS,Weight loss poor,,2024Q1,Older Adults (≥65)
23411968,3,83,YR,F,,"",US,US,OZEMPIC,SEMAGLUTIDE,1,MG,PS,Drug titration error,,2024Q3,Older Adults (≥65)
23411969,2,44,YR,F,,"",US,US,OZEMPIC,SEMAGLUTIDE,,"",PS,Visual impairment,,2024Q1,Younger Adults (18–64)
23411971,1,72,YR,F,,"",US,US,OZEMPIC,SEMAGLUTIDE,,"",PS,Rash,,2024Q1,Older Adults (≥65)
23411972,2,70,YR,F,,"",US,US,OZEMPIC,SEMAGLUTIDE,0.25,MG,PS,COVID-19,,2024Q3,Older Adults (≥65)
23411973,1,75,YR,F,,"",US,US,OZEMPIC,SEMAGLUTIDE,2,MG,PS,Pain,,2024Q1,Older Adults (≥65)
23411976,1,60,YR,F,,"",US,US,OZEMPIC,SEMAGLUTIDE,,"",PS,Illness,,2024Q1,Younger Adults (18–64)
23411981,1,70,YR,M,,"",US,US,OZEMPIC,SEMAGLUTIDE,,"",PS,Nausea,,2024Q1,Older Adults (≥65)
23412001,1,37,YR,F,,"",US,US,OZEMPIC,SEMAGLUTIDE,,"",PS,Acne,,2024Q1,Younger Adults (18–64)
23412011,1,58,YR,M,,"",US,US,OZEMPIC,SEMAGLUTIDE,,"",PS,Neuropathy peripheral,,2024Q1,Younger Adults (18–64)
23412020,1,54,YR,M,,"",US,US,OZEMPIC,SEMAGLUTIDE,0.25,MG,PS,Visual impairment,,2024Q1,Younger Adults (18–64)
23412026,1,75,YR,M,,"",US,US,OZEMPIC,SEMAGLUTIDE,,"",PS,Oropharyngeal pain,,2024Q1,Older Adults (≥65)
23412028,1,72,YR,F,,"",US,US,OZEMPIC,SEMAGLUTIDE,2,MG,PS,Off label use,,2024Q1,Older Adults (≥65)
23412039,1,52,YR,M,,"",US,US,OZEMPIC,SEMAGLUTIDE,,"",PS,Sensitive skin,,2024Q1,Younger Adults (18–64)
23412041,2,67,YR,F,,"",US,US,OZEMPIC,SEMAGLUTIDE,0.5,MG,PS,Off label use,,2024Q3,Older Adults (≥65)
23412042,1,74,YR,F,,"",US,US,OZEMPIC,SEMAGLUTIDE,,"",PS,Vomiting,,2024Q1,Older Adults (≥65)
23412044,1,55,YR,F,,"",US,US,OZEMPIC,SEMAGLUTIDE,,"",PS,Pain of skin,,2024Q1,Younger Adults (18–64)
23412045,1,65,YR,F,,"",US,US,OZEMPIC,SEMAGLUTIDE,0.25,MG,PS,Decreased appetite,,2024Q1,Older Adults (≥65)
23412047,1,66,YR,F,,"",US,US,OZEMPIC,SEMAGLUTIDE,,"",PS,Vomiting,,2024Q1,Older Adults (≥65)
23412050,1,64,YR,M,,"",US,US,OZEMPIC,SEMAGLUTIDE,,"",PS,Burning sensation,,2024Q1,Younger Adults (18–64)
23412052,1,68,YR,F,,"",US,US,OZEMPIC,SEMAGLUTIDE,2,MG,PS,Inappropriate schedule of product administration,,2024Q1,Older Adults (≥65)
23412054,1,72,YR,M,,"",US,US,OZEMPIC,SEMAGLUTIDE,,"",PS,Incorrect dose administered,,2024Q1,Older Adults (≥65)
23412058,1,62,YR,M,,"",US,US,OZEMPIC,SEMAGLUTIDE,,"",PS,Pancreatitis acute,HO,2024Q1,Younger Adults (18–64)
23412062,1,74,YR,M,,"",US,US,OZEMPIC,SEMAGLUTIDE,0.25,MG,PS,Hot flush,,2024Q1,Older Adults (≥65)
23412070,1,42,YR,M,,"",US,US,OZEMPIC,SEMAGLUTIDE,1,MG,PS,Skin burning sensation,,2024Q1,Younger Adults (18–64)
23412079,1,64,YR,M,,"",US,US,OZEMPIC,SEMAGLUTIDE,,"",PS,Flatulence,,2024Q1,Younger Adults (18–64)
23412083,1,62,YR,F,,"",US,US,OZEMPIC,SEMAGLUTIDE,0.5,MG,PS,Dehydration,,2024Q1,Younger Adults (18–64)
23412084,1,68,YR,M,,"",US,US,OZEMPIC,SEMAGLUTIDE,,"",PS,Nausea,,2024Q1,Older Adults (≥65)
23412087,1,75,YR,F,,"",US,US,OZEMPIC,SEMAGLUTIDE,,"",PS,Hypersensitivity,,2024Q1,Older Adults (≥65)
23412088,1,54,YR,F,,"",US,US,OZEMPIC,SEMAGLUTIDE,1,MG,PS,Drug ineffective,,2024Q1,Younger Adults (18–64)
23412091,1,60,YR,F,,"",US,US,OZEMPIC,SEMAGLUTIDE,,"",PS,Pancreatitis,OT,2024Q1,Younger Adults (18–64)
23412093,1,43,YR,M,,"",US,US,OZEMPIC,SEMAGLUTIDE,0.25,MG,PS,Nausea,,2024Q1,Younger Adults (18–64)
23412099,1,52,YR,,,"",US,US,OZEMPIC,SEMAGLUTIDE,,"",PS,Nausea,,2024Q1,Younger Adults (18–64)
23412102,1,60,YR,M,,"",US,US,OZEMPIC,SEMAGLUTIDE,,"",PS,Nausea,,2024Q1,Younger Adults (18–64)
23412108,2,70,YR,F,,"",US,US,OZEMPIC,SEMAGLUTIDE,,"",PS,Abdominal pain upper,,2024Q3,Older Adults (≥65)
23412110,1,71,YR,F,,"",US,US,OZEMPIC,SEMAGLUTIDE,,"",PS,Decreased appetite,,2024Q1,Older Adults (≥65)
23412115,1,65,YR,F,,"",US,US,OZEMPIC,SEMAGLUTIDE,2,MG,PS,Constipation,,2024Q1,Older Adults (≥65)
23412116,1,67,YR,F,,"",US,US,OZEMPIC,SEMAGLUTIDE,,"",PS,Alopecia,,2024Q1,Older Adults (≥65)
23412117,1,66,YR,F,,"",US,US,OZEMPIC,SEMAGLUTIDE,,"",PS,Flatulence,,2024Q1,Older Adults (≥65)
23412118,2,58,YR,F,,"",US,US,OZEMPIC,SEMAGLUTIDE,,"",PS,Asthenia,,2024Q3,Younger Adults (18–64)
23412120,1,64,YR,F,,"",US,US,OZEMPIC,SEMAGLUTIDE,,"",PS,Flatulence,,2024Q1,Younger Adults (18–64)
23412125,1,42,YR,,,"",US,US,OZEMPIC,SEMAGLUTIDE,,"",PS,Dehydration,OT,2024Q1,Younger Adults (18–64)
23412126,1,55,YR,M,82.086,KG,US,US,OZEMPIC,SEMAGLUTIDE,1,MG,PS,Off label use,HO,2024Q1,Younger Adults (18–64)
23412128,1,61,YR,M,,"",US,US,OZEMPIC,SEMAGLUTIDE,,"",PS,Lipase increased,,2024Q1,Younger Adults (18–64)
23412132,2,69,YR,M,,"",US,US,OZEMPIC,SEMAGLUTIDE,,"",PS,Decreased appetite,,2024Q1,Older Adults (≥65)
23412134,2,54,YR,F,,"",US,US,OZEMPIC,SEMAGLUTIDE,,"",PS,Inappropriate schedule of product administration,,2024Q1,Younger Adults (18–64)
23412145,1,34,YR,F,,"",US,US,OZEMPIC,SEMAGLUTIDE,,"",PS,Vision blurred,,2024Q1,Younger Adults (18–64)
23412147,1,55,YR,F,,"",US,US,OZEMPIC,SEMAGLUTIDE,,"",PS,Anxiety,,2024Q1,Younger Adults (18–64)
23412155,1,37,YR,,,"",US,US,OZEMPIC,SEMAGLUTIDE,,"",PS,Gastrointestinal disorder,,2024Q1,Younger Adults (18–64)
23412158,1,37,YR,M,,"",US,US,OZEMPIC,SEMAGLUTIDE,,"",PS,Haemorrhoids,,2024Q1,Younger Adults (18–64)
23412159,2,67,YR,F,119.27,KG,US,US,OZEMPIC,SEMAGLUTIDE,0.25,MG,PS,Hypersensitivity,OT,2024Q3,Older Adults (≥65)
23412161,1,62,YR,M,,"",US,US,OZEMPIC,SEMAGLUTIDE,0.5,MG,PS,Increased appetite,,2024Q1,Younger Adults (18–64)
23412178,2,75,YR,F,175,KG,US,US,OZEMPIC,SEMAGLUTIDE,0.25,MG,PS,Muscle strain,,2024Q3,Older Adults (≥65)
23412180,1,65,YR,F,,"",US,US,OZEMPIC,SEMAGLUTIDE,,"",PS,Product use in unapproved indication,,2024Q1,Older Adults (≥65)
23412181,2,81,YR,M,,"",US,US,OZEMPIC,SEMAGLUTIDE,,"",PS,Abdominal pain upper,OT,2024Q2,Older Adults (≥65)
23412185,1,58,YR,F,,"",US,US,OZEMPIC,SEMAGLUTIDE,,"",PS,Inappropriate schedule of product administration,,2024Q1,Younger Adults (18–64)
23412188,1,66,YR,F,,"",US,US,OZEMPIC,SEMAGLUTIDE,,"",PS,Nausea,,2024Q1,Older Adults (≥65)
23412194,1,26,YR,F,,"",US,US,OZEMPIC,SEMAGLUTIDE,0.25,MG,PS,Insulin resistance,,2024Q1,Younger Adults (18–64)
23412199,1,66,YR,,,"",US,US,OZEMPIC,SEMAGLUTIDE,,"",PS,Decreased appetite,,2024Q1,Older Adults (≥65)
23412213,1,71,YR,M,,"",US,US,OZEMPIC,SEMAGLUTIDE,,"",PS,Euphoric mood,,2024Q1,Older Adults (≥65)
23412214,1,57,YR,F,,"",US,US,OZEMPIC,SEMAGLUTIDE,,"",PS,Dyspnoea,,2024Q1,Younger Adults (18–64)
23412218,1,71,YR,F,,"",US,US,OZEMPIC,SEMAGLUTIDE,,"",PS,Off label use,,2024Q1,Older Adults (≥65)
23412226,1,24,YR,M,,"",US,US,OZEMPIC,SEMAGLUTIDE,,"",PS,Visual impairment,,2024Q1,Younger Adults (18–64)
23412227,1,73,YR,F,,"",US,US,OZEMPIC,SEMAGLUTIDE,,"",PS,Abdominal distension,,2024Q1,Older Adults (≥65)
23412230,1,26,YR,F,,"",US,US,OZEMPIC,SEMAGLUTIDE,,"",PS,Diarrhoea,,2024Q1,Younger Adults (18–64)
23412237,1,50,YR,M,,"",US,US,OZEMPIC,SEMAGLUTIDE,1,MG,PS,Tremor,,2024Q1,Younger Adults (18–64)
23412241,1,74,YR,M,,"",US,US,OZEMPIC,SEMAGLUTIDE,0.25,MG,PS,Pruritus,,2024Q1,Older Adults (≥65)
23412244,1,74,YR,M,,"",US,US,OZEMPIC,SEMAGLUTIDE,,"",PS,Drug hypersensitivity,OT,2024Q1,Older Adults (≥65)
23412248,1,69,YR,M,,"",US,US,OZEMPIC,SEMAGLUTIDE,,"",PS,Abdominal discomfort,,2024Q1,Older Adults (≥65)
23412250,1,40,YR,F,,"",US,US,OZEMPIC,SEMAGLUTIDE,,"",PS,Decreased appetite,OT,2024Q1,Younger Adults (18–64)
23412251,1,71,YR,M,,"",US,US,OZEMPIC,SEMAGLUTIDE,0.5,MG,PS,Dehydration,HO,2024Q1,Older Adults (≥65)
23412252,1,76,YR,M,,"",US,US,OZEMPIC,SEMAGLUTIDE,,"",PS,Nausea,,2024Q1,Older Adults (≥65)
23412259,1,50,YR,F,,"",US,US,OZEMPIC,SEMAGLUTIDE,,"",PS,Fungal infection,,2024Q1,Younger Adults (18–64)
23412264,1,67,YR,F,62.132,KG,US,US,OZEMPIC,SEMAGLUTIDE,0.5,MG,PS,Pancreatitis acute,OT,2024Q1,Older Adults (≥65)
23412275,1,70,YR,F,,"",US,US,OZEMPIC,SEMAGLUTIDE,,"",PS,Headache,,2024Q1,Older Adults (≥65)
23412281,1,57,YR,M,,"",US,US,OZEMPIC,SEMAGLUTIDE,0.5,MG,PS,Diplopia,,2024Q1,Younger Adults (18–64)
23412283,1,54,YR,M,,"",US,US,OZEMPIC,SEMAGLUTIDE,0.25,MG,PS,Pancreatitis,OT,2024Q1,Younger Adults (18–64)
23412293,2,62,YR,F,,"",US,US,OZEMPIC,SEMAGLUTIDE,,"",PS,Onychoclasis,HO,2024Q3,Younger Adults (18–64)
23412294,1,75,YR,F,,"",US,US,OZEMPIC,SEMAGLUTIDE,,"",PS,Dysphonia,,2024Q1,Older Adults (≥65)
23412296,1,60,YR,M,,"",US,US,OZEMPIC,SEMAGLUTIDE,1,MG,PS,Pancreatitis,OT,2024Q1,Younger Adults (18–64)
23412298,1,72,YR,M,89.796,KG,US,US,OZEMPIC,SEMAGLUTIDE,,"",PS,Pancreatitis,OT,2024Q1,Older Adults (≥65)
23412299,3,72,YR,F,,"",US,US,OZEMPIC,SEMAGLUTIDE,2,MG,PS,Paraesthesia,,2024Q3,Older Adults (≥65)
23412300,1,62,YR,F,,"",US,US,OZEMPIC,SEMAGLUTIDE,,"",PS,Pancreatitis,OT,2024Q1,Younger Adults (18–64)
23412301,2,20,YR,F,97.5,KG,US,US,WEGOVY,SEMAGLUTIDE,1.7,MG,PS,Dizziness,HO,2024Q1,Younger Adults (18–64)
23412303,1,66,YR,F,,"",US,US,OZEMPIC,SEMAGLUTIDE,1,MG,PS,Pancreatitis,OT,2024Q1,Older Adults (≥65)
23412304,1,56,YR,F,100.7,KG,US,US,OZEMPIC,SEMAGLUTIDE,0.5,MG,PS,Anaphylactic reaction,OT,2024Q1,Younger Adults (18–64)
23412305,1,73,YR,M,,"",US,US,OZEMPIC,SEMAGLUTIDE,,"",PS,Chest discomfort,,2024Q1,Older Adults (≥65)
23412309,1,49,YR,F,,"",US,US,OZEMPIC,SEMAGLUTIDE,,"",PS,Allodynia,,2024Q1,Younger Adults (18–64)
23412313,4,58,YR,M,,"",US,US,OZEMPIC,SEMAGLUTIDE,1,MG,PS,Off label use,HO,2024Q3,Younger Adults (18–64)
23412315,2,41,YR,F,,"",US,US,OZEMPIC,SEMAGLUTIDE,0.25,MG,PS,Nausea,,2024Q3,Younger Adults (18–64)
23412317,1,71,YR,F,,"",US,US,OZEMPIC,SEMAGLUTIDE,,"",PS,Nausea,,2024Q1,Older Adults (≥65)
23412321,1,72,YR,M,,"",US,US,OZEMPIC,SEMAGLUTIDE,,"",PS,Abdominal distension,,2024Q1,Older Adults (≥65)
23412326,1,65,YR,F,,"",US,US,OZEMPIC,SEMAGLUTIDE,2,MG,PS,Skin sensitisation,,2024Q1,Older Adults (≥65)
23412329,2,53,YR,F,,"",US,US,OZEMPIC,SEMAGLUTIDE,,"",PS,Intraocular pressure increased,,2024Q3,Younger Adults (18–64)
23412333,1,75,YR,F,,"",US,US,OZEMPIC,SEMAGLUTIDE,,"",PS,Inhibitory drug interaction,,2024Q1,Older Adults (≥65)
23412348,2,80,YR,M,,"",US,US,OZEMPIC,SEMAGLUTIDE,0.25,MG,PS,Rash,,2024Q3,Older Adults (≥65)
23412351,1,71,YR,,,"",US,US,OZEMPIC,SEMAGLUTIDE,,"",PS,Vision blurred,,2024Q1,Older Adults (≥65)
23412378,1,57,YR,F,,"",US,US,OZEMPIC,SEMAGLUTIDE,,"",PS,Product communication issue,,2024Q1,Younger Adults (18–64)
23412379,1,53,YR,F,,"",US,US,OZEMPIC,SEMAGLUTIDE,,"",PS,Dizziness,HO,2024Q1,Younger Adults (18–64)
23412389,1,42,YR,F,,"",US,US,OZEMPIC,SEMAGLUTIDE,,"",PS,Sensitive skin,,2024Q1,Younger Adults (18–64)
23412391,1,67,YR,F,,"",US,US,OZEMPIC,SEMAGLUTIDE,,"",PS,Off label use,,2024Q1,Older Adults (≥65)
23412393,2,43,YR,F,,"",US,US,OZEMPIC,SEMAGLUTIDE,1,MG,PS,Wrong technique in product usage process,,2024Q3,Younger Adults (18–64)
23412395,1,60,YR,F,,"",US,US,OZEMPIC,SEMAGLUTIDE,,"",PS,Malaise,OT,2024Q1,Younger Adults (18–64)
23412397,1,77,YR,F,,"",US,US,OZEMPIC,SEMAGLUTIDE,0.5,MG,PS,Rash,,2024Q1,Older Adults (≥65)
23412399,1,60,YR,F,,"",US,US,OZEMPIC,SEMAGLUTIDE,,"",PS,Blepharospasm,,2024Q1,Younger Adults (18–64)
23412401,1,67,YR,F,,"",US,US,OZEMPIC,SEMAGLUTIDE,,"",PS,Oxygen saturation decreased,,2024Q1,Older Adults (≥65)
23412403,1,62,YR,F,,"",US,US,OZEMPIC,SEMAGLUTIDE,,"",PS,Depression,,2024Q1,Younger Adults (18–64)
23412405,1,53,YR,F,,"",US,US,OZEMPIC,SEMAGLUTIDE,0.5,MG,PS,Arthralgia,,2024Q1,Younger Adults (18–64)
23412410,1,66,YR,M,,"",US,US,OZEMPIC,SEMAGLUTIDE,,"",PS,Increased appetite,,2024Q1,Older Adults (≥65)
23412411,1,63,YR,F,,"",US,US,OZEMPIC,SEMAGLUTIDE,,"",PS,Asthenia,,2024Q1,Younger Adults (18–64)
23412414,1,60,YR,F,,"",US,US,OZEMPIC,SEMAGLUTIDE,0.5,MG,PS,Blood glucose decreased,,2024Q1,Younger Adults (18–64)
23412415,1,50,YR,,,"",US,US,OZEMPIC,SEMAGLUTIDE,,"",PS,Lymphadenopathy,,2024Q1,Younger Adults (18–64)
23412416,1,63,YR,F,,"",US,US,OZEMPIC,SEMAGLUTIDE,,"",PS,Abdominal pain,,2024Q1,Younger Adults (18–64)
23412418,1,70,YR,F,76.2,KG,US,US,OZEMPIC,SEMAGLUTIDE,0.5,MG,PS,Pancreatitis,HO,2024Q1,Older Adults (≥65)
23412420,1,52,YR,F,,"",US,US,OZEMPIC,SEMAGLUTIDE,1,MG,PS,Nausea,,2024Q1,Younger Adults (18–64)
23412422,1,53,YR,F,,"",US,US,OZEMPIC,SEMAGLUTIDE,,"",PS,Hyperaesthesia,,2024Q1,Younger Adults (18–64)
23412428,1,50,YR,F,,"",US,US,OZEMPIC,SEMAGLUTIDE,0.5,MG,PS,Constipation,,2024Q1,Younger Adults (18–64)
23412430,1,32,YR,F,,"",US,US,OZEMPIC,SEMAGLUTIDE,,"",PS,Alcohol intolerance,,2024Q1,Younger Adults (18–64)
23412431,1,58,YR,F,,"",US,US,OZEMPIC,SEMAGLUTIDE,,"",PS,Injection site discharge,,2024Q1,Younger Adults (18–64)
23412441,1,60,YR,M,,"",US,US,OZEMPIC,SEMAGLUTIDE,,"",PS,Depression,,2024Q1,Younger Adults (18–64)
23412445,1,81,YR,F,,"",US,US,OZEMPIC,SEMAGLUTIDE,,"",PS,Off label use,,2024Q1,Older Adults (≥65)
23412447,1,73,YR,F,,"",US,US,OZEMPIC,SEMAGLUTIDE,0.25,MG,PS,Off label use,OT,2024Q1,Older Adults (≥65)
23412456,1,77,YR,F,,"",US,US,OZEMPIC,SEMAGLUTIDE,2,MG,PS,Weight decreased,,2024Q1,Older Adults (≥65)
23412460,1,69,YR,F,,"",US,US,OZEMPIC,SEMAGLUTIDE,,"",PS,Decreased appetite,,2024Q1,Older Adults (≥65)
23412462,1,40,YR,M,,"",US,US,OZEMPIC,SEMAGLUTIDE,,"",PS,Product use in unapproved indication,,2024Q1,Younger Adults (18–64)
23412464,1,50,YR,F,,"",US,US,OZEMPIC,SEMAGLUTIDE,,"",PS,Tic,,2024Q1,Younger Adults (18–64)
23412466,2,81,YR,F,,"",US,US,OZEMPIC,SEMAGLUTIDE,,"",PS,Pruritus,,2024Q3,Older Adults (≥65)
23412467,1,80,YR,M,,"",US,US,OZEMPIC,SEMAGLUTIDE,,"",PS,Abdominal distension,,2024Q1,Older Adults (≥65)
23412468,1,70,YR,F,,"",US,US,OZEMPIC,SEMAGLUTIDE,,"",PS,Tinea versicolour,,2024Q1,Older Adults (≥65)
23412476,1,67,YR,F,62.132,KG,US,US,OZEMPIC,SEMAGLUTIDE,0.5,MG,PS,Pancreatitis,OT,2024Q1,Older Adults (≥65)
23412484,2,42,YR,F,,"",US,US,OZEMPIC,SEMAGLUTIDE,,"",PS,Pancreatitis,OT,2024Q1,Younger Adults (18–64)
23412490,1,58,YR,,,"",US,US,OZEMPIC,SEMAGLUTIDE,,"",PS,Vomiting,,2024Q1,Younger Adults (18–64)
23412491,1,37,YR,F,,"",US,US,OZEMPIC,SEMAGLUTIDE,,"",PS,Stress,OT,2024Q1,Younger Adults (18–64)
23412497,2,83,YR,F,160,KG,US,US,OZEMPIC,SEMAGLUTIDE,,"",PS,Off label use,HO,2024Q2,Older Adults (≥65)
23412500,1,54,YR,,,"",US,US,OZEMPIC,SEMAGLUTIDE,,"",PS,Rash erythematous,,2024Q1,Younger Adults (18–64)
23412502,1,72,YR,F,,"",US,US,OZEMPIC,SEMAGLUTIDE,,"",PS,Vulvovaginal pruritus,,2024Q1,Older Adults (≥65)
23412513,3,71,YR,F,,"",US,US,OZEMPIC,SEMAGLUTIDE,,"",PS,Decreased appetite,,2024Q3,Older Adults (≥65)
23412519,1,70,YR,M,,"",US,US,OZEMPIC,SEMAGLUTIDE,,"",PS,Incorrect dose administered,,2024Q1,Older Adults (≥65)
23412520,1,77,YR,F,,"",US,US,OZEMPIC,SEMAGLUTIDE,2,MG,PS,Acute kidney injury,OT,2024Q1,Older Adults (≥65)
23412525,1,63,YR,F,,"",US,US,OZEMPIC,SEMAGLUTIDE,,"",PS,Alopecia,,2024Q1,Younger Adults (18–64)
23412529,1,70,YR,F,,"",US,US,OZEMPIC,SEMAGLUTIDE,,"",PS,Blood glucose increased,,2024Q1,Older Adults (≥65)
23412531,1,66,YR,F,,"",US,US,OZEMPIC,SEMAGLUTIDE,2,MG,PS,Off label use,,2024Q1,Older Adults (≥65)
23412532,1,50,YR,F,,"",US,US,OZEMPIC,SEMAGLUTIDE,0.25,MG,PS,Abdominal pain,,2024Q1,Younger Adults (18–64)
23412533,1,30,YR,F,,"",US,US,OZEMPIC,SEMAGLUTIDE,,"",PS,Renal failure,OT,2024Q1,Younger Adults (18–64)
23412534,1,39,YR,F,,"",US,US,OZEMPIC,SEMAGLUTIDE,,"",PS,Headache,,2024Q1,Younger Adults (18–64)
23412541,1,60,YR,F,,"",US,US,OZEMPIC,SEMAGLUTIDE,,"",PS,Weight loss poor,,2024Q1,Younger Adults (18–64)
23412543,1,77,YR,F,,"",US,US,OZEMPIC,SEMAGLUTIDE,,"",PS,Injection site pain,,2024Q1,Older Adults (≥65)
23412544,1,53,YR,M,,"",US,US,OZEMPIC,SEMAGLUTIDE,0.5,MG,PS,Ligament sprain,,2024Q1,Younger Adults (18–64)
23412545,1,67,YR,F,,"",US,US,OZEMPIC,SEMAGLUTIDE,,"",PS,Unevaluable event,,2024Q1,Older Adults (≥65)
23412546,1,73,YR,M,,"",US,US,OZEMPIC,SEMAGLUTIDE,,"",PS,COVID-19,,2024Q1,Older Adults (≥65)
23412552,1,39,YR,M,,"",US,US,OZEMPIC,SEMAGLUTIDE,2,MG,PS,Impaired gastric emptying,HO,2024Q1,Younger Adults (18–64)
23412555,1,52,YR,F,,"",US,US,OZEMPIC,SEMAGLUTIDE,0.5,MG,PS,Constipation,,2024Q1,Younger Adults (18–64)
23412563,1,75,YR,M,,"",US,US,OZEMPIC,SEMAGLUTIDE,0.25,MG,PS,Feeling jittery,,2024Q1,Older Adults (≥65)
23412565,1,52,YR,F,,"",US,US,OZEMPIC,SEMAGLUTIDE,,"",PS,Product use in unapproved indication,,2024Q1,Younger Adults (18–64)
23412577,1,55,YR,F,,"",US,US,OZEMPIC,SEMAGLUTIDE,,"",PS,Accidental exposure to product,,2024Q1,Younger Adults (18–64)
23412579,1,59,YR,M,,"",US,US,OZEMPIC,SEMAGLUTIDE,,"",PS,Neck pain,,2024Q1,Younger Adults (18–64)
23412580,2,55,YR,F,,"",US,US,OZEMPIC,SEMAGLUTIDE,0.25,MG,PS,Vomiting,,2024Q3,Younger Adults (18–64)
23412581,1,73,YR,M,,"",US,US,OZEMPIC,SEMAGLUTIDE,,"",PS,Product use in unapproved indication,,2024Q1,Older Adults (≥65)
23412583,1,70,YR,F,,"",US,US,OZEMPIC,SEMAGLUTIDE,0.25,MG,PS,Arthralgia,,2024Q1,Older Adults (≥65)
23412588,1,43,YR,F,,"",US,US,OZEMPIC,SEMAGLUTIDE,2,MG,PS,Allodynia,,2024Q1,Younger Adults (18–64)
23412590,1,38,YR,F,,"",US,US,OZEMPIC,SEMAGLUTIDE,,"",PS,Hepatic enzyme increased,,2024Q1,Younger Adults (18–64)
23412592,1,65,YR,F,,"",US,US,OZEMPIC,SEMAGLUTIDE,,"",PS,Hepatic enzyme increased,,2024Q1,Older Adults (≥65)
23412593,1,54,YR,F,,"",US,US,OZEMPIC,SEMAGLUTIDE,,"",PS,Sunburn,,2024Q1,Younger Adults (18–64)
23412598,1,66,YR,F,,"",US,US,OZEMPIC,SEMAGLUTIDE,,"",PS,Injection site discharge,,2024Q1,Older Adults (≥65)
23412605,1,60,YR,M,,"",US,US,OZEMPIC,SEMAGLUTIDE,,"",PS,Pancreatitis,HO,2024Q1,Younger Adults (18–64)
23412606,1,71,YR,F,,"",US,US,OZEMPIC,SEMAGLUTIDE,0.25,MG,PS,Diarrhoea,HO,2024Q1,Older Adults (≥65)
23412610,1,56,YR,M,,"",US,US,OZEMPIC,SEMAGLUTIDE,0.5,MG,PS,Cholelithiasis,OT,2024Q1,Younger Adults (18–64)
23412614,1,73,YR,F,92.971,KG,US,US,OZEMPIC,SEMAGLUTIDE,0.25,MG,PS,Product quality issue,OT,2024Q1,Older Adults (≥65)
23412616,1,36,YR,,,"",US,US,OZEMPIC,SEMAGLUTIDE,,"",PS,Impaired gastric emptying,OT,2024Q1,Younger Adults (18–64)
23412621,1,42,YR,F,,"",US,US,OZEMPIC,SEMAGLUTIDE,,"",PS,Arthritis,,2024Q1,Younger Adults (18–64)
23412624,1,69,YR,F,,"",US,US,OZEMPIC,SEMAGLUTIDE,0.5,MG,PS,Nausea,HO,2024Q1,Older Adults (≥65)
23412625,1,82,YR,M,,"",US,US,OZEMPIC,SEMAGLUTIDE,,"",PS,Inappropriate schedule of product administration,,2024Q1,Older Adults (≥65)
23412628,1,60,YR,M,,"",US,US,OZEMPIC,SEMAGLUTIDE,,"",PS,Inappropriate schedule of product administration,,2024Q1,Younger Adults (18–64)
23412633,1,68,YR,F,,"",US,US,OZEMPIC,SEMAGLUTIDE,0.5,MG,PS,Colitis,HO,2024Q1,Older Adults (≥65)
23412640,1,81,YR,M,,"",US,US,OZEMPIC,SEMAGLUTIDE,2,MG,PS,Injection site urticaria,,2024Q1,Older Adults (≥65)
23412641,1,61,YR,F,,"",US,US,OZEMPIC,SEMAGLUTIDE,,"",PS,Off label use,,2024Q1,Younger Adults (18–64)
23412646,1,75,YR,M,,"",US,US,OZEMPIC,SEMAGLUTIDE,,"",PS,Back pain,,2024Q1,Older Adults (≥65)
23412647,2,80,YR,F,,"",US,US,OZEMPIC,SEMAGLUTIDE,2,MG,PS,Headache,,2024Q3,Older Adults (≥65)
23412650,1,55,YR,M,,"",US,US,OZEMPIC,SEMAGLUTIDE,0.25,MG,PS,Angioedema,OT,2024Q1,Younger Adults (18–64)
23412654,1,79,YR,M,,"",US,US,OZEMPIC,SEMAGLUTIDE,,"",PS,Off label use,,2024Q1,Older Adults (≥65)
23412657,1,30,YR,F,,"",US,US,OZEMPIC,SEMAGLUTIDE,0.5,MG,PS,Menstruation delayed,,2024Q1,Younger Adults (18–64)
23412659,2,75,YR,F,,"",US,US,OZEMPIC,SEMAGLUTIDE,0.25,MG,PS,Ocular discomfort,,2024Q3,Older Adults (≥65)
23412662,1,29,YR,F,,"",US,US,OZEMPIC,SEMAGLUTIDE,1,MG,PS,Allodynia,,2024Q1,Younger Adults (18–64)
23412673,2,70,YR,F,,"",US,US,OZEMPIC,SEMAGLUTIDE,,"",PS,Device issue,,2024Q3,Older Adults (≥65)
23412676,1,54,YR,F,,"",US,US,OZEMPIC,SEMAGLUTIDE,,"",PS,Dehydration,,2024Q1,Younger Adults (18–64)
23412684,1,32,YR,F,,"",US,US,OZEMPIC,SEMAGLUTIDE,,"",PS,Throat tightness,,2024Q1,Younger Adults (18–64)
23412686,1,45,YR,F,,"",US,US,OZEMPIC,SEMAGLUTIDE,1,MG,PS,Pancreatitis,HO,2024Q1,Younger Adults (18–64)
23412688,2,75,YR,M,,"",US,US,OZEMPIC,SEMAGLUTIDE,2,MG,PS,Injection site irritation,,2024Q3,Older Adults (≥65)
23412689,1,44,YR,F,98.3,KG,US,US,OZEMPIC,SEMAGLUTIDE,1,MG,PS,Impaired gastric emptying,OT,2024Q1,Younger Adults (18–64)
23412705,1,76,YR,F,,"",US,US,OZEMPIC,SEMAGLUTIDE,,"",PS,Pain,,2024Q1,Older Adults (≥65)
23412706,1,68,YR,F,,"",US,US,OZEMPIC,SEMAGLUTIDE,0.5,MG,PS,Off label use,,2024Q1,Older Adults (≥65)
23412707,1,53,YR,F,,"",US,US,OZEMPIC,SEMAGLUTIDE,2,MG,PS,Condition aggravated,,2024Q1,Younger Adults (18–64)
23412708,1,51,YR,F,136.96,KG,US,US,OZEMPIC,SEMAGLUTIDE,,"",PS,Weight decreased,,2024Q1,Younger Adults (18–64)
23412713,1,74,YR,M,,"",US,US,OZEMPIC,SEMAGLUTIDE,,"",PS,Pyrexia,,2024Q1,Older Adults (≥65)
23412725,1,66,YR,M,,"",US,US,OZEMPIC,SEMAGLUTIDE,,"",PS,Swelling,,2024Q1,Older Adults (≥65)
23412727,3,76,YR,F,,"",US,US,OZEMPIC,SEMAGLUTIDE,2,MG,PS,Rash,,2024Q3,Older Adults (≥65)
23412729,1,73,YR,F,,"",US,US,OZEMPIC,SEMAGLUTIDE,,"",PS,Malaise,,2024Q1,Older Adults (≥65)
23412730,1,47,YR,F,,"",US,US,OZEMPIC,SEMAGLUTIDE,,"",PS,Constipation,,2024Q1,Younger Adults (18–64)
23412736,2,71,YR,F,,"",US,US,OZEMPIC,SEMAGLUTIDE,0.25,MG,PS,Eructation,,2024Q3,Older Adults (≥65)
23412737,1,52,YR,F,,"",US,US,OZEMPIC,SEMAGLUTIDE,0.5,MG,PS,Heavy menstrual bleeding,,2024Q1,Younger Adults (18–64)
23412740,1,57,YR,F,,"",US,US,OZEMPIC,SEMAGLUTIDE,,"",PS,Increased appetite,,2024Q1,Younger Adults (18–64)
23412746,2,70,YR,F,,"",US,US,OZEMPIC,SEMAGLUTIDE,1,MG,PS,Weight increased,,2024Q1,Older Adults (≥65)
23412747,1,59,YR,F,,"",US,US,OZEMPIC,SEMAGLUTIDE,0.25,MG,PS,Nausea,,2024Q1,Younger Adults (18–64)
23412748,1,54,YR,M,,"",US,US,OZEMPIC,SEMAGLUTIDE,,"",PS,Dyspnoea,,2024Q1,Younger Adults (18–64)
23412750,1,70,YR,F,,"",US,US,OZEMPIC,SEMAGLUTIDE,0.5,MG,PS,Eructation,,2024Q1,Older Adults (≥65)
23412751,1,74,YR,F,,"",US,US,OZEMPIC,SEMAGLUTIDE,,"",PS,Decreased appetite,,2024Q1,Older Adults (≥65)
23412752,1,74,YR,M,,"",US,US,OZEMPIC,SEMAGLUTIDE,,"",PS,Weight increased,,2024Q1,Older Adults (≥65)
23412754,1,53,YR,F,,"",US,US,OZEMPIC,SEMAGLUTIDE,0.25,MG,PS,Acute kidney injury,HO,2024Q1,Younger Adults (18–64)
23412756,1,38,YR,F,,"",US,US,OZEMPIC,SEMAGLUTIDE,,"",PS,Alopecia,,2024Q1,Younger Adults (18–64)
23412757,1,60,YR,F,,"",US,US,OZEMPIC,SEMAGLUTIDE,,"",PS,Constipation,,2024Q1,Younger Adults (18–64)
23412760,1,53,YR,M,,"",US,US,OZEMPIC,SEMAGLUTIDE,,"",PS,Irritability,,2024Q1,Younger Adults (18–64)
23412764,1,72,YR,F,,"",US,US,OZEMPIC,SEMAGLUTIDE,2,MG,PS,Nausea,HO,2024Q1,Older Adults (≥65)
23412765,3,67,YR,F,,"",US,US,OZEMPIC,SEMAGLUTIDE,,"",PS,Nausea,OT,2024Q3,Older Adults (≥65)
23412772,1,70,YR,F,,"",US,US,OZEMPIC,SEMAGLUTIDE,,"",PS,Hunger,,2024Q1,Older Adults (≥65)
23412776,1,70,YR,F,,"",US,US,OZEMPIC,SEMAGLUTIDE,0.25,MG,PS,Off label use,,2024Q1,Older Adults (≥65)
23412777,1,44,YR,F,,"",US,US,OZEMPIC,SEMAGLUTIDE,,"",PS,Impaired gastric emptying,OT,2024Q1,Younger Adults (18–64)
23412778,1,78,YR,F,,"",US,US,OZEMPIC,SEMAGLUTIDE,,"",PS,Somnolence,,2024Q1,Older Adults (≥65)
23412783,1,43,YR,F,,"",US,US,OZEMPIC,SEMAGLUTIDE,1,MG,PS,Pancreatitis,HO,2024Q1,Younger Adults (18–64)
23412790,1,64,YR,F,,"",US,US,OZEMPIC,SEMAGLUTIDE,,"",PS,Abdominal pain,HO,2024Q1,Younger Adults (18–64)
23412792,1,72,YR,M,,"",US,US,OZEMPIC,SEMAGLUTIDE,1,MG,PS,Decreased appetite,,2024Q1,Older Adults (≥65)
23412795,1,50,YR,M,,"",US,US,OZEMPIC,SEMAGLUTIDE,0.5,MG,PS,Pancreatitis,OT,2024Q1,Younger Adults (18–64)
23412796,1,65,YR,F,,"",US,US,OZEMPIC,SEMAGLUTIDE,,"",PS,Thyroid mass,,2024Q1,Older Adults (≥65)
23412798,1,62,YR,M,,"",US,US,OZEMPIC,SEMAGLUTIDE,1,MG,PS,Rash,,2024Q1,Younger Adults (18–64)
23412807,1,58,YR,F,,"",US,US,OZEMPIC,SEMAGLUTIDE,1,MG,PS,Nausea,HO,2024Q1,Younger Adults (18–64)
23412808,1,40,YR,F,,"",US,US,OZEMPIC,SEMAGLUTIDE,,"",PS,Product use in unapproved indication,,2024Q1,Younger Adults (18–64)
23412809,1,29,YR,F,,"",US,US,OZEMPIC,SEMAGLUTIDE,,"",PS,Nausea,,2024Q1,Younger Adults (18–64)
23412817,1,55,YR,M,,"",US,US,OZEMPIC,SEMAGLUTIDE,,"",PS,Hunger,,2024Q1,Younger Adults (18–64)
23412818,1,60,YR,M,,"",US,US,OZEMPIC,SEMAGLUTIDE,,"",PS,Rash,,2024Q1,Younger Adults (18–64)
23412820,1,55,YR,F,,"",US,US,OZEMPIC,SEMAGLUTIDE,,"",PS,Blood pressure increased,,2024Q1,Younger Adults (18–64)
23412822,1,71,YR,F,,"",US,US,OZEMPIC,SEMAGLUTIDE,,"",PS,Abdominal pain upper,,2024Q1,Older Adults (≥65)
23412825,1,43,YR,F,,"",US,US,OZEMPIC,SEMAGLUTIDE,,"",PS,Pancreatitis,HO,2024Q1,Younger Adults (18–64)
23412829,1,72,YR,F,,"",US,US,OZEMPIC,SEMAGLUTIDE,,"",PS,Abdominal discomfort,,2024Q1,Older Adults (≥65)
23412831,1,49,YR,F,,"",US,US,OZEMPIC,SEMAGLUTIDE,,"",PS,Nausea,,2024Q1,Younger Adults (18–64)
23412832,2,69,YR,F,,"",US,US,OZEMPIC,SEMAGLUTIDE,,"",PS,Bedridden,,2024Q1,Older Adults (≥65)
23412840,1,59,YR,F,,"",US,US,OZEMPIC,SEMAGLUTIDE,,"",PS,Adverse drug reaction,,2024Q1,Younger Adults (18–64)
23412844,1,57,YR,F,,"",US,US,OZEMPIC,SEMAGLUTIDE,,"",PS,Diarrhoea,,2024Q1,Younger Adults (18–64)
23412849,2,66,YR,F,,"",US,US,OZEMPIC,SEMAGLUTIDE,,"",PS,Headache,,2024Q1,Older Adults (≥65)
23412850,1,71,YR,M,,"",US,US,OZEMPIC,SEMAGLUTIDE,,"",PS,Visual impairment,,2024Q1,Older Adults (≥65)
23412851,1,45,YR,M,,"",US,US,OZEMPIC,SEMAGLUTIDE,,"",PS,Impaired gastric emptying,OT,2024Q1,Younger Adults (18–64)
23412869,1,84,YR,F,,"",US,US,OZEMPIC,SEMAGLUTIDE,0.5,MG,PS,Injection site pain,,2024Q1,Older Adults (≥65)
23412877,1,55,YR,F,,"",US,US,OZEMPIC,SEMAGLUTIDE,,"",PS,Vision blurred,,2024Q1,Younger Adults (18–64)
23412880,2,52,YR,F,,"",US,US,OZEMPIC,SEMAGLUTIDE,0.5,MG,PS,Product dose omission issue,,2024Q3,Younger Adults (18–64)
23412883,1,54,YR,F,,"",US,US,OZEMPIC,SEMAGLUTIDE,,"",PS,Vision blurred,,2024Q1,Younger Adults (18–64)
23412885,1,71,YR,F,,"",US,US,OZEMPIC,SEMAGLUTIDE,,"",PS,Headache,,2024Q1,Older Adults (≥65)
23412887,1,67,YR,F,,"",US,US,OZEMPIC,SEMAGLUTIDE,0.25,MG,PS,Injection site bruising,,2024Q1,Older Adults (≥65)
23412890,1,52,YR,F,,"",US,US,OZEMPIC,SEMAGLUTIDE,,"",PS,Cold sweat,,2024Q1,Younger Adults (18–64)
23412894,1,67,YR,F,,"",US,US,OZEMPIC,SEMAGLUTIDE,0.5,MG,PS,Device breakage,,2024Q1,Older Adults (≥65)
23412896,1,66,YR,F,,"",US,US,OZEMPIC,SEMAGLUTIDE,,"",PS,Decreased appetite,,2024Q1,Older Adults (≥65)
23412897,1,41,YR,F,,"",US,US,OZEMPIC,SEMAGLUTIDE,,"",PS,Panic attack,,2024Q1,Younger Adults (18–64)
23412903,1,48,YR,F,,"",US,US,OZEMPIC,SEMAGLUTIDE,,"",PS,Vomiting,,2024Q1,Younger Adults (18–64)
23412905,1,71,YR,F,,"",US,US,OZEMPIC,SEMAGLUTIDE,,"",PS,Depression,,2024Q1,Older Adults (≥65)
23412912,1,67,YR,F,,"",US,US,OZEMPIC,SEMAGLUTIDE,2,MG,PS,Hyperaesthesia,,2024Q1,Older Adults (≥65)
23412919,1,45,YR,F,,"",US,US,OZEMPIC,SEMAGLUTIDE,,"",PS,Allodynia,,2024Q1,Younger Adults (18–64)
23412923,1,45,YR,M,,"",US,US,OZEMPIC,SEMAGLUTIDE,,"",PS,Immune thrombocytopenia,,2024Q1,Younger Adults (18–64)
23412924,1,42,YR,M,,"",US,US,OZEMPIC,SEMAGLUTIDE,,"",PS,Decreased appetite,,2024Q1,Younger Adults (18–64)
23412925,2,74,YR,M,,"",US,US,OZEMPIC,SEMAGLUTIDE,,"",PS,Diabetes mellitus inadequate control,,2024Q1,Older Adults (≥65)
23412930,1,72,YR,F,,"",US,US,OZEMPIC,SEMAGLUTIDE,1,MG,PS,Dysgeusia,,2024Q1,Older Adults (≥65)
23412931,1,65,YR,F,,"",US,US,OZEMPIC,SEMAGLUTIDE,,"",PS,Injection site vesicles,,2024Q1,Older Adults (≥65)
23412932,1,46,YR,F,,"",US,US,OZEMPIC,SEMAGLUTIDE,,"",PS,Skin disorder,,2024Q1,Younger Adults (18–64)
23412933,1,67,YR,F,,"",US,US,OZEMPIC,SEMAGLUTIDE,1,MG,PS,Renal failure,HO,2024Q1,Older Adults (≥65)
23412935,1,37,YR,F,,"",US,US,OZEMPIC,SEMAGLUTIDE,,"",PS,Decreased appetite,,2024Q1,Younger Adults (18–64)
23412937,1,60,YR,M,,"",US,US,OZEMPIC,SEMAGLUTIDE,,"",PS,Hepatic enzyme increased,OT,2024Q1,Younger Adults (18–64)
23412938,1,74,YR,F,,"",US,US,OZEMPIC,SEMAGLUTIDE,,"",PS,Pruritus,,2024Q1,Older Adults (≥65)
23412946,1,36,YR,F,,"",US,US,OZEMPIC,SEMAGLUTIDE,0.5,MG,PS,Cholelithiasis,OT,2024Q1,Younger Adults (18–64)
23412948,1,76,YR,F,,"",US,US,OZEMPIC,SEMAGLUTIDE,1,MG,PS,Pancreatitis,HO,2024Q1,Older Adults (≥65)
23412950,1,72,YR,M,,"",US,US,OZEMPIC,SEMAGLUTIDE,,"",PS,Constipation,,2024Q1,Older Adults (≥65)
23412953,1,52,YR,F,,"",US,US,OZEMPIC,SEMAGLUTIDE,,"",PS,Diarrhoea,OT,2024Q1,Younger Adults (18–64)
23412954,1,37,YR,F,,"",US,US,OZEMPIC,SEMAGLUTIDE,2,MG,PS,Nausea,OT,2024Q1,Younger Adults (18–64)
23412955,1,67,YR,M,,"",US,US,OZEMPIC,SEMAGLUTIDE,0.25,MG,PS,Vomiting,HO,2024Q1,Older Adults (≥65)
23412957,1,60,YR,M,,"",US,US,OZEMPIC,SEMAGLUTIDE,,"",PS,Hypoglycaemia,,2024Q1,Younger Adults (18–64)
23412959,1,71,YR,M,,"",US,US,OZEMPIC,SEMAGLUTIDE,0.5,MG,PS,Heart rate increased,,2024Q1,Older Adults (≥65)
23412960,2,70,YR,F,,"",US,US,OZEMPIC,SEMAGLUTIDE,,"",PS,Nausea,,2024Q3,Older Adults (≥65)
23412964,1,75,YR,M,86,KG,US,US,OZEMPIC,SEMAGLUTIDE,0.5,MG,PS,Pancreatitis acute,HO,2024Q1,Older Adults (≥65)
23412965,1,67,YR,M,104,KG,US,US,OZEMPIC,SEMAGLUTIDE,,"",PS,Pancreatitis acute,HO,2024Q1,Older Adults (≥65)
23412966,1,43,YR,F,,"",US,US,OZEMPIC,SEMAGLUTIDE,1,MG,PS,Skin sensitisation,,2024Q1,Younger Adults (18–64)
23412972,1,67,YR,M,,"",US,US,OZEMPIC,SEMAGLUTIDE,,"",PS,Confusional state,,2024Q1,Older Adults (≥65)
23412973,1,53,YR,M,,"",US,US,OZEMPIC,SEMAGLUTIDE,0.5,MG,PS,Abdominal distension,,2024Q1,Younger Adults (18–64)
23412974,2,69,YR,F,,"",US,US,OZEMPIC,SEMAGLUTIDE,,"",PS,Rash,OT,2024Q2,Older Adults (≥65)
23412976,1,56,YR,M,,"",US,US,OZEMPIC,SEMAGLUTIDE,2,MG,PS,Vomiting,,2024Q1,Younger Adults (18–64)
23412978,1,73,YR,F,,"",US,US,OZEMPIC,SEMAGLUTIDE,,"",PS,Abnormal loss of weight,,2024Q1,Older Adults (≥65)
23412981,2,73,YR,F,,"",US,US,OZEMPIC,SEMAGLUTIDE,0.5,MG,PS,Headache,OT,2024Q3,Older Adults (≥65)
23412983,1,67,YR,M,,"",US,US,OZEMPIC,SEMAGLUTIDE,,"",PS,Pancreatitis,OT,2024Q1,Older Adults (≥65)
23412984,1,39,YR,F,,"",US,US,OZEMPIC,SEMAGLUTIDE,,"",PS,Vision blurred,,2024Q1,Younger Adults (18–64)
23412988,1,57,YR,F,78.458,KG,US,US,OZEMPIC,SEMAGLUTIDE,,"",PS,Pancreatitis,OT,2024Q1,Younger Adults (18–64)
23412989,1,71,YR,F,,"",US,US,OZEMPIC,SEMAGLUTIDE,,"",PS,Oesophageal disorder,,2024Q1,Older Adults (≥65)
23412992,1,71,YR,F,,"",US,US,OZEMPIC,SEMAGLUTIDE,,"",PS,Drug interaction,,2024Q1,Older Adults (≥65)
23412994,1,67,YR,M,,"",US,US,OZEMPIC,SEMAGLUTIDE,,"",PS,Product use in unapproved indication,,2024Q1,Older Adults (≥65)
23412995,2,67,YR,F,,"",US,US,OZEMPIC,SEMAGLUTIDE,1,MG,PS,Headache,,2024Q3,Older Adults (≥65)
23413000,1,77,YR,M,,"",US,US,OZEMPIC,SEMAGLUTIDE,1,MG,PS,Constipation,,2024Q1,Older Adults (≥65)
23413001,1,70,YR,M,,"",US,US,OZEMPIC,SEMAGLUTIDE,,"",PS,Pain in extremity,,2024Q1,Older Adults (≥65)
23413002,2,57,YR,F,,"",US,US,OZEMPIC,SEMAGLUTIDE,1,MG,PS,Depressed mood,,2024Q3,Younger Adults (18–64)
23413011,2,62,YR,F,,"",US,US,OZEMPIC,SEMAGLUTIDE,0.5,MG,PS,Hot flush,,2024Q3,Younger Adults (18–64)
23413013,1,28,YR,F,,"",US,US,OZEMPIC,SEMAGLUTIDE,,"",PS,Injection site bruising,,2024Q1,Younger Adults (18–64)
23413014,1,57,YR,F,,"",US,US,OZEMPIC,SEMAGLUTIDE,,"",PS,Viral infection,,2024Q1,Younger Adults (18–64)
23413015,1,63,YR,M,,"",US,US,OZEMPIC,SEMAGLUTIDE,,"",PS,Dry eye,,2024Q1,Younger Adults (18–64)
23413016,1,65,YR,F,,"",US,US,OZEMPIC,SEMAGLUTIDE,,"",PS,Neuropathy peripheral,,2024Q1,Older Adults (≥65)
23413021,1,59,YR,F,,"",US,US,OZEMPIC,SEMAGLUTIDE,2,MG,PS,Vomiting,OT,2024Q1,Younger Adults (18–64)
23413022,1,67,YR,F,,"",US,US,OZEMPIC,SEMAGLUTIDE,,"",PS,Eye pain,,2024Q1,Older Adults (≥65)
23413023,1,57,YR,F,,"",US,US,OZEMPIC,SEMAGLUTIDE,,"",PS,Diarrhoea,OT,2024Q1,Younger Adults (18–64)
23413024,1,79,YR,F,,"",US,US,OZEMPIC,SEMAGLUTIDE,,"",PS,Increased appetite,,2024Q1,Older Adults (≥65)
23413028,1,66,YR,F,,"",US,US,OZEMPIC,SEMAGLUTIDE,,"",PS,Fluid intake reduced,,2024Q1,Older Adults (≥65)
23413030,1,71,YR,M,,"",US,US,OZEMPIC,SEMAGLUTIDE,,"",PS,Chills,,2024Q1,Older Adults (≥65)
23413031,1,48,YR,,,"",US,US,OZEMPIC,SEMAGLUTIDE,,"",PS,Depression,,2024Q1,Younger Adults (18–64)
23413035,2,59,YR,M,,"",US,US,OZEMPIC,SEMAGLUTIDE,,"",PS,Abdominal distension,OT,2024Q3,Younger Adults (18–64)
23413036,1,71,YR,F,,"",US,US,OZEMPIC,SEMAGLUTIDE,,"",PS,Abnormal loss of weight,,2024Q1,Older Adults (≥65)
23413037,1,54,YR,F,94.24,KG,US,US,OZEMPIC,SEMAGLUTIDE,0.25,MG,PS,Anaphylactic reaction,HO,2024Q1,Younger Adults (18–64)
23413043,4,73,YR,F,,"",US,US,OZEMPIC,SEMAGLUTIDE,,"",PS,Nausea,,2024Q3,Older Adults (≥65)
23413047,1,77,YR,F,,"",US,US,OZEMPIC,SEMAGLUTIDE,0.5,MG,PS,Decreased appetite,,2024Q1,Older Adults (≥65)
23413056,1,62,YR,F,,"",US,US,OZEMPIC,SEMAGLUTIDE,,"",PS,Vomiting,,2024Q1,Younger Adults (18–64)
23413059,4,77,YR,M,,"",US,US,OZEMPIC,SEMAGLUTIDE,,"",PS,Decreased appetite,,2024Q3,Older Adults (≥65)
23413062,1,77,YR,M,,"",US,US,OZEMPIC,SEMAGLUTIDE,,"",PS,Abdominal pain,,2024Q1,Older Adults (≥65)
23413064,2,76,YR,F,,"",US,US,OZEMPIC,SEMAGLUTIDE,,"",PS,Hypersensitivity,HO,2024Q3,Older Adults (≥65)
23413065,4,76,YR,F,,"",US,US,OZEMPIC,SEMAGLUTIDE,,"",PS,Abdominal pain upper,,2024Q3,Older Adults (≥65)
23413073,1,42,YR,F,,"",US,US,OZEMPIC,SEMAGLUTIDE,1,MG,PS,Acute kidney injury,HO,2024Q1,Younger Adults (18–64)
23413074,1,75,YR,F,,"",US,US,OZEMPIC,SEMAGLUTIDE,,"",PS,Off label use,,2024Q1,Older Adults (≥65)
23413076,1,52,YR,M,,"",US,US,OZEMPIC,SEMAGLUTIDE,,"",PS,Abdominal pain upper,,2024Q1,Younger Adults (18–64)
23413078,1,47,YR,F,,"",US,US,OZEMPIC,SEMAGLUTIDE,,"",PS,Sunburn,,2024Q1,Younger Adults (18–64)
23413079,1,75,YR,M,,"",US,US,OZEMPIC,SEMAGLUTIDE,0.5,MG,PS,Lethargy,,2024Q1,Older Adults (≥65)
23413081,2,82,YR,F,,"",US,US,OZEMPIC,SEMAGLUTIDE,,"",PS,Arthralgia,,2024Q3,Older Adults (≥65)
23413086,1,65,YR,F,,"",US,US,OZEMPIC,SEMAGLUTIDE,,"",PS,Weight decreased,,2024Q1,Older Adults (≥65)
23413087,1,50,YR,F,,"",US,US,OZEMPIC,SEMAGLUTIDE,,"",PS,Dysphagia,,2024Q1,Younger Adults (18–64)
23413091,2,68,YR,F,,"",US,US,OZEMPIC,SEMAGLUTIDE,0.5,MG,PS,Hunger,,2024Q3,Older Adults (≥65)
23413092,3,74,YR,F,,"",US,US,OZEMPIC,SEMAGLUTIDE,2,MG,PS,Blood glucose decreased,,2024Q3,Older Adults (≥65)
23413093,1,57,YR,F,,"",US,US,OZEMPIC,SEMAGLUTIDE,0.25,MG,PS,Vomiting,HO,2024Q1,Younger Adults (18–64)
23413096,1,52,YR,F,,"",US,US,OZEMPIC,SEMAGLUTIDE,1,MG,PS,Anxiety,,2024Q1,Younger Adults (18–64)
23413097,1,77,YR,F,,"",US,US,OZEMPIC,SEMAGLUTIDE,,"",PS,Product storage error,,2024Q1,Older Adults (≥65)
23413102,1,53,YR,F,,"",US,US,OZEMPIC,SEMAGLUTIDE,,"",PS,Gastrooesophageal reflux disease,,2024Q1,Younger Adults (18–64)
23413103,1,60,YR,M,,"",US,US,OZEMPIC,SEMAGLUTIDE,,"",PS,Unevaluable event,,2024Q1,Younger Adults (18–64)
23413104,1,60,YR,M,220,KG,US,US,OZEMPIC,SEMAGLUTIDE,,"",PS,Illness,,2024Q1,Younger Adults (18–64)
23413105,2,79,YR,F,,"",US,US,OZEMPIC,SEMAGLUTIDE,,"",PS,Vision blurred,,2024Q3,Older Adults (≥65)
23413106,2,72,YR,F,,"",US,US,OZEMPIC,SEMAGLUTIDE,0.25,MG,PS,Headache,,2024Q3,Older Adults (≥65)
23413109,1,50,YR,F,,"",US,US,OZEMPIC,SEMAGLUTIDE,,"",PS,Obsessive-compulsive disorder,,2024Q1,Younger Adults (18–64)
23413111,1,31,YR,M,,"",US,US,OZEMPIC,SEMAGLUTIDE,1,MG,PS,Allodynia,,2024Q1,Younger Adults (18–64)
23413112,1,51,YR,,,"",US,US,OZEMPIC,SEMAGLUTIDE,,"",PS,Depression,,2024Q1,Younger Adults (18–64)
23413113,1,70,YR,F,,"",US,US,OZEMPIC,SEMAGLUTIDE,,"",PS,Pain,,2024Q1,Older Adults (≥65)
23413116,1,55,YR,F,,"",US,US,OZEMPIC,SEMAGLUTIDE,,"",PS,Product use in unapproved indication,OT,2024Q1,Younger Adults (18–64)
23413120,1,63,YR,M,,"",US,US,OZEMPIC,SEMAGLUTIDE,0.25,MG,PS,Nausea,,2024Q1,Younger Adults (18–64)
23413121,1,45,YR,F,,"",US,US,OZEMPIC,SEMAGLUTIDE,2,MG,PS,Contusion,,2024Q1,Younger Adults (18–64)
23413125,1,73,YR,F,,"",US,US,OZEMPIC,SEMAGLUTIDE,,"",PS,Tooth infection,,2024Q1,Older Adults (≥65)
23413127,2,67,YR,M,,"",US,US,OZEMPIC,SEMAGLUTIDE,0.5,MG,PS,Fatigue,,2024Q3,Older Adults (≥65)
23413132,1,57,YR,F,,"",US,US,OZEMPIC,SEMAGLUTIDE,,"",PS,Postmenopausal haemorrhage,,2024Q1,Younger Adults (18–64)
23413134,1,46,YR,M,,"",US,US,OZEMPIC,SEMAGLUTIDE,0.5,MG,PS,Gallbladder disorder,,2024Q1,Younger Adults (18–64)
23413137,2,76,YR,F,,"",US,US,OZEMPIC,SEMAGLUTIDE,0.5,MG,PS,Headache,,2024Q3,Older Adults (≥65)
23413138,1,73,YR,F,,"",US,US,OZEMPIC,SEMAGLUTIDE,,"",PS,Major depression,,2024Q1,Older Adults (≥65)
23413140,1,66,YR,F,,"",US,US,OZEMPIC,SEMAGLUTIDE,,"",PS,COVID-19,,2024Q1,Older Adults (≥65)
23413143,1,78,YR,F,,"",US,US,OZEMPIC,SEMAGLUTIDE,,"",PS,Vomiting,,2024Q1,Older Adults (≥65)
23413145,4,75,YR,M,,"",US,US,OZEMPIC,SEMAGLUTIDE,,"",PS,Gastrooesophageal reflux disease,,2024Q3,Older Adults (≥65)
23413150,1,71,YR,F,,"",US,US,OZEMPIC,SEMAGLUTIDE,,"",PS,Product label confusion,,2024Q1,Older Adults (≥65)
23413151,1,58,YR,M,,"",US,US,OZEMPIC,SEMAGLUTIDE,1,MG,PS,Ileus,HO,2024Q1,Younger Adults (18–64)
23413155,1,45,YR,F,223,KG,US,US,OZEMPIC,SEMAGLUTIDE,,"",PS,Injection site erythema,,2024Q1,Younger Adults (18–64)
23413159,1,51,YR,F,168,KG,US,US,OZEMPIC,SEMAGLUTIDE,,"",PS,Malaise,,2024Q1,Younger Adults (18–64)
23413160,1,87,YR,F,,"",US,US,OZEMPIC,SEMAGLUTIDE,,"",PS,Nodule,,2024Q1,Older Adults (≥65)
23413164,2,65,YR,F,81.179,KG,US,US,OZEMPIC,SEMAGLUTIDE,2,MG,PS,Pancreatitis,OT,2024Q3,Older Adults (≥65)
23413165,1,73,YR,M,,"",US,US,OZEMPIC,SEMAGLUTIDE,0.25,MG,PS,Wrong technique in product usage process,,2024Q1,Older Adults (≥65)
23413166,1,72,YR,F,,"",US,US,OZEMPIC,SEMAGLUTIDE,1,MG,PS,Off label use,,2024Q1,Older Adults (≥65)
23413171,1,72,YR,M,,"",US,US,OZEMPIC,SEMAGLUTIDE,,"",PS,Condition aggravated,,2024Q1,Older Adults (≥65)
23413172,1,62,YR,F,,"",US,US,OZEMPIC,SEMAGLUTIDE,1,MG,PS,Nausea,,2024Q1,Younger Adults (18–64)
23413173,1,66,YR,F,,"",US,US,OZEMPIC,SEMAGLUTIDE,0.5,MG,PS,Injection site vesicles,,2024Q1,Older Adults (≥65)
23413175,1,74,YR,M,93.878,KG,US,US,OZEMPIC,SEMAGLUTIDE,1,MG,PS,Wrong technique in product usage process,,2024Q1,Older Adults (≥65)
23413182,1,70,YR,F,,"",US,US,OZEMPIC,SEMAGLUTIDE,,"",PS,Tinnitus,,2024Q1,Older Adults (≥65)
23413184,1,84,YR,F,,"",US,US,OZEMPIC,SEMAGLUTIDE,0.25,MG,PS,Nausea,,2024Q1,Older Adults (≥65)
23413187,2,65,YR,,,"",US,US,OZEMPIC,SEMAGLUTIDE,,"",PS,Off label use,,2024Q3,Older Adults (≥65)
23413188,1,56,YR,F,,"",US,US,OZEMPIC,SEMAGLUTIDE,0.25,MG,PS,Inappropriate schedule of product administration,,2024Q1,Younger Adults (18–64)
23413189,2,82,YR,M,,"",US,US,OZEMPIC,SEMAGLUTIDE,,"",PS,Alopecia,,2024Q3,Older Adults (≥65)
23413190,1,74,YR,F,,"",US,US,OZEMPIC,SEMAGLUTIDE,,"",PS,Abdominal pain,OT,2024Q1,Older Adults (≥65)
23413191,1,56,YR,M,,"",US,US,OZEMPIC,SEMAGLUTIDE,,"",PS,Diarrhoea,,2024Q1,Younger Adults (18–64)
23413197,1,33,YR,F,,"",US,US,OZEMPIC,SEMAGLUTIDE,0.5,MG,PS,Pain,,2024Q1,Younger Adults (18–64)
23413198,1,75,YR,F,,"",US,US,OZEMPIC,SEMAGLUTIDE,2,MG,PS,Hyponatraemia,,2024Q1,Older Adults (≥65)
23413199,4,51,YR,F,,"",US,US,OZEMPIC,SEMAGLUTIDE,0.25,MG,PS,Diarrhoea,,2024Q3,Younger Adults (18–64)
23413203,1,39,YR,F,,"",US,US,OZEMPIC,SEMAGLUTIDE,,"",PS,Hypoglycaemia,OT,2024Q1,Younger Adults (18–64)
23413206,1,55,YR,F,,"",US,US,OZEMPIC,SEMAGLUTIDE,,"",PS,Product use in unapproved indication,,2024Q1,Younger Adults (18–64)
23413209,1,46,YR,F,,"",US,US,OZEMPIC,SEMAGLUTIDE,2,MG,PS,Anaphylactic shock,OT,2024Q1,Younger Adults (18–64)
23413210,2,78,YR,M,,"",US,US,OZEMPIC,SEMAGLUTIDE,0.5,MG,PS,Flatulence,,2024Q3,Older Adults (≥65)
23413212,1,53,YR,F,,"",US,US,OZEMPIC,SEMAGLUTIDE,,"",PS,Trigeminal neuralgia,,2024Q1,Younger Adults (18–64)
23413215,1,39,YR,F,,"",US,US,OZEMPIC,SEMAGLUTIDE,,"",PS,Alopecia,,2024Q1,Younger Adults (18–64)
23413216,1,55,YR,F,,"",US,US,OZEMPIC,SEMAGLUTIDE,,"",PS,Memory impairment,,2024Q1,Younger Adults (18–64)
23413225,1,49,YR,F,,"",US,US,OZEMPIC,SEMAGLUTIDE,0.25,MG,PS,Product use in unapproved indication,,2024Q1,Younger Adults (18–64)
23413229,1,69,YR,F,,"",US,US,OZEMPIC,SEMAGLUTIDE,,"",PS,Drug dose titration not performed,,2024Q1,Older Adults (≥65)
23413239,1,55,YR,M,,"",US,US,OZEMPIC,SEMAGLUTIDE,,"",PS,Wrong technique in product usage process,,2024Q1,Younger Adults (18–64)
23413240,2,72,YR,F,,"",US,US,OZEMPIC,SEMAGLUTIDE,0.25,MG,PS,Constipation,,2024Q3,Older Adults (≥65)
23413242,1,64,YR,M,,"",US,US,OZEMPIC,SEMAGLUTIDE,0.5,MG,PS,Headache,,2024Q1,Younger Adults (18–64)
23413244,2,66,YR,F,,"",US,US,OZEMPIC,SEMAGLUTIDE,1,MG,PS,Weight decreased,,2024Q3,Older Adults (≥65)
23413246,1,44,YR,F,,"",US,US,OZEMPIC,SEMAGLUTIDE,,"",PS,Road traffic accident,,2024Q1,Younger Adults (18–64)
23413247,2,66,YR,F,,"",US,US,OZEMPIC,SEMAGLUTIDE,1,MG,PS,Discoloured vomit,,2024Q3,Older Adults (≥65)
23413248,2,63,YR,F,,"",US,US,OZEMPIC,SEMAGLUTIDE,,"",PS,Hunger,,2024Q3,Younger Adults (18–64)
23413249,1,69,YR,F,,"",US,US,OZEMPIC,SEMAGLUTIDE,,"",PS,Weight decreased,,2024Q1,Older Adults (≥65)
23413254,1,60,YR,F,,"",US,US,OZEMPIC,SEMAGLUTIDE,,"",PS,Off label use,,2024Q1,Younger Adults (18–64)
23413255,1,73,YR,F,,"",US,US,OZEMPIC,SEMAGLUTIDE,0.25,MG,PS,Drug ineffective,,2024Q1,Older Adults (≥65)
23413256,1,48,YR,F,,"",US,US,OZEMPIC,SEMAGLUTIDE,,"",PS,Constipation,,2024Q1,Younger Adults (18–64)
23413260,2,67,YR,F,,"",US,US,OZEMPIC,SEMAGLUTIDE,1,MG,PS,Constipation,,2024Q3,Older Adults (≥65)
23413263,1,76,YR,F,,"",US,US,OZEMPIC,SEMAGLUTIDE,,"",PS,Unevaluable event,,2024Q1,Older Adults (≥65)
23413267,1,67,YR,M,,"",US,US,OZEMPIC,SEMAGLUTIDE,,"",PS,Nasopharyngitis,,2024Q1,Older Adults (≥65)
23413268,2,59,YR,F,,"",US,US,OZEMPIC,SEMAGLUTIDE,0.25,MG,PS,Urinary tract infection,,2024Q3,Younger Adults (18–64)
23413271,2,34,YR,F,,"",US,US,OZEMPIC,SEMAGLUTIDE,,"",PS,Vomiting,,2024Q1,Younger Adults (18–64)
23413272,1,86,YR,M,,"",US,US,OZEMPIC,SEMAGLUTIDE,0.5,MG,PS,Headache,,2024Q1,Older Adults (≥65)
23413276,1,66,YR,F,,"",US,US,OZEMPIC,SEMAGLUTIDE,,"",PS,Constipation,,2024Q1,Older Adults (≥65)
23413278,2,82,YR,M,,"",US,US,OZEMPIC,SEMAGLUTIDE,1,MG,PS,COVID-19,,2024Q3,Older Adults (≥65)
23413279,2,80,YR,F,,"",US,US,OZEMPIC,SEMAGLUTIDE,0.5,MG,PS,Flatulence,,2024Q3,Older Adults (≥65)
23413283,1,71,YR,M,,"",US,US,OZEMPIC,SEMAGLUTIDE,,"",PS,Abdominal discomfort,,2024Q1,Older Adults (≥65)
23413285,2,67,YR,F,92.063,KG,US,US,OZEMPIC,SEMAGLUTIDE,0.5,MG,PS,Ileus,HO,2024Q3,Older Adults (≥65)
23413286,1,28,YR,F,,"",US,US,OZEMPIC,SEMAGLUTIDE,,"",PS,Off label use,,2024Q1,Younger Adults (18–64)
23413287,1,73,YR,F,,"",US,US,OZEMPIC,SEMAGLUTIDE,0.5,MG,PS,Thirst,,2024Q1,Older Adults (≥65)
23413289,1,68,YR,M,,"",US,US,OZEMPIC,SEMAGLUTIDE,0.25,MG,PS,Diabetic retinopathy,OT,2024Q1,Older Adults (≥65)
23413291,1,68,YR,M,,"",US,US,OZEMPIC,SEMAGLUTIDE,0.5,MG,PS,Vision blurred,,2024Q1,Older Adults (≥65)
23413294,1,73,YR,M,,"",US,US,OZEMPIC,SEMAGLUTIDE,,"",PS,Feeling abnormal,,2024Q1,Older Adults (≥65)
23413295,1,73,YR,M,,"",US,US,OZEMPIC,SEMAGLUTIDE,0.5,MG,PS,Hypomania,,2024Q1,Older Adults (≥65)
23413301,2,66,YR,F,,"",US,US,OZEMPIC,SEMAGLUTIDE,2,MG,PS,Weight decreased,,2024Q1,Older Adults (≥65)
23413302,1,76,YR,M,,"",US,US,OZEMPIC,SEMAGLUTIDE,2,MG,PS,Weight increased,,2024Q1,Older Adults (≥65)
23413306,1,52,YR,F,,"",US,US,OZEMPIC,SEMAGLUTIDE,1,MG,PS,Cough,,2024Q1,Younger Adults (18–64)
23413308,2,66,YR,M,,"",US,US,OZEMPIC,SEMAGLUTIDE,,"",PS,Device mechanical issue,,2024Q3,Older Adults (≥65)
23413311,1,59,YR,M,,"",US,US,OZEMPIC,SEMAGLUTIDE,1,MG,PS,Salivary hypersecretion,,2024Q1,Younger Adults (18–64)
23413317,1,69,YR,F,,"",US,US,OZEMPIC,SEMAGLUTIDE,,"",PS,Hyperhidrosis,,2024Q1,Older Adults (≥65)
23413318,1,61,YR,F,,"",US,US,OZEMPIC,SEMAGLUTIDE,,"",PS,Decreased appetite,,2024Q1,Younger Adults (18–64)
23413320,1,67,YR,M,,"",US,US,OZEMPIC,SEMAGLUTIDE,,"",PS,Urinary tract infection,,2024Q1,Older Adults (≥65)
23413322,1,64,YR,M,,"",US,US,OZEMPIC,SEMAGLUTIDE,,"",PS,Dyspnoea,,2024Q1,Younger Adults (18–64)
23413328,2,65,YR,F,,"",US,US,OZEMPIC,SEMAGLUTIDE,,"",PS,Wrong technique in product usage process,,2024Q3,Older Adults (≥65)
23413329,1,76,YR,F,,"",US,US,OZEMPIC,SEMAGLUTIDE,1,MG,PS,Vomiting,,2024Q1,Older Adults (≥65)
23413332,1,56,YR,M,,"",US,US,OZEMPIC,SEMAGLUTIDE,,"",PS,Abdominal pain upper,,2024Q1,Younger Adults (18–64)
23413342,2,69,YR,F,,"",US,US,OZEMPIC,SEMAGLUTIDE,,"",PS,Insomnia,,2024Q3,Older Adults (≥65)
23413350,1,73,YR,F,,"",US,US,OZEMPIC,SEMAGLUTIDE,2,MG,PS,Anxiety,OT,2024Q1,Older Adults (≥65)
23413356,1,65,YR,F,,"",US,US,OZEMPIC,SEMAGLUTIDE,0.25,MG,PS,Dizziness,,2024Q1,Older Adults (≥65)
23413360,1,66,YR,,,"",US,US,OZEMPIC,SEMAGLUTIDE,,"",PS,Dyspnoea,,2024Q1,Older Adults (≥65)
23413362,1,86,YR,M,,"",US,US,OZEMPIC,SEMAGLUTIDE,,"",PS,Blood glucose increased,,2024Q1,Older Adults (≥65)
23413363,1,52,YR,M,,"",US,US,OZEMPIC,SEMAGLUTIDE,,"",PS,Blood glucose increased,,2024Q1,Younger Adults (18–64)
23413364,1,69,YR,F,,"",US,US,OZEMPIC,SEMAGLUTIDE,,"",PS,Weight increased,,2024Q1,Older Adults (≥65)
23413365,1,71,YR,F,,"",US,US,OZEMPIC,SEMAGLUTIDE,1,MG,PS,Vomiting,,2024Q1,Older Adults (≥65)
23413367,1,70,YR,F,,"",US,US,OZEMPIC,SEMAGLUTIDE,0.5,MG,PS,Pain,,2024Q1,Older Adults (≥65)
23413369,1,69,YR,F,,"",US,US,OZEMPIC,SEMAGLUTIDE,,"",PS,Increased appetite,,2024Q1,Older Adults (≥65)
23413370,1,61,YR,M,,"",US,US,OZEMPIC,SEMAGLUTIDE,,"",PS,Feeding disorder,HO,2024Q1,Younger Adults (18–64)
23413375,2,74,YR,F,,"",US,US,OZEMPIC,SEMAGLUTIDE,,"",PS,Gastrooesophageal reflux disease,,2024Q3,Older Adults (≥65)
23413378,1,67,YR,F,,"",US,US,OZEMPIC,SEMAGLUTIDE,0.5,MG,PS,Pancreatitis,OT,2024Q1,Older Adults (≥65)
23413379,2,65,YR,F,,"",US,US,OZEMPIC,SEMAGLUTIDE,,"",PS,Hunger,,2024Q3,Older Adults (≥65)
23413381,1,60,YR,M,142,KG,US,US,OZEMPIC,SEMAGLUTIDE,,"",PS,Prostatic disorder,,2024Q1,Younger Adults (18–64)
23413385,1,71,YR,M,,"",US,US,OZEMPIC,SEMAGLUTIDE,2,MG,PS,Flatulence,,2024Q1,Older Adults (≥65)
23413386,2,75,YR,F,,"",US,US,OZEMPIC,SEMAGLUTIDE,,"",PS,Sensitive skin,,2024Q3,Older Adults (≥65)
23413387,2,31,YR,F,,"",US,US,OZEMPIC,SEMAGLUTIDE,0.5,MG,PS,Nausea,,2024Q3,Younger Adults (18–64)
23413391,1,64,YR,F,,"",US,US,OZEMPIC,SEMAGLUTIDE,,"",PS,Alopecia,,2024Q1,Younger Adults (18–64)
23413392,1,83,YR,F,,"",US,US,OZEMPIC,SEMAGLUTIDE,2,MG,PS,Parosmia,,2024Q1,Older Adults (≥65)
23413393,1,53,YR,M,,"",US,US,OZEMPIC,SEMAGLUTIDE,,"",PS,Injection site pain,,2024Q1,Younger Adults (18–64)
23413398,2,60,YR,F,,"",US,US,OZEMPIC,SEMAGLUTIDE,,"",PS,Product dispensing error,,2024Q1,Younger Adults (18–64)
23413399,2,49,YR,M,104.31,KG,US,US,OZEMPIC,SEMAGLUTIDE,,"",PS,Acute kidney injury,OT,2024Q3,Younger Adults (18–64)
23413400,1,70,YR,F,,"",US,US,OZEMPIC,SEMAGLUTIDE,,"",PS,Taste disorder,,2024Q1,Older Adults (≥65)
23413403,1,48,YR,F,,"",US,US,OZEMPIC,SEMAGLUTIDE,,"",PS,Fungal infection,,2024Q1,Younger Adults (18–64)
23413411,2,68,YR,F,,"",US,US,OZEMPIC,SEMAGLUTIDE,0.25,MG,PS,Vomiting,,2024Q3,Older Adults (≥65)
23413412,1,80,YR,F,,"",US,US,OZEMPIC,SEMAGLUTIDE,,"",PS,Chills,,2024Q1,Older Adults (≥65)
23413416,1,64,YR,M,,"",US,US,OZEMPIC,SEMAGLUTIDE,,"",PS,Gastroenteritis viral,,2024Q1,Younger Adults (18–64)
23413417,1,31,YR,F,,"",US,US,OZEMPIC,SEMAGLUTIDE,,"",PS,Maternal exposure during pregnancy,,2024Q1,Younger Adults (18–64)
23413420,1,64,YR,F,,"",US,US,OZEMPIC,SEMAGLUTIDE,,"",PS,Rash,,2024Q1,Younger Adults (18–64)
23413421,1,70,YR,F,,"",US,US,OZEMPIC,SEMAGLUTIDE,0.5,MG,PS,Tremor,,2024Q1,Older Adults (≥65)
23413422,1,67,YR,F,,"",US,US,OZEMPIC,SEMAGLUTIDE,1,MG,PS,Alopecia,,2024Q1,Older Adults (≥65)
23413423,1,64,YR,M,,"",US,US,OZEMPIC,SEMAGLUTIDE,1,MG,PS,Pancreatitis,OT,2024Q1,Younger Adults (18–64)
23413427,2,63,YR,F,,"",US,US,OZEMPIC,SEMAGLUTIDE,0.25,MG,PS,Feeling abnormal,,2024Q3,Younger Adults (18–64)
23413430,1,77,YR,F,,"",US,US,OZEMPIC,SEMAGLUTIDE,,"",PS,Weight decreased,,2024Q1,Older Adults (≥65)
23413433,1,69,YR,F,,"",US,US,OZEMPIC,SEMAGLUTIDE,,"",PS,Visual impairment,,2024Q1,Older Adults (≥65)
23413438,2,67,YR,M,,"",US,US,OZEMPIC,SEMAGLUTIDE,0.25,MG,PS,Intentional product misuse,,2024Q3,Older Adults (≥65)
23413444,1,61,YR,M,,"",US,US,OZEMPIC,SEMAGLUTIDE,0.25,MG,PS,Vision blurred,,2024Q1,Younger Adults (18–64)
23413445,2,71,YR,,,"",US,US,OZEMPIC,SEMAGLUTIDE,,"",PS,Ageusia,,2024Q3,Older Adults (≥65)
23413448,1,53,YR,M,,"",US,US,OZEMPIC,SEMAGLUTIDE,,"",PS,Nasopharyngitis,,2024Q1,Younger Adults (18–64)
23413450,2,71,YR,F,72.109,KG,US,US,OZEMPIC,SEMAGLUTIDE,0.5,MG,PS,Pancreatitis acute,HO,2024Q3,Older Adults (≥65)
23413452,1,84,YR,F,,"",US,US,OZEMPIC,SEMAGLUTIDE,,"",PS,Cough,,2024Q1,Older Adults (≥65)
23413454,1,50,YR,F,,"",US,US,OZEMPIC,SEMAGLUTIDE,,"",PS,Pancreatitis,OT,2024Q1,Younger Adults (18–64)
23413458,1,62,YR,F,,"",US,US,OZEMPIC,SEMAGLUTIDE,,"",PS,Vomiting,,2024Q1,Younger Adults (18–64)
23413459,1,60,YR,F,,"",US,US,OZEMPIC,SEMAGLUTIDE,,"",PS,Impaired gastric emptying,DS,2024Q1,Younger Adults (18–64)
23413460,1,72,YR,M,,"",US,US,OZEMPIC,SEMAGLUTIDE,,"",PS,Blood glucose increased,,2024Q1,Older Adults (≥65)
23413461,1,59,YR,F,,"",US,US,OZEMPIC,SEMAGLUTIDE,2,MG,PS,Alopecia,,2024Q1,Younger Adults (18–64)
23413462,1,67,YR,F,,"",US,US,OZEMPIC,SEMAGLUTIDE,,"",PS,Irritability,,2024Q1,Older Adults (≥65)
23413464,1,79,YR,M,,"",US,US,OZEMPIC,SEMAGLUTIDE,,"",PS,Weight decreased,HO,2024Q1,Older Adults (≥65)
23413468,1,52,YR,F,,"",US,US,OZEMPIC,SEMAGLUTIDE,0.5,MG,PS,Skin discolouration,,2024Q1,Younger Adults (18–64)
23413470,1,52,YR,M,,"",US,US,OZEMPIC,SEMAGLUTIDE,0.25,MG,PS,Vomiting,,2024Q1,Younger Adults (18–64)
23413471,1,61,YR,F,,"",US,US,OZEMPIC,SEMAGLUTIDE,,"",PS,Nausea,,2024Q1,Younger Adults (18–64)
23413472,2,76,YR,M,,"",US,US,OZEMPIC,SEMAGLUTIDE,,"",PS,Drug ineffective,,2024Q3,Older Adults (≥65)
23413473,3,47,YR,M,80.2,KG,US,US,OZEMPIC,SEMAGLUTIDE,0.25,MG,PS,Nausea,HO,2024Q4,Younger Adults (18–64)
23413478,2,71,YR,M,,"",US,US,OZEMPIC,SEMAGLUTIDE,,"",PS,Dizziness,,2024Q3,Older Adults (≥65)
23413480,1,71,YR,F,,"",US,US,OZEMPIC,SEMAGLUTIDE,,"",PS,Pruritus,,2024Q1,Older Adults (≥65)
23413484,1,51,YR,F,,"",US,US,OZEMPIC,SEMAGLUTIDE,2,MG,PS,Bacterial infection,,2024Q1,Younger Adults (18–64)
23413486,1,52,YR,F,,"",US,US,OZEMPIC,SEMAGLUTIDE,,"",PS,Impaired gastric emptying,OT,2024Q1,Younger Adults (18–64)
23413489,2,69,YR,M,,"",US,US,OZEMPIC,SEMAGLUTIDE,0.25,MG,PS,Nausea,,2024Q3,Older Adults (≥65)
23413490,1,73,YR,F,,"",US,US,OZEMPIC,SEMAGLUTIDE,0.25,MG,PS,Decreased appetite,,2024Q1,Older Adults (≥65)
23413497,1,37,YR,F,,"",US,US,OZEMPIC,SEMAGLUTIDE,,"",PS,Impaired gastric emptying,OT,2024Q1,Younger Adults (18–64)
23413498,1,45,YR,F,,"",US,US,OZEMPIC,SEMAGLUTIDE,0.5,MG,PS,Hypersensitivity,,2024Q1,Younger Adults (18–64)
23413500,2,83,YR,F,,"",US,US,OZEMPIC,SEMAGLUTIDE,,"",PS,Illness,,2024Q3,Older Adults (≥65)
23413502,2,36,YR,F,111.11,KG,US,US,OZEMPIC,SEMAGLUTIDE,0.25,MG,PS,Dehydration,HO,2024Q4,Younger Adults (18–64)
23413503,1,59,YR,F,,"",US,US,OZEMPIC,SEMAGLUTIDE,0.25,MG,PS,Asthenia,,2024Q1,Younger Adults (18–64)
23413504,1,46,YR,F,,"",US,US,OZEMPIC,SEMAGLUTIDE,,"",PS,Impaired gastric emptying,OT,2024Q1,Younger Adults (18–64)
23413505,1,45,YR,F,,"",US,US,OZEMPIC,SEMAGLUTIDE,,"",PS,Skin atrophy,,2024Q1,Younger Adults (18–64)
23413509,1,45,YR,M,,"",US,US,OZEMPIC,SEMAGLUTIDE,,"",PS,Illness,,2024Q1,Younger Adults (18–64)
23413513,6,64,YR,F,,"",US,US,OZEMPIC,SEMAGLUTIDE,,"",PS,Inappropriate schedule of product administration,,2024Q3,Younger Adults (18–64)
23413514,1,79,YR,F,,"",US,US,OZEMPIC,SEMAGLUTIDE,0.5,MG,PS,Blood glucose decreased,,2024Q1,Older Adults (≥65)
23413515,1,70,YR,F,,"",US,US,OZEMPIC,SEMAGLUTIDE,,"",PS,Nausea,,2024Q1,Older Adults (≥65)
23413516,1,71,YR,M,,"",US,US,OZEMPIC,SEMAGLUTIDE,,"",PS,Pruritus,,2024Q1,Older Adults (≥65)
23413517,2,70,YR,M,,"",US,US,OZEMPIC,SEMAGLUTIDE,,"",PS,Constipation,,2024Q3,Older Adults (≥65)
23413522,1,73,YR,F,,"",US,US,OZEMPIC,SEMAGLUTIDE,,"",PS,Product dose omission issue,,2024Q1,Older Adults (≥65)
23413523,1,65,YR,M,,"",US,US,OZEMPIC,SEMAGLUTIDE,1,MG,PS,Pancreatitis,OT,2024Q1,Older Adults (≥65)
23413525,2,73,YR,F,,"",US,US,OZEMPIC,SEMAGLUTIDE,1,MG,PS,Constipation,,2024Q3,Older Adults (≥65)
23413526,4,70,YR,M,,"",US,US,OZEMPIC,SEMAGLUTIDE,,"",PS,Extra dose administered,,2024Q3,Older Adults (≥65)
23413527,2,59,YR,F,,"",US,US,OZEMPIC,SEMAGLUTIDE,0.25,MG,PS,Pyrexia,,2024Q3,Younger Adults (18–64)
23413529,2,78,YR,F,,"",US,US,OZEMPIC,SEMAGLUTIDE,0.5,MG,PS,Blood glucose decreased,,2024Q3,Older Adults (≥65)
23413532,2,77,YR,M,91.61,KG,US,US,OZEMPIC,SEMAGLUTIDE,1,MG,PS,Pancreatitis,HO,2024Q3,Older Adults (≥65)
23413535,2,59,YR,F,,"",US,US,OZEMPIC,SEMAGLUTIDE,,"",PS,Memory impairment,,2024Q3,Younger Adults (18–64)
23413536,2,69,YR,M,,"",US,US,OZEMPIC,SEMAGLUTIDE,,"",PS,Drug ineffective,,2024Q3,Older Adults (≥65)
23413540,2,61,YR,,,"",US,US,OZEMPIC,SEMAGLUTIDE,,"",PS,Viral infection,,2024Q3,Younger Adults (18–64)
23413545,1,56,YR,F,,"",US,US,OZEMPIC,SEMAGLUTIDE,,"",PS,Product label issue,,2024Q1,Younger Adults (18–64)
23413549,2,72,YR,F,,"",US,US,OZEMPIC,SEMAGLUTIDE,,"",PS,Neuropathy peripheral,,2024Q3,Older Adults (≥65)
23413557,1,60,YR,M,,"",US,US,OZEMPIC,SEMAGLUTIDE,,"",PS,Decreased appetite,,2024Q1,Younger Adults (18–64)
23413581,2,56,YR,F,,"",US,US,OZEMPIC,SEMAGLUTIDE,,"",PS,Corrective lens user,,2024Q3,Younger Adults (18–64)
23413592,1,51,YR,M,,"",US,US,OZEMPIC,SEMAGLUTIDE,,"",PS,Fatigue,,2024Q1,Younger Adults (18–64)
23413594,2,61,YR,M,,"",US,US,OZEMPIC,SEMAGLUTIDE,0.25,MG,PS,Large intestinal obstruction,HO,2024Q2,Younger Adults (18–64)
23413596,1,31,YR,F,,"",US,US,OZEMPIC,SEMAGLUTIDE,,"",PS,Diarrhoea,OT,2024Q1,Younger Adults (18–64)
23413597,1,61,YR,M,,"",US,US,OZEMPIC,SEMAGLUTIDE,1,MG,PS,Blood glucose decreased,,2024Q1,Younger Adults (18–64)
23413599,1,68,YR,F,,"",US,US,OZEMPIC,SEMAGLUTIDE,,"",PS,Headache,,2024Q1,Older Adults (≥65)
23413600,2,65,YR,M,,"",US,US,OZEMPIC,SEMAGLUTIDE,,"",PS,Incorrect dose administered,,2024Q3,Older Adults (≥65)
23413601,1,50,YR,,,"",US,US,OZEMPIC,SEMAGLUTIDE,,"",PS,Impaired gastric emptying,OT,2024Q1,Younger Adults (18–64)
23413606,2,70,YR,M,,"",US,US,OZEMPIC,SEMAGLUTIDE,,"",PS,Abdominal distension,,2024Q3,Older Adults (≥65)
23413607,1,88,YR,M,,"",US,US,OZEMPIC,SEMAGLUTIDE,,"",PS,Device issue,,2024Q1,Older Adults (≥65)
23413611,1,48,YR,M,,"",US,US,OZEMPIC,SEMAGLUTIDE,,"",PS,Hypoaesthesia,,2024Q1,Younger Adults (18–64)
23413612,1,70,YR,M,,"",US,US,OZEMPIC,SEMAGLUTIDE,,"",PS,Prostatic specific antigen increased,,2024Q1,Older Adults (≥65)
23413614,2,61,YR,F,,"",US,US,OZEMPIC,SEMAGLUTIDE,,"",PS,Off label use,,2024Q3,Younger Adults (18–64)
23413619,2,57,YR,M,,"",US,US,OZEMPIC,SEMAGLUTIDE,,"",PS,Nausea,,2024Q1,Younger Adults (18–64)
23413620,1,49,YR,,,"",US,US,OZEMPIC,SEMAGLUTIDE,,"",PS,Impaired gastric emptying,OT,2024Q1,Younger Adults (18–64)
23413621,1,75,YR,F,,"",US,US,OZEMPIC,SEMAGLUTIDE,,"",PS,Dizziness,,2024Q1,Older Adults (≥65)
23413625,1,67,YR,F,,"",US,US,OZEMPIC,SEMAGLUTIDE,0.5,MG,PS,Eructation,,2024Q1,Older Adults (≥65)
23413628,2,39,YR,F,,"",US,US,OZEMPIC,SEMAGLUTIDE,0.25,MG,PS,Back pain,,2024Q3,Younger Adults (18–64)
23413630,2,74,YR,F,,"",US,US,OZEMPIC,SEMAGLUTIDE,1,MG,PS,Myalgia,,2024Q3,Older Adults (≥65)
23413632,1,34,YR,F,86.168,KG,US,US,OZEMPIC,SEMAGLUTIDE,,"",PS,Impaired gastric emptying,OT,2024Q1,Younger Adults (18–64)
23413633,1,69,YR,F,,"",US,US,OZEMPIC,SEMAGLUTIDE,0.25,MG,PS,Postmenopausal haemorrhage,,2024Q1,Older Adults (≥65)
23413634,1,77,YR,F,,"",US,US,OZEMPIC,SEMAGLUTIDE,,"",PS,Illness,,2024Q1,Older Adults (≥65)
23413635,2,74,YR,F,,"",US,US,OZEMPIC,SEMAGLUTIDE,,"",PS,Unevaluable event,,2024Q3,Older Adults (≥65)
23413636,2,68,YR,M,,"",US,US,OZEMPIC,SEMAGLUTIDE,,"",PS,Faeces hard,,2024Q3,Older Adults (≥65)
23413639,1,57,YR,F,,"",US,US,OZEMPIC,SEMAGLUTIDE,,"",PS,Impaired gastric emptying,OT,2024Q1,Younger Adults (18–64)
23413640,2,70,YR,F,,"",US,US,OZEMPIC,SEMAGLUTIDE,,"",PS,Off label use,,2024Q3,Older Adults (≥65)
23413641,1,73,YR,F,,"",US,US,OZEMPIC,SEMAGLUTIDE,,"",PS,Swelling,,2024Q1,Older Adults (≥65)
23413642,1,60,YR,F,,"",US,US,OZEMPIC,SEMAGLUTIDE,,"",PS,Blood pressure increased,,2024Q1,Younger Adults (18–64)
23413644,2,60,YR,F,102.04,KG,US,US,OZEMPIC,SEMAGLUTIDE,0.25,MG,PS,Ileus,HO,2024Q4,Younger Adults (18–64)
23413646,2,65,YR,F,,"",US,US,OZEMPIC,SEMAGLUTIDE,0.5,MG,PS,Abdominal discomfort,,2024Q3,Older Adults (≥65)
23413647,2,72,YR,F,,"",US,US,OZEMPIC,SEMAGLUTIDE,,"",PS,Blood pressure decreased,,2024Q3,Older Adults (≥65)
23413648,1,77,YR,F,,"",US,US,OZEMPIC,SEMAGLUTIDE,,"",PS,Blood glucose increased,,2024Q1,Older Adults (≥65)
23413649,1,70,YR,F,,"",US,US,OZEMPIC,SEMAGLUTIDE,,"",PS,Malaise,,2024Q1,Older Adults (≥65)
23413653,2,48,YR,M,,"",US,US,OZEMPIC,SEMAGLUTIDE,1,MG,PS,Abdominal pain upper,,2024Q3,Younger Adults (18–64)
23413654,1,66,YR,F,,"",US,US,OZEMPIC,SEMAGLUTIDE,1,MG,PS,Endoscopy,,2024Q1,Older Adults (≥65)
23413655,1,69,YR,F,,"",US,US,OZEMPIC,SEMAGLUTIDE,,"",PS,Weight increased,,2024Q1,Older Adults (≥65)
23413657,1,77,YR,F,,"",US,US,OZEMPIC,SEMAGLUTIDE,,"",PS,Ill-defined disorder,,2024Q1,Older Adults (≥65)
23413663,1,49,YR,M,,"",US,US,OZEMPIC,SEMAGLUTIDE,,"",PS,Pyrexia,OT,2024Q1,Younger Adults (18–64)
23413664,1,80,YR,M,,"",US,US,OZEMPIC,SEMAGLUTIDE,,"",PS,Nerve injury,,2024Q1,Older Adults (≥65)
23413665,1,75,YR,F,,"",US,US,OZEMPIC,SEMAGLUTIDE,,"",PS,Headache,,2024Q1,Older Adults (≥65)
23413667,1,54,YR,M,,"",US,US,OZEMPIC,SEMAGLUTIDE,1,MG,PS,Adverse drug reaction,,2024Q1,Younger Adults (18–64)
23413674,4,68,YR,F,,"",US,US,OZEMPIC,SEMAGLUTIDE,2,MG,PS,Trigger points,,2024Q3,Older Adults (≥65)
23413679,2,61,YR,F,,"",US,US,OZEMPIC,SEMAGLUTIDE,,"",PS,Hypersensitivity,HO,2024Q3,Younger Adults (18–64)
23413684,1,72,YR,F,,"",US,US,OZEMPIC,SEMAGLUTIDE,,"",PS,Product use in unapproved indication,,2024Q1,Older Adults (≥65)
23413694,1,45,YR,F,,"",US,US,OZEMPIC,SEMAGLUTIDE,,"",PS,Headache,,2024Q1,Younger Adults (18–64)
23413695,1,78,YR,F,,"",US,US,OZEMPIC,SEMAGLUTIDE,0.25,MG,PS,Off label use,,2024Q1,Older Adults (≥65)
23413697,1,65,YR,M,,"",US,US,OZEMPIC,SEMAGLUTIDE,2,MG,PS,Skin burning sensation,,2024Q1,Older Adults (≥65)
23413703,1,36,YR,F,,"",US,US,OZEMPIC,SEMAGLUTIDE,,"",PS,Nausea,,2024Q1,Younger Adults (18–64)
23413710,1,79,YR,M,,"",US,US,OZEMPIC,SEMAGLUTIDE,0.25,MG,PS,Flatulence,,2024Q1,Older Adults (≥65)
23413713,1,22,YR,F,,"",US,US,OZEMPIC,SEMAGLUTIDE,0.5,MG,PS,Allodynia,,2024Q1,Younger Adults (18–64)
23413715,1,58,YR,M,,"",US,US,OZEMPIC,SEMAGLUTIDE,,"",PS,Vitreous floaters,,2024Q1,Younger Adults (18–64)
23413721,1,73,YR,F,,"",US,US,OZEMPIC,SEMAGLUTIDE,,"",PS,Headache,,2024Q1,Older Adults (≥65)
23413722,2,62,YR,F,,"",US,US,OZEMPIC,SEMAGLUTIDE,0.25,MG,PS,Incorrect dose administered,,2024Q3,Younger Adults (18–64)
23413723,2,86,YR,M,,"",US,US,OZEMPIC,SEMAGLUTIDE,0.25,MG,PS,Fatigue,,2024Q3,Older Adults (≥65)
23413724,2,85,YR,M,,"",US,US,OZEMPIC,SEMAGLUTIDE,,"",PS,Wrong technique in product usage process,,2024Q1,Older Adults (≥65)
23413726,2,68,YR,F,,"",US,US,OZEMPIC,SEMAGLUTIDE,0.5,MG,PS,Blood glucose increased,,2024Q3,Older Adults (≥65)
23413727,2,68,YR,F,,"",US,US,OZEMPIC,SEMAGLUTIDE,0.5,MG,PS,Defaecation urgency,,2024Q3,Older Adults (≥65)
23413731,1,48,YR,F,,"",US,US,OZEMPIC,SEMAGLUTIDE,1,MG,PS,Product use in unapproved indication,,2024Q1,Younger Adults (18–64)
23413732,2,70,YR,F,,"",US,US,OZEMPIC,SEMAGLUTIDE,0.25,MG,PS,Wrong technique in product usage process,,2024Q3,Older Adults (≥65)
23413736,1,51,YR,F,,"",US,US,OZEMPIC,SEMAGLUTIDE,0.5,MG,PS,Depression,,2024Q1,Younger Adults (18–64)
23413737,2,46,YR,F,,"",US,US,OZEMPIC,SEMAGLUTIDE,,"",PS,Wrong technique in product usage process,,2024Q3,Younger Adults (18–64)
23413739,1,74,YR,M,,"",US,US,OZEMPIC,SEMAGLUTIDE,,"",PS,Ageusia,,2024Q1,Older Adults (≥65)
23413740,1,55,YR,F,,"",US,US,OZEMPIC,SEMAGLUTIDE,2,MG,PS,Allodynia,,2024Q1,Younger Adults (18–64)
23413741,1,50,YR,F,,"",US,US,OZEMPIC,SEMAGLUTIDE,,"",PS,Lymphadenopathy,,2024Q1,Younger Adults (18–64)
23413744,1,75,YR,M,72.574,KG,US,US,OZEMPIC,SEMAGLUTIDE,,"",PS,Weight decreased,,2024Q1,Older Adults (≥65)
23413745,1,60,YR,M,,"",US,US,OZEMPIC,SEMAGLUTIDE,1,MG,PS,Urine alcohol test positive,,2024Q1,Younger Adults (18–64)
23413750,1,70,YR,F,,"",US,US,OZEMPIC,SEMAGLUTIDE,,"",PS,Fatigue,,2024Q1,Older Adults (≥65)
23413751,1,73,YR,M,,"",US,US,OZEMPIC,SEMAGLUTIDE,,"",PS,Arthralgia,,2024Q1,Older Adults (≥65)
23413753,1,36,YR,M,,"",US,US,OZEMPIC,SEMAGLUTIDE,2,MG,PS,Sensitive skin,,2024Q1,Younger Adults (18–64)
23413754,1,26,YR,F,,"",US,US,OZEMPIC,SEMAGLUTIDE,2,MG,PS,Allodynia,,2024Q1,Younger Adults (18–64)
23413755,1,64,YR,M,,"",US,US,OZEMPIC,SEMAGLUTIDE,1,MG,PS,Decreased appetite,HO,2024Q1,Younger Adults (18–64)
23413756,1,51,YR,M,,"",US,US,OZEMPIC,SEMAGLUTIDE,1,MG,PS,Vision blurred,,2024Q1,Younger Adults (18–64)
23413758,1,35,YR,F,,"",US,US,OZEMPIC,SEMAGLUTIDE,1.7,MG,PS,Neuralgia,,2024Q1,Younger Adults (18–64)
23413762,1,61,YR,F,,"",US,US,OZEMPIC,SEMAGLUTIDE,,"",PS,Abdominal pain,,2024Q1,Younger Adults (18–64)
23413764,1,70,YR,M,,"",US,US,OZEMPIC,SEMAGLUTIDE,,"",PS,Product use issue,,2024Q1,Older Adults (≥65)
23413767,1,58,YR,F,,"",US,US,OZEMPIC,SEMAGLUTIDE,,"",PS,Oropharyngeal discomfort,,2024Q1,Younger Adults (18–64)
23413770,1,67,YR,F,,"",US,US,OZEMPIC,SEMAGLUTIDE,1,MG,PS,Nasopharyngitis,,2024Q1,Older Adults (≥65)
23413771,1,84,YR,F,,"",US,US,OZEMPIC,SEMAGLUTIDE,0.5,MG,PS,Dizziness,,2024Q1,Older Adults (≥65)
23413772,1,38,YR,F,,"",US,US,OZEMPIC,SEMAGLUTIDE,,"",PS,Impaired gastric emptying,OT,2024Q1,Younger Adults (18–64)
23413775,2,57,YR,M,,"",US,US,OZEMPIC,SEMAGLUTIDE,0.5,MG,PS,Palpitations,OT,2024Q2,Younger Adults (18–64)
23413776,1,45,YR,F,,"",US,US,OZEMPIC,SEMAGLUTIDE,,"",PS,Hunger,,2024Q1,Younger Adults (18–64)
23413779,2,74,YR,M,,"",US,US,OZEMPIC,SEMAGLUTIDE,,"",PS,Abdominal discomfort,,2024Q3,Older Adults (≥65)
23413781,1,56,YR,F,,"",US,US,OZEMPIC,SEMAGLUTIDE,,"",PS,Dyskinesia,,2024Q1,Younger Adults (18–64)
23413795,2,64,YR,F,,"",US,US,OZEMPIC,SEMAGLUTIDE,,"",PS,Diarrhoea,,2024Q3,Younger Adults (18–64)
23413797,2,57,YR,F,,"",US,US,OZEMPIC,SEMAGLUTIDE,,"",PS,Food craving,,2024Q1,Younger Adults (18–64)
23413799,1,46,YR,F,,"",US,US,OZEMPIC,SEMAGLUTIDE,,"",PS,Nausea,,2024Q1,Younger Adults (18–64)
23413801,2,78,YR,F,,"",US,US,OZEMPIC,SEMAGLUTIDE,0.25,MG,PS,Frequent bowel movements,,2024Q3,Older Adults (≥65)
23413803,1,39,YR,M,,"",US,US,OZEMPIC,SEMAGLUTIDE,,"",PS,Chills,,2024Q1,Younger Adults (18–64)
23413807,1,50,YR,F,,"",US,US,OZEMPIC,SEMAGLUTIDE,,"",PS,Abdominal pain,HO,2024Q1,Younger Adults (18–64)
23413810,1,50,YR,F,,"",US,US,OZEMPIC,SEMAGLUTIDE,,"",PS,Alopecia,,2024Q1,Younger Adults (18–64)
23413813,1,81,YR,F,,"",US,US,OZEMPIC,SEMAGLUTIDE,0.5,MG,PS,Blood pressure increased,,2024Q1,Older Adults (≥65)
23413822,2,65,YR,,,"",US,US,OZEMPIC,SEMAGLUTIDE,,"",PS,Constipation,,2024Q3,Older Adults (≥65)
23413828,2,62,YR,M,,"",US,US,OZEMPIC,SEMAGLUTIDE,,"",PS,Constipation,,2024Q1,Younger Adults (18–64)
23413829,1,69,YR,M,,"",US,US,OZEMPIC,SEMAGLUTIDE,,"",PS,Off label use,,2024Q1,Older Adults (≥65)
23413830,1,51,YR,F,,"",US,US,OZEMPIC,SEMAGLUTIDE,1,MG,PS,Pancreatitis acute,HO,2024Q1,Younger Adults (18–64)
23413833,1,79,YR,M,,"",US,US,OZEMPIC,SEMAGLUTIDE,,"",PS,Nausea,,2024Q1,Older Adults (≥65)
23413835,2,58,YR,F,,"",US,US,OZEMPIC,SEMAGLUTIDE,2,MG,PS,Increased appetite,,2024Q3,Younger Adults (18–64)
23413836,2,70,YR,M,,"",US,US,OZEMPIC,SEMAGLUTIDE,0.25,MG,PS,Dyspepsia,,2024Q3,Older Adults (≥65)
23413839,2,67,YR,F,84.807,KG,US,US,OZEMPIC,SEMAGLUTIDE,0.5,MG,PS,Pancreatitis,OT,2024Q3,Older Adults (≥65)
23413840,1,50,YR,F,,"",US,US,OZEMPIC,SEMAGLUTIDE,,"",PS,Pancreatitis,OT,2024Q1,Younger Adults (18–64)
23413841,1,78,YR,F,,"",US,US,OZEMPIC,SEMAGLUTIDE,,"",PS,Contusion,,2024Q1,Older Adults (≥65)
23413844,1,61,YR,F,104.3,KG,US,US,OZEMPIC,SEMAGLUTIDE,,"",PS,Nausea,,2024Q1,Younger Adults (18–64)
23413845,1,44,YR,M,,"",US,US,OZEMPIC,SEMAGLUTIDE,,"",PS,Feeding disorder,,2024Q1,Younger Adults (18–64)
23413846,1,65,YR,M,,"",US,US,OZEMPIC,SEMAGLUTIDE,,"",PS,Weight increased,,2024Q1,Older Adults (≥65)
23413847,1,66,YR,F,,"",US,US,OZEMPIC,SEMAGLUTIDE,,"",PS,Muscle spasms,,2024Q1,Older Adults (≥65)
23413853,2,55,YR,F,,"",US,US,OZEMPIC,SEMAGLUTIDE,0.25,MG,PS,Vomiting,,2024Q3,Younger Adults (18–64)
23413854,2,61,YR,F,,"",US,US,OZEMPIC,SEMAGLUTIDE,,"",PS,Skin burning sensation,,2024Q3,Younger Adults (18–64)
23413855,1,74,YR,M,,"",US,US,OZEMPIC,SEMAGLUTIDE,,"",PS,Flatulence,,2024Q1,Older Adults (≥65)
23413856,1,71,YR,M,,"",US,US,OZEMPIC,SEMAGLUTIDE,,"",PS,Mouth ulceration,,2024Q1,Older Adults (≥65)
23413858,2,58,YR,F,,"",US,US,OZEMPIC,SEMAGLUTIDE,,"",PS,Headache,,2024Q3,Younger Adults (18–64)
23413860,1,74,YR,M,,"",US,US,OZEMPIC,SEMAGLUTIDE,0.25,MG,PS,Faeces soft,,2024Q1,Older Adults (≥65)
23413861,1,44,YR,F,,"",US,US,OZEMPIC,SEMAGLUTIDE,0.5,MG,PS,Burning sensation,,2024Q1,Younger Adults (18–64)
23413865,1,76,YR,F,,"",US,US,OZEMPIC,SEMAGLUTIDE,0.5,MG,PS,Myalgia,,2024Q1,Older Adults (≥65)
23413866,2,52,YR,F,,"",US,US,OZEMPIC,SEMAGLUTIDE,0.5,MG,PS,Nausea,,2024Q3,Younger Adults (18–64)
23413868,2,79,YR,F,,"",US,US,OZEMPIC,SEMAGLUTIDE,,"",PS,Blood glucose increased,,2024Q1,Older Adults (≥65)
23413875,1,76,YR,M,,"",US,US,OZEMPIC,SEMAGLUTIDE,,"",PS,Neck pain,,2024Q1,Older Adults (≥65)
23413881,1,75,YR,M,,"",US,US,OZEMPIC,SEMAGLUTIDE,0.5,MG,PS,Extra dose administered,,2024Q1,Older Adults (≥65)
23413886,2,56,YR,F,,"",US,US,OZEMPIC,SEMAGLUTIDE,,"",PS,Constipation,,2024Q1,Younger Adults (18–64)
23413890,1,71,YR,F,,"",US,US,OZEMPIC,SEMAGLUTIDE,2,MG,PS,Fatigue,,2024Q1,Older Adults (≥65)
23413892,1,62,YR,M,,"",US,US,OZEMPIC,SEMAGLUTIDE,,"",PS,Decreased appetite,,2024Q1,Younger Adults (18–64)
23413893,1,62,YR,F,,"",US,US,OZEMPIC,SEMAGLUTIDE,,"",PS,Rhinorrhoea,,2024Q1,Younger Adults (18–64)
23413896,1,52,YR,F,,"",US,US,OZEMPIC,SEMAGLUTIDE,,"",PS,Device malfunction,,2024Q1,Younger Adults (18–64)
23413899,1,66,YR,F,,"",US,US,OZEMPIC,SEMAGLUTIDE,0.5,MG,PS,Off label use,,2024Q1,Older Adults (≥65)
23413905,2,21,YR,F,,"",US,US,OZEMPIC,SEMAGLUTIDE,,"",PS,Alopecia,,2024Q3,Younger Adults (18–64)
23413910,1,51,YR,F,,"",US,US,OZEMPIC,SEMAGLUTIDE,2,MG,PS,Neuropathy peripheral,,2024Q1,Younger Adults (18–64)
23413912,1,60,YR,F,,"",US,US,OZEMPIC,SEMAGLUTIDE,,"",PS,Androgenetic alopecia,,2024Q1,Younger Adults (18–64)
23413919,1,30,YR,F,,"",US,US,OZEMPIC,SEMAGLUTIDE,,"",PS,Anxiety,,2024Q1,Younger Adults (18–64)
23413920,1,73,YR,F,,"",US,US,OZEMPIC,SEMAGLUTIDE,0.5,MG,PS,Photosensitivity reaction,,2024Q1,Older Adults (≥65)
23413924,1,40,YR,F,,"",US,US,OZEMPIC,SEMAGLUTIDE,2,MG,PS,Dry eye,,2024Q1,Younger Adults (18–64)
23413926,1,75,YR,M,,"",US,US,OZEMPIC,SEMAGLUTIDE,,"",PS,Depressed mood,,2024Q1,Older Adults (≥65)
23413929,1,75,YR,F,,"",US,US,OZEMPIC,SEMAGLUTIDE,,"",PS,Eye pruritus,,2024Q1,Older Adults (≥65)
23413931,1,35,YR,F,,"",US,US,OZEMPIC,SEMAGLUTIDE,,"",PS,Hunger,,2024Q1,Younger Adults (18–64)
23413933,1,59,YR,F,,"",US,US,OZEMPIC,SEMAGLUTIDE,,"",PS,Abdominal distension,,2024Q1,Younger Adults (18–64)
23413934,1,63,YR,F,,"",US,US,OZEMPIC,SEMAGLUTIDE,,"",PS,Overdose,,2024Q1,Younger Adults (18–64)
23413935,1,57,YR,F,,"",US,US,OZEMPIC,SEMAGLUTIDE,0.25,MG,PS,Drug ineffective,,2024Q1,Younger Adults (18–64)
23413936,1,30,YR,F,,"",US,US,OZEMPIC,SEMAGLUTIDE,,"",PS,Panic attack,,2024Q1,Younger Adults (18–64)
23413937,1,50,YR,F,,"",US,US,OZEMPIC,SEMAGLUTIDE,,"",PS,Product dose omission issue,,2024Q1,Younger Adults (18–64)
23413938,1,62,YR,M,,"",US,US,OZEMPIC,SEMAGLUTIDE,0.25,MG,PS,Faeces discoloured,,2024Q1,Younger Adults (18–64)
23413940,2,66,YR,M,,"",US,US,OZEMPIC,SEMAGLUTIDE,0.5,MG,PS,COVID-19,,2024Q3,Older Adults (≥65)
23413945,1,68,YR,F,,"",US,US,OZEMPIC,SEMAGLUTIDE,,"",PS,Dyspnoea,,2024Q1,Older Adults (≥65)
23413953,1,45,YR,F,103.86,KG,US,US,OZEMPIC,SEMAGLUTIDE,,"",PS,Dyspepsia,OT,2024Q1,Younger Adults (18–64)
23414064,1,57,YR,F,,"",US,US,OZEMPIC,SEMAGLUTIDE,,"",PS,Pancreatitis,OT,2024Q1,Younger Adults (18–64)
23414065,1,63,YR,F,,"",US,US,OZEMPIC,SEMAGLUTIDE,25,MG,PS,Constipation,OT,2024Q1,Younger Adults (18–64)
23414066,1,63,YR,F,,"",US,US,OZEMPIC,SEMAGLUTIDE,2,MG,PS,Irritable bowel syndrome,OT,2024Q1,Younger Adults (18–64)
23414601,1,62,YR,F,,"",US,US,WEGOVY,SEMAGLUTIDE,2.4,MG,PS,Road traffic accident,HO,2024Q1,Younger Adults (18–64)
23414628,2,64,YR,M,86.168,KG,US,US,OZEMPIC,SEMAGLUTIDE,0.5,MG,PS,Cholecystitis,HO,2024Q4,Younger Adults (18–64)
23414629,2,70,YR,M,,"",US,US,OZEMPIC,SEMAGLUTIDE,,"",PS,Diarrhoea,HO,2024Q1,Older Adults (≥65)
23416395,1,71,YR,M,101.2,KG,US,,OZEMPIC,SEMAGLUTIDE,1,MG,PS,Acute kidney injury,LT,2024Q1,Older Adults (≥65)
23416397,1,47,YR,M,105.75,KG,US,,OZEMPIC,SEMAGLUTIDE,,"",PS,Pain of skin,,2024Q1,Younger Adults (18–64)
23416400,1,63,YR,F,66.6,KG,US,,OZEMPIC,SEMAGLUTIDE,,"",PS,Blood pressure abnormal,LT,2024Q1,Younger Adults (18–64)
23416714,1,46,YR,F,76.5,KG,US,,WEGOVY,SEMAGLUTIDE,,"",PS,Nausea,DS,2024Q1,Younger Adults (18–64)
23417359,1,56,YR,M,,"",US,,WEGOVY,SEMAGLUTIDE,0.5,MG,PS,Acute kidney injury,DE,2024Q1,Younger Adults (18–64)
23420866,1,75,YR,F,,"",US,US,OZEMPIC,SEMAGLUTIDE,1,MG,PS,Knee arthroplasty,OT,2024Q1,Older Adults (≥65)
23420872,2,44,YR,F,,"",US,US,OZEMPIC,SEMAGLUTIDE,0.5,MG,PS,Vomiting,HO,2024Q4,Younger Adults (18–64)
23420876,1,64,YR,F,93.424,KG,US,US,OZEMPIC,SEMAGLUTIDE,0.25,MG,PS,Pancreatic carcinoma,OT,2024Q1,Younger Adults (18–64)
23422229,1,40,YR,F,101.25,KG,US,,SEMAGLUTIDE,SEMAGLUTIDE,,"",PS,Product substitution issue,OT,2024Q1,Younger Adults (18–64)
23422453,1,38,YR,F,172,KG,US,,SEMAGLUTIDE,SEMAGLUTIDE,1.7,MG,PS,Suicidal ideation,OT,2024Q1,Younger Adults (18–64)
23422786,1,52,YR,F,,"",US,,CYANOCOBALAMIN\SEMAGLUTIDE,CYANOCOBALAMIN\SEMAGLUTIDE,,"",PS,Hypoglycaemia,,2024Q1,Younger Adults (18–64)
23423338,1,40,YR,F,,"",US,,SEMAGLUTIDE,SEMAGLUTIDE,4,MG,PS,Nausea,,2024Q1,Younger Adults (18–64)
23423346,1,47,YR,F,144,KG,US,,WEGOVY,SEMAGLUTIDE,,"",PS,Rash,,2024Q1,Younger Adults (18–64)
23423375,1,34,YR,F,83.7,KG,US,,SEMAGLUTIDE,SEMAGLUTIDE,,"",PS,Menstrual disorder,OT,2024Q1,Younger Adults (18–64)
23425199,1,31,YR,F,,"",US,US,WEGOVY,SEMAGLUTIDE,0.25,MG,PS,Infrequent bowel movements,HO,2024Q1,Younger Adults (18–64)
23425202,1,81,YR,F,,"",US,US,OZEMPIC,SEMAGLUTIDE,0.25,MG,PS,Cataract operation,OT,2024Q1,Older Adults (≥65)
23425209,2,69,YR,F,,"",US,US,OZEMPIC,SEMAGLUTIDE,,"",PS,Spinal operation,HO,2024Q4,Older Adults (≥65)
23425214,1,82,YR,F,,"",US,US,OZEMPIC,SEMAGLUTIDE,,"",PS,Blindness unilateral,OT,2024Q1,Older Adults (≥65)
23427565,1,57,YR,F,,"",US,,CYANOCOBALAMIN\SEMAGLUTIDE,CYANOCOBALAMIN\SEMAGLUTIDE,,"",PS,Vomiting,HO,2024Q1,Younger Adults (18–64)
23427580,1,69,YR,F,119.25,KG,US,,WEGOVY,SEMAGLUTIDE,2.4,MG,PS,Skin wrinkling,RI,2024Q1,Older Adults (≥65)
23428000,1,62,YR,F,95.4,KG,US,,OZEMPIC,SEMAGLUTIDE,,"",PS,Therapy cessation,OT,2024Q1,Younger Adults (18–64)
23429071,1,65,YR,M,,"",US,US,WEGOVY,SEMAGLUTIDE,0.25,MG,PS,Weight loss poor,OT,2024Q1,Older Adults (≥65)
23429344,1,51,YR,F,,"",US,US,OZEMPIC,SEMAGLUTIDE,,"",PS,Surgery,OT,2024Q1,Younger Adults (18–64)
23429525,1,34,YR,F,83,KG,US,,WEGOVY,SEMAGLUTIDE,,"",PS,Guillain-Barre syndrome,HO,2024Q1,Younger Adults (18–64)
23430446,1,58,YR,F,,"",US,US,OZEMPIC,SEMAGLUTIDE,0.5,MG,PS,Rib fracture,OT,2024Q1,Younger Adults (18–64)
23430464,2,58,YR,M,,"",US,US,OZEMPIC,SEMAGLUTIDE,2,MG,PS,Small intestinal obstruction,HO,2024Q4,Younger Adults (18–64)
23430467,1,61,YR,F,,"",US,US,OZEMPIC,SEMAGLUTIDE,,"",PS,Intestinal obstruction,OT,2024Q1,Younger Adults (18–64)
23430469,1,86,YR,M,85.714,KG,US,US,OZEMPIC,SEMAGLUTIDE,,"",PS,Diarrhoea,DS,2024Q1,Older Adults (≥65)
23432140,1,50,YR,F,101.25,KG,US,,OZEMPIC,SEMAGLUTIDE,,"",PS,Anhedonia,LT,2024Q1,Younger Adults (18–64)
23432181,1,69,YR,F,83.25,KG,US,,RYBELSUS,SEMAGLUTIDE,,"",PS,Feeling abnormal,OT,2024Q1,Older Adults (≥65)
23432226,1,65,YR,F,,"",US,,CYANOCOBALAMIN\SEMAGLUTIDE,CYANOCOBALAMIN\SEMAGLUTIDE,0.05,MG,PS,Incorrect dose administered,OT,2024Q1,Older Adults (≥65)
23432292,1,62,YR,F,,"",US,,CYANOCOBALAMIN\SEMAGLUTIDE,CYANOCOBALAMIN\SEMAGLUTIDE,,"",PS,Incorrect dose administered,,2024Q1,Younger Adults (18–64)
23432807,1,33,YR,F,89.1,KG,US,,WEGOVY,SEMAGLUTIDE,,"",PS,Hepatic enzyme increased,,2024Q1,Younger Adults (18–64)
23433907,1,73,YR,M,101.2,KG,US,,RYBELSUS,SEMAGLUTIDE,7,MG,PS,Therapy interrupted,HO,2024Q1,Older Adults (≥65)
23434270,1,52,YR,F,,"",US,US,WEGOVY,SEMAGLUTIDE,,"",PS,Pain of skin,,2024Q1,Younger Adults (18–64)
23434274,2,36,YR,F,,"",US,US,WEGOVY,SEMAGLUTIDE,,"",PS,Allodynia,,2024Q1,Younger Adults (18–64)
23434279,1,40,YR,F,,"",US,US,WEGOVY,SEMAGLUTIDE,,"",PS,Suicidal ideation,OT,2024Q1,Younger Adults (18–64)
23434280,2,62,YR,F,,"",US,US,WEGOVY,SEMAGLUTIDE,,"",PS,Product used for unknown indication,,2024Q1,Younger Adults (18–64)
23434281,1,53,YR,F,,"",US,US,WEGOVY,SEMAGLUTIDE,,"",PS,Skin sensitisation,,2024Q1,Younger Adults (18–64)
23434282,1,53,YR,F,,"",US,US,WEGOVY,SEMAGLUTIDE,2.4,MG,PS,Sensitive skin,,2024Q1,Younger Adults (18–64)
23434288,1,48,YR,F,,"",US,US,WEGOVY,SEMAGLUTIDE,2.7,MG,PS,Sensitive skin,,2024Q1,Younger Adults (18–64)
23434289,1,40,YR,F,,"",US,US,WEGOVY,SEMAGLUTIDE,1.7,MG,PS,Burning sensation,,2024Q1,Younger Adults (18–64)
23434296,1,56,YR,F,,"",US,US,WEGOVY,SEMAGLUTIDE,2.4,MG,PS,Allodynia,,2024Q1,Younger Adults (18–64)
23434298,1,57,YR,F,,"",US,US,WEGOVY,SEMAGLUTIDE,1.7,MG,PS,Allodynia,,2024Q1,Younger Adults (18–64)
23434299,1,52,YR,F,,"",US,US,WEGOVY,SEMAGLUTIDE,2.4,MG,PS,Pancreatitis acute,HO,2024Q1,Younger Adults (18–64)
23434300,1,46,YR,F,,"",US,US,WEGOVY,SEMAGLUTIDE,,"",PS,Rash,,2024Q1,Younger Adults (18–64)
23434305,1,40,YR,F,,"",US,US,WEGOVY,SEMAGLUTIDE,2.4,MG,PS,Abdominal pain upper,HO,2024Q1,Younger Adults (18–64)
23434306,1,73,YR,F,,"",US,US,WEGOVY,SEMAGLUTIDE,0.5,MG,PS,Sleep disorder,,2024Q1,Older Adults (≥65)
23434307,1,22,YR,F,,"",US,US,WEGOVY,SEMAGLUTIDE,,"",PS,Vaginal haemorrhage,,2024Q1,Younger Adults (18–64)
23434308,1,58,YR,F,,"",US,US,WEGOVY,SEMAGLUTIDE,,"",PS,Asthenia,,2024Q1,Younger Adults (18–64)
23434317,1,57,YR,F,,"",US,US,WEGOVY,SEMAGLUTIDE,,"",PS,Device leakage,,2024Q1,Younger Adults (18–64)
23434322,1,51,YR,M,,"",US,US,WEGOVY,SEMAGLUTIDE,,"",PS,Parvovirus infection,,2024Q1,Younger Adults (18–64)
23434323,1,39,YR,F,136.15,KG,US,US,WEGOVY,SEMAGLUTIDE,0.5,MG,PS,Gastroenteritis,OT,2024Q1,Younger Adults (18–64)
23434324,1,31,YR,M,,"",US,US,WEGOVY,SEMAGLUTIDE,,"",PS,Allodynia,,2024Q1,Younger Adults (18–64)
23434326,1,55,YR,F,,"",US,US,WEGOVY,SEMAGLUTIDE,1,MG,PS,Allodynia,,2024Q1,Younger Adults (18–64)
23434327,1,34,YR,F,,"",US,US,WEGOVY,SEMAGLUTIDE,2.4,MG,PS,Sensitive skin,,2024Q1,Younger Adults (18–64)
23434329,1,57,YR,,,"",US,US,WEGOVY,SEMAGLUTIDE,,"",PS,Dry skin,,2024Q1,Younger Adults (18–64)
23434332,1,34,YR,F,,"",US,US,WEGOVY,SEMAGLUTIDE,,"",PS,Allodynia,,2024Q1,Younger Adults (18–64)
23434333,1,57,YR,F,,"",US,US,WEGOVY,SEMAGLUTIDE,,"",PS,Pain of skin,,2024Q1,Younger Adults (18–64)
23434337,3,49,YR,,,"",US,US,WEGOVY,SEMAGLUTIDE,1.7,MG,PS,Inappropriate schedule of product administration,,2024Q3,Younger Adults (18–64)
23434339,1,38,YR,F,,"",US,US,WEGOVY,SEMAGLUTIDE,,"",PS,Depression,,2024Q1,Younger Adults (18–64)
23434342,1,50,YR,F,,"",US,US,WEGOVY,SEMAGLUTIDE,,"",PS,Frequent bowel movements,,2024Q1,Younger Adults (18–64)
23434345,1,46,YR,F,,"",US,US,WEGOVY,SEMAGLUTIDE,,"",PS,Fibromyalgia,,2024Q1,Younger Adults (18–64)
23434346,1,65,YR,,,"",US,US,WEGOVY,SEMAGLUTIDE,,"",PS,Injection site discharge,,2024Q1,Older Adults (≥65)
23434347,1,34,YR,F,,"",US,US,WEGOVY,SEMAGLUTIDE,,"",PS,SARS-CoV-2 test positive,,2024Q1,Younger Adults (18–64)
23434348,1,40,YR,M,,"",US,US,WEGOVY,SEMAGLUTIDE,,"",PS,Paraesthesia,,2024Q1,Younger Adults (18–64)
23434349,1,42,YR,M,,"",US,US,WEGOVY,SEMAGLUTIDE,,"",PS,Sensitive skin,,2024Q1,Younger Adults (18–64)
23434352,1,40,YR,F,,"",US,US,WEGOVY,SEMAGLUTIDE,,"",PS,Paraesthesia,,2024Q1,Younger Adults (18–64)
23434354,1,40,YR,F,,"",US,US,WEGOVY,SEMAGLUTIDE,,"",PS,Weight fluctuation,,2024Q1,Younger Adults (18–64)
23434358,1,65,YR,F,95.254,KG,US,US,WEGOVY,SEMAGLUTIDE,,"",PS,Weight decreased,,2024Q1,Older Adults (≥65)
23434359,1,56,YR,M,,"",US,US,WEGOVY,SEMAGLUTIDE,2.4,MG,PS,Skin burning sensation,,2024Q1,Younger Adults (18–64)
23434360,1,46,YR,F,,"",US,US,WEGOVY,SEMAGLUTIDE,,"",PS,Skin striae,,2024Q1,Younger Adults (18–64)
23434370,1,38,YR,M,,"",US,US,WEGOVY,SEMAGLUTIDE,,"",PS,Hyperaesthesia,,2024Q1,Younger Adults (18–64)
23434375,1,36,YR,F,117,KG,US,US,WEGOVY,SEMAGLUTIDE,,"",PS,Drug ineffective,,2024Q1,Younger Adults (18–64)
23434376,1,18,YR,F,,"",US,US,WEGOVY,SEMAGLUTIDE,0.5,MG,PS,Allodynia,,2024Q1,Younger Adults (18–64)
23434380,2,51,YR,M,,"",US,US,WEGOVY,SEMAGLUTIDE,1.7,MG,PS,Vomiting,HO,2024Q2,Younger Adults (18–64)
23434381,1,47,YR,F,,"",US,US,WEGOVY,SEMAGLUTIDE,1.7,MG,PS,Skin burning sensation,,2024Q1,Younger Adults (18–64)
23434386,1,50,YR,F,,"",US,US,WEGOVY,SEMAGLUTIDE,1.7,MG,PS,Allodynia,,2024Q1,Younger Adults (18–64)
23434387,1,43,YR,F,,"",US,US,WEGOVY,SEMAGLUTIDE,1.7,MG,PS,Blood blister,,2024Q1,Younger Adults (18–64)
23434391,1,40,YR,F,,"",US,US,WEGOVY,SEMAGLUTIDE,,"",PS,Paraesthesia,,2024Q1,Younger Adults (18–64)
23434392,1,60,YR,F,,"",US,US,WEGOVY,SEMAGLUTIDE,,"",PS,Accident,,2024Q1,Younger Adults (18–64)
23434393,1,50,YR,,,"",US,US,WEGOVY,SEMAGLUTIDE,,"",PS,Constipation,,2024Q1,Younger Adults (18–64)
23434394,1,59,YR,F,,"",US,US,WEGOVY,SEMAGLUTIDE,2.4,MG,PS,Dizziness,OT,2024Q1,Younger Adults (18–64)
23434395,1,53,YR,M,,"",US,US,WEGOVY,SEMAGLUTIDE,2.4,MG,PS,Constipation,,2024Q1,Younger Adults (18–64)
23434401,1,37,YR,F,,"",US,US,WEGOVY,SEMAGLUTIDE,2.4,MG,PS,Allodynia,,2024Q1,Younger Adults (18–64)
23434406,1,56,YR,F,,"",US,US,WEGOVY,SEMAGLUTIDE,,"",PS,Wound,,2024Q1,Younger Adults (18–64)
23434411,1,27,YR,F,,"",US,US,WEGOVY,SEMAGLUTIDE,,"",PS,Lactose intolerance,,2024Q1,Younger Adults (18–64)
23434417,2,45,YR,F,,"",US,US,WEGOVY,SEMAGLUTIDE,,"",PS,Injection site vesicles,,2024Q3,Younger Adults (18–64)
23434418,1,54,YR,F,,"",US,US,WEGOVY,SEMAGLUTIDE,1.7,MG,PS,Pain of skin,,2024Q1,Younger Adults (18–64)
23434419,1,43,YR,F,,"",US,US,WEGOVY,SEMAGLUTIDE,1.7,MG,PS,Paraesthesia,,2024Q1,Younger Adults (18–64)
23434422,1,28,YR,M,,"",US,US,WEGOVY,SEMAGLUTIDE,,"",PS,Renal failure,HO,2024Q1,Younger Adults (18–64)
23434423,1,28,YR,M,,"",US,US,WEGOVY,SEMAGLUTIDE,,"",PS,Renal failure,HO,2024Q1,Younger Adults (18–64)
23434424,1,50,YR,F,,"",US,US,WEGOVY,SEMAGLUTIDE,1,MG,PS,Product use in unapproved indication,,2024Q1,Younger Adults (18–64)
23434425,1,43,YR,F,,"",US,US,WEGOVY,SEMAGLUTIDE,,"",PS,Contusion,,2024Q1,Younger Adults (18–64)
23434429,1,65,YR,F,,"",US,US,WEGOVY,SEMAGLUTIDE,0.5,MG,PS,Gastrointestinal disorder,,2024Q1,Older Adults (≥65)
23434433,1,49,YR,F,,"",US,US,WEGOVY,SEMAGLUTIDE,0.25,MG,PS,Nausea,OT,2024Q1,Younger Adults (18–64)
23434435,1,25,YR,F,,"",US,US,WEGOVY,SEMAGLUTIDE,,"",PS,Illness,,2024Q1,Younger Adults (18–64)
23434442,1,57,YR,F,,"",US,US,WEGOVY,SEMAGLUTIDE,2.4,MG,PS,Skin sensitisation,,2024Q1,Younger Adults (18–64)
23434445,1,44,YR,M,,"",US,US,WEGOVY,SEMAGLUTIDE,,"",PS,Photophobia,,2024Q1,Younger Adults (18–64)
23434449,1,41,YR,F,,"",US,US,WEGOVY,SEMAGLUTIDE,,"",PS,Weight loss poor,,2024Q1,Younger Adults (18–64)
23434452,1,64,YR,F,,"",US,US,WEGOVY,SEMAGLUTIDE,,"",PS,Depressed mood,,2024Q1,Younger Adults (18–64)
23434453,1,43,YR,F,,"",US,US,WEGOVY,SEMAGLUTIDE,,"",PS,Menstruation irregular,,2024Q1,Younger Adults (18–64)
23434454,1,63,YR,M,,"",US,US,WEGOVY,SEMAGLUTIDE,,"",PS,Food poisoning,,2024Q1,Younger Adults (18–64)
23434455,2,56,YR,F,,"",US,US,WEGOVY,SEMAGLUTIDE,,"",PS,Device leakage,,2024Q3,Younger Adults (18–64)
23434460,1,39,YR,F,,"",US,US,WEGOVY,SEMAGLUTIDE,,"",PS,Menstruation irregular,,2024Q1,Younger Adults (18–64)
23434463,1,38,YR,F,,"",US,US,WEGOVY,SEMAGLUTIDE,,"",PS,Fatigue,HO,2024Q1,Younger Adults (18–64)
23434492,1,45,YR,F,,"",US,US,WEGOVY,SEMAGLUTIDE,2.4,MG,PS,Allodynia,,2024Q1,Younger Adults (18–64)
23434494,1,48,YR,F,,"",US,US,WEGOVY,SEMAGLUTIDE,,"",PS,Menstruation irregular,,2024Q1,Younger Adults (18–64)
23434498,1,47,YR,F,,"",US,US,WEGOVY,SEMAGLUTIDE,0.5,MG,PS,Impaired gastric emptying,OT,2024Q1,Younger Adults (18–64)
23434499,1,51,YR,F,,"",US,US,WEGOVY,SEMAGLUTIDE,,"",PS,Sensitive skin,,2024Q1,Younger Adults (18–64)
23434500,1,42,YR,F,,"",US,US,WEGOVY,SEMAGLUTIDE,,"",PS,Allodynia,,2024Q1,Younger Adults (18–64)
23434501,1,62,YR,F,,"",US,US,WEGOVY,SEMAGLUTIDE,0.25,MG,PS,Dysphonia,,2024Q1,Younger Adults (18–64)
23434509,1,49,YR,F,,"",US,US,WEGOVY,SEMAGLUTIDE,,"",PS,Arthralgia,,2024Q1,Younger Adults (18–64)
23434511,1,61,YR,F,,"",US,US,WEGOVY,SEMAGLUTIDE,2.4,MG,PS,Hypoaesthesia,,2024Q1,Younger Adults (18–64)
23434512,2,67,YR,F,,"",US,US,WEGOVY,SEMAGLUTIDE,1.7,MG,PS,Decreased appetite,,2024Q3,Older Adults (≥65)
23434514,1,36,YR,F,,"",US,US,WEGOVY,SEMAGLUTIDE,1.7,MG,PS,Insomnia,,2024Q1,Younger Adults (18–64)
23434515,1,40,YR,F,,"",US,US,WEGOVY,SEMAGLUTIDE,2.4,MG,PS,Allodynia,,2024Q1,Younger Adults (18–64)
23434517,1,40,YR,F,,"",US,US,WEGOVY,SEMAGLUTIDE,2.7,MG,PS,Allodynia,,2024Q1,Younger Adults (18–64)
23434518,2,44,YR,F,,"",US,US,WEGOVY,SEMAGLUTIDE,,"",PS,Pain of skin,,2024Q1,Younger Adults (18–64)
23434519,1,55,YR,F,,"",US,US,WEGOVY,SEMAGLUTIDE,2.4,MG,PS,Balance disorder,,2024Q1,Younger Adults (18–64)
23434531,1,29,YR,F,,"",US,US,WEGOVY,SEMAGLUTIDE,1.7,MG,PS,Allodynia,,2024Q1,Younger Adults (18–64)
23434534,1,36,YR,M,,"",US,US,WEGOVY,SEMAGLUTIDE,2.4,MG,PS,Hyperaesthesia,,2024Q1,Younger Adults (18–64)
23434538,1,38,YR,F,,"",US,US,WEGOVY,SEMAGLUTIDE,,"",PS,Myalgia,,2024Q1,Younger Adults (18–64)
23434540,1,55,YR,F,,"",US,US,WEGOVY,SEMAGLUTIDE,,"",PS,Allodynia,,2024Q1,Younger Adults (18–64)
23434543,4,39,YR,F,,"",US,US,WEGOVY,SEMAGLUTIDE,0.25,MG,PS,Sunburn,,2024Q3,Younger Adults (18–64)
23434547,1,54,YR,,,"",US,US,WEGOVY,SEMAGLUTIDE,,"",PS,Pyrexia,,2024Q1,Younger Adults (18–64)
23434549,1,62,YR,M,,"",US,US,WEGOVY,SEMAGLUTIDE,2.4,MG,PS,Sensitive skin,,2024Q1,Younger Adults (18–64)
23434552,1,54,YR,F,,"",US,US,WEGOVY,SEMAGLUTIDE,,"",PS,Tendonitis,,2024Q1,Younger Adults (18–64)
23434553,1,56,YR,F,,"",US,US,WEGOVY,SEMAGLUTIDE,,"",PS,Allodynia,,2024Q1,Younger Adults (18–64)
23434558,1,20,YR,F,,"",US,US,WEGOVY,SEMAGLUTIDE,,"",PS,Arthralgia,,2024Q1,Younger Adults (18–64)
23434560,1,39,YR,M,,"",US,US,WEGOVY,SEMAGLUTIDE,,"",PS,Hyperaesthesia,,2024Q1,Younger Adults (18–64)
23434561,2,18,YR,F,,"",US,US,WEGOVY,SEMAGLUTIDE,,"",PS,Vomiting,,2024Q1,Younger Adults (18–64)
23434562,1,46,YR,M,,"",US,US,WEGOVY,SEMAGLUTIDE,1.7,MG,PS,Inappropriate schedule of product administration,,2024Q1,Younger Adults (18–64)
23434563,1,67,YR,F,,"",US,US,WEGOVY,SEMAGLUTIDE,1.7,MG,PS,Allodynia,,2024Q1,Older Adults (≥65)
23434564,1,18,YR,M,,"",US,US,WEGOVY,SEMAGLUTIDE,0.5,MG,PS,Impaired gastric emptying,OT,2024Q1,Younger Adults (18–64)
23434565,1,55,YR,F,,"",US,US,WEGOVY,SEMAGLUTIDE,1.7,MG,PS,Nausea,OT,2024Q1,Younger Adults (18–64)
23434567,1,39,YR,F,,"",US,US,WEGOVY,SEMAGLUTIDE,2.4,MG,PS,Allodynia,,2024Q1,Younger Adults (18–64)
23434568,1,37,YR,F,,"",US,US,WEGOVY,SEMAGLUTIDE,2.4,MG,PS,Sunburn,,2024Q1,Younger Adults (18–64)
23434573,1,77,YR,M,,"",US,US,WEGOVY,SEMAGLUTIDE,,"",PS,Abdominal pain upper,,2024Q1,Older Adults (≥65)
23434575,1,62,YR,M,,"",US,US,WEGOVY,SEMAGLUTIDE,,"",PS,Acute kidney injury,HO,2024Q1,Younger Adults (18–64)
23434577,1,46,YR,F,,"",US,US,WEGOVY,SEMAGLUTIDE,2.4,MG,PS,Hyperaesthesia,,2024Q1,Younger Adults (18–64)
23434578,1,48,YR,F,,"",US,US,WEGOVY,SEMAGLUTIDE,1.7,MG,PS,Pancreatitis,OT,2024Q1,Younger Adults (18–64)
23434580,1,30,YR,F,,"",US,US,WEGOVY,SEMAGLUTIDE,2.4,MG,PS,Skin burning sensation,,2024Q1,Younger Adults (18–64)
23434585,2,53,YR,F,106.12,KG,US,US,WEGOVY,SEMAGLUTIDE,,"",PS,Thyroid mass,,2024Q3,Younger Adults (18–64)
23434587,1,53,YR,,,"",US,US,WEGOVY,SEMAGLUTIDE,,"",PS,Increased appetite,,2024Q1,Younger Adults (18–64)
23434588,1,61,YR,F,,"",US,US,WEGOVY,SEMAGLUTIDE,1.7,MG,PS,Eructation,,2024Q1,Younger Adults (18–64)
23434592,1,58,YR,F,,"",US,US,WEGOVY,SEMAGLUTIDE,,"",PS,Wound,,2024Q1,Younger Adults (18–64)
23434593,1,72,YR,F,,"",US,US,WEGOVY,SEMAGLUTIDE,,"",PS,Nerve injury,,2024Q1,Older Adults (≥65)
23434597,1,45,YR,M,,"",US,US,WEGOVY,SEMAGLUTIDE,2.4,MG,PS,Skin burning sensation,,2024Q1,Younger Adults (18–64)
23434599,1,52,YR,F,,"",US,US,WEGOVY,SEMAGLUTIDE,2.4,MG,PS,Vomiting,OT,2024Q1,Younger Adults (18–64)
23434600,1,35,YR,,,"",US,US,WEGOVY,SEMAGLUTIDE,,"",PS,Body temperature increased,,2024Q1,Younger Adults (18–64)
23434601,1,55,YR,F,,"",US,US,WEGOVY,SEMAGLUTIDE,,"",PS,COVID-19,,2024Q1,Younger Adults (18–64)
23434602,2,38,YR,F,91.156,KG,US,US,WEGOVY,SEMAGLUTIDE,2.4,MG,PS,Impaired gastric emptying,HO,2024Q3,Younger Adults (18–64)
23434605,1,40,YR,F,,"",US,US,WEGOVY,SEMAGLUTIDE,,"",PS,Sensitive skin,,2024Q1,Younger Adults (18–64)
23434606,1,45,YR,F,,"",US,US,WEGOVY,SEMAGLUTIDE,1,MG,PS,Fatigue,,2024Q1,Younger Adults (18–64)
23434612,1,58,YR,F,,"",US,US,WEGOVY,SEMAGLUTIDE,,"",PS,Injection site discharge,,2024Q1,Younger Adults (18–64)
23434613,1,53,YR,F,,"",US,US,WEGOVY,SEMAGLUTIDE,0.25,MG,PS,Pancreatitis,OT,2024Q1,Younger Adults (18–64)
23434618,1,44,YR,F,,"",US,US,WEGOVY,SEMAGLUTIDE,1,MG,PS,Mental disorder,,2024Q1,Younger Adults (18–64)
23434622,1,47,YR,M,,"",US,US,WEGOVY,SEMAGLUTIDE,2.4,MG,PS,Suicidal ideation,OT,2024Q1,Younger Adults (18–64)
23434623,1,62,YR,F,,"",US,US,WEGOVY,SEMAGLUTIDE,2.4,MG,PS,Abdominal discomfort,,2024Q1,Younger Adults (18–64)
23434624,1,45,YR,F,,"",US,US,WEGOVY,SEMAGLUTIDE,0.25,MG,PS,Dizziness,,2024Q1,Younger Adults (18–64)
23434630,1,45,YR,F,,"",US,US,WEGOVY,SEMAGLUTIDE,,"",PS,Abdominal distension,,2024Q1,Younger Adults (18–64)
23434632,1,66,YR,F,,"",US,US,WEGOVY,SEMAGLUTIDE,2.4,MG,PS,Sensitive skin,,2024Q1,Older Adults (≥65)
23434636,1,39,YR,M,,"",US,US,WEGOVY,SEMAGLUTIDE,0.25,MG,PS,Incorrect dose administered,,2024Q1,Younger Adults (18–64)
23434637,1,43,YR,F,,"",US,US,WEGOVY,SEMAGLUTIDE,2.4,MG,PS,Allodynia,,2024Q1,Younger Adults (18–64)
23434639,1,38,YR,F,,"",US,US,WEGOVY,SEMAGLUTIDE,2.4,MG,PS,Allodynia,,2024Q1,Younger Adults (18–64)
23434641,2,58,YR,F,,"",US,US,WEGOVY,SEMAGLUTIDE,1.7,MG,PS,Injection site discharge,,2024Q3,Younger Adults (18–64)
23434645,2,70,YR,,,"",US,US,WEGOVY,SEMAGLUTIDE,,"",PS,Constipation,,2024Q3,Older Adults (≥65)
23434646,1,36,YR,F,,"",US,US,WEGOVY,SEMAGLUTIDE,,"",PS,Dyspepsia,,2024Q1,Younger Adults (18–64)
23434649,2,40,YR,,,"",US,US,WEGOVY,SEMAGLUTIDE,,"",PS,Rash,,2024Q3,Younger Adults (18–64)
23434650,2,44,YR,,,"",US,US,WEGOVY,SEMAGLUTIDE,,"",PS,Gastrointestinal disorder,,2024Q3,Younger Adults (18–64)
23434651,1,58,YR,M,,"",US,US,WEGOVY,SEMAGLUTIDE,,"",PS,Fatigue,,2024Q1,Younger Adults (18–64)
23434654,2,62,YR,F,,"",US,US,WEGOVY,SEMAGLUTIDE,,"",PS,Illness,,2024Q1,Younger Adults (18–64)
23434656,1,53,YR,F,,"",US,US,WEGOVY,SEMAGLUTIDE,,"",PS,Aspartate aminotransferase increased,,2024Q1,Younger Adults (18–64)
23434659,1,77,YR,F,,"",US,US,WEGOVY,SEMAGLUTIDE,,"",PS,Hyperhidrosis,,2024Q1,Older Adults (≥65)
23434660,2,60,YR,F,,"",US,US,WEGOVY,SEMAGLUTIDE,1,MG,PS,Allodynia,,2024Q3,Younger Adults (18–64)
23434664,1,34,YR,,,"",US,US,WEGOVY,SEMAGLUTIDE,,"",PS,Palpitations,,2024Q1,Younger Adults (18–64)
23434672,1,70,YR,M,,"",US,US,WEGOVY,SEMAGLUTIDE,,"",PS,Sunburn,,2024Q1,Older Adults (≥65)
23434676,2,41,YR,F,,"",US,US,WEGOVY,SEMAGLUTIDE,,"",PS,COVID-19,,2024Q3,Younger Adults (18–64)
23434681,3,37,YR,F,,"",US,US,WEGOVY,SEMAGLUTIDE,,"",PS,Injection site vesicles,,2024Q1,Younger Adults (18–64)
23434684,1,32,YR,M,,"",US,US,WEGOVY,SEMAGLUTIDE,2.4,MG,PS,Injection site discharge,,2024Q1,Younger Adults (18–64)
23434688,1,28,YR,F,,"",US,US,WEGOVY,SEMAGLUTIDE,,"",PS,Panic attack,,2024Q1,Younger Adults (18–64)
23434689,1,49,YR,F,,"",US,US,WEGOVY,SEMAGLUTIDE,,"",PS,Blood cholesterol decreased,,2024Q1,Younger Adults (18–64)
23434690,1,59,YR,F,,"",US,US,WEGOVY,SEMAGLUTIDE,,"",PS,Sensitive skin,,2024Q1,Younger Adults (18–64)
23434695,1,69,YR,F,,"",US,US,WEGOVY,SEMAGLUTIDE,,"",PS,Product use in unapproved indication,,2024Q1,Older Adults (≥65)
23434697,1,38,YR,F,,"",US,US,WEGOVY,SEMAGLUTIDE,,"",PS,Arthralgia,,2024Q1,Younger Adults (18–64)
23434702,2,38,YR,F,,"",US,US,WEGOVY,SEMAGLUTIDE,2.4,MG,PS,Paraesthesia,,2024Q3,Younger Adults (18–64)
23434706,1,57,YR,F,,"",US,US,WEGOVY,SEMAGLUTIDE,2.4,MG,PS,Allodynia,,2024Q1,Younger Adults (18–64)
23434707,1,53,YR,F,,"",US,US,WEGOVY,SEMAGLUTIDE,,"",PS,Off label use,,2024Q1,Younger Adults (18–64)
23434708,1,30,YR,F,,"",US,US,WEGOVY,SEMAGLUTIDE,2.4,MG,PS,Hyperaesthesia,,2024Q1,Younger Adults (18–64)
23434709,2,56,YR,F,,"",US,US,WEGOVY,SEMAGLUTIDE,,"",PS,Incorrect dose administered by device,,2024Q3,Younger Adults (18–64)
23434712,1,49,YR,M,,"",US,US,WEGOVY,SEMAGLUTIDE,2.4,MG,PS,Sensitive skin,,2024Q1,Younger Adults (18–64)
23434714,1,44,YR,F,,"",US,US,WEGOVY,SEMAGLUTIDE,,"",PS,Injection site vesicles,,2024Q1,Younger Adults (18–64)
23434715,2,58,YR,F,,"",US,US,WEGOVY,SEMAGLUTIDE,2.4,MG,PS,Nausea,,2024Q3,Younger Adults (18–64)
23434717,1,34,YR,F,,"",US,US,WEGOVY,SEMAGLUTIDE,0.5,MG,PS,Pancreatitis,OT,2024Q1,Younger Adults (18–64)
23434718,2,44,YR,F,,"",US,US,WEGOVY,SEMAGLUTIDE,0.25,MG,PS,Sensitive skin,,2024Q3,Younger Adults (18–64)
23434720,2,64,YR,M,,"",US,US,WEGOVY,SEMAGLUTIDE,,"",PS,Paraesthesia,,2024Q3,Younger Adults (18–64)
23434721,1,55,YR,F,,"",US,US,WEGOVY,SEMAGLUTIDE,,"",PS,Decreased appetite,,2024Q1,Younger Adults (18–64)
23434725,1,43,YR,F,,"",US,US,WEGOVY,SEMAGLUTIDE,2.4,MG,PS,Hypoglycaemia,,2024Q1,Younger Adults (18–64)
23434726,2,61,YR,F,,"",US,US,WEGOVY,SEMAGLUTIDE,0.25,MG,PS,Lipase increased,,2024Q3,Younger Adults (18–64)
23434729,2,67,YR,F,,"",US,US,WEGOVY,SEMAGLUTIDE,,"",PS,Weight increased,,2024Q1,Older Adults (≥65)
23434730,2,32,YR,M,,"",US,US,WEGOVY,SEMAGLUTIDE,,"",PS,Injection site vesicles,,2024Q3,Younger Adults (18–64)
23434733,1,58,YR,F,,"",US,US,WEGOVY,SEMAGLUTIDE,,"",PS,Vomiting,,2024Q1,Younger Adults (18–64)
23434734,4,52,YR,F,,"",US,US,WEGOVY,SEMAGLUTIDE,,"",PS,Injection site vesicles,,2024Q3,Younger Adults (18–64)
23434735,1,60,YR,M,,"",US,US,WEGOVY,SEMAGLUTIDE,,"",PS,Pain,,2024Q1,Younger Adults (18–64)
23434736,1,45,YR,F,,"",US,US,WEGOVY,SEMAGLUTIDE,,"",PS,Breast tenderness,,2024Q1,Younger Adults (18–64)
23434737,1,40,YR,F,,"",US,US,WEGOVY,SEMAGLUTIDE,,"",PS,Vision blurred,,2024Q1,Younger Adults (18–64)
23434739,1,36,YR,F,,"",US,US,WEGOVY,SEMAGLUTIDE,1.7,MG,PS,Product communication issue,,2024Q1,Younger Adults (18–64)
23434740,1,34,YR,M,,"",US,US,WEGOVY,SEMAGLUTIDE,,"",PS,Hyperaesthesia,,2024Q1,Younger Adults (18–64)
23434741,1,27,YR,F,,"",US,US,WEGOVY,SEMAGLUTIDE,,"",PS,Injection site discharge,,2024Q1,Younger Adults (18–64)
23434742,1,60,YR,F,,"",US,US,WEGOVY,SEMAGLUTIDE,,"",PS,Injection site pain,,2024Q1,Younger Adults (18–64)
23434745,1,56,YR,F,,"",US,US,WEGOVY,SEMAGLUTIDE,,"",PS,Abnormal loss of weight,,2024Q1,Younger Adults (18–64)
23434747,2,53,YR,F,,"",US,US,WEGOVY,SEMAGLUTIDE,,"",PS,Drug ineffective,,2024Q3,Younger Adults (18–64)
23434748,1,32,YR,F,,"",US,US,WEGOVY,SEMAGLUTIDE,2.4,MG,PS,Pain of skin,,2024Q1,Younger Adults (18–64)
23434750,1,65,YR,F,,"",US,US,WEGOVY,SEMAGLUTIDE,,"",PS,Dysphonia,,2024Q1,Older Adults (≥65)
23434751,4,49,YR,F,,"",US,US,WEGOVY,SEMAGLUTIDE,,"",PS,Gastrointestinal disorder,,2024Q3,Younger Adults (18–64)
23434754,1,47,YR,F,,"",US,US,WEGOVY,SEMAGLUTIDE,2.4,MG,PS,Blood creatinine increased,,2024Q1,Younger Adults (18–64)
23434756,1,63,YR,F,,"",US,US,WEGOVY,SEMAGLUTIDE,2.4,MG,PS,Vomiting,,2024Q1,Younger Adults (18–64)
23434759,2,65,YR,M,,"",US,US,WEGOVY,SEMAGLUTIDE,,"",PS,Allodynia,,2024Q3,Older Adults (≥65)
23434760,2,34,YR,F,,"",US,US,WEGOVY,SEMAGLUTIDE,,"",PS,Injection site vesicles,,2024Q3,Younger Adults (18–64)
23434763,1,65,YR,F,,"",US,US,WEGOVY,SEMAGLUTIDE,,"",PS,Increased appetite,,2024Q1,Older Adults (≥65)
23434764,3,65,YR,F,,"",US,US,WEGOVY,SEMAGLUTIDE,,"",PS,Incorrect dose administered by device,,2024Q3,Older Adults (≥65)
23434765,1,59,YR,F,,"",US,US,WEGOVY,SEMAGLUTIDE,,"",PS,Feeling abnormal,,2024Q1,Younger Adults (18–64)
23434770,1,41,YR,F,,"",US,US,WEGOVY,SEMAGLUTIDE,1.7,MG,PS,Menstruation irregular,,2024Q1,Younger Adults (18–64)
23434772,1,29,YR,F,,"",US,US,WEGOVY,SEMAGLUTIDE,,"",PS,Increased appetite,,2024Q1,Younger Adults (18–64)
23434773,1,36,YR,F,,"",US,US,WEGOVY,SEMAGLUTIDE,2.4,MG,PS,Cholelithiasis,HO,2024Q1,Younger Adults (18–64)
23434777,2,37,YR,F,,"",US,US,WEGOVY,SEMAGLUTIDE,,"",PS,Oligomenorrhoea,,2024Q3,Younger Adults (18–64)
23434781,1,73,YR,F,,"",US,US,WEGOVY,SEMAGLUTIDE,,"",PS,Product availability issue,,2024Q1,Older Adults (≥65)
23434783,1,65,YR,F,,"",US,US,WEGOVY,SEMAGLUTIDE,1,MG,PS,Off label use,,2024Q1,Older Adults (≥65)
23434792,1,34,YR,F,,"",US,US,WEGOVY,SEMAGLUTIDE,,"",PS,Sensitive skin,,2024Q1,Younger Adults (18–64)
23434793,1,57,YR,M,,"",US,US,WEGOVY,SEMAGLUTIDE,,"",PS,Sensitive skin,,2024Q1,Younger Adults (18–64)
23434794,1,35,YR,F,,"",US,US,WEGOVY,SEMAGLUTIDE,,"",PS,Myalgia,,2024Q1,Younger Adults (18–64)
23434795,1,31,YR,M,,"",US,US,WEGOVY,SEMAGLUTIDE,2.4,MG,PS,Allodynia,,2024Q1,Younger Adults (18–64)
23434796,1,28,YR,F,,"",US,US,WEGOVY,SEMAGLUTIDE,,"",PS,Malaise,,2024Q1,Younger Adults (18–64)
23434797,1,38,YR,M,,"",US,US,WEGOVY,SEMAGLUTIDE,,"",PS,Weight increased,,2024Q1,Younger Adults (18–64)
23434798,1,35,YR,F,,"",US,US,WEGOVY,SEMAGLUTIDE,,"",PS,Dizziness,,2024Q1,Younger Adults (18–64)
23434800,1,51,YR,F,,"",US,US,WEGOVY,SEMAGLUTIDE,,"",PS,Product use in unapproved indication,,2024Q1,Younger Adults (18–64)
23434801,1,42,YR,,,"",US,US,WEGOVY,SEMAGLUTIDE,,"",PS,Abnormal dreams,,2024Q1,Younger Adults (18–64)
23434804,2,53,YR,M,,"",US,US,WEGOVY,SEMAGLUTIDE,2.4,MG,PS,Paraesthesia,,2024Q3,Younger Adults (18–64)
23434808,1,27,YR,F,,"",US,US,WEGOVY,SEMAGLUTIDE,,"",PS,Hyperhidrosis,,2024Q1,Younger Adults (18–64)
23434811,1,53,YR,F,,"",US,US,WEGOVY,SEMAGLUTIDE,1.7,MG,PS,Insomnia,,2024Q1,Younger Adults (18–64)
23434812,1,42,YR,F,,"",US,US,WEGOVY,SEMAGLUTIDE,1,MG,PS,Arthralgia,,2024Q1,Younger Adults (18–64)
23434819,1,52,YR,F,,"",US,US,WEGOVY,SEMAGLUTIDE,,"",PS,Arthralgia,,2024Q1,Younger Adults (18–64)
23434822,1,33,YR,M,,"",US,US,WEGOVY,SEMAGLUTIDE,,"",PS,Accidental exposure to product,,2024Q1,Younger Adults (18–64)
23434823,1,30,YR,F,,"",US,US,WEGOVY,SEMAGLUTIDE,,"",PS,Gastrointestinal disorder,,2024Q1,Younger Adults (18–64)
23434827,2,47,YR,F,,"",US,US,WEGOVY,SEMAGLUTIDE,0.25,MG,PS,Drug dose titration not performed,,2024Q3,Younger Adults (18–64)
23434837,1,63,YR,M,,"",US,US,WEGOVY,SEMAGLUTIDE,1.7,MG,PS,Allodynia,,2024Q1,Younger Adults (18–64)
23434847,1,64,YR,F,,"",US,US,WEGOVY,SEMAGLUTIDE,2.4,MG,PS,Fatigue,,2024Q1,Younger Adults (18–64)
23434848,2,58,YR,F,,"",US,US,WEGOVY,SEMAGLUTIDE,,"",PS,Food craving,,2024Q3,Younger Adults (18–64)
23434853,2,67,YR,F,,"",US,US,WEGOVY,SEMAGLUTIDE,,"",PS,Device failure,,2024Q3,Older Adults (≥65)
23434855,2,62,YR,F,,"",US,US,WEGOVY,SEMAGLUTIDE,,"",PS,Visual impairment,,2024Q3,Younger Adults (18–64)
23434859,2,55,YR,F,,"",US,US,WEGOVY,SEMAGLUTIDE,,"",PS,Diarrhoea,,2024Q3,Younger Adults (18–64)
23434865,2,44,YR,F,,"",US,US,WEGOVY,SEMAGLUTIDE,1.7,MG,PS,Adverse drug reaction,,2024Q3,Younger Adults (18–64)
23434866,2,72,YR,F,,"",US,US,WEGOVY,SEMAGLUTIDE,,"",PS,Corrective lens user,,2024Q3,Older Adults (≥65)
23434873,1,40,YR,F,,"",US,US,WEGOVY,SEMAGLUTIDE,,"",PS,Heavy menstrual bleeding,,2024Q1,Younger Adults (18–64)
23434884,2,58,YR,F,77.098,KG,US,US,WEGOVY,SEMAGLUTIDE,,"",PS,Vomiting,HO,2024Q3,Younger Adults (18–64)
23434888,1,35,YR,F,,"",US,US,WEGOVY,SEMAGLUTIDE,1,MG,PS,Allodynia,,2024Q1,Younger Adults (18–64)
23434889,1,37,YR,F,,"",US,US,WEGOVY,SEMAGLUTIDE,1,MG,PS,Injection site discharge,,2024Q1,Younger Adults (18–64)
23434890,2,56,YR,,102.04,KG,US,US,WEGOVY,SEMAGLUTIDE,,"",PS,Illness,,2024Q1,Younger Adults (18–64)
23434894,1,66,YR,F,,"",US,US,WEGOVY,SEMAGLUTIDE,0.25,MG,PS,Hypoaesthesia oral,,2024Q1,Older Adults (≥65)
23434895,1,41,YR,M,,"",US,US,WEGOVY,SEMAGLUTIDE,1,MG,PS,Vomiting,OT,2024Q1,Younger Adults (18–64)
23434896,1,60,YR,F,,"",US,US,WEGOVY,SEMAGLUTIDE,17,MG,PS,Skin burning sensation,,2024Q1,Younger Adults (18–64)
23434903,1,48,YR,M,,"",US,US,WEGOVY,SEMAGLUTIDE,,"",PS,Pain,,2024Q1,Younger Adults (18–64)
23434904,1,43,YR,F,,"",US,US,WEGOVY,SEMAGLUTIDE,2.4,MG,PS,Product quality issue,,2024Q1,Younger Adults (18–64)
23434910,1,35,YR,F,,"",US,US,WEGOVY,SEMAGLUTIDE,1.7,MG,PS,Allodynia,,2024Q1,Younger Adults (18–64)
23434914,1,61,YR,F,,"",US,US,WEGOVY,SEMAGLUTIDE,,"",PS,Vomiting,,2024Q1,Younger Adults (18–64)
23434915,1,28,YR,F,,"",US,US,WEGOVY,SEMAGLUTIDE,1.7,MG,PS,Urinary tract infection,,2024Q1,Younger Adults (18–64)
23434916,1,53,YR,F,,"",US,US,WEGOVY,SEMAGLUTIDE,,"",PS,Weight loss poor,,2024Q1,Younger Adults (18–64)
23434919,1,57,YR,M,,"",US,US,WEGOVY,SEMAGLUTIDE,,"",PS,Cholelithiasis,OT,2024Q1,Younger Adults (18–64)
23434929,1,45,YR,F,,"",US,US,WEGOVY,SEMAGLUTIDE,1.7,MG,PS,Sunburn,,2024Q1,Younger Adults (18–64)
23434934,1,43,YR,F,,"",US,US,WEGOVY,SEMAGLUTIDE,,"",PS,Rash,,2024Q1,Younger Adults (18–64)
23434941,1,42,YR,F,,"",US,US,WEGOVY,SEMAGLUTIDE,2.4,MG,PS,Muscle atrophy,,2024Q1,Younger Adults (18–64)
23434945,1,57,YR,F,,"",US,US,WEGOVY,SEMAGLUTIDE,1,MG,PS,Allodynia,,2024Q1,Younger Adults (18–64)
23434949,1,38,YR,F,,"",US,US,WEGOVY,SEMAGLUTIDE,,"",PS,Sensitive skin,,2024Q1,Younger Adults (18–64)
23434950,1,51,YR,M,,"",US,US,WEGOVY,SEMAGLUTIDE,,"",PS,Sensitive skin,,2024Q1,Younger Adults (18–64)
23434951,2,51,YR,F,,"",US,US,WEGOVY,SEMAGLUTIDE,,"",PS,Dehydration,,2024Q3,Younger Adults (18–64)
23434952,1,52,YR,F,,"",US,US,WEGOVY,SEMAGLUTIDE,2.4,MG,PS,Burning sensation,,2024Q1,Younger Adults (18–64)
23434956,1,60,YR,F,,"",US,US,WEGOVY,SEMAGLUTIDE,1.7,MG,PS,Rash,,2024Q1,Younger Adults (18–64)
23434958,1,64,YR,F,,"",US,US,WEGOVY,SEMAGLUTIDE,,"",PS,Blood glucose increased,,2024Q1,Younger Adults (18–64)
23434961,1,57,YR,F,,"",US,US,WEGOVY,SEMAGLUTIDE,,"",PS,Drug titration error,,2024Q1,Younger Adults (18–64)
23434963,1,55,YR,F,,"",US,US,WEGOVY,SEMAGLUTIDE,2.4,MG,PS,Paraesthesia,,2024Q1,Younger Adults (18–64)
23434968,1,42,YR,F,,"",US,US,WEGOVY,SEMAGLUTIDE,,"",PS,Hyperaesthesia,,2024Q1,Younger Adults (18–64)
23434969,2,66,YR,F,,"",US,US,WEGOVY,SEMAGLUTIDE,,"",PS,Nausea,,2024Q1,Older Adults (≥65)
23434971,1,84,YR,M,,"",US,US,WEGOVY,SEMAGLUTIDE,0.25,MG,PS,Fatigue,,2024Q1,Older Adults (≥65)
23434972,1,63,YR,F,,"",US,US,WEGOVY,SEMAGLUTIDE,1.7,MG,PS,Allodynia,,2024Q1,Younger Adults (18–64)
23434973,1,54,YR,F,,"",US,US,WEGOVY,SEMAGLUTIDE,,"",PS,Incorrect dose administered by device,,2024Q1,Younger Adults (18–64)
23434974,1,52,YR,F,,"",US,US,WEGOVY,SEMAGLUTIDE,,"",PS,Muscle spasms,,2024Q1,Younger Adults (18–64)
23434979,1,59,YR,F,,"",US,US,WEGOVY,SEMAGLUTIDE,,"",PS,Dysmenorrhoea,,2024Q1,Younger Adults (18–64)
23434980,1,28,YR,F,,"",US,US,WEGOVY,SEMAGLUTIDE,1.7,MG,PS,Allodynia,,2024Q1,Younger Adults (18–64)
23434982,1,29,YR,M,,"",US,US,WEGOVY,SEMAGLUTIDE,0.25,MG,PS,Anxiety,,2024Q1,Younger Adults (18–64)
23434985,1,35,YR,F,,"",US,US,WEGOVY,SEMAGLUTIDE,,"",PS,Hyperaesthesia,,2024Q1,Younger Adults (18–64)
23434987,1,30,YR,F,,"",US,US,WEGOVY,SEMAGLUTIDE,,"",PS,Pancreatitis,HO,2024Q1,Younger Adults (18–64)
23434993,1,36,YR,F,,"",US,US,WEGOVY,SEMAGLUTIDE,,"",PS,Arthralgia,,2024Q1,Younger Adults (18–64)
23434997,1,56,YR,F,,"",US,US,WEGOVY,SEMAGLUTIDE,,"",PS,Allodynia,,2024Q1,Younger Adults (18–64)
23434999,1,45,YR,F,,"",US,US,WEGOVY,SEMAGLUTIDE,,"",PS,Pain of skin,,2024Q1,Younger Adults (18–64)
23435003,1,37,YR,F,,"",US,US,WEGOVY,SEMAGLUTIDE,,"",PS,Fatigue,,2024Q1,Younger Adults (18–64)
23435007,1,34,YR,F,,"",US,US,WEGOVY,SEMAGLUTIDE,,"",PS,Pain of skin,,2024Q1,Younger Adults (18–64)
23435008,1,40,YR,F,,"",US,US,WEGOVY,SEMAGLUTIDE,,"",PS,Allodynia,,2024Q1,Younger Adults (18–64)
23435012,1,74,YR,F,,"",US,US,WEGOVY,SEMAGLUTIDE,2.4,MG,PS,Burning sensation,,2024Q1,Older Adults (≥65)
23435014,1,57,YR,F,,"",US,US,WEGOVY,SEMAGLUTIDE,2.4,MG,PS,Allodynia,,2024Q1,Younger Adults (18–64)
23435021,1,18,YR,F,,"",US,US,WEGOVY,SEMAGLUTIDE,1.7,MG,PS,Sensitive skin,,2024Q1,Younger Adults (18–64)
23435023,1,46,YR,F,,"",US,US,WEGOVY,SEMAGLUTIDE,,"",PS,Paraesthesia,,2024Q1,Younger Adults (18–64)
23435025,1,35,YR,F,,"",US,US,WEGOVY,SEMAGLUTIDE,,"",PS,Skin irritation,,2024Q1,Younger Adults (18–64)
23435036,1,58,YR,F,,"",US,US,WEGOVY,SEMAGLUTIDE,2.4,MG,PS,Allodynia,,2024Q1,Younger Adults (18–64)
23435039,1,25,YR,F,,"",US,US,WEGOVY,SEMAGLUTIDE,,"",PS,Condition aggravated,OT,2024Q1,Younger Adults (18–64)
23435041,1,48,YR,M,,"",US,US,WEGOVY,SEMAGLUTIDE,,"",PS,Hypertension,,2024Q1,Younger Adults (18–64)
23435043,1,63,YR,M,,"",US,US,WEGOVY,SEMAGLUTIDE,1.7,MG,PS,Allodynia,,2024Q1,Younger Adults (18–64)
23435048,1,42,YR,M,,"",US,US,WEGOVY,SEMAGLUTIDE,0.25,MG,PS,Hepatic enzyme increased,,2024Q1,Younger Adults (18–64)
23435049,2,32,YR,M,,"",US,US,WEGOVY,SEMAGLUTIDE,1.7,MG,PS,Paraesthesia,,2024Q3,Younger Adults (18–64)
23435050,1,40,YR,F,,"",US,US,WEGOVY,SEMAGLUTIDE,,"",PS,Injection site pain,,2024Q1,Younger Adults (18–64)
23435051,1,49,YR,F,,"",US,US,WEGOVY,SEMAGLUTIDE,1.7,MG,PS,Increased appetite,,2024Q1,Younger Adults (18–64)
23435052,1,40,YR,F,,"",US,US,WEGOVY,SEMAGLUTIDE,,"",PS,Heart rate increased,,2024Q1,Younger Adults (18–64)
23435053,1,30,YR,F,,"",US,US,WEGOVY,SEMAGLUTIDE,0.25,MG,PS,Anxiety,,2024Q1,Younger Adults (18–64)
23435056,1,42,YR,F,,"",US,US,WEGOVY,SEMAGLUTIDE,,"",PS,Allodynia,,2024Q1,Younger Adults (18–64)
23435062,1,31,YR,F,,"",US,US,WEGOVY,SEMAGLUTIDE,1.7,MG,PS,Impaired gastric emptying,OT,2024Q1,Younger Adults (18–64)
23435064,1,61,YR,F,,"",US,US,WEGOVY,SEMAGLUTIDE,,"",PS,Diarrhoea,,2024Q1,Younger Adults (18–64)
23435065,1,18,YR,M,,"",US,US,WEGOVY,SEMAGLUTIDE,2,MG,PS,Diarrhoea,,2024Q1,Younger Adults (18–64)
23435067,1,43,YR,M,,"",US,US,WEGOVY,SEMAGLUTIDE,2.4,MG,PS,Paraesthesia,,2024Q1,Younger Adults (18–64)
23435068,1,50,YR,F,,"",US,US,WEGOVY,SEMAGLUTIDE,,"",PS,Pain of skin,,2024Q1,Younger Adults (18–64)
23435069,1,42,YR,F,,"",US,US,WEGOVY,SEMAGLUTIDE,,"",PS,Dehydration,OT,2024Q1,Younger Adults (18–64)
23435070,1,42,YR,F,,"",US,US,WEGOVY,SEMAGLUTIDE,0.25,MG,PS,Hepatic enzyme increased,,2024Q1,Younger Adults (18–64)
23435074,1,40,YR,F,,"",US,US,WEGOVY,SEMAGLUTIDE,,"",PS,Alcohol intolerance,,2024Q1,Younger Adults (18–64)
23435075,1,22,YR,F,,"",US,US,WEGOVY,SEMAGLUTIDE,,"",PS,Anxiety,,2024Q1,Younger Adults (18–64)
23435079,1,44,YR,F,,"",US,US,WEGOVY,SEMAGLUTIDE,1.7,MG,PS,Sensitive skin,,2024Q1,Younger Adults (18–64)
23435081,1,49,YR,F,,"",US,US,WEGOVY,SEMAGLUTIDE,,"",PS,Anxiety,,2024Q1,Younger Adults (18–64)
23435083,1,50,YR,F,,"",US,US,WEGOVY,SEMAGLUTIDE,1.7,MG,PS,Oropharyngeal discomfort,,2024Q1,Younger Adults (18–64)
23435086,1,57,YR,M,,"",US,US,WEGOVY,SEMAGLUTIDE,0.5,MG,PS,Thrombosed varicose vein,,2024Q1,Younger Adults (18–64)
23435087,1,42,YR,F,,"",US,US,WEGOVY,SEMAGLUTIDE,,"",PS,Anxiety,,2024Q1,Younger Adults (18–64)
23435089,1,38,YR,F,,"",US,US,WEGOVY,SEMAGLUTIDE,1.7,MG,PS,Rash,,2024Q1,Younger Adults (18–64)
23435090,1,37,YR,F,,"",US,US,WEGOVY,SEMAGLUTIDE,,"",PS,Nervous system disorder,,2024Q1,Younger Adults (18–64)
23435091,1,57,YR,M,,"",US,US,WEGOVY,SEMAGLUTIDE,2.4,MG,PS,Allodynia,,2024Q1,Younger Adults (18–64)
23435093,1,34,YR,F,,"",US,US,WEGOVY,SEMAGLUTIDE,,"",PS,Pain of skin,,2024Q1,Younger Adults (18–64)
23435097,1,51,YR,M,,"",US,US,WEGOVY,SEMAGLUTIDE,,"",PS,Nausea,,2024Q1,Younger Adults (18–64)
23435099,1,46,YR,F,,"",US,US,WEGOVY,SEMAGLUTIDE,,"",PS,Allodynia,,2024Q1,Younger Adults (18–64)
23435101,2,31,YR,M,,"",US,US,WEGOVY,SEMAGLUTIDE,1.7,MG,PS,Allodynia,,2024Q1,Younger Adults (18–64)
23435112,2,48,YR,F,,"",US,US,WEGOVY,SEMAGLUTIDE,1.7,MG,PS,Product use issue,,2024Q3,Younger Adults (18–64)
23435113,1,57,YR,F,,"",US,US,WEGOVY,SEMAGLUTIDE,,"",PS,Diarrhoea,,2024Q1,Younger Adults (18–64)
23435117,2,63,YR,F,,"",US,US,WEGOVY,SEMAGLUTIDE,,"",PS,Weight increased,,2024Q3,Younger Adults (18–64)
23435118,1,42,YR,F,,"",US,US,WEGOVY,SEMAGLUTIDE,,"",PS,Skin sensitisation,,2024Q1,Younger Adults (18–64)
23435120,1,68,YR,M,,"",US,US,WEGOVY,SEMAGLUTIDE,1.7,MG,PS,Fatigue,,2024Q1,Older Adults (≥65)
23435121,1,52,YR,F,,"",US,US,WEGOVY,SEMAGLUTIDE,0.25,MG,PS,Migraine,,2024Q1,Younger Adults (18–64)
23435123,2,41,YR,F,,"",US,US,WEGOVY,SEMAGLUTIDE,1.7,MG,PS,Vomiting,,2024Q1,Younger Adults (18–64)
23435714,2,56,YR,M,,"",US,US,OZEMPIC,SEMAGLUTIDE,,"",PS,Neck mass,,2024Q1,Younger Adults (18–64)
23435718,2,40,YR,F,92.576,KG,US,US,WEGOVY,SEMAGLUTIDE,1.7,MG,PS,Colon cancer metastatic,OT,2024Q1,Younger Adults (18–64)
23435723,3,23,YR,F,,"",US,US,OZEMPIC,SEMAGLUTIDE,,"",PS,Off label use,HO,2024Q4,Younger Adults (18–64)
23437062,1,78,YR,F,,"",US,,OZEMPIC,SEMAGLUTIDE,,"",PS,Fatigue,DE,2024Q1,Older Adults (≥65)
23437355,1,56,YR,F,92.25,KG,US,,WEGOVY,SEMAGLUTIDE,,"",PS,Tonsillolith,,2024Q1,Younger Adults (18–64)
23437463,1,48,YR,F,77.4,KG,US,,WEGOVY,SEMAGLUTIDE,,"",PS,Nervousness,OT,2024Q1,Younger Adults (18–64)
23437679,1,49,YR,F,,"",US,,CYANOCOBALAMIN\SEMAGLUTIDE,CYANOCOBALAMIN\SEMAGLUTIDE,0.05,ML,PS,Incorrect dose administered,,2024Q1,Younger Adults (18–64)
23438875,1,73,YR,F,,"",US,,CYANOCOBALAMIN\SEMAGLUTIDE,CYANOCOBALAMIN\SEMAGLUTIDE,0.05,ML,PS,Extra dose administered,,2024Q1,Older Adults (≥65)
23440758,1,55,YR,M,,"",US,US,OZEMPIC,SEMAGLUTIDE,0.5,MG,PS,Hospitalisation,HO,2024Q1,Younger Adults (18–64)
23440759,1,75,YR,M,,"",US,US,OZEMPIC,SEMAGLUTIDE,,"",PS,Vertigo,HO,2024Q1,Older Adults (≥65)
23440761,1,68,YR,F,,"",US,US,OZEMPIC,SEMAGLUTIDE,,"",PS,Cataract operation,HO,2024Q1,Older Adults (≥65)
23440762,1,58,YR,F,,"",US,US,WEGOVY,SEMAGLUTIDE,,"",PS,Retinal detachment,OT,2024Q1,Younger Adults (18–64)
23440765,1,70,YR,F,,"",US,US,OZEMPIC,SEMAGLUTIDE,0.5,MG,PS,Asthenia,HO,2024Q1,Older Adults (≥65)
23442951,1,56,YR,F,67.5,KG,US,,OZEMPIC,SEMAGLUTIDE,,"",PS,Blood glucose increased,,2024Q1,Younger Adults (18–64)
23444376,1,45,YR,F,135,KG,US,,OZEMPIC,SEMAGLUTIDE,1,MG,PS,Drug ineffective,,2024Q1,Younger Adults (18–64)
23444581,1,60,YR,M,,"",US,US,WEGOVY,SEMAGLUTIDE,,"",PS,Hospitalisation,HO,2024Q1,Younger Adults (18–64)
23444583,1,70,YR,F,,"",US,US,OZEMPIC,SEMAGLUTIDE,,"",PS,Sleeve gastrectomy,OT,2024Q1,Older Adults (≥65)
23446953,1,38,YR,F,83.25,KG,US,,SEMAGLUTIDE,SEMAGLUTIDE,,"",PS,Product measured potency issue,,2024Q1,Younger Adults (18–64)
23447010,1,65,YR,F,97.65,KG,US,,RYBELSUS,SEMAGLUTIDE,,"",PS,Condition aggravated,OT,2024Q1,Older Adults (≥65)
23447508,1,51,YR,M,,"",US,US,OZEMPIC,SEMAGLUTIDE,,"",PS,Biliary colic,OT,2024Q1,Younger Adults (18–64)
23447526,1,75,YR,F,,"",US,US,OZEMPIC,SEMAGLUTIDE,0.25,MG,PS,Precancerous condition,OT,2024Q1,Older Adults (≥65)
23447527,1,64,YR,F,,"",US,US,OZEMPIC,SEMAGLUTIDE,0.25,MG,PS,Influenza like illness,OT,2024Q1,Younger Adults (18–64)
23447528,1,82,YR,F,,"",US,US,OZEMPIC,SEMAGLUTIDE,,"",PS,Diarrhoea,HO,2024Q1,Older Adults (≥65)
23447665,2,52,YR,F,,"",US,US,WEGOVY,SEMAGLUTIDE,0.5,MG,PS,Dehydration,HO,2024Q4,Younger Adults (18–64)
23447688,1,69,YR,F,,"",US,US,OZEMPIC,SEMAGLUTIDE,,"",PS,Vitamin B1 deficiency,HO,2024Q1,Older Adults (≥65)
23447690,2,76,YR,F,,"",US,US,OZEMPIC,SEMAGLUTIDE,2,MG,PS,Memory impairment,OT,2024Q2,Older Adults (≥65)
23447740,2,40,YR,M,158.73,KG,US,US,WEGOVY,SEMAGLUTIDE,,"",PS,Condition aggravated,HO,2024Q1,Younger Adults (18–64)
23447742,1,68,YR,F,,"",US,US,OZEMPIC,SEMAGLUTIDE,0.25,MG,PS,Pain in jaw,HO,2024Q1,Older Adults (≥65)
23449590,1,50,YR,F,,"",US,US,OZEMPIC,SEMAGLUTIDE,,"",PS,Intestinal resection,HO,2024Q1,Younger Adults (18–64)
23449593,2,68,YR,F,,"",US,US,OZEMPIC,SEMAGLUTIDE,0.25,MG,PS,Oropharyngeal pain,HO,2024Q1,Older Adults (≥65)
23450854,1,56,YR,F,69.75,KG,US,,OZEMPIC,SEMAGLUTIDE,,"",PS,Alopecia,,2024Q1,Younger Adults (18–64)
23450857,1,42,YR,M,101.25,KG,US,,OZEMPIC,SEMAGLUTIDE,,"",PS,Self-injurious ideation,LT,2024Q1,Younger Adults (18–64)
23451932,1,50,YR,F,86.85,KG,US,,OZEMPIC,SEMAGLUTIDE,,"",PS,Palpitations,DS,2024Q1,Younger Adults (18–64)
23452419,1,47,YR,F,,"",US,,SEMAGLUTIDE,SEMAGLUTIDE,,"",PS,Colitis,OT,2024Q1,Younger Adults (18–64)
23452773,1,47,YR,M,88.42,KG,US,,SEMAGLUTIDE,SEMAGLUTIDE,0.25,MG,PS,Drug hypersensitivity,OT,2024Q1,Younger Adults (18–64)
23453291,1,49,YR,F,,"",US,US,OZEMPIC,SEMAGLUTIDE,0.25,MG,PS,Surgery,HO,2024Q1,Younger Adults (18–64)
23453295,1,74,YR,F,,"",US,US,OZEMPIC,SEMAGLUTIDE,,"",PS,Diabetes mellitus inadequate control,OT,2024Q1,Older Adults (≥65)
23453300,1,60,YR,,,"",US,US,OZEMPIC,SEMAGLUTIDE,,"",PS,Varicose vein,OT,2024Q1,Younger Adults (18–64)
23454274,1,28,YR,M,,"",US,US,WEGOVY,SEMAGLUTIDE,2.4,MG,PS,Musculoskeletal stiffness,OT,2024Q1,Younger Adults (18–64)
23455907,1,29,YR,F,77.85,KG,US,,CYANOCOBALAMIN\SEMAGLUTIDE,CYANOCOBALAMIN\SEMAGLUTIDE,,"",PS,Migraine,HO,2024Q1,Younger Adults (18–64)
23455910,1,44,YR,F,60.75,KG,US,,OZEMPIC,SEMAGLUTIDE,,"",PS,Depression,RI,2024Q1,Younger Adults (18–64)
23459382,2,68,YR,F,,"",US,US,OZEMPIC,SEMAGLUTIDE,0.5,MG,PS,Influenza,HO,2024Q1,Older Adults (≥65)
23459392,2,77,YR,F,76.644,KG,US,US,OZEMPIC,SEMAGLUTIDE,,"",PS,Pruritus,OT,2024Q1,Older Adults (≥65)
23459400,3,41,YR,F,,"",US,US,OZEMPIC,SEMAGLUTIDE,1,MG,PS,Metastases to lymph nodes,OT,2024Q1,Younger Adults (18–64)
23459403,3,79,YR,F,,"",US,US,OZEMPIC,SEMAGLUTIDE,1,MG,PS,Vision blurred,OT,2024Q3,Older Adults (≥65)
23459410,2,76,YR,F,,"",US,US,OZEMPIC,SEMAGLUTIDE,0.25,MG,PS,Nephrolithiasis,OT,2024Q1,Older Adults (≥65)
23462124,1,25,YR,F,54,KG,US,,SEMAGLUTIDE,SEMAGLUTIDE,,"",PS,Pityriasis rosea,OT,2024Q1,Younger Adults (18–64)
23465793,1,51,YR,F,,"",US,,CYANOCOBALAMIN\SEMAGLUTIDE,CYANOCOBALAMIN\SEMAGLUTIDE,0.05,ML,PS,Incorrect dose administered,,2024Q1,Younger Adults (18–64)
23466428,1,66,YR,F,,"",US,,OZEMPIC,SEMAGLUTIDE,,"",PS,Injection site mass,RI,2024Q1,Older Adults (≥65)
23466493,1,56,YR,F,,"",US,,WEGOVY,SEMAGLUTIDE,,"",PS,Drug dispensed to wrong patient,OT,2024Q1,Younger Adults (18–64)
23467764,1,43,YR,F,133,KG,US,US,OZEMPIC,SEMAGLUTIDE,,"",PS,Illness,OT,2024Q1,Younger Adults (18–64)
23468544,1,58,YR,F,,"",US,,OZEMPIC,SEMAGLUTIDE,,"",PS,Blood cholesterol increased,,2024Q1,Younger Adults (18–64)
23468707,1,48,YR,F,111.15,KG,US,,OZEMPIC,SEMAGLUTIDE,,"",PS,Agoraphobia,LT,2024Q1,Younger Adults (18–64)
23468708,1,59,YR,M,121.5,KG,US,,OZEMPIC,SEMAGLUTIDE,,"",PS,Hypoglycaemia,,2024Q1,Younger Adults (18–64)
23468716,1,71,YR,F,85.5,KG,US,,OZEMPIC,SEMAGLUTIDE,,"",PS,Brain fog,DS,2024Q1,Older Adults (≥65)
23468717,1,67,YR,F,98.1,KG,US,,OZEMPIC,SEMAGLUTIDE,,"",PS,Irritability,,2024Q1,Older Adults (≥65)
23468967,1,64,YR,F,94.95,KG,US,,RYBELSUS,SEMAGLUTIDE,,"",PS,Diarrhoea haemorrhagic,OT,2024Q1,Younger Adults (18–64)
23469127,1,75,YR,M,169,KG,US,,SEMAGLUTIDE,SEMAGLUTIDE,0.5,MG,PS,Dysgeusia,OT,2024Q1,Older Adults (≥65)
23469132,1,45,YR,F,,"",US,,CYANOCOBALAMIN\SEMAGLUTIDE,CYANOCOBALAMIN\SEMAGLUTIDE,0.05,ML,PS,Incorrect dose administered,,2024Q1,Younger Adults (18–64)
23469133,1,42,YR,M,,"",US,,CYANOCOBALAMIN\SEMAGLUTIDE,CYANOCOBALAMIN\SEMAGLUTIDE,0.05,ML,PS,Product administration error,,2024Q1,Younger Adults (18–64)
23469138,1,56,YR,F,67.5,KG,US,,RYBELSUS,SEMAGLUTIDE,,"",PS,Tinnitus,,2024Q1,Younger Adults (18–64)
23470066,2,67,YR,M,,"",US,US,RYBELSUS,SEMAGLUTIDE,,"",PS,Product use in unapproved indication,OT,2024Q2,Older Adults (≥65)
23470129,1,69,YR,F,,"",US,US,OZEMPIC,SEMAGLUTIDE,1,MG,PS,Nausea,OT,2024Q1,Older Adults (≥65)
23470130,1,74,YR,F,,"",US,US,OZEMPIC,SEMAGLUTIDE,0.25,MG,PS,Surgery,OT,2024Q1,Older Adults (≥65)
23470133,1,70,YR,F,,"",US,US,OZEMPIC,SEMAGLUTIDE,,"",PS,Constipation,OT,2024Q1,Older Adults (≥65)
23470136,1,66,YR,M,,"",US,US,OZEMPIC,SEMAGLUTIDE,0.5,MG,PS,Nausea,OT,2024Q1,Older Adults (≥65)
23470142,1,72,YR,F,174,KG,US,US,OZEMPIC,SEMAGLUTIDE,,"",PS,Cataract,OT,2024Q1,Older Adults (≥65)
23479452,5,75,YR,F,,"",US,US,OZEMPIC,SEMAGLUTIDE,0.5,MG,PS,Memory impairment,DS,2024Q1,Older Adults (≥65)
23479453,2,47,YR,F,,"",US,US,OZEMPIC,SEMAGLUTIDE,,"",PS,Thyroid neoplasm,,2024Q1,Younger Adults (18–64)
23479454,1,46,YR,M,,"",US,US,OZEMPIC,SEMAGLUTIDE,,"",PS,Tremor,OT,2024Q1,Younger Adults (18–64)
23479461,1,56,YR,F,,"",US,US,WEGOVY,SEMAGLUTIDE,,"",PS,Tendon injury,OT,2024Q1,Younger Adults (18–64)
23479474,1,60,YR,F,,"",US,US,OZEMPIC,SEMAGLUTIDE,,"",PS,Hemiparesis,HO,2024Q1,Younger Adults (18–64)
23479477,2,79,YR,F,,"",US,US,OZEMPIC,SEMAGLUTIDE,,"",PS,Cerebral haemorrhage,HO,2024Q2,Older Adults (≥65)
23479482,2,76,YR,F,,"",US,US,OZEMPIC,SEMAGLUTIDE,,"",PS,Vomiting,HO,2024Q1,Older Adults (≥65)
23481650,1,56,YR,F,72,KG,US,,WEGOVY,SEMAGLUTIDE,0.25,MG,PS,Face injury,OT,2024Q1,Younger Adults (18–64)
23482957,1,37,YR,F,80.1,KG,US,,WEGOVY,SEMAGLUTIDE,,"",PS,Vomiting,OT,2024Q1,Younger Adults (18–64)
23484424,2,65,YR,F,,"",US,US,WEGOVY,SEMAGLUTIDE,,"",PS,Weight loss poor,OT,2024Q1,Older Adults (≥65)
23484433,1,74,YR,F,,"",US,US,OZEMPIC,SEMAGLUTIDE,,"",PS,Cataract operation,OT,2024Q1,Older Adults (≥65)
23484449,2,60,YR,F,81,KG,US,US,OZEMPIC,SEMAGLUTIDE,0.5,MG,PS,Ileus,HO,2024Q4,Younger Adults (18–64)
23484450,1,26,YR,F,,"",US,US,WEGOVY,SEMAGLUTIDE,1,MG,PS,Abdominal pain,HO,2024Q1,Younger Adults (18–64)
23484452,2,72,YR,F,,"",US,US,OZEMPIC,SEMAGLUTIDE,,"",PS,Dehydration,OT,2024Q1,Older Adults (≥65)
23486894,1,74,YR,,152.6,LBS,US,,RYBELSUS,SEMAGLUTIDE,,"",PS,Condition aggravated,DS,2024Q1,Older Adults (≥65)
23487332,1,64,YR,F,,"",US,,OZEMPIC,SEMAGLUTIDE,,"",PS,Completed suicide,DE,2024Q1,Younger Adults (18–64)
23487589,1,48,YR,F,107.1,KG,US,,SEMAGLUTIDE,SEMAGLUTIDE,3,ML,PS,Pancreatitis,RI,2024Q1,Younger Adults (18–64)
23487682,1,47,YR,M,103.5,KG,US,,WEGOVY,SEMAGLUTIDE,,"",PS,Alopecia,OT,2024Q1,Younger Adults (18–64)
23487865,1,23,YR,F,148.5,KG,US,,WEGOVY,SEMAGLUTIDE,,"",PS,Confusional state,DS,2024Q1,Younger Adults (18–64)
23491500,2,71,YR,F,,"",US,US,OZEMPIC,SEMAGLUTIDE,,"",PS,Condition aggravated,OT,2024Q1,Older Adults (≥65)
23491504,1,57,YR,M,,"",US,US,OZEMPIC,SEMAGLUTIDE,0.25,MG,PS,Haematochezia,OT,2024Q1,Younger Adults (18–64)
23494501,1,38,YR,F,120.6,KG,US,,OZEMPIC,SEMAGLUTIDE,,"",PS,Constipation,OT,2024Q1,Younger Adults (18–64)
23494546,1,33,YR,F,87.75,KG,US,,OZEMPIC,SEMAGLUTIDE,,"",PS,Pregnancy on oral contraceptive,OT,2024Q1,Younger Adults (18–64)
23494609,1,69,YR,F,67.5,KG,US,,RYBELSUS,SEMAGLUTIDE,,"",PS,Pain in extremity,DS,2024Q1,Older Adults (≥65)
23497599,1,70,YR,M,,"",US,,OZEMPIC,SEMAGLUTIDE,0.25,MG,PS,Mood swings,OT,2024Q1,Older Adults (≥65)
23499526,1,76,YR,F,,"",US,,OZEMPIC,SEMAGLUTIDE,,"",PS,Emergency care,,2024Q1,Older Adults (≥65)
23500143,1,47,YR,F,,"",US,,CYANOCOBALAMIN\SEMAGLUTIDE,CYANOCOBALAMIN\SEMAGLUTIDE,0.05,ML,PS,Product communication issue,,2024Q1,Younger Adults (18–64)
23503961,1,77,YR,M,,"",US,US,OZEMPIC,SEMAGLUTIDE,0.5,MG,PS,Abdominal pain upper,OT,2024Q1,Older Adults (≥65)
23503973,2,61,YR,M,,"",US,US,OZEMPIC,SEMAGLUTIDE,0.5,MG,PS,Cerebrovascular accident,HO,2024Q3,Younger Adults (18–64)
23503981,2,60,YR,F,108.39,KG,US,US,RYBELSUS,SEMAGLUTIDE,14,MG,PS,Ulcer,HO,2024Q2,Younger Adults (18–64)
23503982,1,61,YR,F,,"",US,US,OZEMPIC,SEMAGLUTIDE,,"",PS,Suicidal ideation,OT,2024Q1,Younger Adults (18–64)
23503986,1,57,YR,F,,"",US,US,OZEMPIC,SEMAGLUTIDE,,"",PS,Sinusitis,HO,2024Q1,Younger Adults (18–64)
23504011,1,48,YR,F,65.25,KG,US,,SEMAGLUTIDE,SEMAGLUTIDE,,"",PS,Suicidal ideation,LT,2024Q1,Younger Adults (18–64)
23505916,1,65,YR,M,115,KG,US,,OZEMPIC,SEMAGLUTIDE,,"",PS,Medullary thyroid cancer,LT,2024Q1,Older Adults (≥65)
23505917,1,65,YR,M,97.5,KG,US,,OZEMPIC,SEMAGLUTIDE,0.25,MG,PS,Cholangitis acute,HO,2024Q1,Older Adults (≥65)
23505967,1,44,YR,F,72.9,KG,US,,WEGOVY,SEMAGLUTIDE,,"",PS,Dermatitis allergic,,2024Q1,Younger Adults (18–64)
23505968,1,45,YR,F,126.9,KG,US,,WEGOVY,SEMAGLUTIDE,,"",PS,Gastrooesophageal reflux disease,RI,2024Q1,Younger Adults (18–64)
23507361,1,61,YR,F,69.75,KG,US,,OZEMPIC,SEMAGLUTIDE,,"",PS,Alopecia,OT,2024Q1,Younger Adults (18–64)
23509229,1,32,YR,M,,"",US,,SEMAGLUTIDE,SEMAGLUTIDE,,"",PS,Unresponsive to stimuli,DE,2024Q1,Younger Adults (18–64)
23511330,1,49,YR,F,,"",US,US,WEGOVY,SEMAGLUTIDE,2.4,MG,PS,Intestinal obstruction,OT,2024Q1,Younger Adults (18–64)
23511338,1,70,YR,F,,"",US,US,OZEMPIC,SEMAGLUTIDE,1,MG,PS,Polyp,OT,2024Q1,Older Adults (≥65)
23512675,1,50,YR,F,83.7,KG,US,,SEMAGLUTIDE,SEMAGLUTIDE,20,IU,PS,Product formulation issue,RI,2024Q1,Younger Adults (18–64)
23512862,1,43,YR,F,95.13,KG,US,,OZEMPIC,SEMAGLUTIDE,0.5,MG,PS,Therapy change,HO,2024Q1,Younger Adults (18–64)
23513238,1,49,YR,F,86.4,KG,US,,OZEMPIC,SEMAGLUTIDE,,"",PS,Apathy,,2024Q1,Younger Adults (18–64)
23513239,1,52,YR,F,72.9,KG,US,,OZEMPIC,SEMAGLUTIDE,,"",PS,Depression,RI,2024Q1,Younger Adults (18–64)
23515488,2,69,YR,M,,"",US,US,OZEMPIC,SEMAGLUTIDE,,"",PS,Hiccups,OT,2024Q1,Older Adults (≥65)
23515499,1,67,YR,F,,"",US,US,OZEMPIC,SEMAGLUTIDE,1,MG,PS,Abdominal pain upper,OT,2024Q1,Older Adults (≥65)
23515505,1,23,YR,M,,"",US,US,WEGOVY,SEMAGLUTIDE,,"",PS,Vomiting,DE,2024Q1,Younger Adults (18–64)
23515518,1,64,YR,F,,"",US,US,WEGOVY,SEMAGLUTIDE,1.7,MG,PS,Surgery,OT,2024Q1,Younger Adults (18–64)
23517253,1,60,YR,F,64.1,KG,US,,SEMAGLUTIDE,SEMAGLUTIDE,2,MG,PS,Splenic rupture,LT,2024Q1,Younger Adults (18–64)
23517847,1,54,YR,M,97.98,KG,US,,WEGOVY,SEMAGLUTIDE,0.5,MG,PS,Injection site pain,,2024Q1,Younger Adults (18–64)
23518249,1,50,YR,M,135,KG,US,,OZEMPIC,SEMAGLUTIDE,,"",PS,Thrombosis,LT,2024Q1,Younger Adults (18–64)
23518300,1,79,YR,F,56.25,KG,US,,OZEMPIC,SEMAGLUTIDE,,"",PS,Diverticulitis,LT,2024Q1,Older Adults (≥65)
23520337,3,51,YR,F,127.45,KG,US,US,OZEMPIC,SEMAGLUTIDE,,"",PS,Inappropriate schedule of product administration,HO,2024Q4,Younger Adults (18–64)
23520343,1,80,YR,F,,"",US,US,OZEMPIC,SEMAGLUTIDE,0.25,MG,PS,Chronic kidney disease,OT,2024Q1,Older Adults (≥65)
23520372,1,50,YR,F,,"",US,US,OZEMPIC,SEMAGLUTIDE,1,MG,PS,Diabetic ketoacidosis,HO,2024Q1,Younger Adults (18–64)
23520375,1,52,YR,F,,"",US,US,OZEMPIC,SEMAGLUTIDE,0.25,MG,PS,Diarrhoea,HO,2024Q1,Younger Adults (18–64)
23521934,1,62,YR,F,83.7,KG,US,,WEGOVY,SEMAGLUTIDE,,"",PS,Product substitution issue,OT,2024Q1,Younger Adults (18–64)
23523489,1,76,YR,F,90,KG,US,,OZEMPIC,SEMAGLUTIDE,,"",PS,Constipation,HO,2024Q1,Older Adults (≥65)
23524972,1,79,YR,M,,"",US,US,OZEMPIC,SEMAGLUTIDE,0.5,MG,PS,Parkinson's disease,OT,2024Q1,Older Adults (≥65)
23524995,3,71,YR,M,,"",US,US,OZEMPIC,SEMAGLUTIDE,0.25,MG,PS,Pancreatitis,HO,2024Q2,Older Adults (≥65)
23524996,2,64,YR,F,79.8,KG,US,US,OZEMPIC,SEMAGLUTIDE,2,MG,PS,Muscle spasms,HO,2024Q1,Younger Adults (18–64)
23524998,2,69,YR,M,,"",US,US,OZEMPIC,SEMAGLUTIDE,,"",PS,Intestinal obstruction,HO,2024Q2,Older Adults (≥65)
23525000,2,72,YR,F,108.84,KG,US,US,OZEMPIC,SEMAGLUTIDE,0.25,MG,PS,Gait disturbance,OT,2024Q1,Older Adults (≥65)
23525001,1,76,YR,F,,"",US,US,OZEMPIC,SEMAGLUTIDE,,"",PS,Gallbladder disorder,OT,2024Q1,Older Adults (≥65)
23526281,1,33,YR,F,77.85,KG,US,,CYANOCOBALAMIN\SEMAGLUTIDE,CYANOCOBALAMIN\SEMAGLUTIDE,,"",PS,Diarrhoea,HO,2024Q1,Younger Adults (18–64)
23526400,1,60,YR,F,,"",US,,SEMAGLUTIDE,SEMAGLUTIDE,,"",PS,Blindness unilateral,DS,2024Q1,Younger Adults (18–64)
23526540,1,25,YR,F,89.55,KG,US,,OZEMPIC,SEMAGLUTIDE,,"",PS,Allodynia,,2024Q1,Younger Adults (18–64)
23526595,1,54,YR,F,80.9,KG,US,,RYBELSUS,SEMAGLUTIDE,14,MG,PS,Idiopathic pancreatitis,HO,2024Q1,Younger Adults (18–64)
23526610,1,56,YR,F,,"",US,,SEMAGLUTIDE,SEMAGLUTIDE,,"",PS,Blindness unilateral,DS,2024Q1,Younger Adults (18–64)
23526612,1,80,YR,F,,"",US,,SEMAGLUTIDE,SEMAGLUTIDE,,"",PS,Optic ischaemic neuropathy,DS,2024Q1,Older Adults (≥65)
23527180,1,59,YR,F,,"",US,,CYANOCOBALAMIN\SEMAGLUTIDE,CYANOCOBALAMIN\SEMAGLUTIDE,0.05,MG,PS,Incorrect dose administered,,2024Q1,Younger Adults (18–64)
23527187,1,51,YR,F,,"",US,,CYANOCOBALAMIN\SEMAGLUTIDE,CYANOCOBALAMIN\SEMAGLUTIDE,0.5,MG,PS,Vomiting,,2024Q1,Younger Adults (18–64)
23527810,1,61,YR,F,,"",US,,CYANOCOBALAMIN\SEMAGLUTIDE,CYANOCOBALAMIN\SEMAGLUTIDE,0.05,ML,PS,Paraesthesia,,2024Q1,Younger Adults (18–64)
23527827,1,61,YR,F,,"",US,,CYANOCOBALAMIN\SEMAGLUTIDE,CYANOCOBALAMIN\SEMAGLUTIDE,0.5,MG,PS,Pruritus,,2024Q1,Younger Adults (18–64)
23529518,1,48,YR,F,,"",US,US,OZEMPIC,SEMAGLUTIDE,2,MG,PS,Nephrolithiasis,HO,2024Q1,Younger Adults (18–64)
23529526,1,70,YR,F,,"",US,US,OZEMPIC,SEMAGLUTIDE,,"",PS,Pollakiuria,OT,2024Q1,Older Adults (≥65)
23529533,4,71,YR,F,67.574,KG,US,US,OZEMPIC,SEMAGLUTIDE,,"",PS,Glycosylated haemoglobin decreased,LT,2024Q2,Older Adults (≥65)
23529539,1,80,YR,F,,"",US,US,OZEMPIC,SEMAGLUTIDE,0.25,MG,PS,Diarrhoea,HO,2024Q1,Older Adults (≥65)
23531731,1,43,YR,F,99.45,KG,US,,WEGOVY,SEMAGLUTIDE,,"",PS,Pain of skin,,2024Q1,Younger Adults (18–64)
23531749,1,31,YR,F,98.55,KG,US,,OZEMPIC,SEMAGLUTIDE,,"",PS,Feeling cold,,2024Q1,Younger Adults (18–64)
23533135,1,58,YR,F,108,KG,US,,OZEMPIC,SEMAGLUTIDE,,"",PS,Renal disorder,HO,2024Q1,Younger Adults (18–64)
23536211,1,65,YR,M,,"",US,US,OZEMPIC,SEMAGLUTIDE,0.5,MG,PS,Coronary artery occlusion,OT,2024Q1,Older Adults (≥65)
23536213,1,51,YR,F,,"",US,US,OZEMPIC,SEMAGLUTIDE,,"",PS,Muscle rupture,OT,2024Q1,Younger Adults (18–64)
23536221,1,67,YR,F,,"",US,US,OZEMPIC,SEMAGLUTIDE,,"",PS,Alopecia,OT,2024Q1,Older Adults (≥65)
23536270,1,23,YR,F,,"",US,US,OZEMPIC,SEMAGLUTIDE,2,MG,PS,Pulmonary embolism,OT,2024Q1,Younger Adults (18–64)
23536272,1,65,YR,,,"",US,US,OZEMPIC,SEMAGLUTIDE,,"",PS,Blood glucose increased,OT,2024Q1,Older Adults (≥65)
23536274,1,68,YR,F,,"",US,US,OZEMPIC,SEMAGLUTIDE,,"",PS,Coronary arterial stent insertion,HO,2024Q1,Older Adults (≥65)
23536275,1,59,YR,M,167,KG,US,US,OZEMPIC,SEMAGLUTIDE,1,MG,PS,Anaemia,OT,2024Q1,Younger Adults (18–64)
23542055,1,70,YR,M,,"",US,US,OZEMPIC,SEMAGLUTIDE,,"",PS,Intestinal obstruction,OT,2024Q1,Older Adults (≥65)
23542061,2,67,YR,F,,"",US,US,OZEMPIC,SEMAGLUTIDE,0.25,MG,PS,Ileus,HO,2024Q4,Older Adults (≥65)
23542063,2,66,YR,F,73.923,KG,US,US,RYBELSUS,SEMAGLUTIDE,3,MG,PS,Hyperthyroidism,OT,2024Q2,Older Adults (≥65)
23542067,1,54,YR,F,,"",US,US,OZEMPIC,SEMAGLUTIDE,,"",PS,Intestinal obstruction,OT,2024Q1,Younger Adults (18–64)
23542086,1,51,YR,M,,"",US,US,OZEMPIC,SEMAGLUTIDE,,"",PS,Cardiac failure congestive,HO,2024Q1,Younger Adults (18–64)
23544010,1,29,YR,F,69.75,KG,US,,WEGOVY,SEMAGLUTIDE,,"",PS,Piriformis syndrome,OT,2024Q1,Younger Adults (18–64)
23544013,1,29,YR,F,69.75,KG,US,,WEGOVY,SEMAGLUTIDE,2.4,MG,PS,Back pain,OT,2024Q1,Younger Adults (18–64)
23544070,2,77,YR,F,,"",US,US,OZEMPIC,SEMAGLUTIDE,,"",PS,Abdominal discomfort,HO,2024Q1,Older Adults (≥65)
23544172,1,51,YR,F,133.65,KG,US,,OZEMPIC,SEMAGLUTIDE,,"",PS,Cholelithiasis,DS,2024Q1,Younger Adults (18–64)
23544176,1,63,YR,F,77.11,KG,US,,OZEMPIC,SEMAGLUTIDE,0.5,ML,PS,Abdominal discomfort,HO,2024Q1,Younger Adults (18–64)
23544449,1,53,YR,M,76.5,KG,US,,WEGOVY,SEMAGLUTIDE,,"",PS,Injection site pain,RI,2024Q1,Younger Adults (18–64)
23544480,1,49,YR,F,90,KG,US,,OZEMPIC,SEMAGLUTIDE,,"",PS,Paraesthesia,,2024Q1,Younger Adults (18–64)
23545153,1,47,YR,F,83.25,KG,US,,OZEMPIC,SEMAGLUTIDE,,"",PS,Stress,OT,2024Q1,Younger Adults (18–64)
23545154,1,53,YR,M,82.35,KG,US,,OZEMPIC,SEMAGLUTIDE,,"",PS,Nausea,OT,2024Q1,Younger Adults (18–64)
23545658,1,61,YR,F,94.5,KG,US,,SEMAGLUTIDE,SEMAGLUTIDE,,"",PS,Nausea,,2024Q1,Younger Adults (18–64)
23545731,1,58,YR,F,81,KG,US,,SEMAGLUTIDE,SEMAGLUTIDE,,"",PS,Diarrhoea,OT,2024Q1,Younger Adults (18–64)
23546890,1,68,YR,F,,"",US,US,RYBELSUS,SEMAGLUTIDE,7,MG,PS,Atrial fibrillation,HO,2024Q1,Older Adults (≥65)
23546894,1,65,YR,M,,"",US,US,RYBELSUS,SEMAGLUTIDE,7,MG,PS,Blood glucose decreased,HO,2024Q1,Older Adults (≥65)
23546895,1,73,YR,F,,"",US,US,OZEMPIC,SEMAGLUTIDE,0.25,MG,PS,COVID-19,OT,2024Q1,Older Adults (≥65)
23546898,1,60,YR,M,,"",US,US,OZEMPIC,SEMAGLUTIDE,0.5,MG,PS,Renal injury,OT,2024Q1,Younger Adults (18–64)
23546899,2,65,YR,M,,"",US,US,RYBELSUS,SEMAGLUTIDE,7,MG,PS,Diabetic ketoacidosis,HO,2024Q1,Older Adults (≥65)
23546908,1,40,YR,M,77.098,KG,US,US,RYBELSUS,SEMAGLUTIDE,3,MG,PS,Sepsis,HO,2024Q1,Younger Adults (18–64)
23546914,2,48,YR,M,132.88,KG,US,US,OZEMPIC,SEMAGLUTIDE,,"",PS,Loss of consciousness,HO,2024Q2,Younger Adults (18–64)
23546915,2,57,YR,F,,"",US,US,OZEMPIC,SEMAGLUTIDE,1,MG,PS,Osteoarthritis,HO,2024Q1,Younger Adults (18–64)
23546918,1,80,YR,M,,"",US,US,OZEMPIC,SEMAGLUTIDE,,"",PS,Suicidal ideation,OT,2024Q1,Older Adults (≥65)
23548190,1,69,YR,F,113.4,KG,US,,SEMAGLUTIDE,SEMAGLUTIDE,,"",PS,Product supply issue,,2024Q1,Older Adults (≥65)
23549845,1,62,YR,F,90,KG,US,,OZEMPIC,SEMAGLUTIDE,,"",PS,Pancreatitis,HO,2024Q1,Younger Adults (18–64)
23549847,1,47,YR,F,91.35,KG,US,,OZEMPIC,SEMAGLUTIDE,,"",PS,Depression,OT,2024Q1,Younger Adults (18–64)
23550326,2,59,YR,F,,"",US,US,OZEMPIC,SEMAGLUTIDE,,"",PS,Mental disorder,DS,2024Q1,Younger Adults (18–64)
23551338,2,36,YR,F,101.59,KG,US,US,WEGOVY,SEMAGLUTIDE,2.4,MG,PS,Anaphylactoid reaction,OT,2024Q1,Younger Adults (18–64)
23551342,1,71,YR,M,,"",US,US,OZEMPIC,SEMAGLUTIDE,2,MG,PS,Blood glucose increased,OT,2024Q1,Older Adults (≥65)
23551345,1,70,YR,F,,"",US,US,OZEMPIC,SEMAGLUTIDE,1.5,MG,PS,Dehydration,HO,2024Q1,Older Adults (≥65)
23551350,2,75,YR,F,,"",US,US,OZEMPIC,SEMAGLUTIDE,2,MG,PS,Fall,HO,2024Q1,Older Adults (≥65)
23551352,1,87,YR,F,,"",US,US,OZEMPIC,SEMAGLUTIDE,0.5,MG,PS,Bladder cancer,OT,2024Q1,Older Adults (≥65)
23551357,2,75,YR,F,,"",US,US,OZEMPIC,SEMAGLUTIDE,1,MG,PS,Acute cholecystitis necrotic,HO,2024Q2,Older Adults (≥65)
23551360,1,55,YR,F,,"",US,US,OZEMPIC,SEMAGLUTIDE,,"",PS,Euglycaemic diabetic ketoacidosis,OT,2024Q1,Younger Adults (18–64)
23551361,1,69,YR,,,"",US,US,OZEMPIC,SEMAGLUTIDE,,"",PS,Colon cancer,OT,2024Q1,Older Adults (≥65)
23551362,1,72,YR,F,,"",US,US,WEGOVY,SEMAGLUTIDE,,"",PS,Non-Hodgkin's lymphoma,OT,2024Q1,Older Adults (≥65)
23553796,1,45,YR,F,120.15,KG,US,,WEGOVY,SEMAGLUTIDE,,"",PS,Therapy cessation,DS,2024Q1,Younger Adults (18–64)
23553824,1,60,YR,M,121.5,KG,US,,OZEMPIC,SEMAGLUTIDE,,"",PS,Constipation,OT,2024Q1,Younger Adults (18–64)
23554122,1,69,YR,M,108.9,KG,US,,OZEMPIC,SEMAGLUTIDE,,"",PS,Arthralgia,,2024Q1,Older Adults (≥65)
23554124,1,38,YR,F,68.85,KG,US,,SEMAGLUTIDE,SEMAGLUTIDE,,"",PS,Allodynia,,2024Q1,Younger Adults (18–64)
23556271,2,51,YR,F,,"",US,US,OZEMPIC,SEMAGLUTIDE,,"",PS,Vomiting,HO,2024Q2,Younger Adults (18–64)
23556275,1,61,YR,F,,"",US,US,RYBELSUS,SEMAGLUTIDE,,"",PS,Suicidal ideation,OT,2024Q1,Younger Adults (18–64)
23556593,1,40,YR,M,,"",US,US,OZEMPIC,SEMAGLUTIDE,,"",PS,Nausea,HO,2024Q1,Younger Adults (18–64)
23556594,1,31,YR,F,,"",US,US,WEGOVY,SEMAGLUTIDE,0.25,MG,PS,Syncope,OT,2024Q1,Younger Adults (18–64)
23556598,2,74,YR,F,,"",US,US,OZEMPIC,SEMAGLUTIDE,0.5,MG,PS,Blood glucose decreased,OT,2024Q2,Older Adults (≥65)
23557637,1,27,YR,M,112.5,KG,US,,OZEMPIC,SEMAGLUTIDE,,"",PS,Large intestine perforation,,2024Q1,Younger Adults (18–64)
23562176,1,72,YR,F,,"",US,US,OZEMPIC,SEMAGLUTIDE,0.25,MG,PS,Ileus,OT,2024Q1,Older Adults (≥65)
23562178,1,52,YR,M,,"",US,US,OZEMPIC,SEMAGLUTIDE,0.5,MG,PS,Blood glucose increased,LT,2024Q1,Younger Adults (18–64)
23562180,2,59,YR,F,112,KG,US,US,OZEMPIC,SEMAGLUTIDE,0.25,MG,PS,Abdominal pain,HO,2024Q4,Younger Adults (18–64)
23562181,2,25,YR,F,,"",US,US,OZEMPIC,SEMAGLUTIDE,,"",PS,Crohn's disease,OT,2024Q1,Younger Adults (18–64)
23562185,3,57,YR,F,,"",US,US,OZEMPIC,SEMAGLUTIDE,0.5,MG,PS,Off label use,OT,2024Q2,Younger Adults (18–64)
23563434,1,66,YR,F,,"",US,US,OZEMPIC,SEMAGLUTIDE,,"",PS,Gastrointestinal disorder,OT,2024Q1,Older Adults (≥65)
23565290,1,47,YR,F,,"",US,,CYANOCOBALAMIN\SEMAGLUTIDE,CYANOCOBALAMIN\SEMAGLUTIDE,0.05,ML,PS,Incorrect dose administered,,2024Q1,Younger Adults (18–64)
23566031,1,41,YR,F,72.9,KG,US,,SEMAGLUTIDE,SEMAGLUTIDE,,"",PS,Therapy cessation,OT,2024Q1,Younger Adults (18–64)
23566032,1,32,YR,F,67.6,KG,US,,SEMAGLUTIDE,SEMAGLUTIDE,,"",PS,Pancreatitis,HO,2024Q1,Younger Adults (18–64)
23568555,2,78,YR,M,,"",US,US,OZEMPIC,SEMAGLUTIDE,,"",PS,Off label use,OT,2024Q2,Older Adults (≥65)
23568556,2,63,YR,F,,"",US,US,WEGOVY,SEMAGLUTIDE,,"",PS,Increased appetite,OT,2024Q1,Younger Adults (18–64)
23568562,3,80,YR,F,,"",US,US,OZEMPIC,SEMAGLUTIDE,1,MG,PS,Constipation,OT,2024Q2,Older Adults (≥65)
23568574,2,57,YR,F,103.4,KG,US,US,OZEMPIC,SEMAGLUTIDE,,"",PS,Hyperhidrosis,HO,2024Q2,Younger Adults (18–64)
23568577,3,41,YR,F,,"",US,US,OZEMPIC,SEMAGLUTIDE,0.25,MG,PS,Injection site urticaria,OT,2024Q1,Younger Adults (18–64)
23568578,1,58,YR,F,,"",US,US,OZEMPIC,SEMAGLUTIDE,0.5,MG,PS,Gallbladder disorder,HO,2024Q1,Younger Adults (18–64)
23568579,1,51,YR,F,,"",US,US,OZEMPIC,SEMAGLUTIDE,2,MG,PS,Pancreatic disorder,OT,2024Q1,Younger Adults (18–64)
23568580,2,65,YR,M,,"",US,US,OZEMPIC,SEMAGLUTIDE,1,MG,PS,Fall,HO,2024Q2,Older Adults (≥65)
23568583,2,55,YR,F,85,KG,US,US,WEGOVY,SEMAGLUTIDE,0.25,MG,PS,Hypotension,HO,2024Q4,Younger Adults (18–64)
23568596,1,74,YR,F,,"",US,US,OZEMPIC,SEMAGLUTIDE,,"",PS,Blood glucose increased,HO,2024Q1,Older Adults (≥65)
23570914,1,36,YR,F,78.75,KG,US,,OZEMPIC,SEMAGLUTIDE,0.5,MG,PS,Diarrhoea,CA,2024Q1,Younger Adults (18–64)
23570920,1,48,YR,F,42.75,KG,US,,OZEMPIC,SEMAGLUTIDE,,"",PS,Volvulus,LT,2024Q1,Younger Adults (18–64)
23571776,1,61,YR,M,85.5,KG,US,,OZEMPIC,SEMAGLUTIDE,,"",PS,Peritoneal abscess,LT,2024Q1,Younger Adults (18–64)
23573367,2,74,YR,F,,"",US,US,OZEMPIC,SEMAGLUTIDE,,"",PS,Constipation,OT,2024Q1,Older Adults (≥65)
23573379,1,72,YR,M,,"",US,US,OZEMPIC,SEMAGLUTIDE,1,MG,PS,Sepsis,HO,2024Q1,Older Adults (≥65)
23573386,1,63,YR,F,,"",US,US,OZEMPIC,SEMAGLUTIDE,,"",PS,Chronic kidney disease,OT,2024Q1,Younger Adults (18–64)
23573388,1,53,YR,F,,"",US,US,OZEMPIC,SEMAGLUTIDE,2,MG,PS,Nephrolithiasis,OT,2024Q1,Younger Adults (18–64)
23573390,1,53,YR,M,,"",US,US,OZEMPIC,SEMAGLUTIDE,,"",PS,Haemorrhoidal haemorrhage,OT,2024Q1,Younger Adults (18–64)
23577394,1,64,YR,F,,"",US,US,OZEMPIC,SEMAGLUTIDE,0.25,MG,PS,Autoimmune disorder,OT,2024Q1,Younger Adults (18–64)
23577940,2,50,YR,F,,"",US,US,OZEMPIC,SEMAGLUTIDE,,"",PS,Brain neoplasm,OT,2024Q3,Younger Adults (18–64)
23577941,2,81,YR,M,,"",US,US,OZEMPIC,SEMAGLUTIDE,,"",PS,Dementia,OT,2024Q2,Older Adults (≥65)
23577943,2,77,YR,F,116.55,KG,US,US,RYBELSUS,SEMAGLUTIDE,,"",PS,Impaired gastric emptying,OT,2024Q2,Older Adults (≥65)
23577947,2,53,YR,M,,"",US,US,OZEMPIC,SEMAGLUTIDE,0.25,MG,PS,Intestinal obstruction,HO,2024Q4,Younger Adults (18–64)
23577948,2,69,YR,F,69.85,KG,US,US,OZEMPIC,SEMAGLUTIDE,,"",PS,Tooth extraction,OT,2024Q2,Older Adults (≥65)
23579941,1,45,YR,F,101.25,KG,US,,OZEMPIC,SEMAGLUTIDE,,"",PS,Arthralgia,RI,2024Q1,Younger Adults (18–64)
23580013,1,24,YR,F,118.9,KG,US,,WEGOVY,SEMAGLUTIDE,2.4,MG,PS,Small intestinal obstruction,HO,2024Q1,Younger Adults (18–64)
23580147,1,38,YR,F,76.05,KG,US,,WEGOVY,SEMAGLUTIDE,,"",PS,Flank pain,HO,2024Q1,Younger Adults (18–64)
23580540,1,59,YR,M,97.2,KG,US,,WEGOVY,SEMAGLUTIDE,2.4,MG,PS,Hypoaesthesia,RI,2024Q1,Younger Adults (18–64)
23583902,1,59,YR,F,,"",US,US,OZEMPIC,SEMAGLUTIDE,1,MG,PS,Myocardial infarction,HO,2024Q1,Younger Adults (18–64)
23583906,1,79,YR,F,,"",US,US,OZEMPIC,SEMAGLUTIDE,0.5,MG,PS,Arthropathy,DS,2024Q1,Older Adults (≥65)
23586241,1,32,YR,F,,"",US,,WEGOVY,SEMAGLUTIDE,,"",PS,Hyperaesthesia,,2024Q1,Younger Adults (18–64)
23586353,1,61,YR,F,92.25,KG,US,,OZEMPIC,SEMAGLUTIDE,,"",PS,Frustration tolerance decreased,OT,2024Q1,Younger Adults (18–64)
23589544,1,37,YR,M,,"",US,US,WEGOVY,SEMAGLUTIDE,2.4,MG,PS,Carcinoid tumour in the large intestine,OT,2024Q1,Younger Adults (18–64)
23589671,2,59,YR,M,,"",US,US,OZEMPIC,SEMAGLUTIDE,,"",PS,Constipation,OT,2024Q4,Younger Adults (18–64)
23589678,2,53,YR,M,96.054,KG,US,US,RYBELSUS,SEMAGLUTIDE,,"",PS,Pancreatic carcinoma metastatic,OT,2024Q1,Younger Adults (18–64)
23589925,1,65,YR,F,,"",US,US,WEGOVY,SEMAGLUTIDE,,"",PS,Trigger finger,HO,2024Q1,Older Adults (≥65)
23589931,2,75,YR,M,,"",US,US,OZEMPIC,SEMAGLUTIDE,0.5,MG,PS,Thrombotic stroke,HO,2024Q1,Older Adults (≥65)
23590012,2,72,YR,F,,"",US,US,OZEMPIC,SEMAGLUTIDE,,"",PS,Myocardial infarction,OT,2024Q2,Older Adults (≥65)
23590022,2,39,YR,F,74.83,KG,US,US,OZEMPIC,SEMAGLUTIDE,0.25,MG,PS,Impaired gastric emptying,HO,2024Q4,Younger Adults (18–64)
23592157,1,23,YR,F,64.8,KG,US,,OZEMPIC,SEMAGLUTIDE,,"",PS,Eosinophilia,OT,2024Q1,Younger Adults (18–64)
23592830,1,35,YR,F,72,KG,US,,OZEMPIC,SEMAGLUTIDE,,"",PS,Anxiety,RI,2024Q1,Younger Adults (18–64)
23592831,1,63,YR,F,85.5,KG,US,,OZEMPIC,SEMAGLUTIDE,,"",PS,Back pain,OT,2024Q1,Younger Adults (18–64)
23592872,1,62,YR,F,71.1,KG,US,,OZEMPIC,SEMAGLUTIDE,,"",PS,Post procedural haemorrhage,HO,2024Q1,Younger Adults (18–64)
23592890,1,75,YR,F,103.5,KG,US,,RYBELSUS,SEMAGLUTIDE,,"",PS,Abnormal faeces,OT,2024Q1,Older Adults (≥65)
23593905,1,71,YR,,,"",US,US,OZEMPIC,SEMAGLUTIDE,,"",PS,Prostate cancer,OT,2024Q1,Older Adults (≥65)
23593919,1,69,YR,,,"",US,US,OZEMPIC,SEMAGLUTIDE,,"",PS,Tonsillectomy,HO,2024Q1,Older Adults (≥65)
23593922,1,57,YR,F,,"",US,US,OZEMPIC,SEMAGLUTIDE,0.25,MG,PS,Vitreous detachment,OT,2024Q1,Younger Adults (18–64)
23593924,2,80,YR,F,,"",US,US,OZEMPIC,SEMAGLUTIDE,0.25,MG,PS,Cataract,OT,2024Q1,Older Adults (≥65)
23593929,2,54,YR,M,,"",US,US,OZEMPIC,SEMAGLUTIDE,,"",PS,Product use issue,OT,2024Q1,Younger Adults (18–64)
23593931,1,63,YR,M,,"",US,US,OZEMPIC,SEMAGLUTIDE,0.25,MG,PS,Glomerular filtration rate decreased,OT,2024Q1,Younger Adults (18–64)
23596465,1,42,YR,F,86.85,KG,US,,WEGOVY,SEMAGLUTIDE,,"",PS,Dizziness,OT,2024Q1,Younger Adults (18–64)
23597606,1,26,YR,F,62.1,KG,US,,WEGOVY,SEMAGLUTIDE,,"",PS,Vomiting,RI,2024Q1,Younger Adults (18–64)
23598618,1,57,YR,F,,"",US,US,OZEMPIC,SEMAGLUTIDE,0.25,MG,PS,Vomiting,OT,2024Q1,Younger Adults (18–64)
23598641,2,84,YR,F,81.995,KG,US,US,OZEMPIC,SEMAGLUTIDE,0.25,MG,PS,Weight decreased,OT,2024Q1,Older Adults (≥65)
23598642,1,66,YR,F,,"",US,US,RYBELSUS,SEMAGLUTIDE,,"",PS,Meniscus injury,OT,2024Q1,Older Adults (≥65)
23598643,1,79,YR,F,,"",US,US,OZEMPIC,SEMAGLUTIDE,,"",PS,Plasma cell myeloma,HO,2024Q1,Older Adults (≥65)
23598657,2,66,YR,F,80.726,KG,US,US,OZEMPIC,SEMAGLUTIDE,,"",PS,Hepatic enzyme increased,HO,2024Q2,Older Adults (≥65)
23600875,1,79,YR,M,78.5,KG,US,,OZEMPIC,SEMAGLUTIDE,,"",PS,Pancreatitis acute,HO,2024Q1,Older Adults (≥65)
23601497,1,77,YR,F,198,LBS,US,,OZEMPIC,SEMAGLUTIDE,0.5,MG,PS,Blindness unilateral,OT,2024Q1,Older Adults (≥65)
23601768,1,67,YR,M,85.5,KG,US,,RYBELSUS,SEMAGLUTIDE,,"",PS,Vision blurred,,2024Q1,Older Adults (≥65)
23601903,1,65,YR,F,69.3,KG,US,,WEGOVY,SEMAGLUTIDE,,"",PS,Therapy interrupted,HO,2024Q1,Older Adults (≥65)
23603377,2,75,YR,M,,"",US,US,OZEMPIC,SEMAGLUTIDE,,"",PS,Arteriosclerosis,OT,2024Q3,Older Adults (≥65)
23603384,1,81,YR,F,,"",US,US,OZEMPIC,SEMAGLUTIDE,,"",PS,Atrial fibrillation,HO,2024Q1,Older Adults (≥65)
23603401,3,67,YR,F,,"",US,US,OZEMPIC,SEMAGLUTIDE,,"",PS,Condition aggravated,HO,2024Q4,Older Adults (≥65)
23606827,1,57,YR,F,93.15,KG,US,,WEGOVY,SEMAGLUTIDE,,"",PS,Cholelithiasis,HO,2024Q1,Younger Adults (18–64)
23608680,4,72,YR,M,,"",US,US,OZEMPIC,SEMAGLUTIDE,2,MG,PS,Limb injury,OT,2024Q2,Older Adults (≥65)
23608704,1,58,YR,F,,"",US,US,OZEMPIC,SEMAGLUTIDE,2,MG,PS,Weight decreased,OT,2024Q1,Younger Adults (18–64)
23608709,1,77,YR,M,,"",US,US,OZEMPIC,SEMAGLUTIDE,,"",PS,Cataract,HO,2024Q1,Older Adults (≥65)
23610611,1,28,YR,F,,"",US,,CYANOCOBALAMIN\SEMAGLUTIDE,CYANOCOBALAMIN\SEMAGLUTIDE,0.25,MG,PS,Product prescribing issue,,2024Q1,Younger Adults (18–64)
23610794,1,68,YR,M,103.5,KG,US,,WEGOVY,SEMAGLUTIDE,,"",PS,Vomiting,,2024Q1,Older Adults (≥65)
23614695,1,79,YR,F,,"",US,US,OZEMPIC,SEMAGLUTIDE,,"",PS,Pancreatic mass,OT,2024Q1,Older Adults (≥65)
23614697,3,41,YR,M,,"",US,US,OZEMPIC,SEMAGLUTIDE,0.25,MG,PS,Dizziness,OT,2024Q2,Younger Adults (18–64)
23614703,2,48,YR,M,,"",US,US,OZEMPIC,SEMAGLUTIDE,0.5,MG,PS,Procedural haemorrhage,HO,2024Q2,Younger Adults (18–64)
23614705,1,78,YR,F,,"",US,US,OZEMPIC,SEMAGLUTIDE,1,MG,PS,Pancreatic carcinoma,OT,2024Q1,Older Adults (≥65)
23614723,1,52,YR,F,,"",US,US,WEGOVY,SEMAGLUTIDE,0.5,MG,PS,Intellectual disability,OT,2024Q1,Younger Adults (18–64)
23614739,1,54,YR,M,,"",US,US,WEGOVY,SEMAGLUTIDE,,"",PS,Exposure to toxic agent,OT,2024Q1,Younger Adults (18–64)
23617216,1,72,YR,F,63,KG,US,,OZEMPIC,SEMAGLUTIDE,,"",PS,Lip disorder,OT,2024Q1,Older Adults (≥65)
23618470,1,63,YR,F,129.6,LBS,US,,CYANOCOBALAMIN\SEMAGLUTIDE,CYANOCOBALAMIN\SEMAGLUTIDE,,"",PS,Epistaxis,RI,2024Q1,Younger Adults (18–64)
23619677,1,66,YR,F,,"",US,US,OZEMPIC,SEMAGLUTIDE,,"",PS,Nephrolithiasis,OT,2024Q1,Older Adults (≥65)
23619679,1,65,YR,F,,"",US,US,WEGOVY,SEMAGLUTIDE,1.7,MG,PS,Neoplasm malignant,OT,2024Q1,Older Adults (≥65)
23619681,1,72,YR,F,,"",US,US,OZEMPIC,SEMAGLUTIDE,,"",PS,Diarrhoea,OT,2024Q1,Older Adults (≥65)
23619683,1,74,YR,F,,"",US,US,OZEMPIC,SEMAGLUTIDE,1,MG,PS,Thyroid cancer,OT,2024Q1,Older Adults (≥65)
23619687,1,39,YR,F,,"",US,US,WEGOVY,SEMAGLUTIDE,2.4,MG,PS,Gastrooesophageal reflux disease,OT,2024Q1,Younger Adults (18–64)
23619693,1,63,YR,F,,"",US,US,OZEMPIC,SEMAGLUTIDE,,"",PS,Off label use,OT,2024Q1,Younger Adults (18–64)
23619719,2,20,YR,F,,"",US,US,WEGOVY,SEMAGLUTIDE,,"",PS,Haematemesis,OT,2024Q2,Younger Adults (18–64)
23622758,1,53,YR,F,91.35,KG,US,,WEGOVY,SEMAGLUTIDE,,"",PS,Allodynia,OT,2024Q1,Younger Adults (18–64)
23622760,1,67,YR,M,99,KG,US,,OZEMPIC,SEMAGLUTIDE,1,MG,PS,Allodynia,OT,2024Q1,Older Adults (≥65)
23623116,1,32,YR,F,81,KG,US,,WEGOVY,SEMAGLUTIDE,,"",PS,Heart rate increased,DS,2024Q1,Younger Adults (18–64)
23624760,2,66,YR,F,,"",US,US,OZEMPIC,SEMAGLUTIDE,1,MG,PS,Illness,HO,2024Q3,Older Adults (≥65)
23624772,3,54,YR,M,69,KG,US,US,OZEMPIC,SEMAGLUTIDE,0.25,MG,PS,Small intestinal obstruction,HO,2024Q2,Younger Adults (18–64)
23624773,1,72,YR,M,136.05,KG,US,US,OZEMPIC,SEMAGLUTIDE,,"",PS,Injection site pain,OT,2024Q1,Older Adults (≥65)
23624777,1,77,YR,M,,"",US,US,OZEMPIC,SEMAGLUTIDE,1,MG,PS,Carcinoid tumour of the pancreas,OT,2024Q1,Older Adults (≥65)
23624778,1,80,YR,M,,"",US,US,OZEMPIC,SEMAGLUTIDE,,"",PS,Chest discomfort,HO,2024Q1,Older Adults (≥65)
23624781,2,71,YR,F,75.74,KG,US,US,OZEMPIC,SEMAGLUTIDE,0.5,MG,PS,Intestinal obstruction,HO,2024Q4,Older Adults (≥65)
23627165,1,48,YR,F,87.3,KG,US,,OZEMPIC,SEMAGLUTIDE,1,MG,PS,Therapy change,DE,2024Q1,Younger Adults (18–64)
23630077,1,76,YR,F,,"",US,US,OZEMPIC,SEMAGLUTIDE,,"",PS,Cataract,OT,2024Q1,Older Adults (≥65)
23631956,1,53,YR,M,90.45,KG,US,,WEGOVY,SEMAGLUTIDE,,"",PS,Constipation,,2024Q1,Younger Adults (18–64)
23632033,1,45,YR,F,81,KG,US,,WEGOVY,SEMAGLUTIDE,,"",PS,Cholelithiasis,HO,2024Q1,Younger Adults (18–64)
23632047,1,56,YR,F,88,KG,US,,OZEMPIC,SEMAGLUTIDE,0.5,MG,PS,Abdominal pain,HO,2024Q1,Younger Adults (18–64)
23632706,1,61,YR,M,88,KG,US,,SEMAGLUTIDE,SEMAGLUTIDE,,"",PS,Atrial fibrillation,HO,2024Q1,Younger Adults (18–64)
23634728,2,62,YR,,,"",US,US,OZEMPIC,SEMAGLUTIDE,,"",PS,Diverticulitis,HO,2024Q2,Younger Adults (18–64)
23634729,2,70,YR,F,,"",US,US,OZEMPIC,SEMAGLUTIDE,2,MG,PS,Off label use,,2024Q2,Older Adults (≥65)
23634730,1,60,YR,F,,"",US,US,RYBELSUS,SEMAGLUTIDE,14,MG,PS,Type 1 diabetes mellitus,OT,2024Q1,Younger Adults (18–64)
23634731,1,63,YR,F,,"",US,US,OZEMPIC,SEMAGLUTIDE,0.25,MG,PS,Headache,HO,2024Q1,Younger Adults (18–64)
23634735,1,51,YR,M,,"",US,US,OZEMPIC,SEMAGLUTIDE,,"",PS,Cardiac disorder,HO,2024Q1,Younger Adults (18–64)
23634736,1,74,YR,F,,"",US,US,OZEMPIC,SEMAGLUTIDE,,"",PS,Incorrect dose administered,OT,2024Q1,Older Adults (≥65)
23634740,2,40,YR,F,,"",US,US,WEGOVY,SEMAGLUTIDE,,"",PS,Maternal exposure during pregnancy,OT,2024Q2,Younger Adults (18–64)
23636338,1,70,YR,F,,"",US,,CYANOCOBALAMIN\SEMAGLUTIDE,CYANOCOBALAMIN\SEMAGLUTIDE,0.1,ML,PS,Nausea,,2024Q1,Older Adults (≥65)
23636447,1,62,YR,F,,"",US,,PYRIDOXINE\SEMAGLUTIDE,PYRIDOXINE\SEMAGLUTIDE,,"",PS,Decreased appetite,DS,2024Q1,Younger Adults (18–64)
23637143,1,37,YR,F,61.65,KG,US,,WEGOVY,SEMAGLUTIDE,,"",PS,Allodynia,,2024Q1,Younger Adults (18–64)
23638258,1,33,YR,F,118.5,KG,US,,SEMAGLUTIDE,SEMAGLUTIDE,14,MG,PS,Nausea,HO,2024Q1,Younger Adults (18–64)
23640756,2,63,YR,F,70.295,KG,US,US,OZEMPIC,SEMAGLUTIDE,0.5,MG,PS,Off label use,HO,2024Q2,Younger Adults (18–64)
23640757,2,42,YR,F,,"",US,US,WEGOVY,SEMAGLUTIDE,,"",PS,Blood pressure increased,HO,2024Q2,Younger Adults (18–64)
23640773,1,55,YR,M,,"",US,US,OZEMPIC,SEMAGLUTIDE,,"",PS,Atrial fibrillation,OT,2024Q1,Younger Adults (18–64)
23640784,1,65,YR,F,,"",US,US,OZEMPIC,SEMAGLUTIDE,,"",PS,Diverticulitis,HO,2024Q1,Older Adults (≥65)
23640789,1,73,YR,M,,"",US,US,OZEMPIC,SEMAGLUTIDE,,"",PS,Cataract operation,OT,2024Q1,Older Adults (≥65)
23640792,1,59,YR,F,,"",US,US,OZEMPIC,SEMAGLUTIDE,,"",PS,Goitre,OT,2024Q1,Younger Adults (18–64)
23643527,1,66,YR,F,,"",US,,OZEMPIC,SEMAGLUTIDE,,"",PS,Phaeochromocytoma,RI,2024Q1,Older Adults (≥65)
23643594,1,45,YR,F,176.4,KG,US,,OZEMPIC,SEMAGLUTIDE,0.25,MG,PS,Suicidal ideation,LT,2024Q1,Younger Adults (18–64)
23644617,1,54,YR,M,135,KG,US,,OZEMPIC,SEMAGLUTIDE,,"",PS,Dehydration,OT,2024Q1,Younger Adults (18–64)
23644825,1,53,YR,F,85.95,KG,US,,OZEMPIC,SEMAGLUTIDE,,"",PS,Pain,LT,2024Q1,Younger Adults (18–64)
23645625,1,54,YR,F,,"",US,US,WEGOVY,SEMAGLUTIDE,,"",PS,Decreased appetite,HO,2024Q1,Younger Adults (18–64)
23645627,1,62,YR,F,,"",US,US,WEGOVY,SEMAGLUTIDE,,"",PS,Skin operation,HO,2024Q1,Younger Adults (18–64)
23645629,1,52,YR,F,,"",US,US,WEGOVY,SEMAGLUTIDE,2.4,MG,PS,Condition aggravated,OT,2024Q1,Younger Adults (18–64)
23645630,1,63,YR,M,,"",US,US,OZEMPIC,SEMAGLUTIDE,2,MG,PS,Gastric cancer,OT,2024Q1,Younger Adults (18–64)
23645631,1,45,YR,F,,"",US,US,OZEMPIC,SEMAGLUTIDE,0.25,MG,PS,Product use in unapproved indication,OT,2024Q1,Younger Adults (18–64)
23645632,2,78,YR,M,,"",US,US,OZEMPIC,SEMAGLUTIDE,,"",PS,Heart transplant,OT,2024Q2,Older Adults (≥65)
23645634,2,65,YR,M,145.13,KG,US,US,OZEMPIC,SEMAGLUTIDE,0.25,MG,PS,Small intestinal obstruction,HO,2024Q4,Older Adults (≥65)
23645639,1,56,YR,F,147.85,KG,US,US,OZEMPIC,SEMAGLUTIDE,,"",PS,Peripheral swelling,OT,2024Q1,Younger Adults (18–64)
23645648,2,80,YR,M,,"",US,US,OZEMPIC,SEMAGLUTIDE,,"",PS,Skin neoplasm excision,OT,2024Q2,Older Adults (≥65)
23645650,1,33,YR,F,,"",US,US,OZEMPIC,SEMAGLUTIDE,,"",PS,Tremor,OT,2024Q1,Younger Adults (18–64)
23645651,1,79,YR,F,,"",US,US,OZEMPIC,SEMAGLUTIDE,,"",PS,Sepsis,HO,2024Q1,Older Adults (≥65)
23645654,1,65,YR,F,,"",US,US,OZEMPIC,SEMAGLUTIDE,,"",PS,Blood potassium decreased,HO,2024Q1,Older Adults (≥65)
23645661,1,47,YR,F,,"",US,US,WEGOVY,SEMAGLUTIDE,0.25,MG,PS,Gallbladder rupture,OT,2024Q1,Younger Adults (18–64)
23645665,1,46,YR,M,,"",US,US,OZEMPIC,SEMAGLUTIDE,,"",PS,Depression,OT,2024Q1,Younger Adults (18–64)
23645674,1,77,YR,F,,"",US,US,OZEMPIC,SEMAGLUTIDE,,"",PS,Off label use,HO,2024Q1,Older Adults (≥65)
23649220,1,67,YR,,,"",US,US,OZEMPIC,SEMAGLUTIDE,,"",PS,COVID-19,HO,2024Q1,Older Adults (≥65)
23651183,1,53,YR,M,,"",US,US,OZEMPIC,SEMAGLUTIDE,,"",PS,Hyperkalaemia,HO,2024Q1,Younger Adults (18–64)
23651184,1,78,YR,M,181,KG,US,US,OZEMPIC,SEMAGLUTIDE,0.5,MG,PS,Cardiac operation,HO,2024Q1,Older Adults (≥65)
23651198,1,34,YR,F,,"",US,US,WEGOVY,SEMAGLUTIDE,,"",PS,Injection site bruising,OT,2024Q1,Younger Adults (18–64)
23651199,1,75,YR,F,,"",US,US,OZEMPIC,SEMAGLUTIDE,,"",PS,Tooth extraction,OT,2024Q1,Older Adults (≥65)
23651203,3,68,YR,M,,"",US,US,OZEMPIC,SEMAGLUTIDE,,"",PS,Diabetic ketoacidosis,HO,2024Q2,Older Adults (≥65)
23653739,1,54,YR,F,,"",US,,WEGOVY,SEMAGLUTIDE,,"",PS,Allodynia,OT,2024Q1,Younger Adults (18–64)
23653767,1,75,YR,F,75.15,KG,US,,OZEMPIC,SEMAGLUTIDE,,"",PS,Blood glucose increased,OT,2024Q1,Older Adults (≥65)
23654570,1,71,YR,F,113.85,KG,US,,OZEMPIC,SEMAGLUTIDE,,"",PS,Abdominal pain,LT,2024Q1,Older Adults (≥65)
23656526,4,64,YR,F,77,KG,US,US,OZEMPIC,SEMAGLUTIDE,1,MG,PS,Ketoacidosis,HO,2024Q3,Younger Adults (18–64)
23656534,3,74,YR,M,95.238,KG,US,US,OZEMPIC,SEMAGLUTIDE,0.25,MG,PS,Loss of consciousness,HO,2024Q2,Older Adults (≥65)
23656540,1,66,YR,F,,"",US,US,RYBELSUS,SEMAGLUTIDE,3,MG,PS,Vitreous floaters,OT,2024Q1,Older Adults (≥65)
23656575,2,37,YR,M,,"",US,US,OZEMPIC,SEMAGLUTIDE,0.25,MG,PS,Off label use,HO,2024Q4,Younger Adults (18–64)
23656576,1,66,YR,F,,"",US,US,OZEMPIC,SEMAGLUTIDE,,"",PS,Diarrhoea,OT,2024Q1,Older Adults (≥65)
23657941,1,47,YR,F,,"",US,,RYBELSUS,SEMAGLUTIDE,,"",PS,Thyroid mass,HO,2024Q1,Younger Adults (18–64)
23658187,1,32,YR,F,83.7,KG,US,,WEGOVY,SEMAGLUTIDE,,"",PS,Sensitive skin,OT,2024Q1,Younger Adults (18–64)
23658359,1,24,YR,F,69.75,KG,US,,SEMAGLUTIDE,SEMAGLUTIDE,,"",PS,Dissociation,DE,2024Q1,Younger Adults (18–64)
23661183,1,75,YR,M,,"",US,US,OZEMPIC,SEMAGLUTIDE,0.5,MG,PS,Blood glucose increased,OT,2024Q1,Older Adults (≥65)
23661186,2,64,YR,M,,"",US,US,OZEMPIC,SEMAGLUTIDE,,"",PS,Gastrooesophageal reflux disease,OT,2024Q2,Younger Adults (18–64)
23661187,2,70,YR,F,,"",US,US,OZEMPIC,SEMAGLUTIDE,,"",PS,Colon cancer stage IV,OT,2024Q2,Older Adults (≥65)
23661188,1,61,YR,F,,"",US,US,OZEMPIC,SEMAGLUTIDE,,"",PS,Cardiac disorder,OT,2024Q1,Younger Adults (18–64)
23662710,1,61,YR,F,99,KG,US,,OZEMPIC,SEMAGLUTIDE,,"",PS,Alopecia,DS,2024Q1,Younger Adults (18–64)
23664370,1,53,YR,F,85.5,KG,US,,OZEMPIC,SEMAGLUTIDE,,"",PS,Feeling abnormal,OT,2024Q1,Younger Adults (18–64)
23664638,1,49,YR,M,161.6,KG,US,,SEMAGLUTIDE,SEMAGLUTIDE,0.25,MG,PS,Sepsis,LT,2024Q1,Younger Adults (18–64)
23666990,1,62,YR,F,,"",US,US,WEGOVY,SEMAGLUTIDE,,"",PS,Postmenopausal haemorrhage,OT,2024Q1,Younger Adults (18–64)
23666992,1,76,YR,F,,"",US,US,OZEMPIC,SEMAGLUTIDE,,"",PS,Spinal operation,HO,2024Q1,Older Adults (≥65)
23666996,2,65,YR,F,,"",US,US,OZEMPIC,SEMAGLUTIDE,0.5,MG,PS,Syncope,HO,2024Q4,Older Adults (≥65)
23666998,1,51,YR,F,,"",US,US,OZEMPIC,SEMAGLUTIDE,0.25,MG,PS,Gait disturbance,HO,2024Q1,Younger Adults (18–64)
23667006,2,41,YR,F,65.7,KG,US,US,OZEMPIC,SEMAGLUTIDE,,"",PS,Type 1 diabetes mellitus,HO,2024Q3,Younger Adults (18–64)
23667014,1,67,YR,F,,"",US,US,OZEMPIC,SEMAGLUTIDE,,"",PS,Nausea,HO,2024Q1,Older Adults (≥65)
23667016,1,27,YR,M,,"",US,US,OZEMPIC,SEMAGLUTIDE,,"",PS,Off label use,OT,2024Q1,Younger Adults (18–64)
23667027,1,68,YR,F,,"",US,US,OZEMPIC,SEMAGLUTIDE,,"",PS,Malignant melanoma,OT,2024Q1,Older Adults (≥65)
23668300,1,36,YR,F,123.75,KG,US,,OZEMPIC,SEMAGLUTIDE,,"",PS,Panic attack,OT,2024Q1,Younger Adults (18–64)
23668305,1,52,YR,F,63.5,KG,US,,SEMAGLUTIDE,SEMAGLUTIDE,0.25,MG,PS,Splenic infarction,HO,2024Q1,Younger Adults (18–64)
23668690,1,69,YR,F,72.57,KG,US,,OZEMPIC,SEMAGLUTIDE,,"",PS,Appendicitis,HO,2024Q1,Older Adults (≥65)
23669307,1,54,YR,F,76.5,KG,US,,RYBELSUS,SEMAGLUTIDE,,"",PS,Diarrhoea,OT,2024Q1,Younger Adults (18–64)
23669584,1,61,YR,F,82.35,KG,US,,OZEMPIC,SEMAGLUTIDE,,"",PS,Spinal pain,OT,2024Q1,Younger Adults (18–64)
23669592,1,66,YR,M,89,KG,US,,OZEMPIC,SEMAGLUTIDE,0.5,ML,PS,Tachycardia,HO,2024Q1,Older Adults (≥65)
23670782,1,73,YR,F,,"",US,US,OZEMPIC,SEMAGLUTIDE,,"",PS,Thrombosis,OT,2024Q1,Older Adults (≥65)
23670784,1,34,YR,F,,"",US,US,OZEMPIC,SEMAGLUTIDE,,"",PS,Diverticulitis,OT,2024Q1,Younger Adults (18–64)
23670785,1,62,YR,M,,"",US,US,OZEMPIC,SEMAGLUTIDE,0.25,MG,PS,Dizziness,HO,2024Q1,Younger Adults (18–64)
23670788,1,70,YR,F,,"",US,US,OZEMPIC,SEMAGLUTIDE,2,MG,PS,Abdominal pain upper,OT,2024Q1,Older Adults (≥65)
23670790,1,85,YR,M,,"",US,US,OZEMPIC,SEMAGLUTIDE,,"",PS,Erectile dysfunction,OT,2024Q1,Older Adults (≥65)
23670795,1,64,YR,F,,"",US,US,RYBELSUS,SEMAGLUTIDE,,"",PS,Limb operation,OT,2024Q1,Younger Adults (18–64)
23670797,1,57,YR,F,,"",US,US,OZEMPIC,SEMAGLUTIDE,,"",PS,Glycosylated haemoglobin decreased,OT,2024Q1,Younger Adults (18–64)
23670799,2,66,YR,F,,"",US,US,OZEMPIC,SEMAGLUTIDE,,"",PS,Phaeochromocytoma,OT,2024Q2,Older Adults (≥65)
23670800,1,55,YR,M,,"",US,US,OZEMPIC,SEMAGLUTIDE,,"",PS,Erectile dysfunction,OT,2024Q1,Younger Adults (18–64)
23670813,1,57,YR,F,,"",US,US,OZEMPIC,SEMAGLUTIDE,0.25,MG,PS,Hypothyroidism,OT,2024Q1,Younger Adults (18–64)
23670816,1,41,YR,M,112.5,KG,US,US,OZEMPIC,SEMAGLUTIDE,,"",PS,Nausea,OT,2024Q1,Younger Adults (18–64)
23673309,1,58,YR,F,,"",US,,OZEMPIC,SEMAGLUTIDE,2,MG,PS,Pulmonary embolism,HO,2024Q1,Younger Adults (18–64)
23673516,1,57,YR,F,,"",US,,WEGOVY,SEMAGLUTIDE,,"",PS,Salivary gland enlargement,DS,2024Q1,Younger Adults (18–64)
23673520,1,21,YR,F,92.7,KG,US,,WEGOVY,SEMAGLUTIDE,,"",PS,Alopecia,OT,2024Q1,Younger Adults (18–64)
23673521,1,61,YR,M,99,KG,US,,WEGOVY,SEMAGLUTIDE,,"",PS,Product supply issue,RI,2024Q1,Younger Adults (18–64)
23674393,1,58,YR,F,,"",US,US,OZEMPIC,SEMAGLUTIDE,,"",PS,Hyperparathyroidism,OT,2024Q1,Younger Adults (18–64)
23674394,1,43,YR,F,,"",US,US,WEGOVY,SEMAGLUTIDE,1,MG,PS,Blindness,OT,2024Q1,Younger Adults (18–64)
23674553,1,89,YR,M,,"",US,US,OZEMPIC,SEMAGLUTIDE,,"",PS,Weight decreased,DS,2024Q1,Older Adults (≥65)
23675472,1,65,YR,M,,"",US,US,OZEMPIC,SEMAGLUTIDE,,"",PS,Hunger,OT,2024Q1,Older Adults (≥65)
23675476,1,65,YR,M,,"",US,US,OZEMPIC,SEMAGLUTIDE,,"",PS,Pancreatic carcinoma,OT,2024Q1,Older Adults (≥65)
23675480,2,59,YR,F,,"",US,US,RYBELSUS,SEMAGLUTIDE,14,MG,PS,Chest discomfort,OT,2024Q2,Younger Adults (18–64)
23675481,3,50,YR,M,,"",US,US,OZEMPIC,SEMAGLUTIDE,2,MG,PS,Glycosylated haemoglobin decreased,HO,2024Q4,Younger Adults (18–64)
23677766,1,35,YR,M,103.5,KG,US,,OZEMPIC,SEMAGLUTIDE,,"",PS,Suicidal ideation,HO,2024Q1,Younger Adults (18–64)
23678186,1,68,YR,M,110.25,KG,US,,OZEMPIC,SEMAGLUTIDE,,"",PS,Gallbladder disorder,DE,2024Q1,Older Adults (≥65)
23678187,1,61,YR,F,72,KG,US,,OZEMPIC,SEMAGLUTIDE,,"",PS,Diplopia,,2024Q1,Younger Adults (18–64)
23680464,1,56,YR,F,,"",US,US,OZEMPIC,SEMAGLUTIDE,,"",PS,Pain,OT,2024Q1,Younger Adults (18–64)
23680467,2,56,YR,F,,"",US,US,OZEMPIC,SEMAGLUTIDE,,"",PS,Constipation,OT,2024Q2,Younger Adults (18–64)
23682682,1,67,YR,F,,"",US,,OZEMPIC,SEMAGLUTIDE,,"",PS,Nausea,DS,2024Q1,Older Adults (≥65)
23683955,1,63,YR,M,108,KG,US,,OZEMPIC,SEMAGLUTIDE,,"",PS,Small intestinal obstruction,HO,2024Q1,Younger Adults (18–64)
23685269,1,58,YR,F,,"",US,US,OZEMPIC,SEMAGLUTIDE,,"",PS,Fall,OT,2024Q1,Younger Adults (18–64)
23685275,1,64,YR,M,,"",US,US,OZEMPIC,SEMAGLUTIDE,,"",PS,Cholelithiasis,HO,2024Q1,Younger Adults (18–64)
23685298,1,41,YR,F,,"",US,US,OZEMPIC,SEMAGLUTIDE,,"",PS,Vomiting,HO,2024Q1,Younger Adults (18–64)
23686775,1,47,YR,F,,"",US,,SEMAGLUTIDE,SEMAGLUTIDE,0.25,MG,PS,Drug hypersensitivity,,2024Q1,Younger Adults (18–64)
23686899,1,66,YR,F,84.6,KG,US,,OZEMPIC,SEMAGLUTIDE,,"",PS,Therapy cessation,OT,2024Q1,Older Adults (≥65)
23690192,1,65,YR,F,,"",US,US,WEGOVY,SEMAGLUTIDE,1.7,MG,PS,Fall,OT,2024Q2,Older Adults (≥65)
23690200,1,76,YR,M,,"",US,US,OZEMPIC,SEMAGLUTIDE,1,MG,PS,Hernia repair,OT,2024Q2,Older Adults (≥65)
23690206,1,67,YR,F,,"",US,US,OZEMPIC,SEMAGLUTIDE,2,MG,PS,Cancer surgery,OT,2024Q2,Older Adults (≥65)
23692002,1,54,YR,F,123.75,KG,US,,OZEMPIC,SEMAGLUTIDE,,"",PS,Suicidal ideation,LT,2024Q1,Younger Adults (18–64)
23692019,1,66,YR,F,103.5,KG,US,,OZEMPIC,SEMAGLUTIDE,,"",PS,Nausea,,2024Q1,Older Adults (≥65)
23692480,1,81,YR,M,80.1,KG,US,,OZEMPIC,SEMAGLUTIDE,,"",PS,Pancreatitis,,2024Q1,Older Adults (≥65)
23693682,1,43,YR,M,76.5,KG,US,,OZEMPIC,SEMAGLUTIDE,,"",PS,Appendicitis,LT,2024Q1,Younger Adults (18–64)
23693728,1,42,YR,F,77.85,KG,US,,WEGOVY,SEMAGLUTIDE,,"",PS,Circumstance or information capable of leading to medication error,RI,2024Q1,Younger Adults (18–64)
23693774,1,36,YR,F,133.65,KG,US,,CYANOCOBALAMIN\SEMAGLUTIDE,CYANOCOBALAMIN\SEMAGLUTIDE,,"",PS,Diarrhoea,,2024Q1,Younger Adults (18–64)
23695067,1,42,YR,M,,"",US,US,OZEMPIC,SEMAGLUTIDE,,"",PS,Loss of consciousness,HO,2024Q2,Younger Adults (18–64)
23695075,2,81,YR,F,,"",US,US,OZEMPIC,SEMAGLUTIDE,,"",PS,Balance disorder,HO,2024Q2,Older Adults (≥65)
23695097,1,67,YR,M,90.245,KG,US,US,OZEMPIC,SEMAGLUTIDE,0.5,MG,PS,Hypothyroidism,HO,2024Q2,Older Adults (≥65)
23695101,2,57,YR,F,,"",US,US,WEGOVY,SEMAGLUTIDE,,"",PS,Foot operation,OT,2024Q4,Younger Adults (18–64)
23695116,2,75,YR,F,,"",US,US,OZEMPIC,SEMAGLUTIDE,,"",PS,Rotator cuff syndrome,HO,2024Q2,Older Adults (≥65)
23695119,1,36,YR,M,,"",US,US,WEGOVY,SEMAGLUTIDE,1,MG,PS,Cholelithiasis,OT,2024Q2,Younger Adults (18–64)
23695123,1,75,YR,F,,"",US,US,OZEMPIC,SEMAGLUTIDE,0.5,MG,PS,Decreased appetite,OT,2024Q2,Older Adults (≥65)
23696932,1,56,YR,M,96.75,KG,US,,OZEMPIC,SEMAGLUTIDE,,"",PS,Impaired work ability,DS,2024Q2,Younger Adults (18–64)
23696937,1,49,YR,M,73.35,KG,US,,OZEMPIC,SEMAGLUTIDE,,"",PS,Abdominal pain,,2024Q2,Younger Adults (18–64)
23697028,1,45,YR,F,,"",US,,CYANOCOBALAMIN\SEMAGLUTIDE,CYANOCOBALAMIN\SEMAGLUTIDE,0.5,ML,PS,Nausea,,2024Q2,Younger Adults (18–64)
23697030,1,37,YR,F,94.5,KG,US,,RYBELSUS,SEMAGLUTIDE,,"",PS,Depression,,2024Q2,Younger Adults (18–64)
23698218,1,72,YR,F,65.7,KG,US,,OZEMPIC,SEMAGLUTIDE,,"",PS,Sensitive skin,,2024Q2,Older Adults (≥65)
23698346,1,41,YR,F,67.5,KG,US,,OZEMPIC,SEMAGLUTIDE,,"",PS,Nervousness,DS,2024Q2,Younger Adults (18–64)
23699893,1,72,YR,,,"",US,US,OZEMPIC,SEMAGLUTIDE,,"",PS,Appendicitis,HO,2024Q2,Older Adults (≥65)
23699895,2,69,YR,M,,"",US,US,OZEMPIC,SEMAGLUTIDE,1,MG,PS,Intervertebral disc compression,HO,2024Q2,Older Adults (≥65)
23699896,3,32,YR,M,124.72,KG,US,US,SEMAGLUTIDE,SEMAGLUTIDE,0.5,MG,PS,Palpitations,DE,2024Q2,Younger Adults (18–64)
23699902,4,77,YR,F,,"",US,US,OZEMPIC,SEMAGLUTIDE,0.5,MG,PS,Blood glucose decreased,HO,2024Q2,Older Adults (≥65)
23701592,1,71,MON,F,,"",US,,WEGOVY,SEMAGLUTIDE,,"",PS,Intentional dose omission,,2024Q2,Older Adults (≥65)
23702850,1,64,YR,F,115,KG,US,,OZEMPIC,SEMAGLUTIDE,0.25,MG,PS,Vomiting,LT,2024Q2,Younger Adults (18–64)
23702924,1,72,YR,F,81.5,KG,US,,SEMAGLUTIDE,SEMAGLUTIDE,1,MG,PS,Pancreatitis,OT,2024Q2,Older Adults (≥65)
23704537,1,71,YR,F,,"",US,US,OZEMPIC,SEMAGLUTIDE,,"",PS,Intestinal obstruction,OT,2024Q2,Older Adults (≥65)
23704540,1,65,YR,F,,"",US,US,OZEMPIC,SEMAGLUTIDE,,"",PS,Retinal tear,OT,2024Q2,Older Adults (≥65)
23704541,1,69,YR,F,,"",US,US,OZEMPIC,SEMAGLUTIDE,1,MG,PS,Cataract,OT,2024Q2,Older Adults (≥65)
23704544,1,61,YR,F,,"",US,US,OZEMPIC,SEMAGLUTIDE,,"",PS,Pseudostroke,HO,2024Q2,Younger Adults (18–64)
23704556,7,64,YR,F,70.8,KG,US,US,OZEMPIC,SEMAGLUTIDE,1,MG,PS,Splenic vein thrombosis,HO,2024Q4,Younger Adults (18–64)
23704564,1,41,YR,,,"",US,US,OZEMPIC,SEMAGLUTIDE,,"",PS,Rectal haemorrhage,OT,2024Q2,Younger Adults (18–64)
23704573,2,72,YR,F,,"",US,US,OZEMPIC,SEMAGLUTIDE,,"",PS,Hip surgery,HO,2024Q2,Older Adults (≥65)
23706236,1,42,YR,M,91.8,KG,US,,WEGOVY,SEMAGLUTIDE,,"",PS,Arthralgia,,2024Q2,Younger Adults (18–64)
23708483,1,77,YR,F,138,LBS,US,,OZEMPIC,SEMAGLUTIDE,0.75,MG,PS,Bile duct stone,OT,2024Q2,Older Adults (≥65)
23708509,1,21,YR,F,63.5,KG,US,,SEMAGLUTIDE,SEMAGLUTIDE,,"",PS,Vomiting,HO,2024Q2,Younger Adults (18–64)
23710013,3,61,YR,F,162,KG,US,US,RYBELSUS,SEMAGLUTIDE,3,MG,PS,Constipation,OT,2024Q2,Younger Adults (18–64)
23710015,1,71,YR,F,,"",US,US,OZEMPIC,SEMAGLUTIDE,,"",PS,Dizziness,OT,2024Q2,Older Adults (≥65)
23710028,1,54,YR,F,,"",US,US,OZEMPIC,SEMAGLUTIDE,0.25,MG,PS,Anaplastic thyroid cancer,OT,2024Q2,Younger Adults (18–64)
23710029,1,56,YR,M,,"",US,US,OZEMPIC,SEMAGLUTIDE,0.5,MG,PS,Inappropriate schedule of product administration,OT,2024Q2,Younger Adults (18–64)
23712112,1,63,YR,F,99,KG,US,,OZEMPIC,SEMAGLUTIDE,,"",PS,Ventricular extrasystoles,,2024Q2,Younger Adults (18–64)
23712200,1,56,YR,F,64.35,KG,US,,OZEMPIC,SEMAGLUTIDE,,"",PS,Abdominal pain upper,RI,2024Q2,Younger Adults (18–64)
23712231,1,70,YR,F,80.1,KG,US,,SEMAGLUTIDE,SEMAGLUTIDE,,"",PS,Dysaesthesia,,2024Q2,Older Adults (≥65)
23712758,1,43,YR,M,93.6,KG,US,,OZEMPIC,SEMAGLUTIDE,,"",PS,Anxiety,,2024Q2,Younger Adults (18–64)
23715998,1,73,YR,M,,"",US,US,OZEMPIC,SEMAGLUTIDE,0.5,MG,PS,Swelling,HO,2024Q2,Older Adults (≥65)
23716007,1,54,YR,F,88.4,KG,US,US,OZEMPIC,SEMAGLUTIDE,,"",PS,Nausea,OT,2024Q2,Younger Adults (18–64)
23716008,1,66,YR,F,,"",US,US,OZEMPIC,SEMAGLUTIDE,0.75,MG,PS,Constipation,OT,2024Q2,Older Adults (≥65)
23716010,1,51,YR,F,,"",US,US,RYBELSUS,SEMAGLUTIDE,7,MG,PS,Adenocarcinoma of colon,OT,2024Q2,Younger Adults (18–64)
23716023,1,75,YR,F,,"",US,US,OZEMPIC,SEMAGLUTIDE,0.25,MG,PS,Product use in unapproved indication,HO,2024Q2,Older Adults (≥65)
23716028,1,64,YR,F,68.027,KG,US,US,OZEMPIC,SEMAGLUTIDE,0.5,MG,PS,Anaemia,OT,2024Q2,Younger Adults (18–64)
23717806,1,44,YR,F,81,KG,US,,CYANOCOBALAMIN\SEMAGLUTIDE,CYANOCOBALAMIN\SEMAGLUTIDE,0.05,ML,PS,Diarrhoea,HO,2024Q2,Younger Adults (18–64)
23718297,1,28,YR,F,58,KG,US,,WEGOVY,SEMAGLUTIDE,1.7,MG,PS,Intussusception,LT,2024Q2,Younger Adults (18–64)
23722313,1,52,YR,M,,"",US,,CYANOCOBALAMIN\SEMAGLUTIDE,CYANOCOBALAMIN\SEMAGLUTIDE,0.05,ML,PS,Nausea,,2024Q2,Younger Adults (18–64)
23722314,1,68,YR,M,,"",US,,CYANOCOBALAMIN\SEMAGLUTIDE,CYANOCOBALAMIN\SEMAGLUTIDE,0.3,ML,PS,Diarrhoea,,2024Q2,Older Adults (≥65)
23722461,1,45,YR,F,51.75,KG,US,,SEMAGLUTIDE,SEMAGLUTIDE,,"",PS,Pulmonary thrombosis,HO,2024Q2,Younger Adults (18–64)
23722937,1,81,YR,M,179,LBS,US,,OZEMPIC,SEMAGLUTIDE,0.5,MG,PS,Dizziness,,2024Q2,Older Adults (≥65)
23725136,2,63,YR,M,149.66,KG,US,US,OZEMPIC,SEMAGLUTIDE,0.25,MG,PS,Nausea,HO,2024Q4,Younger Adults (18–64)
23725140,2,50,YR,F,97.052,KG,US,US,OZEMPIC,SEMAGLUTIDE,2,MG,PS,Cholecystitis,HO,2024Q4,Younger Adults (18–64)
23725141,1,68,YR,M,,"",US,US,OZEMPIC,SEMAGLUTIDE,0.25,MG,PS,Cholelithiasis,HO,2024Q2,Older Adults (≥65)
23725153,1,71,YR,M,,"",US,US,OZEMPIC,SEMAGLUTIDE,,"",PS,Colon cancer,OT,2024Q2,Older Adults (≥65)
23725158,1,33,YR,F,,"",US,US,WEGOVY,SEMAGLUTIDE,1,MG,PS,Abortion spontaneous,OT,2024Q2,Younger Adults (18–64)
23725181,1,63,YR,F,,"",US,US,OZEMPIC,SEMAGLUTIDE,0.75,MG,PS,Flatulence,OT,2024Q2,Younger Adults (18–64)
23727975,1,56,YR,F,,"",US,,CYANOCOBALAMIN\SEMAGLUTIDE,CYANOCOBALAMIN\SEMAGLUTIDE,0.05,ML,PS,Vomiting,,2024Q2,Younger Adults (18–64)
23727977,1,75,YR,F,,"",US,,SEMAGLUTIDE,SEMAGLUTIDE,,"",PS,Dysphonia,,2024Q2,Older Adults (≥65)
23728763,1,28,YR,F,91.35,KG,US,,WEGOVY,SEMAGLUTIDE,,"",PS,Anaphylactic reaction,,2024Q2,Younger Adults (18–64)
23729888,1,62,YR,F,,"",US,US,OZEMPIC,SEMAGLUTIDE,,"",PS,Endometriosis,OT,2024Q2,Younger Adults (18–64)
23729891,1,77,YR,F,93.44,KG,US,US,OZEMPIC,SEMAGLUTIDE,,"",PS,Insomnia,OT,2024Q2,Older Adults (≥65)
23729897,2,77,YR,F,,"",US,US,OZEMPIC,SEMAGLUTIDE,,"",PS,Tinnitus,,2024Q2,Older Adults (≥65)
23729900,2,77,YR,F,,"",US,US,OZEMPIC,SEMAGLUTIDE,0.5,MG,PS,Colonoscopy,OT,2024Q2,Older Adults (≥65)
23729901,5,26,YR,F,90.703,KG,US,US,OZEMPIC,SEMAGLUTIDE,,"",PS,Hypertension,OT,2024Q3,Younger Adults (18–64)
23732172,1,38,YR,F,72,KG,US,,WEGOVY,SEMAGLUTIDE,0.25,MG,PS,Drug level increased,LT,2024Q2,Younger Adults (18–64)
23732214,1,70,YR,F,,"",US,,OZEMPIC,SEMAGLUTIDE,,"",PS,General physical health deterioration,DE,2024Q2,Older Adults (≥65)
23732771,1,53,YR,F,,"",US,,OZEMPIC,SEMAGLUTIDE,,"",PS,Pancreatitis,,2024Q2,Younger Adults (18–64)
23733895,1,55,YR,,,"",US,US,OZEMPIC,SEMAGLUTIDE,2,MG,PS,Infrequent bowel movements,HO,2024Q2,Younger Adults (18–64)
23733911,1,51,YR,F,,"",US,US,WEGOVY,SEMAGLUTIDE,,"",PS,Hysterectomy,HO,2024Q2,Younger Adults (18–64)
23733921,2,65,YR,F,129.9,KG,US,US,OZEMPIC,SEMAGLUTIDE,,"",PS,Impaired healing,OT,2024Q2,Older Adults (≥65)
23733922,1,55,YR,F,,"",US,US,OZEMPIC,SEMAGLUTIDE,,"",PS,Skin cosmetic procedure,OT,2024Q2,Younger Adults (18–64)
23733924,1,65,YR,M,,"",US,US,OZEMPIC,SEMAGLUTIDE,,"",PS,Aortic valve replacement,HO,2024Q2,Older Adults (≥65)
23733925,1,75,YR,M,,"",US,US,OZEMPIC,SEMAGLUTIDE,0.5,MG,PS,Constipation,OT,2024Q2,Older Adults (≥65)
23735667,1,35,YR,F,109.35,KG,US,,SEMAGLUTIDE,SEMAGLUTIDE,,"",PS,Vomiting,,2024Q2,Younger Adults (18–64)
23736058,1,49,YR,M,138.6,KG,US,,WEGOVY,SEMAGLUTIDE,,"",PS,Dyspnoea,,2024Q2,Younger Adults (18–64)
23736141,1,35,YR,F,111.6,KG,US,,OZEMPIC,SEMAGLUTIDE,,"",PS,Fatigue,,2024Q2,Younger Adults (18–64)
23736153,1,68,YR,F,90,KG,US,,OZEMPIC,SEMAGLUTIDE,,"",PS,Abdominal pain upper,,2024Q2,Older Adults (≥65)
23737844,1,58,YR,F,145.35,KG,US,,WEGOVY,SEMAGLUTIDE,,"",PS,Vomiting,OT,2024Q2,Younger Adults (18–64)
23740542,1,90,YR,F,,"",US,US,OZEMPIC,SEMAGLUTIDE,,"",PS,Hospitalisation,HO,2024Q2,Older Adults (≥65)
23740543,1,49,YR,M,,"",US,US,OZEMPIC,SEMAGLUTIDE,0.25,MG,PS,Nausea,HO,2024Q2,Younger Adults (18–64)
23740551,1,79,YR,M,,"",US,US,OZEMPIC,SEMAGLUTIDE,,"",PS,Blood pressure decreased,HO,2024Q2,Older Adults (≥65)
23740568,1,48,YR,F,,"",US,US,OZEMPIC,SEMAGLUTIDE,,"",PS,Gastrointestinal pain,HO,2024Q2,Younger Adults (18–64)
23740571,1,64,YR,F,,"",US,US,OZEMPIC,SEMAGLUTIDE,0.5,MG,PS,Gallbladder disorder,HO,2024Q2,Younger Adults (18–64)
23740574,2,44,YR,F,,"",US,US,OZEMPIC,SEMAGLUTIDE,2,MG,PS,Fall,OT,2024Q2,Younger Adults (18–64)
23742425,1,64,YR,F,72,KG,US,,OZEMPIC,SEMAGLUTIDE,,"",PS,Diarrhoea,,2024Q2,Younger Adults (18–64)
23742986,1,67,YR,F,85.5,KG,US,,SEMAGLUTIDE,SEMAGLUTIDE,,"",PS,Taste disorder,,2024Q2,Older Adults (≥65)
23743291,1,40,YR,M,99,KG,US,,WEGOVY,SEMAGLUTIDE,,"",PS,Self-injurious ideation,RI,2024Q2,Younger Adults (18–64)
23743391,1,68,YR,F,72.45,KG,US,,LEVOCARNITINE\SEMAGLUTIDE,LEVOCARNITINE\SEMAGLUTIDE,5,IU,PS,Abdominal distension,DS,2024Q2,Older Adults (≥65)
23743504,1,58,YR,F,110.25,KG,US,,OZEMPIC,SEMAGLUTIDE,,"",PS,Cholecystectomy,,2024Q2,Younger Adults (18–64)
23743505,1,56,YR,M,,"",US,,OZEMPIC,SEMAGLUTIDE,,"",PS,Chills,OT,2024Q2,Younger Adults (18–64)
23743787,1,40,YR,M,385,LBS,US,,WEGOVY,SEMAGLUTIDE,2,ML,PS,Pyrexia,,2024Q2,Younger Adults (18–64)
23744314,1,60,YR,F,76.5,KG,US,,SEMAGLUTIDE,SEMAGLUTIDE,,"",PS,Diarrhoea,,2024Q2,Younger Adults (18–64)
23745257,1,64,YR,M,,"",US,US,OZEMPIC,SEMAGLUTIDE,0.5,MG,PS,Inappropriate schedule of product administration,HO,2024Q2,Younger Adults (18–64)
23745274,1,63,YR,M,,"",US,US,OZEMPIC,SEMAGLUTIDE,,"",PS,Product availability issue,DE,2024Q2,Younger Adults (18–64)
23745280,1,63,YR,F,,"",US,US,OZEMPIC,SEMAGLUTIDE,0.25,MG,PS,Nephrolithiasis,OT,2024Q2,Younger Adults (18–64)
23747856,1,62,YR,F,74.25,KG,US,,SEMAGLUTIDE,SEMAGLUTIDE,,"",PS,Depression,HO,2024Q2,Younger Adults (18–64)
23748022,1,42,YR,F,63,KG,US,,SEMAGLUTIDE,SEMAGLUTIDE,1,MG,PS,Pancreatitis necrotising,DE,2024Q2,Younger Adults (18–64)
23749335,1,66,YR,F,103.5,KG,US,,PYRIDOXINE\SEMAGLUTIDE,PYRIDOXINE\SEMAGLUTIDE,,"",PS,Fatigue,OT,2024Q2,Older Adults (≥65)
23750018,1,67,YR,F,,"",US,US,OZEMPIC,SEMAGLUTIDE,,"",PS,Cerebrovascular accident,HO,2024Q2,Older Adults (≥65)
23750027,1,57,YR,F,,"",US,US,WEGOVY,SEMAGLUTIDE,0.5,MG,PS,Deep vein thrombosis,HO,2024Q2,Younger Adults (18–64)
23750029,1,69,YR,F,,"",US,US,OZEMPIC,SEMAGLUTIDE,,"",PS,Blood glucose increased,OT,2024Q2,Older Adults (≥65)
23751713,1,70,YR,F,98.1,KG,US,,OZEMPIC,SEMAGLUTIDE,2,MG,PS,Vomiting,,2024Q2,Older Adults (≥65)
23751977,1,47,YR,F,92.7,KG,US,,OZEMPIC,SEMAGLUTIDE,,"",PS,Dehydration,,2024Q2,Younger Adults (18–64)
23751978,1,55,YR,F,67.5,KG,US,,RYBELSUS,SEMAGLUTIDE,,"",PS,Gastrointestinal disorder,OT,2024Q2,Younger Adults (18–64)
23752459,1,50,YR,M,,"",US,,OZEMPIC,SEMAGLUTIDE,,"",PS,Completed suicide,DE,2024Q2,Younger Adults (18–64)
23753484,1,55,YR,,,"",US,US,OZEMPIC,SEMAGLUTIDE,,"",PS,Hospitalisation,HO,2024Q2,Younger Adults (18–64)
23753525,1,51,YR,M,94.5,KG,US,,OZEMPIC,SEMAGLUTIDE,,"",PS,Arthralgia,,2024Q2,Younger Adults (18–64)
23754386,1,50,YR,M,,"",US,US,OZEMPIC,SEMAGLUTIDE,,"",PS,Renal cell carcinoma,OT,2024Q2,Younger Adults (18–64)
23754408,2,54,YR,M,,"",US,US,OZEMPIC,SEMAGLUTIDE,,"",PS,Device breakage,OT,2024Q2,Younger Adults (18–64)
23754409,1,70,YR,F,,"",US,US,OZEMPIC,SEMAGLUTIDE,,"",PS,Constipation,OT,2024Q2,Older Adults (≥65)
23754412,1,72,YR,M,,"",US,US,OZEMPIC,SEMAGLUTIDE,0.5,MG,PS,Eye haemorrhage,OT,2024Q2,Older Adults (≥65)
23754417,1,71,YR,F,,"",US,US,OZEMPIC,SEMAGLUTIDE,,"",PS,Memory impairment,OT,2024Q2,Older Adults (≥65)
23754434,1,67,YR,M,,"",US,US,OZEMPIC,SEMAGLUTIDE,,"",PS,Dehydration,OT,2024Q2,Older Adults (≥65)
23754440,1,32,YR,F,,"",US,US,WEGOVY,SEMAGLUTIDE,2.4,MG,PS,Maternal exposure during pregnancy,OT,2024Q2,Younger Adults (18–64)
23756300,1,38,YR,F,71.55,KG,US,,OZEMPIC,SEMAGLUTIDE,,"",PS,Anxiety,DS,2024Q2,Younger Adults (18–64)
23756554,1,44,YR,F,99,KG,US,,SEMAGLUTIDE,SEMAGLUTIDE,,"",PS,Symptom recurrence,OT,2024Q2,Younger Adults (18–64)
23757315,1,65,YR,F,99,KG,US,,OZEMPIC,SEMAGLUTIDE,,"",PS,Therapy cessation,DS,2024Q2,Older Adults (≥65)
23757422,1,62,YR,F,180,LBS,US,,OZEMPIC,SEMAGLUTIDE,,"",PS,Gastrointestinal necrosis,DE,2024Q2,Younger Adults (18–64)
23757798,1,68,YR,F,104.33,KG,US,,OZEMPIC,SEMAGLUTIDE,1,MG,PS,Blood calcium increased,LT,2024Q2,Older Adults (≥65)
23760071,1,80,YR,F,,"",US,US,OZEMPIC,SEMAGLUTIDE,,"",PS,Fall,HO,2024Q2,Older Adults (≥65)
23760084,1,76,YR,F,,"",US,US,WEGOVY,SEMAGLUTIDE,0.5,MG,PS,Nausea,HO,2024Q2,Older Adults (≥65)
23760095,1,60,YR,M,,"",US,US,OZEMPIC,SEMAGLUTIDE,,"",PS,Intestinal obstruction,OT,2024Q2,Younger Adults (18–64)
23760102,1,72,YR,F,,"",US,US,RYBELSUS,SEMAGLUTIDE,,"",PS,Pupil dilation procedure,OT,2024Q2,Older Adults (≥65)
23760106,1,61,YR,M,,"",US,US,WEGOVY,SEMAGLUTIDE,0.25,MG,PS,Vomiting,OT,2024Q2,Younger Adults (18–64)
23760112,1,78,YR,F,,"",US,US,OZEMPIC,SEMAGLUTIDE,2,MG,PS,Vomiting,HO,2024Q2,Older Adults (≥65)
23760115,1,46,YR,F,,"",US,US,OZEMPIC,SEMAGLUTIDE,,"",PS,Intestinal obstruction,HO,2024Q2,Younger Adults (18–64)
23766415,1,53,YR,F,,"",US,US,WEGOVY,SEMAGLUTIDE,,"",PS,Arthritis,OT,2024Q2,Younger Adults (18–64)
23766424,1,73,YR,F,,"",US,US,OZEMPIC,SEMAGLUTIDE,,"",PS,Joint injury,HO,2024Q2,Older Adults (≥65)
23766446,1,37,YR,F,,"",US,US,WEGOVY,SEMAGLUTIDE,0.25,MG,PS,Antipsychotic drug level increased,HO,2024Q2,Younger Adults (18–64)
23768342,1,58,YR,F,,"",US,,OZEMPIC,SEMAGLUTIDE,,"",PS,Drug ineffective,,2024Q2,Younger Adults (18–64)
23768788,1,40,YR,M,90.72,KG,US,,SEMAGLUTIDE,SEMAGLUTIDE,,"",PS,Insomnia,,2024Q2,Younger Adults (18–64)
23768839,1,62,YR,M,122,KG,US,,SEMAGLUTIDE,SEMAGLUTIDE,0.25,MG,PS,Cellulitis,HO,2024Q2,Younger Adults (18–64)
23768932,1,42,YR,F,89.6,KG,US,,SEMAGLUTIDE,SEMAGLUTIDE,,"",PS,Cholecystitis,OT,2024Q2,Younger Adults (18–64)
23769132,1,30,YR,F,110.68,KG,US,,OZEMPIC,SEMAGLUTIDE,,"",PS,Nausea,DS,2024Q2,Younger Adults (18–64)
23769661,1,37,YR,F,,"",US,,OZEMPIC,SEMAGLUTIDE,,"",PS,Condition aggravated,DS,2024Q2,Younger Adults (18–64)
23769679,1,61,YR,F,74.25,KG,US,,SEMAGLUTIDE,SEMAGLUTIDE,,"",PS,Diarrhoea,LT,2024Q2,Younger Adults (18–64)
23769934,1,40,YR,M,90.7,KG,US,,SEMAGLUTIDE,SEMAGLUTIDE,,"",PS,Nausea,HO,2024Q2,Younger Adults (18–64)
23769960,1,62,YR,M,122,KG,US,,SEMAGLUTIDE,SEMAGLUTIDE,0.25,MG,PS,Sepsis,HO,2024Q2,Younger Adults (18–64)
23769966,1,73,YR,M,,"",US,,SEMAGLUTIDE,SEMAGLUTIDE,0.25,MG,PS,Diarrhoea,HO,2024Q2,Older Adults (≥65)
23769968,1,59,YR,M,,"",US,,SEMAGLUTIDE,SEMAGLUTIDE,,"",PS,Vomiting,HO,2024Q2,Younger Adults (18–64)
23769974,1,59,YR,M,,"",US,,SEMAGLUTIDE,SEMAGLUTIDE,,"",PS,Vomiting,HO,2024Q2,Younger Adults (18–64)
23770045,4,82,YR,M,,"",US,US,OZEMPIC,SEMAGLUTIDE,0.25,MG,PS,Intercepted product dispensing error,HO,2024Q4,Older Adults (≥65)
23770106,1,78,YR,M,112,KG,US,,SEMAGLUTIDE,SEMAGLUTIDE,1,MG,PS,Pancreatitis acute,HO,2024Q2,Older Adults (≥65)
23770107,1,69,YR,M,99,KG,US,,SEMAGLUTIDE,SEMAGLUTIDE,1,MG,PS,Dehydration,HO,2024Q2,Older Adults (≥65)
23771120,1,56,YR,F,,"",US,US,OZEMPIC,SEMAGLUTIDE,,"",PS,Atypical pneumonia,OT,2024Q2,Younger Adults (18–64)
23771121,1,65,YR,F,,"",US,US,OZEMPIC,SEMAGLUTIDE,1,MG,PS,Injection site swelling,OT,2024Q2,Older Adults (≥65)
23771124,2,64,YR,M,,"",US,US,OZEMPIC,SEMAGLUTIDE,1,MG,PS,Rotator cuff syndrome,OT,2024Q2,Younger Adults (18–64)
23771131,1,72,YR,M,,"",US,US,RYBELSUS,SEMAGLUTIDE,14,MG,PS,Heart rate irregular,HO,2024Q2,Older Adults (≥65)
23775024,1,73,YR,M,81.6,KG,US,,SEMAGLUTIDE,SEMAGLUTIDE,,"",PS,Nausea,,2024Q2,Older Adults (≥65)
23776024,1,59,YR,F,,"",US,ZA,WEGOVY,SEMAGLUTIDE,,"",PS,Gastroenteritis salmonella,LT,2024Q2,Younger Adults (18–64)
23776037,1,51,YR,F,,"",US,US,OZEMPIC,SEMAGLUTIDE,1,MG,PS,Colitis,OT,2024Q2,Younger Adults (18–64)
23776040,1,68,YR,F,,"",US,US,OZEMPIC,SEMAGLUTIDE,0.5,MG,PS,Heart rate decreased,HO,2024Q2,Older Adults (≥65)
23776062,1,74,YR,F,,"",US,US,OZEMPIC,SEMAGLUTIDE,0.5,MG,PS,Corneal transplant,OT,2024Q2,Older Adults (≥65)
23776063,2,47,YR,M,,"",US,US,WEGOVY,SEMAGLUTIDE,2.4,MG,PS,Constipation,HO,2024Q4,Younger Adults (18–64)
23777359,1,71,YR,F,98.43,KG,US,,OZEMPIC,SEMAGLUTIDE,,"",PS,Gait disturbance,,2024Q2,Older Adults (≥65)
23777659,1,49,YR,F,,"",US,,CYANOCOBALAMIN\GLYCINE\SEMAGLUTIDE,CYANOCOBALAMIN\GLYCINE\SEMAGLUTIDE,0.05,ML,PS,Incorrect dose administered,,2024Q2,Younger Adults (18–64)
23777744,1,84,YR,UNK,117,KG,US,,WEGOVY,SEMAGLUTIDE,,"",PS,Vomiting,,2024Q2,Older Adults (≥65)
23777979,1,61,YR,F,118.8,KG,US,,OZEMPIC,SEMAGLUTIDE,,"",PS,Ileus paralytic,,2024Q2,Younger Adults (18–64)
23778045,1,54,YR,F,76.5,KG,US,,OZEMPIC,SEMAGLUTIDE,,"",PS,Pneumonia aspiration,HO,2024Q2,Younger Adults (18–64)
23779092,1,56,YR,F,101.25,KG,US,,OZEMPIC,SEMAGLUTIDE,0.5,MG,PS,Suicidal ideation,OT,2024Q2,Younger Adults (18–64)
23779094,1,58,YR,F,,"",US,,CYANOCOBALAMIN\SEMAGLUTIDE,CYANOCOBALAMIN\SEMAGLUTIDE,0.25,ML,PS,Vomiting,,2024Q2,Younger Adults (18–64)
23779285,1,69,YR,F,81.6,KG,US,,SEMAGLUTIDE,SEMAGLUTIDE,,"",PS,Therapy interrupted,,2024Q2,Older Adults (≥65)
23780717,1,59,YR,M,,"",US,US,OZEMPIC,SEMAGLUTIDE,2,ML,PS,Depression,OT,2024Q2,Younger Adults (18–64)
23780774,1,64,YR,F,,"",US,US,WEGOVY,SEMAGLUTIDE,,"",PS,Seizure,OT,2024Q2,Younger Adults (18–64)
23780781,1,69,YR,M,,"",US,US,WEGOVY,SEMAGLUTIDE,,"",PS,Gastric cancer,OT,2024Q2,Older Adults (≥65)
23780793,1,84,YR,M,,"",US,US,OZEMPIC,SEMAGLUTIDE,0.5,MG,PS,Localised infection,OT,2024Q2,Older Adults (≥65)
23783651,1,67,YR,M,,"",US,,SEMAGLUTIDE,SEMAGLUTIDE,,"",PS,Diarrhoea,HO,2024Q2,Older Adults (≥65)
23783652,1,60,YR,M,,"",US,,OZEMPIC,SEMAGLUTIDE,0.5,MG,PS,Decreased appetite,,2024Q2,Younger Adults (18–64)
23784441,1,65,YR,M,76.5,KG,US,,OZEMPIC,SEMAGLUTIDE,,"",PS,Nausea,HO,2024Q2,Older Adults (≥65)
23784445,1,38,YR,F,97.65,KG,US,,WEGOVY,SEMAGLUTIDE,2.4,MG,PS,Alopecia,DS,2024Q2,Younger Adults (18–64)
23785090,1,62,YR,,,"",US,US,OZEMPIC,SEMAGLUTIDE,,"",PS,Cerebrovascular accident,OT,2024Q2,Younger Adults (18–64)
23785150,1,60,YR,M,,"",US,,CYANOCOBALAMIN\GLYCINE\SEMAGLUTIDE,CYANOCOBALAMIN\GLYCINE\SEMAGLUTIDE,0.3,ML,PS,Vomiting,,2024Q2,Younger Adults (18–64)
23789932,1,85,YR,M,,"",US,,SEMAGLUTIDE,SEMAGLUTIDE,0.5,MG,PS,Dizziness,HO,2024Q2,Older Adults (≥65)
23791514,1,77,YR,M,,"",US,US,OZEMPIC,SEMAGLUTIDE,,"",PS,Abdominal distension,OT,2024Q2,Older Adults (≥65)
23791517,2,84,YR,M,,"",US,US,OZEMPIC,SEMAGLUTIDE,1,MG,PS,Back pain,HO,2024Q2,Older Adults (≥65)
23792026,1,67,YR,M,,"",US,US,OZEMPIC,SEMAGLUTIDE,1,MG,PS,Bile duct stone,OT,2024Q2,Older Adults (≥65)
23792028,3,43,YR,F,,"",US,US,OZEMPIC,SEMAGLUTIDE,1,MG,PS,Schizophrenia,OT,2024Q3,Younger Adults (18–64)
23792047,1,53,YR,F,,"",US,US,WEGOVY,SEMAGLUTIDE,,"",PS,Loss of consciousness,HO,2024Q2,Younger Adults (18–64)
23792049,2,46,YR,M,99.32,KG,US,US,OZEMPIC,SEMAGLUTIDE,0.25,MG,PS,Ileus,LT,2024Q4,Younger Adults (18–64)
23792052,1,74,YR,F,,"",US,US,OZEMPIC,SEMAGLUTIDE,,"",PS,Arrhythmia,HO,2024Q2,Older Adults (≥65)
23792227,4,87,YR,F,73.469,KG,US,US,OZEMPIC,SEMAGLUTIDE,0.25,MG,PS,Fatigue,HO,2024Q3,Older Adults (≥65)
23795614,1,69,YR,M,,"",US,US,OZEMPIC,SEMAGLUTIDE,2,MG,PS,Intervertebral disc protrusion,HO,2024Q2,Older Adults (≥65)
23795634,1,65,YR,F,,"",US,US,SEMAGLUTIDE,SEMAGLUTIDE,,"",PS,Weight decreased,OT,2024Q2,Older Adults (≥65)
23796603,3,71,YR,F,,"",US,US,OZEMPIC,SEMAGLUTIDE,2,MG,PS,Constipation,OT,2024Q3,Older Adults (≥65)
23796608,1,68,YR,F,,"",US,US,OZEMPIC,SEMAGLUTIDE,,"",PS,Product use in unapproved indication,OT,2024Q2,Older Adults (≥65)
23796611,1,65,YR,F,179,KG,US,US,OZEMPIC,SEMAGLUTIDE,,"",PS,High frequency ablation,OT,2024Q2,Older Adults (≥65)
23796625,1,74,YR,M,,"",US,US,OZEMPIC,SEMAGLUTIDE,,"",PS,Constipation,OT,2024Q2,Older Adults (≥65)
23796626,1,69,YR,F,,"",US,US,OZEMPIC,SEMAGLUTIDE,,"",PS,Intraocular lens implant,OT,2024Q2,Older Adults (≥65)
23796632,1,51,YR,F,,"",US,US,WEGOVY,SEMAGLUTIDE,2.4,MG,PS,Alcoholism,OT,2024Q2,Younger Adults (18–64)
23797833,1,27,YR,M,149.4,KG,US,,OZEMPIC,SEMAGLUTIDE,,"",PS,Weight increased,,2024Q2,Younger Adults (18–64)
23798335,1,55,YR,F,,"",US,,CYANOCOBALAMIN\GLYCINE\SEMAGLUTIDE,CYANOCOBALAMIN\GLYCINE\SEMAGLUTIDE,0.3,ML,PS,Therapy interrupted,,2024Q2,Younger Adults (18–64)
23798704,1,54,YR,M,90,KG,US,,OZEMPIC,SEMAGLUTIDE,,"",PS,Vomiting projectile,HO,2024Q2,Younger Adults (18–64)
23799011,1,77,YR,M,81,KG,US,,SEMAGLUTIDE,SEMAGLUTIDE,1,MG,PS,Cholelithiasis,HO,2024Q2,Older Adults (≥65)
23799536,1,59,YR,F,96.75,KG,US,,OZEMPIC,SEMAGLUTIDE,,"",PS,Pruritus,OT,2024Q2,Younger Adults (18–64)
23799544,1,55,YR,F,85.05,KG,US,,SEMAGLUTIDE,SEMAGLUTIDE,,"",PS,Rash pruritic,OT,2024Q2,Younger Adults (18–64)
23799679,1,61,YR,M,87.75,KG,US,,SEMAGLUTIDE,SEMAGLUTIDE,,"",PS,Athletic heart syndrome,HO,2024Q2,Younger Adults (18–64)
23799720,1,72,YR,F,73.8,KG,US,,OZEMPIC,SEMAGLUTIDE,,"",PS,Dizziness,DS,2024Q2,Older Adults (≥65)
23800541,1,51,YR,M,99.3,KG,US,,SEMAGLUTIDE,SEMAGLUTIDE,0.5,MG,PS,Pancreatitis,HO,2024Q2,Younger Adults (18–64)
23800617,1,54,YR,F,,"",US,US,OZEMPIC,SEMAGLUTIDE,,"",PS,Gastrointestinal disorder,OT,2024Q2,Younger Adults (18–64)
23800855,1,53,YR,F,,"",US,,CYANOCOBALAMIN\GLYCINE\SEMAGLUTIDE,CYANOCOBALAMIN\GLYCINE\SEMAGLUTIDE,0.2,ML,PS,Therapy interrupted,,2024Q2,Younger Adults (18–64)
23800884,1,78,YR,M,,"",US,,CYANOCOBALAMIN\GLYCINE\SEMAGLUTIDE,CYANOCOBALAMIN\GLYCINE\SEMAGLUTIDE,0.05,ML,PS,Incorrect dose administered,,2024Q2,Older Adults (≥65)
23803327,1,50,YR,F,73.35,KG,US,,OZEMPIC,SEMAGLUTIDE,,"",PS,Product communication issue,,2024Q2,Younger Adults (18–64)
23803335,1,52,YR,F,99,KG,US,,OZEMPIC,SEMAGLUTIDE,,"",PS,Nausea,OT,2024Q2,Younger Adults (18–64)
23803347,1,84,YR,M,118,KG,US,,SEMAGLUTIDE,SEMAGLUTIDE,2,MG,PS,Respiratory disorder,,2024Q2,Older Adults (≥65)
23803697,1,44,YR,F,79.2,KG,US,,SEMAGLUTIDE,SEMAGLUTIDE,,"",PS,Anxiety,LT,2024Q2,Younger Adults (18–64)
23803730,1,84,YR,,,"",US,US,OZEMPIC,SEMAGLUTIDE,,"",PS,Medullary thyroid cancer,OT,2024Q2,Older Adults (≥65)
23805228,1,77,YR,F,,"",US,US,OZEMPIC,SEMAGLUTIDE,,"",PS,Upper limb fracture,OT,2024Q2,Older Adults (≥65)
23805239,1,63,YR,F,,"",US,US,OZEMPIC,SEMAGLUTIDE,,"",PS,Nausea,OT,2024Q2,Younger Adults (18–64)
23805243,2,80,YR,F,99.773,KG,US,US,OZEMPIC,SEMAGLUTIDE,2,MG,PS,Optic ischaemic neuropathy,OT,2024Q2,Older Adults (≥65)
23805244,1,65,YR,F,,"",US,US,OZEMPIC,SEMAGLUTIDE,,"",PS,Hip surgery,HO,2024Q2,Older Adults (≥65)
23805246,1,56,YR,M,,"",US,US,OZEMPIC,SEMAGLUTIDE,,"",PS,Coronary arterial stent insertion,OT,2024Q2,Younger Adults (18–64)
23805254,2,64,YR,F,,"",US,US,OZEMPIC,SEMAGLUTIDE,1,MG,PS,Pain,OT,2024Q3,Younger Adults (18–64)
23805257,2,64,YR,F,,"",US,US,RYBELSUS,SEMAGLUTIDE,,"",PS,Ileus paralytic,OT,2024Q3,Younger Adults (18–64)
23808095,1,60,YR,F,,"",US,,OZEMPIC,SEMAGLUTIDE,,"",PS,Impaired gastric emptying,LT,2024Q2,Younger Adults (18–64)
23811531,1,76,YR,M,,"",US,US,OZEMPIC,SEMAGLUTIDE,,"",PS,Cerebrovascular accident,HO,2024Q2,Older Adults (≥65)
23811549,2,54,YR,F,,"",US,US,OZEMPIC,SEMAGLUTIDE,,"",PS,Anxiety,OT,2024Q2,Younger Adults (18–64)
23811550,2,58,YR,M,,"",US,US,OZEMPIC,SEMAGLUTIDE,2,MG,PS,Spinal operation,HO,2024Q2,Younger Adults (18–64)
23815804,1,72,YR,M,130.5,KG,US,,OZEMPIC,SEMAGLUTIDE,,"",PS,Diarrhoea,LT,2024Q2,Older Adults (≥65)
23815947,1,44,YR,F,99,KG,US,,SEMAGLUTIDE,SEMAGLUTIDE,,"",PS,Depression,,2024Q2,Younger Adults (18–64)
23817731,2,72,YR,F,,"",US,US,OZEMPIC,SEMAGLUTIDE,0.5,MG,PS,Cataract,OT,2024Q2,Older Adults (≥65)
23817745,1,67,YR,F,,"",US,US,OZEMPIC,SEMAGLUTIDE,,"",PS,Off label use,OT,2024Q2,Older Adults (≥65)
23817828,1,47,YR,M,,"",US,US,OZEMPIC,SEMAGLUTIDE,,"",PS,Scrotal abscess,OT,2024Q2,Younger Adults (18–64)
23817829,1,75,YR,F,,"",US,US,OZEMPIC,SEMAGLUTIDE,,"",PS,Cholelithiasis,OT,2024Q2,Older Adults (≥65)
23817831,1,65,YR,F,,"",US,US,RYBELSUS,SEMAGLUTIDE,,"",PS,Dehydration,HO,2024Q2,Older Adults (≥65)
23817837,1,40,YR,F,,"",US,US,WEGOVY,SEMAGLUTIDE,2.4,MG,PS,Obstructive pancreatitis,HO,2024Q2,Younger Adults (18–64)
23817892,2,72,YR,M,,"",US,US,OZEMPIC,SEMAGLUTIDE,2,MG,PS,Pneumonia,DE,2024Q3,Older Adults (≥65)
23817898,1,67,YR,F,,"",US,US,OZEMPIC,SEMAGLUTIDE,,"",PS,Knee operation,OT,2024Q2,Older Adults (≥65)
23817905,1,71,YR,F,,"",US,US,OZEMPIC,SEMAGLUTIDE,,"",PS,Skin cancer,OT,2024Q2,Older Adults (≥65)
23817962,1,60,YR,F,,"",US,US,OZEMPIC,SEMAGLUTIDE,0.5,MG,PS,Therapeutic procedure,OT,2024Q2,Younger Adults (18–64)
23817965,1,93,YR,F,150,KG,US,US,OZEMPIC,SEMAGLUTIDE,0.25,MG,PS,Decreased appetite,HO,2024Q2,Older Adults (≥65)
23820444,1,65,YR,F,,"",US,,OZEMPIC,SEMAGLUTIDE,,"",PS,Glycosylated haemoglobin increased,HO,2024Q2,Older Adults (≥65)
23820655,1,55,YR,M,104.4,KG,US,,OZEMPIC,SEMAGLUTIDE,,"",PS,Ear discomfort,DS,2024Q2,Younger Adults (18–64)
23821433,1,47,YR,F,,"",US,,OZEMPIC,SEMAGLUTIDE,,"",PS,Unresponsive to stimuli,DE,2024Q2,Younger Adults (18–64)
23821448,1,41,YR,F,135,KG,US,,OZEMPIC,SEMAGLUTIDE,,"",PS,Condition aggravated,OT,2024Q2,Younger Adults (18–64)
23821507,1,56,YR,F,81,KG,US,,OZEMPIC,SEMAGLUTIDE,1,MG,PS,Presyncope,LT,2024Q2,Younger Adults (18–64)
23822444,1,63,YR,M,69,KG,US,,SEMAGLUTIDE,SEMAGLUTIDE,1,MG,PS,Hyperphosphataemia,HO,2024Q2,Younger Adults (18–64)
23823221,1,59,YR,F,70.3,KG,US,US,OZEMPIC,SEMAGLUTIDE,,"",PS,Nausea,HO,2024Q2,Younger Adults (18–64)
23823224,2,46,YR,F,,"",US,US,WEGOVY,SEMAGLUTIDE,0.25,MG,PS,Diarrhoea,HO,2024Q4,Younger Adults (18–64)
23823227,2,71,YR,M,,"",US,US,OZEMPIC,SEMAGLUTIDE,,"",PS,Cataract operation,OT,2024Q3,Older Adults (≥65)
23823228,1,64,YR,F,,"",US,US,OZEMPIC,SEMAGLUTIDE,,"",PS,Haematemesis,OT,2024Q2,Younger Adults (18–64)
23826481,1,28,YR,F,,"",US,,CYANOCOBALAMIN\SEMAGLUTIDE,CYANOCOBALAMIN\SEMAGLUTIDE,1,ML,PS,Nausea,,2024Q2,Younger Adults (18–64)
23826482,1,36,YR,F,,"",US,,CYANOCOBALAMIN\GLYCINE\SEMAGLUTIDE,CYANOCOBALAMIN\GLYCINE\SEMAGLUTIDE,0.05,ML,PS,Vomiting,OT,2024Q2,Younger Adults (18–64)
23827507,1,54,YR,F,128.25,KG,US,,OZEMPIC,SEMAGLUTIDE,,"",PS,Impaired work ability,OT,2024Q2,Younger Adults (18–64)
23828380,2,45,YR,M,,"",US,US,WEGOVY,SEMAGLUTIDE,,"",PS,Embolic stroke,OT,2024Q2,Younger Adults (18–64)
23828386,2,61,YR,M,,"",US,US,OZEMPIC,SEMAGLUTIDE,,"",PS,Hip arthroplasty,HO,2024Q2,Younger Adults (18–64)
23828388,1,48,YR,F,,"",US,US,WEGOVY,SEMAGLUTIDE,0.25,MG,PS,Abscess,OT,2024Q2,Younger Adults (18–64)
23828392,1,76,YR,F,,"",US,US,OZEMPIC,SEMAGLUTIDE,0.5,MG,PS,Injection site pain,OT,2024Q2,Older Adults (≥65)
23828400,1,41,YR,M,,"",US,US,OZEMPIC,SEMAGLUTIDE,,"",PS,Diabetes mellitus inadequate control,OT,2024Q2,Younger Adults (18–64)
23828402,2,39,YR,F,128.35,KG,US,US,OZEMPIC,SEMAGLUTIDE,0.25,MG,PS,Haematemesis,HO,2024Q4,Younger Adults (18–64)
23831502,1,31,YR,F,,"",US,,OZEMPIC,SEMAGLUTIDE,,"",PS,Arthralgia,,2024Q2,Younger Adults (18–64)
23832191,1,55,YR,F,262,LBS,US,,OZEMPIC,SEMAGLUTIDE,0.5,MG,PS,Suicidal ideation,,2024Q2,Younger Adults (18–64)
23832587,1,65,YR,M,,"",US,,OZEMPIC,SEMAGLUTIDE,,"",PS,Skin burning sensation,,2024Q2,Older Adults (≥65)
23833909,1,70,YR,F,,"",US,US,OZEMPIC,SEMAGLUTIDE,,"",PS,Alopecia,OT,2024Q2,Older Adults (≥65)
23833913,1,55,YR,M,,"",US,US,OZEMPIC,SEMAGLUTIDE,,"",PS,Weight increased,OT,2024Q2,Younger Adults (18–64)
23835983,1,73,YR,F,255,LBS,US,,WEGOVY,SEMAGLUTIDE,,"",PS,Arthralgia,,2024Q2,Older Adults (≥65)
23836315,1,64,YR,F,90,KG,US,,RYBELSUS,SEMAGLUTIDE,,"",PS,Flatulence,DS,2024Q2,Younger Adults (18–64)
23837474,1,77,YR,M,80.1,KG,US,,OZEMPIC,SEMAGLUTIDE,,"",PS,Balance disorder,DS,2024Q2,Older Adults (≥65)
23838082,1,35,YR,F,,"",US,,CYANOCOBALAMIN\GLYCINE\SEMAGLUTIDE,CYANOCOBALAMIN\GLYCINE\SEMAGLUTIDE,0.05,ML,PS,Nausea,,2024Q2,Younger Adults (18–64)
23839591,2,75,YR,F,,"",US,US,OZEMPIC,SEMAGLUTIDE,0.5,MG,PS,Wrong technique in product usage process,OT,2024Q3,Older Adults (≥65)
23839597,1,20,YR,M,90.658,KG,US,US,OZEMPIC,SEMAGLUTIDE,,"",PS,Pain,HO,2024Q2,Younger Adults (18–64)
23839599,2,59,YR,F,,"",US,US,WEGOVY,SEMAGLUTIDE,1,MG,PS,Discoloured vomit,OT,2024Q2,Younger Adults (18–64)
23839601,2,74,YR,F,113.83,KG,US,US,OZEMPIC,SEMAGLUTIDE,0.5,MG,PS,Periarthritis,OT,2024Q3,Older Adults (≥65)
23839612,1,68,YR,M,,"",US,US,RYBELSUS,SEMAGLUTIDE,14,MG,PS,Pancreatitis,HO,2024Q2,Older Adults (≥65)
23839613,1,63,YR,F,,"",US,US,OZEMPIC,SEMAGLUTIDE,1,MG,PS,Dolichocolon,OT,2024Q2,Younger Adults (18–64)
23841496,1,29,YR,F,92.25,KG,US,,SEMAGLUTIDE,SEMAGLUTIDE,,"",PS,Pain,HO,2024Q2,Younger Adults (18–64)
23842259,1,60,YR,F,72,KG,US,,OZEMPIC,SEMAGLUTIDE,,"",PS,Quality of life decreased,OT,2024Q2,Younger Adults (18–64)
23842309,1,78,YR,F,135,LBS,US,,OZEMPIC,SEMAGLUTIDE,,"",PS,Abdominal pain upper,HO,2024Q2,Older Adults (≥65)
23842360,1,66,YR,F,,"",US,,SEMAGLUTIDE,SEMAGLUTIDE,1,MG,PS,Incorrect dose administered,RI,2024Q2,Older Adults (≥65)
23842473,1,68,YR,M,86,KG,US,,SEMAGLUTIDE,SEMAGLUTIDE,0.25,MG,PS,Lethargy,HO,2024Q2,Older Adults (≥65)
23842475,1,73,YR,M,80,KG,US,,SEMAGLUTIDE,SEMAGLUTIDE,0.5,MG,PS,Pancreatitis,HO,2024Q2,Older Adults (≥65)
23843101,1,39,YR,M,130.5,KG,US,,WEGOVY,SEMAGLUTIDE,,"",PS,Musculoskeletal pain,LT,2024Q2,Younger Adults (18–64)
23843324,3,48,YR,F,,"",US,US,OZEMPIC,SEMAGLUTIDE,1,MG,PS,Cataract operation,OT,2024Q2,Younger Adults (18–64)
23843363,2,63,YR,F,130.27,KG,US,US,OZEMPIC,SEMAGLUTIDE,,"",PS,Spinal osteoarthritis,OT,2024Q3,Younger Adults (18–64)
23846565,1,68,YR,F,,"",US,US,OZEMPIC,SEMAGLUTIDE,,"",PS,Myocardial infarction,HO,2024Q2,Older Adults (≥65)
23846570,2,70,YR,F,,"",US,US,OZEMPIC,SEMAGLUTIDE,0.25,MG,PS,Blood potassium decreased,HO,2024Q2,Older Adults (≥65)
23848208,1,51,YR,M,105.75,KG,US,,OZEMPIC,SEMAGLUTIDE,,"",PS,Nasal congestion,LT,2024Q2,Younger Adults (18–64)
23848315,1,74,YR,M,,"",US,,SEMAGLUTIDE,SEMAGLUTIDE,,"",PS,Hypomagnesaemia,HO,2024Q2,Older Adults (≥65)
23848791,1,85,YR,F,88,KG,US,,SEMAGLUTIDE,SEMAGLUTIDE,,"",PS,Pneumonia aspiration,LT,2024Q2,Older Adults (≥65)
23849586,1,73,YR,M,,"",US,,SEMAGLUTIDE,SEMAGLUTIDE,,"",PS,Diarrhoea,HO,2024Q2,Older Adults (≥65)
23849593,1,50,YR,F,101.25,KG,US,,SEMAGLUTIDE,SEMAGLUTIDE,,"",PS,Therapy interrupted,OT,2024Q2,Younger Adults (18–64)
23850042,1,60,YR,M,,"",US,,SEMAGLUTIDE,SEMAGLUTIDE,,"",PS,Pancreatitis,HO,2024Q2,Younger Adults (18–64)
23850844,2,65,YR,F,136.05,KG,US,US,OZEMPIC,SEMAGLUTIDE,0.5,MG,PS,Asthenia,OT,2024Q2,Older Adults (≥65)
23850846,1,26,YR,F,,"",US,US,OZEMPIC,SEMAGLUTIDE,,"",PS,Dizziness,OT,2024Q2,Younger Adults (18–64)
23850874,1,68,YR,F,,"",US,US,OZEMPIC,SEMAGLUTIDE,0.5,MG,PS,Volvulus,OT,2024Q2,Older Adults (≥65)
23852383,1,57,YR,F,88.65,KG,US,,WEGOVY,SEMAGLUTIDE,,"",PS,Pancreatitis,HO,2024Q2,Younger Adults (18–64)
23852881,1,52,YR,F,,"",US,,CYANOCOBALAMIN\GLYCINE\SEMAGLUTIDE,CYANOCOBALAMIN\GLYCINE\SEMAGLUTIDE,0.05,ML,PS,Product dispensing error,,2024Q2,Younger Adults (18–64)
23853659,1,54,YR,F,54.45,KG,US,,SEMAGLUTIDE,SEMAGLUTIDE,,"",PS,Pain of skin,OT,2024Q2,Younger Adults (18–64)
23853893,1,54,YR,F,53.1,KG,US,,OZEMPIC,SEMAGLUTIDE,0.25,MG,PS,Intussusception,HO,2024Q2,Younger Adults (18–64)
23854666,1,74,YR,,,"",US,US,WEGOVY,SEMAGLUTIDE,,"",PS,Disability,DS,2024Q2,Older Adults (≥65)
23854668,2,65,YR,M,,"",US,US,OZEMPIC,SEMAGLUTIDE,1,MG,PS,Heart transplant,OT,2024Q2,Older Adults (≥65)
23855911,1,74,YR,M,,"",US,US,OZEMPIC,SEMAGLUTIDE,1,MG,PS,Cardiac pacemaker insertion,OT,2024Q2,Older Adults (≥65)
23855917,2,71,YR,M,,"",US,US,OZEMPIC,SEMAGLUTIDE,0.5,MG,PS,Vascular device infection,HO,2024Q3,Older Adults (≥65)
23855921,1,76,YR,M,,"",US,US,OZEMPIC,SEMAGLUTIDE,,"",PS,Lymphocyte count decreased,OT,2024Q2,Older Adults (≥65)
23855924,1,72,YR,F,,"",US,US,OZEMPIC,SEMAGLUTIDE,1,MG,PS,Peripheral artery occlusion,HO,2024Q2,Older Adults (≥65)
23855926,1,42,YR,F,,"",US,US,OZEMPIC,SEMAGLUTIDE,,"",PS,Delusion,OT,2024Q2,Younger Adults (18–64)
23855939,1,28,YR,F,,"",US,US,WEGOVY,SEMAGLUTIDE,,"",PS,Spinal operation,HO,2024Q2,Younger Adults (18–64)
23855941,1,74,YR,F,,"",US,US,OZEMPIC,SEMAGLUTIDE,1,MG,PS,Knee arthroplasty,OT,2024Q2,Older Adults (≥65)
23857433,1,75,YR,M,112.04,KG,US,,OZEMPIC,SEMAGLUTIDE,0.25,MG,PS,Optic neuritis,DS,2024Q2,Older Adults (≥65)
23858179,1,76,YR,M,71.55,KG,US,,OZEMPIC,SEMAGLUTIDE,,"",PS,Depression,OT,2024Q2,Older Adults (≥65)
23858183,1,59,YR,M,147.6,KG,US,,OZEMPIC,SEMAGLUTIDE,0.5,MG,PS,Throat tightness,HO,2024Q2,Younger Adults (18–64)
23858204,1,49,YR,F,112.05,KG,US,,OZEMPIC,SEMAGLUTIDE,,"",PS,Chest pain,HO,2024Q2,Younger Adults (18–64)
23858209,1,59,YR,F,80.55,KG,US,,OZEMPIC,SEMAGLUTIDE,,"",PS,Epiretinal membrane,OT,2024Q2,Younger Adults (18–64)
23858528,1,25,YR,F,103.5,KG,US,,SEMAGLUTIDE,SEMAGLUTIDE,,"",PS,Therapy interrupted,HO,2024Q2,Younger Adults (18–64)
23858537,1,54,YR,F,76.5,KG,US,,WEGOVY,SEMAGLUTIDE,,"",PS,Panic attack,OT,2024Q2,Younger Adults (18–64)
23858538,1,37,YR,F,87.3,KG,US,,WEGOVY,SEMAGLUTIDE,,"",PS,Anxiety,RI,2024Q2,Younger Adults (18–64)
23859546,1,57,YR,F,101.25,KG,US,,OZEMPIC,SEMAGLUTIDE,,"",PS,Vomiting projectile,,2024Q2,Younger Adults (18–64)
23860782,1,51,YR,F,,"",US,US,OZEMPIC,SEMAGLUTIDE,,"",PS,Gait disturbance,OT,2024Q2,Younger Adults (18–64)
23860789,1,71,YR,F,,"",US,US,OZEMPIC,SEMAGLUTIDE,0.25,MG,PS,Angiogram peripheral,OT,2024Q2,Older Adults (≥65)
23860795,2,77,YR,F,,"",US,US,RYBELSUS,SEMAGLUTIDE,,"",PS,Weight decreased,OT,2024Q2,Older Adults (≥65)
23862756,1,33,YR,F,66.15,KG,US,,WEGOVY,SEMAGLUTIDE,,"",PS,Coital bleeding,,2024Q2,Younger Adults (18–64)
23863300,1,68,YR,F,232,LBS,US,,OZEMPIC,SEMAGLUTIDE,,"",PS,Decreased interest,,2024Q2,Older Adults (≥65)
23864138,1,70,YR,F,117.9,KG,US,,OZEMPIC,SEMAGLUTIDE,,"",PS,Pain,,2024Q2,Older Adults (≥65)
23865338,1,77,YR,F,,"",US,US,OZEMPIC,SEMAGLUTIDE,2,MG,PS,Gastroenteritis salmonella,HO,2024Q2,Older Adults (≥65)
23865351,2,81,YR,M,,"",US,US,OZEMPIC,SEMAGLUTIDE,0.5,MG,PS,Bladder cancer recurrent,HO,2024Q2,Older Adults (≥65)
23865352,1,39,YR,M,,"",US,US,OZEMPIC,SEMAGLUTIDE,,"",PS,Erectile dysfunction,OT,2024Q2,Younger Adults (18–64)
23865405,1,81,YR,M,,"",US,US,OZEMPIC,SEMAGLUTIDE,0.25,MG,PS,Asthenia,OT,2024Q2,Older Adults (≥65)
23865414,1,65,YR,M,,"",US,US,OZEMPIC,SEMAGLUTIDE,0.25,MG,PS,Eye operation,OT,2024Q2,Older Adults (≥65)
23868038,1,40,YR,F,72,KG,US,,WEGOVY,SEMAGLUTIDE,,"",PS,Fatigue,LT,2024Q2,Younger Adults (18–64)
23868244,1,64,YR,M,105.3,KG,US,,OZEMPIC,SEMAGLUTIDE,,"",PS,Headache,OT,2024Q2,Younger Adults (18–64)
23873928,1,58,YR,M,92.7,KG,US,,OZEMPIC,SEMAGLUTIDE,,"",PS,Haemorrhage,OT,2024Q2,Younger Adults (18–64)
23874502,1,36,YR,F,,"",US,US,OZEMPIC,SEMAGLUTIDE,,"",PS,Nausea,OT,2024Q2,Younger Adults (18–64)
23874517,1,68,YR,M,,"",US,US,OZEMPIC,SEMAGLUTIDE,,"",PS,Nausea,OT,2024Q2,Older Adults (≥65)
23874533,1,60,YR,F,,"",US,US,OZEMPIC,SEMAGLUTIDE,2,MG,PS,Vomiting,OT,2024Q2,Younger Adults (18–64)
23874543,1,74,YR,M,,"",US,US,OZEMPIC,SEMAGLUTIDE,1,MG,PS,Stag horn calculus,OT,2024Q2,Older Adults (≥65)
23874544,1,60,YR,F,,"",US,US,WEGOVY,SEMAGLUTIDE,,"",PS,Headache,HO,2024Q2,Younger Adults (18–64)
23874546,1,69,YR,F,,"",US,US,OZEMPIC,SEMAGLUTIDE,,"",PS,Product dose omission issue,HO,2024Q2,Older Adults (≥65)
23874549,2,60,YR,F,,"",US,US,WEGOVY,SEMAGLUTIDE,2.4,MG,PS,Blood pressure decreased,HO,2024Q2,Younger Adults (18–64)
23874971,1,30,YR,F,82.8,KG,US,,WEGOVY,SEMAGLUTIDE,,"",PS,Developmental hip dysplasia,CA,2024Q2,Younger Adults (18–64)
23874984,1,76,YR,M,85.5,KG,US,,OZEMPIC,SEMAGLUTIDE,,"",PS,Therapy cessation,,2024Q2,Older Adults (≥65)
23875025,1,43,YR,F,80.55,KG,US,,WEGOVY,SEMAGLUTIDE,,"",PS,Influenza,,2024Q2,Younger Adults (18–64)
23875180,1,69,YR,M,281,LBS,US,,OZEMPIC,SEMAGLUTIDE,,"",PS,Abdominal pain upper,RI,2024Q2,Older Adults (≥65)
23875367,1,73,YR,F,139.05,KG,US,,OZEMPIC,SEMAGLUTIDE,,"",PS,Constipation,DS,2024Q2,Older Adults (≥65)
23875414,1,57,YR,M,,"",US,,SEMAGLUTIDE,SEMAGLUTIDE,,"",PS,Impaired gastric emptying,HO,2024Q2,Younger Adults (18–64)
23875479,1,62,YR,F,82.35,KG,US,,WEGOVY,SEMAGLUTIDE,,"",PS,Musculoskeletal stiffness,,2024Q2,Younger Adults (18–64)
23876659,3,63,YR,F,256,KG,US,US,OZEMPIC,SEMAGLUTIDE,0.25,MG,PS,Hip surgery,HO,2024Q3,Younger Adults (18–64)
23876662,1,69,YR,F,,"",US,US,OZEMPIC,SEMAGLUTIDE,0.5,MG,PS,Cataract operation,OT,2024Q2,Older Adults (≥65)
23876664,3,66,YR,F,,"",US,US,OZEMPIC,SEMAGLUTIDE,,"",PS,Lower limb fracture,OT,2024Q3,Older Adults (≥65)
23876675,1,71,YR,F,,"",US,US,OZEMPIC,SEMAGLUTIDE,,"",PS,Cataract operation,OT,2024Q2,Older Adults (≥65)
23878359,1,62,YR,M,,"",US,,OZEMPIC,SEMAGLUTIDE,,"",PS,Inappropriate schedule of product administration,,2024Q2,Younger Adults (18–64)
23878442,1,70,YR,M,99,KG,US,,OZEMPIC,SEMAGLUTIDE,,"",PS,Herpes zoster,,2024Q2,Older Adults (≥65)
23878657,1,63,YR,F,87.75,KG,US,,OZEMPIC,SEMAGLUTIDE,,"",PS,Asthenia,OT,2024Q2,Younger Adults (18–64)
23879554,1,58,YR,F,85.5,KG,US,,OZEMPIC,SEMAGLUTIDE,,"",PS,Anxiety,,2024Q2,Younger Adults (18–64)
23880227,1,58,YR,F,63,KG,US,,RYBELSUS,SEMAGLUTIDE,,"",PS,Cholelithiasis,OT,2024Q2,Younger Adults (18–64)
23880896,1,74,YR,F,,"",US,US,OZEMPIC,SEMAGLUTIDE,,"",PS,Surgery,OT,2024Q2,Older Adults (≥65)
23882421,6,62,YR,F,,"",US,US,WEGOVY,SEMAGLUTIDE,0.25,MG,PS,Colitis ischaemic,HO,2024Q4,Younger Adults (18–64)
23882450,2,67,YR,M,,"",US,US,OZEMPIC,SEMAGLUTIDE,,"",PS,Vomiting,OT,2024Q3,Older Adults (≥65)
23882455,1,70,YR,F,,"",US,US,OZEMPIC,SEMAGLUTIDE,,"",PS,Vision correction operation,HO,2024Q2,Older Adults (≥65)
23884205,1,32,YR,F,157.5,KG,US,,SEMAGLUTIDE,SEMAGLUTIDE,,"",PS,Product communication issue,LT,2024Q2,Younger Adults (18–64)
23884209,1,52,YR,F,96.75,KG,US,,WEGOVY,SEMAGLUTIDE,,"",PS,Pancreatitis acute,HO,2024Q2,Younger Adults (18–64)
23884845,1,64,YR,F,,"",US,US,WEGOVY,SEMAGLUTIDE,1.7,MG,PS,Pain in extremity,HO,2024Q2,Younger Adults (18–64)
23885388,1,61,YR,M,,"",US,,OZEMPIC,SEMAGLUTIDE,,"",PS,Nausea,OT,2024Q2,Younger Adults (18–64)
23885839,1,45,YR,M,85.5,KG,US,,WEGOVY,SEMAGLUTIDE,,"",PS,Thrombosis,LT,2024Q2,Younger Adults (18–64)
23885841,1,65,YR,M,100.8,KG,US,,RYBELSUS,SEMAGLUTIDE,,"",PS,Constipation,DS,2024Q2,Older Adults (≥65)
23886987,1,60,YR,M,,"",US,US,OZEMPIC,SEMAGLUTIDE,0.5,MG,PS,Impaired gastric emptying,DE,2024Q2,Younger Adults (18–64)
23886989,1,37,YR,F,,"",US,US,WEGOVY,SEMAGLUTIDE,0.25,MG,PS,Suicidal ideation,OT,2024Q2,Younger Adults (18–64)
23886992,1,79,YR,F,,"",US,US,OZEMPIC,SEMAGLUTIDE,,"",PS,Condition aggravated,HO,2024Q2,Older Adults (≥65)
23886999,2,62,YR,M,,"",US,US,OZEMPIC,SEMAGLUTIDE,1,MG,PS,Intervertebral disc compression,OT,2024Q2,Younger Adults (18–64)
23888853,1,32,YR,F,,"",US,,WEGOVY,SEMAGLUTIDE,,"",PS,Sunburn,,2024Q2,Younger Adults (18–64)
23889285,1,44,YR,UNK,83.9,KG,US,,SEMAGLUTIDE,SEMAGLUTIDE,2,MG,PS,Balance disorder,HO,2024Q2,Younger Adults (18–64)
23891785,1,74,YR,,,"",US,US,OZEMPIC,SEMAGLUTIDE,,"",PS,Surgery,HO,2024Q2,Older Adults (≥65)
23895612,1,39,YR,F,117,KG,US,,WEGOVY,SEMAGLUTIDE,,"",PS,Colitis ulcerative,OT,2024Q2,Younger Adults (18–64)
23896273,1,30,YR,M,137.25,KG,US,,OZEMPIC,SEMAGLUTIDE,,"",PS,Panic attack,OT,2024Q2,Younger Adults (18–64)
23902544,1,47,YR,F,,"",US,US,WEGOVY,SEMAGLUTIDE,2.4,MG,PS,Diarrhoea,HO,2024Q2,Younger Adults (18–64)
23902549,3,71,YR,M,,"",US,US,RYBELSUS,SEMAGLUTIDE,,"",PS,Chest discomfort,HO,2024Q2,Older Adults (≥65)
23902559,1,73,YR,F,,"",US,US,OZEMPIC,SEMAGLUTIDE,,"",PS,Blindness,OT,2024Q2,Older Adults (≥65)
23902560,2,51,YR,M,,"",US,US,OZEMPIC,SEMAGLUTIDE,1,MG,PS,Pancreatitis,HO,2024Q3,Younger Adults (18–64)
23902565,1,34,YR,M,,"",US,US,OZEMPIC,SEMAGLUTIDE,,"",PS,Back pain,HO,2024Q2,Younger Adults (18–64)
23902567,2,75,YR,M,,"",US,US,RYBELSUS,SEMAGLUTIDE,3,MG,PS,Malaise,HO,2024Q2,Older Adults (≥65)
23906186,2,69,YR,F,,"",US,US,OZEMPIC,SEMAGLUTIDE,,"",PS,Diarrhoea,HO,2024Q3,Older Adults (≥65)
23906190,4,67,YR,F,,"",US,US,OZEMPIC,SEMAGLUTIDE,2,MG,PS,Oral pain,OT,2024Q3,Older Adults (≥65)
23906192,1,71,YR,,,"",US,US,OZEMPIC,SEMAGLUTIDE,1,MG,PS,Immune thrombocytopenia,OT,2024Q2,Older Adults (≥65)
23908101,1,58,YR,F,122.4,KG,US,,OZEMPIC,SEMAGLUTIDE,1,MG,PS,Suicidal ideation,OT,2024Q2,Younger Adults (18–64)
23908293,1,38,YR,M,115.2,KG,US,,WEGOVY,SEMAGLUTIDE,,"",PS,Diarrhoea haemorrhagic,OT,2024Q2,Younger Adults (18–64)
23915169,1,85,YR,M,,"",US,,WEGOVY,SEMAGLUTIDE,,"",PS,Small intestinal obstruction,DE,2024Q2,Older Adults (≥65)
23916635,1,43,YR,F,,"",US,,SEMAGLUTIDE,SEMAGLUTIDE,1.25,MG,PS,Pulmonary thrombosis,DE,2024Q2,Younger Adults (18–64)
23916716,1,76,YR,F,,"",US,,OZEMPIC,SEMAGLUTIDE,,"",PS,Hypophagia,HO,2024Q2,Older Adults (≥65)
23917601,2,53,YR,M,,"",US,US,OZEMPIC,SEMAGLUTIDE,2,MG,PS,Back disorder,OT,2024Q3,Younger Adults (18–64)
23922076,1,50,YR,M,,"",US,US,OZEMPIC,SEMAGLUTIDE,2,MG,PS,Retinal vascular disorder,OT,2024Q2,Younger Adults (18–64)
23922094,2,54,YR,M,79.365,KG,US,US,OZEMPIC,SEMAGLUTIDE,0.25,MG,PS,Nausea,HO,2024Q4,Younger Adults (18–64)
23922096,1,77,YR,F,,"",US,US,RYBELSUS,SEMAGLUTIDE,3,MG,PS,Neuropathy peripheral,OT,2024Q2,Older Adults (≥65)
23922098,1,42,YR,F,,"",US,US,WEGOVY,SEMAGLUTIDE,,"",PS,Migraine,OT,2024Q2,Younger Adults (18–64)
23922199,1,82,YR,M,,"",US,US,OZEMPIC,SEMAGLUTIDE,0.5,MG,PS,Blood glucose increased,OT,2024Q2,Older Adults (≥65)
23922201,1,70,YR,F,,"",US,US,WEGOVY,SEMAGLUTIDE,,"",PS,Ileus,DE,2024Q2,Older Adults (≥65)
23925224,1,31,YR,F,,"",US,,WEGOVY,SEMAGLUTIDE,,"",PS,Diarrhoea,,2024Q2,Younger Adults (18–64)
23925229,1,49,YR,M,117,KG,US,,WEGOVY,SEMAGLUTIDE,,"",PS,Emotional distress,OT,2024Q2,Younger Adults (18–64)
23925762,1,57,YR,M,90,KG,US,,SEMAGLUTIDE,SEMAGLUTIDE,0.5,MG,PS,Ileus,HO,2024Q2,Younger Adults (18–64)
23925847,1,54,YR,F,87.3,KG,US,,WEGOVY,SEMAGLUTIDE,,"",PS,Piloerection,,2024Q2,Younger Adults (18–64)
23926489,1,59,YR,F,92.25,KG,US,,RYBELSUS,SEMAGLUTIDE,,"",PS,Abdominal pain,OT,2024Q2,Younger Adults (18–64)
23927069,1,55,YR,F,116.1,KG,US,,RYBELSUS,SEMAGLUTIDE,,"",PS,Inability to afford medication,LT,2024Q2,Younger Adults (18–64)
23931217,1,75,YR,M,,"",US,US,OZEMPIC,SEMAGLUTIDE,,"",PS,Nephrolithiasis,HO,2024Q2,Older Adults (≥65)
23931227,2,68,YR,F,,"",US,US,OZEMPIC,SEMAGLUTIDE,0.5,MG,PS,Cataract operation,OT,2024Q4,Older Adults (≥65)
23931229,1,43,YR,M,,"",US,US,WEGOVY,SEMAGLUTIDE,,"",PS,Pancreatitis,DE,2024Q2,Younger Adults (18–64)
23931233,1,77,YR,F,,"",US,US,OZEMPIC,SEMAGLUTIDE,,"",PS,COVID-19,OT,2024Q2,Older Adults (≥65)
23931234,1,60,YR,,,"",US,US,OZEMPIC,SEMAGLUTIDE,0.5,MG,PS,Sepsis,OT,2024Q2,Younger Adults (18–64)
23931235,2,75,YR,F,,"",US,US,OZEMPIC,SEMAGLUTIDE,,"",PS,Dehydration,HO,2024Q4,Older Adults (≥65)
23932647,1,31,YR,F,63,KG,US,,CYANOCOBALAMIN\SEMAGLUTIDE,CYANOCOBALAMIN\SEMAGLUTIDE,,"",PS,Loss of consciousness,LT,2024Q2,Younger Adults (18–64)
23932648,1,29,YR,F,101.7,KG,US,,WEGOVY,SEMAGLUTIDE,,"",PS,Pain in extremity,,2024Q2,Younger Adults (18–64)
23932726,1,50,YR,F,83.25,KG,US,,METHYLCOBALAMIN\SEMAGLUTIDE,METHYLCOBALAMIN\SEMAGLUTIDE,,"",PS,Feeling abnormal,OT,2024Q2,Younger Adults (18–64)
23933091,1,54,YR,F,84.15,KG,US,,WEGOVY,SEMAGLUTIDE,,"",PS,Incorrect dose administered,OT,2024Q2,Younger Adults (18–64)
23933701,1,72,YR,F,101.25,KG,US,,RYBELSUS,SEMAGLUTIDE,,"",PS,Eructation,,2024Q2,Older Adults (≥65)
23933832,1,47,YR,M,88.6,KG,US,,OZEMPIC,SEMAGLUTIDE,,"",PS,Pancreatitis,HO,2024Q2,Younger Adults (18–64)
23935036,1,74,YR,F,,"",US,US,OZEMPIC,SEMAGLUTIDE,0.5,MG,PS,Prosthetic cardiac valve malfunction,DE,2024Q2,Older Adults (≥65)
23935139,2,74,YR,F,,"",US,US,OZEMPIC,SEMAGLUTIDE,0.5,MG,PS,Cerebrovascular accident,HO,2024Q3,Older Adults (≥65)
23935140,2,69,YR,F,89,KG,US,US,OZEMPIC,SEMAGLUTIDE,0.25,MG,PS,Wrong technique in product usage process,HO,2024Q3,Older Adults (≥65)
23936624,1,50,YR,F,92.25,KG,US,,SEMAGLUTIDE,SEMAGLUTIDE,,"",PS,Joint swelling,DS,2024Q2,Younger Adults (18–64)
23936728,1,50,YR,M,103.5,KG,US,,WEGOVY,SEMAGLUTIDE,,"",PS,Neurological symptom,HO,2024Q2,Younger Adults (18–64)
23937018,1,20,YR,F,102.15,KG,US,,WEGOVY,SEMAGLUTIDE,,"",PS,Ventricular extrasystoles,HO,2024Q2,Younger Adults (18–64)
23937206,1,42,YR,F,74.25,KG,US,,SEMAGLUTIDE,SEMAGLUTIDE,,"",PS,Paraesthesia,HO,2024Q2,Younger Adults (18–64)
23937280,1,32,YR,F,81,KG,US,,WEGOVY,SEMAGLUTIDE,,"",PS,Cholelithiasis,HO,2024Q2,Younger Adults (18–64)
23939303,1,75,YR,F,68.946,KG,US,US,WEGOVY,SEMAGLUTIDE,,"",PS,Sleep apnoea syndrome,OT,2024Q2,Older Adults (≥65)
23939306,2,82,YR,F,62.585,KG,US,US,OZEMPIC,SEMAGLUTIDE,,"",PS,Cataract operation,HO,2024Q3,Older Adults (≥65)
23943644,1,68,YR,M,256,KG,US,US,OZEMPIC,SEMAGLUTIDE,,"",PS,Thyroid function test abnormal,HO,2024Q2,Older Adults (≥65)
23943656,1,73,YR,M,,"",US,US,OZEMPIC,SEMAGLUTIDE,,"",PS,Disability,DS,2024Q2,Older Adults (≥65)
23943659,1,52,YR,F,,"",US,US,OZEMPIC,SEMAGLUTIDE,,"",PS,Appendicitis,OT,2024Q2,Younger Adults (18–64)
23946202,1,34,YR,M,110.25,KG,US,,OZEMPIC,SEMAGLUTIDE,,"",PS,Colitis,HO,2024Q2,Younger Adults (18–64)
23946246,1,41,YR,F,,"",US,,CYANOCOBALAMIN\GLYCINE\SEMAGLUTIDE,CYANOCOBALAMIN\GLYCINE\SEMAGLUTIDE,0.05,ML,PS,Nausea,,2024Q2,Younger Adults (18–64)
23946247,1,31,YR,F,85.5,KG,US,,CYANOCOBALAMIN\SEMAGLUTIDE,CYANOCOBALAMIN\SEMAGLUTIDE,,"",PS,Suicidal ideation,LT,2024Q2,Younger Adults (18–64)
23946708,1,55,YR,F,99,KG,US,,OZEMPIC,SEMAGLUTIDE,,"",PS,Dyspepsia,,2024Q2,Younger Adults (18–64)
23949791,1,67,YR,F,76.05,KG,US,,OZEMPIC,SEMAGLUTIDE,,"",PS,Discomfort,HO,2024Q2,Older Adults (≥65)
23949800,1,57,YR,M,136.8,KG,US,,OZEMPIC,SEMAGLUTIDE,,"",PS,Depression,LT,2024Q2,Younger Adults (18–64)
23950822,1,40,YR,F,,"",US,US,OZEMPIC,SEMAGLUTIDE,0.25,MG,PS,Haematemesis,HO,2024Q2,Younger Adults (18–64)
23951055,1,45,YR,F,103.5,KG,US,,OZEMPIC,SEMAGLUTIDE,,"",PS,Vision blurred,RI,2024Q2,Younger Adults (18–64)
23951231,1,87,YR,M,,"",US,US,OZEMPIC,SEMAGLUTIDE,0.25,MG,PS,Vision blurred,OT,2024Q2,Older Adults (≥65)
23952789,1,30,YR,F,,"",US,,OZEMPIC,SEMAGLUTIDE,,"",PS,Diarrhoea,HO,2024Q2,Younger Adults (18–64)
23952810,1,74,YR,F,65.25,KG,US,,SEMAGLUTIDE,SEMAGLUTIDE,,"",PS,Seizure,HO,2024Q2,Older Adults (≥65)
23954119,1,74,YR,F,,"",US,US,OZEMPIC,SEMAGLUTIDE,,"",PS,Nausea,OT,2024Q2,Older Adults (≥65)
23954143,1,59,YR,F,,"",US,US,WEGOVY,SEMAGLUTIDE,,"",PS,Oesophageal rupture,OT,2024Q2,Younger Adults (18–64)
23954145,2,65,YR,F,,"",US,US,OZEMPIC,SEMAGLUTIDE,2,MG,PS,Fracture,OT,2024Q3,Older Adults (≥65)
23954146,1,80,YR,F,,"",US,US,OZEMPIC,SEMAGLUTIDE,0.25,MG,PS,Arthralgia,HO,2024Q2,Older Adults (≥65)
23954158,1,82,YR,F,,"",US,US,OZEMPIC,SEMAGLUTIDE,0.5,MG,PS,Off label use,HO,2024Q2,Older Adults (≥65)
23954199,1,71,YR,F,,"",US,US,OZEMPIC,SEMAGLUTIDE,0.25,MG,PS,Muscle operation,HO,2024Q2,Older Adults (≥65)
23958642,1,82,YR,M,,"",US,US,OZEMPIC,SEMAGLUTIDE,,"",PS,Fall,HO,2024Q2,Older Adults (≥65)
23958676,1,63,YR,M,,"",US,US,OZEMPIC,SEMAGLUTIDE,2,MG,PS,Asthenia,HO,2024Q2,Younger Adults (18–64)
23958678,1,61,YR,F,,"",US,US,OZEMPIC,SEMAGLUTIDE,2,MG,PS,Stent placement,OT,2024Q2,Younger Adults (18–64)
23958684,2,56,YR,F,,"",US,US,OZEMPIC,SEMAGLUTIDE,0.5,MG,PS,Product use issue,HO,2024Q4,Younger Adults (18–64)
23958687,2,36,YR,F,76.19,KG,US,US,OZEMPIC,SEMAGLUTIDE,0.05,MG,PS,Haematemesis,HO,2024Q4,Younger Adults (18–64)
23960344,1,66,YR,F,70.2,KG,US,,SEMAGLUTIDE,SEMAGLUTIDE,,"",PS,Vomiting,OT,2024Q2,Older Adults (≥65)
23960856,1,36,YR,F,94.5,KG,US,,OZEMPIC,SEMAGLUTIDE,,"",PS,Emotional disorder,DS,2024Q2,Younger Adults (18–64)
23960921,1,47,YR,F,63,KG,US,,WEGOVY,SEMAGLUTIDE,,"",PS,Pain of skin,,2024Q2,Younger Adults (18–64)
23962176,1,55,YR,F,,"",US,,SEMAGLUTIDE,SEMAGLUTIDE,0.25,MG,PS,Rash,,2024Q2,Younger Adults (18–64)
23963454,1,45,YR,F,110.25,KG,US,,WEGOVY,SEMAGLUTIDE,,"",PS,Pain,OT,2024Q2,Younger Adults (18–64)
23964040,1,42,YR,F,,"",US,US,WEGOVY,SEMAGLUTIDE,,"",PS,Gastrointestinal haemorrhage,HO,2024Q2,Younger Adults (18–64)
23964524,1,60,YR,M,80.55,KG,US,,RYBELSUS,SEMAGLUTIDE,,"",PS,Completed suicide,DE,2024Q2,Younger Adults (18–64)
23967474,1,58,YR,F,90.45,KG,US,,WEGOVY,SEMAGLUTIDE,0.25,MG,PS,Constipation,HO,2024Q2,Younger Adults (18–64)
23967521,1,75,YR,M,,"",US,,OZEMPIC,SEMAGLUTIDE,,"",PS,Product label confusion,OT,2024Q2,Older Adults (≥65)
23967694,1,42,YR,F,,"",US,US,OZEMPIC,SEMAGLUTIDE,,"",PS,Upper limb fracture,OT,2024Q2,Younger Adults (18–64)
23968995,1,41,YR,F,87.3,KG,US,,SEMAGLUTIDE,SEMAGLUTIDE,,"",PS,Therapy cessation,HO,2024Q2,Younger Adults (18–64)
23969326,2,72,YR,M,,"",US,US,OZEMPIC,SEMAGLUTIDE,0.5,MG,PS,Urethral stenosis,OT,2024Q3,Older Adults (≥65)
23969331,2,34,YR,F,,"",US,US,WEGOVY,SEMAGLUTIDE,0.25,MG,PS,Panic attack,HO,2024Q3,Younger Adults (18–64)
23969345,1,63,YR,F,,"",US,US,OZEMPIC,SEMAGLUTIDE,,"",PS,Asthenia,HO,2024Q2,Younger Adults (18–64)
23971719,1,64,YR,F,87.75,KG,US,,OZEMPIC,SEMAGLUTIDE,,"",PS,Large intestinal obstruction,LT,2024Q2,Younger Adults (18–64)
23971751,1,74,YR,F,72,KG,US,,SEMAGLUTIDE,SEMAGLUTIDE,0.25,MG,PS,Rash macular,OT,2024Q2,Older Adults (≥65)
23972078,1,33,YR,F,,"",US,,WEGOVY,SEMAGLUTIDE,,"",PS,Palpitations,OT,2024Q2,Younger Adults (18–64)
23972633,1,75,YR,M,119.25,KG,US,,OZEMPIC,SEMAGLUTIDE,,"",PS,Loss of consciousness,LT,2024Q2,Older Adults (≥65)
23973052,1,67,YR,,,"",US,US,OZEMPIC,SEMAGLUTIDE,,"",PS,Diabetes mellitus,OT,2024Q2,Older Adults (≥65)
23973509,1,60,YR,F,102.2,KG,US,,WEGOVY,SEMAGLUTIDE,,"",PS,Throat tightness,LT,2024Q2,Younger Adults (18–64)
23973922,1,77,YR,M,,"",US,US,OZEMPIC,SEMAGLUTIDE,0.5,MG,PS,Feeling hot,HO,2024Q2,Older Adults (≥65)
23973992,2,32,YR,F,107,KG,US,US,OZEMPIC,SEMAGLUTIDE,0.25,MG,PS,Headache,OT,2024Q3,Younger Adults (18–64)
23976411,1,69,YR,F,76.5,KG,US,,OZEMPIC,SEMAGLUTIDE,,"",PS,Anxiety,RI,2024Q2,Older Adults (≥65)
23978253,1,80,YR,F,,"",US,US,OZEMPIC,SEMAGLUTIDE,,"",PS,Disability,DS,2024Q2,Older Adults (≥65)
23981220,1,83,YR,F,66.6,KG,US,,OZEMPIC,SEMAGLUTIDE,,"",PS,Colitis,HO,2024Q2,Older Adults (≥65)
23981323,1,49,YR,F,74.25,KG,US,,WEGOVY,SEMAGLUTIDE,,"",PS,Arthralgia,OT,2024Q2,Younger Adults (18–64)
23981840,1,69,YR,M,,"",US,US,OZEMPIC,SEMAGLUTIDE,,"",PS,White blood cell count increased,HO,2024Q2,Older Adults (≥65)
23981842,1,56,YR,M,90.703,KG,US,US,OZEMPIC,SEMAGLUTIDE,,"",PS,Death,DE,2024Q2,Younger Adults (18–64)
23982637,2,67,YR,F,,"",US,US,OZEMPIC,SEMAGLUTIDE,,"",PS,Ileus,HO,2024Q3,Older Adults (≥65)
23982638,1,76,YR,M,,"",US,US,OZEMPIC,SEMAGLUTIDE,,"",PS,Seizure,OT,2024Q2,Older Adults (≥65)
23982643,1,73,YR,F,,"",US,US,OZEMPIC,SEMAGLUTIDE,2,MG,PS,Cataract operation,OT,2024Q2,Older Adults (≥65)
23982655,1,63,YR,F,,"",US,US,OZEMPIC,SEMAGLUTIDE,1,MG,PS,Haematochezia,OT,2024Q2,Younger Adults (18–64)
23982659,1,79,YR,F,,"",US,US,OZEMPIC,SEMAGLUTIDE,1,MG,PS,Diverticulitis,OT,2024Q2,Older Adults (≥65)
23983785,2,59,YR,M,,"",US,US,OZEMPIC,SEMAGLUTIDE,,"",PS,Gastrointestinal infection,DE,2024Q3,Younger Adults (18–64)
23983790,1,49,YR,F,,"",US,US,OZEMPIC,SEMAGLUTIDE,,"",PS,Blood pressure increased,HO,2024Q2,Younger Adults (18–64)
23983791,1,69,YR,F,103.4,KG,US,US,OZEMPIC,SEMAGLUTIDE,,"",PS,Vomiting,HO,2024Q2,Older Adults (≥65)
23983803,2,59,YR,F,82.993,KG,US,US,OZEMPIC,SEMAGLUTIDE,1,MG,PS,Pyrexia,HO,2024Q4,Younger Adults (18–64)
23986627,1,48,YR,F,63.45,KG,US,,SEMAGLUTIDE,SEMAGLUTIDE,,"",PS,Appendicitis,HO,2024Q2,Younger Adults (18–64)
23986758,1,61,YR,F,96.75,KG,US,,RYBELSUS,SEMAGLUTIDE,,"",PS,Electrocardiogram abnormal,LT,2024Q2,Younger Adults (18–64)
23987776,2,57,YR,F,,"",US,US,OZEMPIC,SEMAGLUTIDE,,"",PS,Breast cancer,OT,2024Q3,Younger Adults (18–64)
23987791,1,79,YR,M,,"",US,US,OZEMPIC,SEMAGLUTIDE,0.5,MG,PS,Lung neoplasm malignant,OT,2024Q2,Older Adults (≥65)
23987794,3,68,YR,F,,"",US,US,OZEMPIC,SEMAGLUTIDE,1,MG,PS,Product use in unapproved indication,OT,2024Q3,Older Adults (≥65)
23992309,1,63,YR,M,,"",US,US,OZEMPIC,SEMAGLUTIDE,0.25,MG,PS,Condition aggravated,HO,2024Q2,Younger Adults (18–64)
23992311,1,74,YR,F,,"",US,US,OZEMPIC,SEMAGLUTIDE,0.5,MG,PS,Chronic kidney disease,OT,2024Q2,Older Adults (≥65)
23993786,1,54,YR,F,96,KG,US,,WEGOVY,SEMAGLUTIDE,0.5,MG,PS,Cardiac arrest,DE,2024Q2,Younger Adults (18–64)
23993796,1,38,YR,F,60.3,KG,US,,WEGOVY,SEMAGLUTIDE,2.4,MG,PS,Malnutrition,DS,2024Q2,Younger Adults (18–64)
23994970,1,80,YR,M,90,KG,US,,OZEMPIC,SEMAGLUTIDE,,"",PS,Pancreatic carcinoma,LT,2024Q2,Older Adults (≥65)
23995779,1,23,YR,M,,"",US,,OZEMPIC,SEMAGLUTIDE,,"",PS,Therapy cessation,OT,2024Q2,Younger Adults (18–64)
23996578,1,71,YR,F,,"",US,US,OZEMPIC,SEMAGLUTIDE,,"",PS,Stress fracture,OT,2024Q2,Older Adults (≥65)
23998834,1,37,YR,F,292,LBS,US,,OZEMPIC,SEMAGLUTIDE,2,MG,PS,Impaired gastric emptying,HO,2024Q2,Younger Adults (18–64)
23999010,1,37,YR,F,292,LBS,US,,OZEMPIC,SEMAGLUTIDE,2,MG,PS,Impaired gastric emptying,HO,2024Q2,Younger Adults (18–64)
23999853,1,53,YR,UNK,148.5,KG,US,,SEMAGLUTIDE,SEMAGLUTIDE,,"",PS,Impaired gastric emptying,HO,2024Q2,Younger Adults (18–64)
23999915,1,44,YR,F,121.5,KG,US,,WEGOVY,SEMAGLUTIDE,,"",PS,Fatigue,HO,2024Q2,Younger Adults (18–64)
23999965,1,44,YR,F,117.45,KG,US,,WEGOVY,SEMAGLUTIDE,,"",PS,Pain,,2024Q2,Younger Adults (18–64)
24002895,1,65,YR,M,,"",US,US,OZEMPIC,SEMAGLUTIDE,,"",PS,Inappropriate schedule of product administration,OT,2024Q2,Older Adults (≥65)
24003375,1,50,YR,F,,"",US,US,WEGOVY,SEMAGLUTIDE,,"",PS,Bradycardia,OT,2024Q2,Younger Adults (18–64)
24005142,1,39,YR,F,65.25,KG,US,,SEMAGLUTIDE,SEMAGLUTIDE,,"",PS,Intentional self-injury,LT,2024Q2,Younger Adults (18–64)
24005298,1,76,YR,F,92.99,KG,US,,OZEMPIC,SEMAGLUTIDE,,"",PS,Nonspecific reaction,HO,2024Q2,Older Adults (≥65)
24006297,1,75,YR,,,"",US,,OZEMPIC,SEMAGLUTIDE,0.5,MG,PS,Decreased appetite,OT,2024Q2,Older Adults (≥65)
24007452,1,76,YR,M,,"",US,US,RYBELSUS,SEMAGLUTIDE,6,MG,PS,Renal neoplasm,OT,2024Q2,Older Adults (≥65)
24007512,1,65,YR,F,,"",US,US,OZEMPIC,SEMAGLUTIDE,,"",PS,Rotator cuff syndrome,OT,2024Q2,Older Adults (≥65)
24010957,1,37,YR,F,65.25,KG,US,,WEGOVY,SEMAGLUTIDE,,"",PS,Anxiety,,2024Q2,Younger Adults (18–64)
24012745,1,41,YR,F,172.34,KG,US,US,WEGOVY,SEMAGLUTIDE,,"",PS,Crohn's disease,OT,2024Q2,Younger Adults (18–64)
24014861,1,29,YR,F,66.6,KG,US,,METHYLCOBALAMIN\SEMAGLUTIDE,METHYLCOBALAMIN\SEMAGLUTIDE,,"",PS,Abdominal pain upper,HO,2024Q2,Younger Adults (18–64)
24015521,1,31,YR,F,67.05,KG,US,,OZEMPIC,SEMAGLUTIDE,,"",PS,Diabetic ketoacidosis,HO,2024Q2,Younger Adults (18–64)
24015576,1,44,YR,F,,"",US,,CYANOCOBALAMIN\GLYCINE\SEMAGLUTIDE,CYANOCOBALAMIN\GLYCINE\SEMAGLUTIDE,0.05,ML,PS,Heavy menstrual bleeding,,2024Q2,Younger Adults (18–64)
24020280,1,36,YR,F,108,KG,US,,OZEMPIC,SEMAGLUTIDE,,"",PS,Cholelithiasis,OT,2024Q2,Younger Adults (18–64)
24020289,1,67,YR,F,63,KG,US,,SEMAGLUTIDE,SEMAGLUTIDE,,"",PS,Suspected counterfeit product,,2024Q2,Older Adults (≥65)
24020373,1,30,YR,M,,"",US,US,OZEMPIC,SEMAGLUTIDE,,"",PS,Glycosylated haemoglobin increased,HO,2024Q2,Younger Adults (18–64)
24020381,2,67,YR,F,94.966,KG,US,US,WEGOVY,SEMAGLUTIDE,2.4,MG,PS,Hip surgery,OT,2024Q3,Older Adults (≥65)
24020382,2,50,YR,F,,"",US,US,OZEMPIC,SEMAGLUTIDE,0.25,MG,PS,Vomiting,LT,2024Q3,Younger Adults (18–64)
24020384,1,54,YR,M,,"",US,US,OZEMPIC,SEMAGLUTIDE,0.5,MG,PS,Renal stone removal,OT,2024Q2,Younger Adults (18–64)
24023678,2,78,YR,M,112.47,KG,US,US,OZEMPIC,SEMAGLUTIDE,1,MG,PS,Hypotension,HO,2024Q4,Older Adults (≥65)
24023873,1,56,YR,F,,"",US,US,OZEMPIC,SEMAGLUTIDE,0.5,MG,PS,Liver transplant,OT,2024Q2,Younger Adults (18–64)
24029010,1,47,YR,F,,"",US,,OZEMPIC,SEMAGLUTIDE,,"",PS,Abdominal pain,HO,2024Q2,Younger Adults (18–64)
24029933,1,40,YR,F,129.5,KG,US,,LEVOCARNITINE\SEMAGLUTIDE,LEVOCARNITINE\SEMAGLUTIDE,,"",PS,Cerebrovascular accident,LT,2024Q2,Younger Adults (18–64)
24032496,2,81,YR,M,,"",US,US,WEGOVY,SEMAGLUTIDE,2.4,MG,PS,Hypertension,,2024Q3,Older Adults (≥65)
24032497,1,70,YR,F,,"",US,US,WEGOVY,SEMAGLUTIDE,,"",PS,Gallbladder operation,OT,2024Q3,Older Adults (≥65)
24032500,2,78,YR,M,,"",US,US,OZEMPIC,SEMAGLUTIDE,,"",PS,Cardiac pacemaker insertion,HO,2024Q3,Older Adults (≥65)
24032513,1,40,YR,F,,"",US,US,WEGOVY,SEMAGLUTIDE,0.25,MG,PS,Gastric ulcer,OT,2024Q3,Younger Adults (18–64)
24032833,1,62,YR,F,,"",US,US,OZEMPIC,SEMAGLUTIDE,0.25,MG,PS,Off label use,OT,2024Q3,Younger Adults (18–64)
24032839,2,88,YR,M,,"",US,US,OZEMPIC,SEMAGLUTIDE,,"",PS,Blood glucose decreased,OT,2024Q3,Older Adults (≥65)
24032974,1,55,YR,F,115.65,KG,US,US,OZEMPIC,SEMAGLUTIDE,,"",PS,Endometrial cancer,HO,2024Q3,Younger Adults (18–64)
24035110,1,45,YR,F,99.9,KG,US,,OZEMPIC,SEMAGLUTIDE,,"",PS,Tooth loss,RI,2024Q2,Younger Adults (18–64)
24035486,1,44,YR,F,63,KG,US,,SEMAGLUTIDE,SEMAGLUTIDE,,"",PS,Defaecation urgency,LT,2024Q2,Younger Adults (18–64)
24036226,1,78,YR,,,"",US,US,RYBELSUS,SEMAGLUTIDE,,"",PS,Gait inability,DS,2024Q3,Older Adults (≥65)
24036562,1,52,YR,F,,"",US,,SEMAGLUTIDE,SEMAGLUTIDE,4,ML,PS,Weight decreased,RI,2024Q2,Younger Adults (18–64)
24036579,1,40,YR,F,62.1,KG,US,,SEMAGLUTIDE,SEMAGLUTIDE,,"",PS,Anxiety,HO,2024Q2,Younger Adults (18–64)
24037379,2,68,YR,F,,"",US,US,OZEMPIC,SEMAGLUTIDE,2,MG,PS,Anxiety,OT,2024Q3,Older Adults (≥65)
24037495,1,44,YR,M,,"",US,US,OZEMPIC,SEMAGLUTIDE,1,MG,PS,Colon cancer,OT,2024Q3,Younger Adults (18–64)
24040082,1,24,YR,M,121.05,KG,US,,OZEMPIC,SEMAGLUTIDE,,"",PS,Somnolence,DS,2024Q3,Younger Adults (18–64)
24040791,1,66,YR,F,74.3,KG,US,,OZEMPIC,SEMAGLUTIDE,,"",PS,Intestinal pseudo-obstruction,HO,2024Q3,Older Adults (≥65)
24040808,1,73,YR,F,155.25,KG,US,,OZEMPIC,SEMAGLUTIDE,,"",PS,Abdominal pain,DS,2024Q3,Older Adults (≥65)
24042045,1,44,YR,F,108,KG,US,,WEGOVY,SEMAGLUTIDE,,"",PS,Migraine,DS,2024Q3,Younger Adults (18–64)
24043515,2,39,YR,M,,"",US,US,OZEMPIC,SEMAGLUTIDE,0.5,MG,PS,Nausea,OT,2024Q4,Younger Adults (18–64)
24043527,2,54,YR,F,109.7,KG,US,US,OZEMPIC,SEMAGLUTIDE,,"",PS,Fall,OT,2024Q3,Younger Adults (18–64)
24047108,1,68,YR,F,87.75,KG,US,,OZEMPIC,SEMAGLUTIDE,,"",PS,Vomiting,RI,2024Q3,Older Adults (≥65)
24048385,2,63,YR,F,,"",US,US,OZEMPIC,SEMAGLUTIDE,2,MG,PS,Colon cancer,OT,2024Q3,Younger Adults (18–64)
24048389,1,67,YR,F,,"",US,US,OZEMPIC,SEMAGLUTIDE,,"",PS,Colitis ischaemic,HO,2024Q3,Older Adults (≥65)
24048397,4,73,YR,F,,"",US,US,OZEMPIC,SEMAGLUTIDE,1,MG,PS,Injection site bruising,HO,2024Q3,Older Adults (≥65)
24048398,2,46,YR,F,,"",US,US,OZEMPIC,SEMAGLUTIDE,,"",PS,Nausea,HO,2024Q4,Younger Adults (18–64)
24048475,1,54,YR,F,,"",US,US,OZEMPIC,SEMAGLUTIDE,,"",PS,Headache,HO,2024Q3,Younger Adults (18–64)
24052567,2,65,YR,M,,"",US,US,OZEMPIC,SEMAGLUTIDE,0.25,MG,PS,Diarrhoea,OT,2024Q3,Older Adults (≥65)
24052569,1,45,YR,F,,"",US,US,WEGOVY,SEMAGLUTIDE,2.4,MG,PS,Cerebrovascular accident,OT,2024Q3,Younger Adults (18–64)
24052576,1,58,YR,F,,"",US,US,WEGOVY,SEMAGLUTIDE,2.4,MG,PS,Hysterectomy,OT,2024Q3,Younger Adults (18–64)
24052577,1,88,YR,F,,"",US,US,OZEMPIC,SEMAGLUTIDE,,"",PS,Heart valve replacement,OT,2024Q3,Older Adults (≥65)
24052579,2,88,YR,M,,"",US,US,OZEMPIC,SEMAGLUTIDE,1,MG,PS,Product use in unapproved indication,,2024Q3,Older Adults (≥65)
24055500,1,38,YR,F,112.5,KG,US,,OZEMPIC,SEMAGLUTIDE,,"",PS,Pancreatitis,HO,2024Q3,Younger Adults (18–64)
24055501,1,67,YR,F,63.9,KG,US,,OZEMPIC,SEMAGLUTIDE,,"",PS,Optic ischaemic neuropathy,OT,2024Q3,Older Adults (≥65)
24055700,1,37,YR,F,76.5,KG,US,,SEMAGLUTIDE,SEMAGLUTIDE,,"",PS,Suicidal ideation,OT,2024Q3,Younger Adults (18–64)
24055752,1,44,YR,F,,"",US,,WEGOVY,SEMAGLUTIDE,,"",PS,Arthralgia,,2024Q3,Younger Adults (18–64)
24058522,2,46,YR,F,,"",US,US,OZEMPIC,SEMAGLUTIDE,,"",PS,Dyspepsia,OT,2024Q4,Younger Adults (18–64)
24058533,2,36,YR,M,,"",US,US,OZEMPIC,SEMAGLUTIDE,,"",PS,Ileus,HO,2024Q4,Younger Adults (18–64)
24058589,1,55,YR,F,,"",US,US,OZEMPIC,SEMAGLUTIDE,,"",PS,Vomiting,HO,2024Q3,Younger Adults (18–64)
24060228,1,30,YR,F,103.95,KG,US,,WEGOVY,SEMAGLUTIDE,,"",PS,Abdominal pain upper,,2024Q3,Younger Adults (18–64)
24061209,1,48,YR,M,111.15,KG,US,,WEGOVY,SEMAGLUTIDE,,"",PS,Papilloedema,DS,2024Q3,Younger Adults (18–64)
24061504,1,68,YR,F,91.35,KG,US,,OZEMPIC,SEMAGLUTIDE,,"",PS,Visual impairment,HO,2024Q3,Older Adults (≥65)
24061753,1,49,YR,F,79.65,KG,US,,OZEMPIC,SEMAGLUTIDE,,"",PS,Alopecia,,2024Q3,Younger Adults (18–64)
24062033,1,48,YR,M,103.5,KG,US,,WEGOVY,SEMAGLUTIDE,,"",PS,Vomiting,HO,2024Q3,Younger Adults (18–64)
24062059,1,62,YR,M,96.75,KG,US,,OZEMPIC,SEMAGLUTIDE,,"",PS,Vertigo,,2024Q3,Younger Adults (18–64)
24062900,1,57,YR,M,,"",US,US,OZEMPIC,SEMAGLUTIDE,0.5,MG,PS,Dehydration,HO,2024Q3,Younger Adults (18–64)
24062903,1,66,YR,F,,"",US,US,OZEMPIC,SEMAGLUTIDE,,"",PS,Cyst,HO,2024Q3,Older Adults (≥65)
24062919,1,64,YR,F,,"",US,US,OZEMPIC,SEMAGLUTIDE,,"",PS,Cholelithiasis,OT,2024Q3,Younger Adults (18–64)
24064911,1,57,YR,F,77.4,KG,US,,WEGOVY,SEMAGLUTIDE,,"",PS,Vomiting,HO,2024Q3,Younger Adults (18–64)
24065031,1,55,YR,M,84.15,KG,US,,RYBELSUS,SEMAGLUTIDE,,"",PS,Decreased appetite,DS,2024Q3,Younger Adults (18–64)
24065951,1,68,YR,M,,"",US,,OZEMPIC,SEMAGLUTIDE,,"",PS,Nausea,HO,2024Q3,Older Adults (≥65)
24066835,1,81,YR,M,,"",US,US,OZEMPIC,SEMAGLUTIDE,0.5,MG,PS,Off label use,HO,2024Q3,Older Adults (≥65)
24067791,1,80,YR,,,"",US,US,WEGOVY,SEMAGLUTIDE,,"",PS,Hypertension,OT,2024Q3,Older Adults (≥65)
24067811,2,63,YR,F,,"",US,US,WEGOVY,SEMAGLUTIDE,,"",PS,Cholecystectomy,OT,2024Q4,Younger Adults (18–64)
24067813,1,24,YR,M,,"",US,US,WEGOVY,SEMAGLUTIDE,,"",PS,Depression,HO,2024Q3,Younger Adults (18–64)
24067818,2,54,YR,F,,"",US,US,OZEMPIC,SEMAGLUTIDE,,"",PS,Impaired gastric emptying,HO,2024Q4,Younger Adults (18–64)
24067820,1,75,YR,M,,"",US,US,OZEMPIC,SEMAGLUTIDE,,"",PS,Cytomegalovirus infection,HO,2024Q3,Older Adults (≥65)
24070728,1,73,YR,F,89.82,KG,US,,OZEMPIC,SEMAGLUTIDE,,"",PS,Constipation,OT,2024Q3,Older Adults (≥65)
24070733,1,71,YR,F,81.4,KG,US,,SEMAGLUTIDE,SEMAGLUTIDE,1,ML,PS,Vomiting,OT,2024Q3,Older Adults (≥65)
24074036,1,61,YR,F,70.31,KG,US,,SEMAGLUTIDE,SEMAGLUTIDE,,"",PS,Blood glucose decreased,RI,2024Q3,Younger Adults (18–64)
24076337,1,41,YR,F,,"",US,US,OZEMPIC,SEMAGLUTIDE,,"",PS,Intestinal obstruction,HO,2024Q3,Younger Adults (18–64)
24081510,1,59,YR,F,,"",US,US,OZEMPIC,SEMAGLUTIDE,,"",PS,Haematemesis,OT,2024Q3,Younger Adults (18–64)
24081513,1,76,YR,,,"",US,US,OZEMPIC,SEMAGLUTIDE,0.5,MG,PS,Wrist fracture,HO,2024Q3,Older Adults (≥65)
24081516,2,77,YR,F,,"",US,US,RYBELSUS,SEMAGLUTIDE,7,MG,PS,Pain in extremity,OT,2024Q3,Older Adults (≥65)
24081520,2,38,YR,F,,"",US,US,WEGOVY,SEMAGLUTIDE,,"",PS,Stillbirth,OT,2024Q3,Younger Adults (18–64)
24081522,1,72,YR,F,,"",US,US,OZEMPIC,SEMAGLUTIDE,,"",PS,Mydriasis,HO,2024Q3,Older Adults (≥65)
24081523,1,81,YR,F,,"",US,US,OZEMPIC,SEMAGLUTIDE,1,MG,PS,Cholangitis,HO,2024Q3,Older Adults (≥65)
24081533,2,59,YR,F,,"",US,US,OZEMPIC,SEMAGLUTIDE,0.25,MG,PS,Suicidal ideation,HO,2024Q4,Younger Adults (18–64)
24081697,2,47,YR,M,,"",US,US,OZEMPIC,SEMAGLUTIDE,0.5,MG,PS,Chest discomfort,HO,2024Q4,Younger Adults (18–64)
24084071,1,78,YR,M,74.25,KG,US,,OZEMPIC,SEMAGLUTIDE,,"",PS,Blindness,DS,2024Q3,Older Adults (≥65)
24084302,1,46,YR,F,68.6,KG,US,,OZEMPIC,SEMAGLUTIDE,0.5,ML,PS,Gastrointestinal disorder,OT,2024Q3,Younger Adults (18–64)
24084530,1,52,YR,F,,"",US,,SEMAGLUTIDE,SEMAGLUTIDE,,"",PS,Vomiting,HO,2024Q3,Younger Adults (18–64)
24084533,1,37,YR,F,123.75,KG,US,,SEMAGLUTIDE,SEMAGLUTIDE,,"",PS,Migraine,OT,2024Q3,Younger Adults (18–64)
24087964,1,60,YR,F,,"",US,US,OZEMPIC,SEMAGLUTIDE,,"",PS,Ammonia increased,HO,2024Q3,Younger Adults (18–64)
24087992,1,72,YR,F,,"",US,US,OZEMPIC,SEMAGLUTIDE,1,MG,PS,Blood triglycerides increased,HO,2024Q3,Older Adults (≥65)
24088000,2,66,YR,F,92.971,KG,US,US,WEGOVY,SEMAGLUTIDE,0.5,MG,PS,Intestinal obstruction,HO,2024Q4,Older Adults (≥65)
24090499,1,61,YR,F,,"",US,,OZEMPIC,SEMAGLUTIDE,0.5,MG,PS,Constipation,OT,2024Q3,Younger Adults (18–64)
24090766,1,62,YR,F,83.7,KG,US,,OZEMPIC,SEMAGLUTIDE,1.7,MG,PS,Hyperaesthesia,OT,2024Q3,Younger Adults (18–64)
24091133,1,31,YR,F,88.65,KG,US,,WEGOVY,SEMAGLUTIDE,,"",PS,Gastritis,RI,2024Q3,Younger Adults (18–64)
24092238,1,45,YR,F,117,KG,US,,WEGOVY,SEMAGLUTIDE,,"",PS,Arthralgia,OT,2024Q3,Younger Adults (18–64)
24093063,1,70,YR,,,"",US,US,OZEMPIC,SEMAGLUTIDE,,"",PS,Nausea,OT,2024Q3,Older Adults (≥65)
24093437,1,52,YR,F,,"",US,US,SEMAGLUTIDE,SEMAGLUTIDE,,"",PS,Sunburn,,2024Q3,Younger Adults (18–64)
24093440,1,61,YR,F,,"",US,US,SEMAGLUTIDE,SEMAGLUTIDE,,"",PS,Counterfeit product administered,,2024Q3,Younger Adults (18–64)
24093442,1,47,YR,F,,"",US,US,SEMAGLUTIDE,SEMAGLUTIDE,,"",PS,Suspected counterfeit product,,2024Q3,Younger Adults (18–64)
24093446,1,63,YR,F,,"",US,US,SEMAGLUTIDE,SEMAGLUTIDE,1,MG,PS,Counterfeit product administered,,2024Q3,Younger Adults (18–64)
24093447,1,56,YR,M,,"",US,US,SEMAGLUTIDE,SEMAGLUTIDE,0.1,ML,PS,Sensitive skin,,2024Q3,Younger Adults (18–64)
24093448,1,38,YR,F,,"",US,US,SEMAGLUTIDE,SEMAGLUTIDE,,"",PS,Burning sensation,,2024Q3,Younger Adults (18–64)
24093449,1,69,YR,M,,"",US,US,SEMAGLUTIDE,SEMAGLUTIDE,,"",PS,Abdominal pain,,2024Q3,Older Adults (≥65)
24093450,1,56,YR,F,,"",US,US,SEMAGLUTIDE,SEMAGLUTIDE,,"",PS,Suspected counterfeit product,,2024Q3,Younger Adults (18–64)
24093451,1,63,YR,F,,"",US,US,SEMAGLUTIDE,SEMAGLUTIDE,0.25,MG,PS,Counterfeit product administered,,2024Q3,Younger Adults (18–64)
24093455,1,51,YR,F,,"",US,US,SEMAGLUTIDE,SEMAGLUTIDE,,"",PS,Suspected counterfeit product,,2024Q3,Younger Adults (18–64)
24093456,1,21,YR,M,95.238,KG,US,US,SEMAGLUTIDE,SEMAGLUTIDE,3,MG,PS,Suspected counterfeit product,,2024Q3,Younger Adults (18–64)
24093457,1,54,YR,F,,"",US,US,SEMAGLUTIDE,SEMAGLUTIDE,2,MG,PS,Allodynia,,2024Q3,Younger Adults (18–64)
24093460,1,27,YR,F,,"",US,US,SEMAGLUTIDE,SEMAGLUTIDE,20,IU,PS,Sensitive skin,,2024Q3,Younger Adults (18–64)
24093463,1,23,YR,M,,"",US,US,SEMAGLUTIDE,SEMAGLUTIDE,,"",PS,Erectile dysfunction,,2024Q3,Younger Adults (18–64)
24093465,1,28,YR,F,,"",US,US,SEMAGLUTIDE,SEMAGLUTIDE,,"",PS,Allodynia,,2024Q3,Younger Adults (18–64)
24093466,1,47,YR,F,,"",US,US,SEMAGLUTIDE,SEMAGLUTIDE,2.4,MG,PS,Allodynia,,2024Q3,Younger Adults (18–64)
24093471,1,49,YR,F,,"",US,US,SEMAGLUTIDE,SEMAGLUTIDE,1.5,MG,PS,Sensitive skin,,2024Q3,Younger Adults (18–64)
24093477,1,74,YR,F,,"",US,US,SEMAGLUTIDE,SEMAGLUTIDE,,"",PS,Nausea,,2024Q3,Older Adults (≥65)
24093478,1,35,YR,F,,"",US,US,SEMAGLUTIDE,SEMAGLUTIDE,,"",PS,Nausea,OT,2024Q3,Younger Adults (18–64)
24093482,1,52,YR,F,,"",US,US,SEMAGLUTIDE,SEMAGLUTIDE,,"",PS,Impaired gastric emptying,OT,2024Q3,Younger Adults (18–64)
24093485,1,73,YR,F,,"",US,US,SEMAGLUTIDE,SEMAGLUTIDE,,"",PS,Nausea,,2024Q3,Older Adults (≥65)
24093932,1,88,YR,F,,"",US,US,OZEMPIC,SEMAGLUTIDE,0.25,MG,PS,Blindness unilateral,HO,2024Q3,Older Adults (≥65)
24093953,1,74,YR,M,,"",US,US,OZEMPIC,SEMAGLUTIDE,2,MG,PS,Papilloedema,OT,2024Q3,Older Adults (≥65)
24093954,1,64,YR,F,,"",US,US,OZEMPIC,SEMAGLUTIDE,0.5,MG,PS,Taste disorder,HO,2024Q3,Younger Adults (18–64)
24097605,1,41,YR,F,83.25,KG,US,,CYANOCOBALAMIN\SEMAGLUTIDE,CYANOCOBALAMIN\SEMAGLUTIDE,,"",PS,Ovarian cyst ruptured,OT,2024Q3,Younger Adults (18–64)
24098648,1,73,YR,M,,"",US,US,OZEMPIC,SEMAGLUTIDE,0.5,MG,PS,Nausea,,2024Q3,Older Adults (≥65)
24098651,1,56,YR,F,,"",US,US,OZEMPIC,SEMAGLUTIDE,,"",PS,Ill-defined disorder,,2024Q3,Younger Adults (18–64)
24098652,1,50,YR,M,,"",US,US,OZEMPIC,SEMAGLUTIDE,0.25,MG,PS,Product use in unapproved indication,,2024Q3,Younger Adults (18–64)
24098654,2,66,YR,F,,"",US,US,OZEMPIC,SEMAGLUTIDE,,"",PS,Product communication issue,,2024Q3,Older Adults (≥65)
24098657,1,54,YR,F,,"",US,US,OZEMPIC,SEMAGLUTIDE,,"",PS,Increased appetite,,2024Q3,Younger Adults (18–64)
24098658,1,29,YR,F,,"",US,US,OZEMPIC,SEMAGLUTIDE,,"",PS,Headache,,2024Q3,Younger Adults (18–64)
24098662,1,33,YR,M,,"",US,US,OZEMPIC,SEMAGLUTIDE,,"",PS,Illness,,2024Q3,Younger Adults (18–64)
24098665,1,68,YR,M,,"",US,US,OZEMPIC,SEMAGLUTIDE,,"",PS,Dizziness,,2024Q3,Older Adults (≥65)
24098667,1,78,YR,F,,"",US,US,OZEMPIC,SEMAGLUTIDE,,"",PS,Intermenstrual bleeding,,2024Q3,Older Adults (≥65)
24098668,1,65,YR,,,"",US,US,OZEMPIC,SEMAGLUTIDE,,"",PS,Blood pressure abnormal,,2024Q3,Older Adults (≥65)
24098671,1,60,YR,M,124.72,KG,US,US,OZEMPIC,SEMAGLUTIDE,0.5,MG,PS,Weight decreased,OT,2024Q3,Younger Adults (18–64)
24098672,1,73,YR,F,,"",US,US,OZEMPIC,SEMAGLUTIDE,1,MG,PS,Eye disorder,,2024Q3,Older Adults (≥65)
24098673,1,76,YR,F,,"",US,US,OZEMPIC,SEMAGLUTIDE,0.5,MG,PS,Viral infection,,2024Q3,Older Adults (≥65)
24098675,1,71,YR,F,,"",US,US,OZEMPIC,SEMAGLUTIDE,1,MG,PS,Dyskinesia,,2024Q3,Older Adults (≥65)
24098677,1,71,YR,F,,"",US,US,OZEMPIC,SEMAGLUTIDE,,"",PS,Feeling jittery,,2024Q3,Older Adults (≥65)
24098678,1,81,YR,M,,"",US,US,OZEMPIC,SEMAGLUTIDE,,"",PS,Headache,,2024Q3,Older Adults (≥65)
24098681,1,71,YR,F,,"",US,US,OZEMPIC,SEMAGLUTIDE,,"",PS,Hepatic enzyme increased,,2024Q3,Older Adults (≥65)
24098683,1,29,YR,F,,"",US,US,OZEMPIC,SEMAGLUTIDE,0.25,MG,PS,Product use in unapproved indication,,2024Q3,Younger Adults (18–64)
24098688,1,65,YR,F,,"",US,US,OZEMPIC,SEMAGLUTIDE,,"",PS,Retching,,2024Q3,Older Adults (≥65)
24098694,1,67,YR,F,,"",US,US,OZEMPIC,SEMAGLUTIDE,,"",PS,Abdominal discomfort,,2024Q3,Older Adults (≥65)
24098695,1,68,YR,M,,"",US,US,OZEMPIC,SEMAGLUTIDE,,"",PS,Impaired gastric emptying,OT,2024Q3,Older Adults (≥65)
24098697,1,77,YR,F,,"",US,US,OZEMPIC,SEMAGLUTIDE,,"",PS,Suprapubic pain,,2024Q3,Older Adults (≥65)
24098698,1,60,YR,F,,"",US,US,OZEMPIC,SEMAGLUTIDE,,"",PS,Weight decreased,,2024Q3,Younger Adults (18–64)
24098699,1,71,YR,F,,"",US,US,OZEMPIC,SEMAGLUTIDE,,"",PS,Arthralgia,,2024Q3,Older Adults (≥65)
24098700,1,58,YR,F,,"",US,US,OZEMPIC,SEMAGLUTIDE,,"",PS,Influenza,,2024Q3,Younger Adults (18–64)
24098702,1,69,YR,F,,"",US,US,OZEMPIC,SEMAGLUTIDE,,"",PS,Amnesia,,2024Q3,Older Adults (≥65)
24098703,1,65,YR,M,,"",US,US,OZEMPIC,SEMAGLUTIDE,,"",PS,Dyspnoea,,2024Q3,Older Adults (≥65)
24098705,1,76,YR,F,,"",US,US,OZEMPIC,SEMAGLUTIDE,,"",PS,Gastrointestinal disorder,,2024Q3,Older Adults (≥65)
24098707,1,54,YR,F,,"",US,US,OZEMPIC,SEMAGLUTIDE,,"",PS,Depression,,2024Q3,Younger Adults (18–64)
24098714,1,71,YR,F,,"",US,US,OZEMPIC,SEMAGLUTIDE,,"",PS,Weight decreased,,2024Q3,Older Adults (≥65)
24098715,1,80,YR,F,,"",US,US,OZEMPIC,SEMAGLUTIDE,,"",PS,Uterine haemorrhage,,2024Q3,Older Adults (≥65)
24098720,1,85,YR,F,,"",US,US,OZEMPIC,SEMAGLUTIDE,,"",PS,Rash,,2024Q3,Older Adults (≥65)
24098730,1,79,YR,F,,"",US,US,OZEMPIC,SEMAGLUTIDE,,"",PS,Decreased appetite,,2024Q3,Older Adults (≥65)
24098734,1,47,YR,M,,"",US,US,OZEMPIC,SEMAGLUTIDE,,"",PS,Abdominal pain upper,,2024Q3,Younger Adults (18–64)
24098737,1,42,YR,F,,"",US,US,OZEMPIC,SEMAGLUTIDE,,"",PS,Blood glucose decreased,OT,2024Q3,Younger Adults (18–64)
24098741,1,76,YR,M,,"",US,US,OZEMPIC,SEMAGLUTIDE,,"",PS,Hypotension,,2024Q3,Older Adults (≥65)
24098742,1,59,YR,F,,"",US,US,OZEMPIC,SEMAGLUTIDE,,"",PS,Gingival bleeding,,2024Q3,Younger Adults (18–64)
24098743,1,50,YR,M,,"",US,US,OZEMPIC,SEMAGLUTIDE,,"",PS,Decreased appetite,,2024Q3,Younger Adults (18–64)
24098748,1,59,YR,F,,"",US,US,OZEMPIC,SEMAGLUTIDE,,"",PS,Nausea,,2024Q3,Younger Adults (18–64)
24098749,1,64,YR,F,,"",US,US,OZEMPIC,SEMAGLUTIDE,,"",PS,Nausea,,2024Q3,Younger Adults (18–64)
24098753,1,61,YR,F,,"",US,US,OZEMPIC,SEMAGLUTIDE,,"",PS,Eye irritation,,2024Q3,Younger Adults (18–64)
24098754,1,73,YR,F,,"",US,US,OZEMPIC,SEMAGLUTIDE,,"",PS,Rash,,2024Q3,Older Adults (≥65)
24098756,1,64,YR,M,,"",US,US,OZEMPIC,SEMAGLUTIDE,,"",PS,Nausea,,2024Q3,Younger Adults (18–64)
24098757,1,71,YR,M,,"",US,US,OZEMPIC,SEMAGLUTIDE,,"",PS,Constipation,,2024Q3,Older Adults (≥65)
24098761,1,57,YR,F,,"",US,US,OZEMPIC,SEMAGLUTIDE,,"",PS,Nausea,,2024Q3,Younger Adults (18–64)
24098763,2,44,YR,F,,"",US,US,OZEMPIC,SEMAGLUTIDE,,"",PS,Diarrhoea,OT,2024Q3,Younger Adults (18–64)
24098764,1,78,YR,M,,"",US,US,OZEMPIC,SEMAGLUTIDE,1,MG,PS,Constipation,,2024Q3,Older Adults (≥65)
24098767,1,74,YR,F,,"",US,US,OZEMPIC,SEMAGLUTIDE,0.25,MG,PS,Chest pain,,2024Q3,Older Adults (≥65)
24098769,1,76,YR,,,"",US,US,OZEMPIC,SEMAGLUTIDE,,"",PS,Decreased appetite,,2024Q3,Older Adults (≥65)
24098777,1,58,YR,F,,"",US,US,OZEMPIC,SEMAGLUTIDE,0.5,MG,PS,Vision blurred,,2024Q3,Younger Adults (18–64)
24098780,1,74,YR,F,,"",US,US,OZEMPIC,SEMAGLUTIDE,0.5,MG,PS,Injection site vesicles,,2024Q3,Older Adults (≥65)
24098783,1,66,YR,M,,"",US,US,OZEMPIC,SEMAGLUTIDE,0.5,MG,PS,Gout,,2024Q3,Older Adults (≥65)
24098784,2,69,YR,M,,"",US,US,OZEMPIC,SEMAGLUTIDE,0.25,MG,PS,Inappropriate schedule of product administration,,2024Q3,Older Adults (≥65)
24098785,1,72,YR,F,,"",US,US,OZEMPIC,SEMAGLUTIDE,,"",PS,Alopecia,,2024Q3,Older Adults (≥65)
24098786,1,60,YR,M,,"",US,US,OZEMPIC,SEMAGLUTIDE,2,MG,PS,Hiccups,,2024Q3,Younger Adults (18–64)
24098787,1,72,YR,F,,"",US,US,OZEMPIC,SEMAGLUTIDE,1,MG,PS,Constipation,,2024Q3,Older Adults (≥65)
24098788,2,68,YR,F,,"",US,US,OZEMPIC,SEMAGLUTIDE,1,MG,PS,Product dispensing error,,2024Q3,Older Adults (≥65)
24098791,1,55,YR,F,,"",US,US,OZEMPIC,SEMAGLUTIDE,,"",PS,Injection site vesicles,,2024Q3,Younger Adults (18–64)
24098792,1,77,YR,M,,"",US,US,OZEMPIC,SEMAGLUTIDE,2,MG,PS,Nausea,HO,2024Q3,Older Adults (≥65)
24098796,1,67,YR,,,"",US,US,OZEMPIC,SEMAGLUTIDE,,"",PS,Dyspepsia,,2024Q3,Older Adults (≥65)
24098797,1,41,YR,F,,"",US,US,OZEMPIC,SEMAGLUTIDE,0.25,MG,PS,Gastrooesophageal reflux disease,OT,2024Q3,Younger Adults (18–64)
24098806,1,65,YR,M,,"",US,US,OZEMPIC,SEMAGLUTIDE,1,MG,PS,Drug ineffective,,2024Q3,Older Adults (≥65)
24098807,1,58,YR,F,,"",US,US,OZEMPIC,SEMAGLUTIDE,0.25,MG,PS,Abdominal distension,,2024Q3,Younger Adults (18–64)
24098808,1,64,YR,M,,"",US,US,OZEMPIC,SEMAGLUTIDE,,"",PS,Gastrointestinal disorder,,2024Q3,Younger Adults (18–64)
24098809,1,77,YR,F,,"",US,US,OZEMPIC,SEMAGLUTIDE,,"",PS,Off label use,,2024Q3,Older Adults (≥65)
24098811,1,53,YR,F,,"",US,US,OZEMPIC,SEMAGLUTIDE,0.5,MG,PS,Device malfunction,,2024Q3,Younger Adults (18–64)
24098812,1,83,YR,M,,"",US,US,OZEMPIC,SEMAGLUTIDE,,"",PS,Decreased appetite,,2024Q3,Older Adults (≥65)
24098813,1,67,YR,M,,"",US,US,OZEMPIC,SEMAGLUTIDE,,"",PS,Weight increased,,2024Q3,Older Adults (≥65)
24098816,1,64,YR,F,,"",US,US,OZEMPIC,SEMAGLUTIDE,0.25,MG,PS,Blood glucose increased,,2024Q3,Younger Adults (18–64)
24098821,1,72,YR,F,,"",US,US,OZEMPIC,SEMAGLUTIDE,2,MG,PS,Incontinence,,2024Q3,Older Adults (≥65)
24098825,2,71,YR,M,,"",US,US,OZEMPIC,SEMAGLUTIDE,,"",PS,Weight increased,,2024Q3,Older Adults (≥65)
24098826,1,71,YR,F,,"",US,US,OZEMPIC,SEMAGLUTIDE,,"",PS,Lip swelling,,2024Q3,Older Adults (≥65)
24098829,1,68,YR,F,,"",US,US,OZEMPIC,SEMAGLUTIDE,,"",PS,Blood glucose increased,,2024Q3,Older Adults (≥65)
24098835,1,70,YR,F,,"",US,US,OZEMPIC,SEMAGLUTIDE,0.25,MG,PS,Nausea,,2024Q3,Older Adults (≥65)
24098838,1,49,YR,F,,"",US,US,OZEMPIC,SEMAGLUTIDE,0.25,MG,PS,Nausea,,2024Q3,Younger Adults (18–64)
24098844,1,53,YR,F,,"",US,US,OZEMPIC,SEMAGLUTIDE,,"",PS,Headache,,2024Q3,Younger Adults (18–64)
24098845,1,72,YR,M,,"",US,US,OZEMPIC,SEMAGLUTIDE,,"",PS,Blood glucose decreased,,2024Q3,Older Adults (≥65)
24098847,1,78,YR,F,,"",US,US,OZEMPIC,SEMAGLUTIDE,0.5,MG,PS,Weight decreased,,2024Q3,Older Adults (≥65)
24098848,1,67,YR,F,,"",US,US,OZEMPIC,SEMAGLUTIDE,0.5,MG,PS,Device mechanical issue,,2024Q3,Older Adults (≥65)
24098851,1,58,YR,F,,"",US,US,OZEMPIC,SEMAGLUTIDE,0.5,MG,PS,Wrong technique in product usage process,,2024Q3,Younger Adults (18–64)
24098852,1,70,YR,F,,"",US,US,OZEMPIC,SEMAGLUTIDE,,"",PS,Eructation,,2024Q3,Older Adults (≥65)
24098854,1,55,YR,F,,"",US,US,OZEMPIC,SEMAGLUTIDE,,"",PS,Headache,,2024Q3,Younger Adults (18–64)
24098857,1,49,YR,M,97.959,KG,US,US,OZEMPIC,SEMAGLUTIDE,0.5,MG,PS,Abdominal pain,OT,2024Q3,Younger Adults (18–64)
24098858,1,50,YR,F,,"",US,US,OZEMPIC,SEMAGLUTIDE,,"",PS,Pancreatic cyst,,2024Q3,Younger Adults (18–64)
24098860,1,71,YR,F,,"",US,US,OZEMPIC,SEMAGLUTIDE,0.5,MG,PS,Flatulence,,2024Q3,Older Adults (≥65)
24098861,1,76,YR,F,,"",US,US,OZEMPIC,SEMAGLUTIDE,,"",PS,Urticaria,,2024Q3,Older Adults (≥65)
24098866,1,25,YR,M,,"",US,US,OZEMPIC,SEMAGLUTIDE,0.5,MG,PS,Injection site swelling,,2024Q3,Younger Adults (18–64)
24098869,1,54,YR,,,"",US,US,OZEMPIC,SEMAGLUTIDE,,"",PS,COVID-19,,2024Q3,Younger Adults (18–64)
24098872,1,73,YR,M,,"",US,US,OZEMPIC,SEMAGLUTIDE,,"",PS,Asthenia,,2024Q3,Older Adults (≥65)
24098873,1,35,YR,F,,"",US,US,OZEMPIC,SEMAGLUTIDE,0.5,MG,PS,Alopecia,,2024Q3,Younger Adults (18–64)
24098876,1,68,YR,F,,"",US,US,OZEMPIC,SEMAGLUTIDE,,"",PS,Eructation,,2024Q3,Older Adults (≥65)
24098877,1,75,YR,F,,"",US,US,OZEMPIC,SEMAGLUTIDE,,"",PS,Arthralgia,,2024Q3,Older Adults (≥65)
24098881,1,54,YR,F,,"",US,US,OZEMPIC,SEMAGLUTIDE,1,MG,PS,Product use in unapproved indication,,2024Q3,Younger Adults (18–64)
24098883,1,78,YR,F,,"",US,US,OZEMPIC,SEMAGLUTIDE,,"",PS,Dyspepsia,,2024Q3,Older Adults (≥65)
24098886,1,70,YR,M,,"",US,US,OZEMPIC,SEMAGLUTIDE,,"",PS,Pancreatitis,OT,2024Q3,Older Adults (≥65)
24098889,1,76,YR,F,,"",US,US,OZEMPIC,SEMAGLUTIDE,,"",PS,Decreased appetite,,2024Q3,Older Adults (≥65)
24098890,1,67,YR,M,,"",US,US,OZEMPIC,SEMAGLUTIDE,,"",PS,Pancreatitis,HO,2024Q3,Older Adults (≥65)
24098900,2,73,YR,F,,"",US,US,OZEMPIC,SEMAGLUTIDE,0.25,MG,PS,Headache,,2024Q3,Older Adults (≥65)
24098902,1,39,YR,M,,"",US,US,OZEMPIC,SEMAGLUTIDE,,"",PS,Diarrhoea,,2024Q3,Younger Adults (18–64)
24098906,1,76,YR,M,,"",US,US,OZEMPIC,SEMAGLUTIDE,,"",PS,Vomiting,,2024Q3,Older Adults (≥65)
24098908,1,65,YR,F,,"",US,US,OZEMPIC,SEMAGLUTIDE,,"",PS,Injection site haemorrhage,,2024Q3,Older Adults (≥65)
24098909,1,61,YR,F,,"",US,US,OZEMPIC,SEMAGLUTIDE,0.25,MG,PS,Pancreatitis,HO,2024Q3,Younger Adults (18–64)
24098911,2,79,YR,M,,"",US,US,OZEMPIC,SEMAGLUTIDE,,"",PS,Abdominal discomfort,,2024Q3,Older Adults (≥65)
24098913,1,67,YR,F,,"",US,US,OZEMPIC,SEMAGLUTIDE,,"",PS,Weight decreased,,2024Q3,Older Adults (≥65)
24098914,1,73,YR,F,,"",US,US,OZEMPIC,SEMAGLUTIDE,2,MG,PS,Off label use,,2024Q3,Older Adults (≥65)
24098915,1,75,YR,M,,"",US,US,OZEMPIC,SEMAGLUTIDE,,"",PS,Weight increased,,2024Q3,Older Adults (≥65)
24098918,1,67,YR,F,,"",US,US,OZEMPIC,SEMAGLUTIDE,0.5,MG,PS,COVID-19,,2024Q3,Older Adults (≥65)
24098926,1,38,YR,F,,"",US,US,OZEMPIC,SEMAGLUTIDE,0.5,MG,PS,Heart rate increased,OT,2024Q3,Younger Adults (18–64)
24098934,1,70,YR,M,,"",US,US,OZEMPIC,SEMAGLUTIDE,0.5,MG,PS,Injection site infection,,2024Q3,Older Adults (≥65)
24098935,1,66,YR,F,,"",US,US,OZEMPIC,SEMAGLUTIDE,,"",PS,Rash,,2024Q3,Older Adults (≥65)
24098937,1,76,YR,M,104.22,KG,US,US,OZEMPIC,SEMAGLUTIDE,0.5,MG,PS,Ileus,OT,2024Q3,Older Adults (≥65)
24098938,1,56,YR,F,,"",US,US,OZEMPIC,SEMAGLUTIDE,2,MG,PS,Hunger,,2024Q3,Younger Adults (18–64)
24098939,1,66,YR,M,,"",US,US,OZEMPIC,SEMAGLUTIDE,0.5,MG,PS,Pruritus,,2024Q3,Older Adults (≥65)
24098940,1,78,YR,M,,"",US,US,OZEMPIC,SEMAGLUTIDE,,"",PS,Blood glucose increased,,2024Q3,Older Adults (≥65)
24098943,1,63,YR,F,,"",US,US,OZEMPIC,SEMAGLUTIDE,1,MG,PS,Constipation,,2024Q3,Younger Adults (18–64)
24098949,1,65,YR,F,,"",US,US,OZEMPIC,SEMAGLUTIDE,0.25,MG,PS,Pneumonia,,2024Q3,Older Adults (≥65)
24098950,1,54,YR,F,,"",US,US,OZEMPIC,SEMAGLUTIDE,,"",PS,Malaise,,2024Q3,Younger Adults (18–64)
24098954,1,59,YR,F,,"",US,US,OZEMPIC,SEMAGLUTIDE,,"",PS,Headache,,2024Q3,Younger Adults (18–64)
24098958,1,79,YR,F,,"",US,US,OZEMPIC,SEMAGLUTIDE,,"",PS,Abdominal pain upper,,2024Q3,Older Adults (≥65)
24098959,1,71,YR,F,,"",US,US,OZEMPIC,SEMAGLUTIDE,2,MG,PS,Wrong technique in product usage process,,2024Q3,Older Adults (≥65)
24098962,1,67,YR,F,,"",US,US,OZEMPIC,SEMAGLUTIDE,,"",PS,Diarrhoea,,2024Q3,Older Adults (≥65)
24098966,1,46,YR,F,,"",US,US,OZEMPIC,SEMAGLUTIDE,,"",PS,Abdominal distension,,2024Q3,Younger Adults (18–64)
24098967,1,33,YR,F,,"",US,US,OZEMPIC,SEMAGLUTIDE,,"",PS,Nausea,,2024Q3,Younger Adults (18–64)
24098968,1,62,YR,M,,"",US,US,OZEMPIC,SEMAGLUTIDE,0.5,MG,PS,Renal impairment,HO,2024Q3,Younger Adults (18–64)
24098970,2,74,YR,F,,"",US,US,OZEMPIC,SEMAGLUTIDE,,"",PS,Vision blurred,,2024Q3,Older Adults (≥65)
24098971,1,76,YR,,,"",US,US,OZEMPIC,SEMAGLUTIDE,1,MG,PS,Off label use,,2024Q3,Older Adults (≥65)
24098972,1,52,YR,F,,"",US,US,OZEMPIC,SEMAGLUTIDE,0.25,MG,PS,Alopecia,,2024Q3,Younger Adults (18–64)
24098975,1,65,YR,F,,"",US,US,OZEMPIC,SEMAGLUTIDE,,"",PS,Allodynia,,2024Q3,Older Adults (≥65)
24098976,1,71,YR,F,,"",US,US,OZEMPIC,SEMAGLUTIDE,25,MG,PS,Nausea,,2024Q3,Older Adults (≥65)
24098978,1,46,YR,F,,"",US,US,OZEMPIC,SEMAGLUTIDE,,"",PS,Aphonia,,2024Q3,Younger Adults (18–64)
24098982,1,71,YR,F,,"",US,US,OZEMPIC,SEMAGLUTIDE,,"",PS,Diarrhoea,,2024Q3,Older Adults (≥65)
24098983,1,69,YR,F,,"",US,US,OZEMPIC,SEMAGLUTIDE,,"",PS,Nausea,,2024Q3,Older Adults (≥65)
24098984,1,70,YR,F,,"",US,US,OZEMPIC,SEMAGLUTIDE,,"",PS,Off label use,,2024Q3,Older Adults (≥65)
24098986,1,77,YR,M,,"",US,US,OZEMPIC,SEMAGLUTIDE,,"",PS,Gastrooesophageal reflux disease,,2024Q3,Older Adults (≥65)
24098989,1,75,YR,M,,"",US,US,OZEMPIC,SEMAGLUTIDE,0.25,MG,PS,Muscle spasms,,2024Q3,Older Adults (≥65)
24098990,1,31,YR,F,,"",US,US,OZEMPIC,SEMAGLUTIDE,,"",PS,Abdominal distension,,2024Q3,Younger Adults (18–64)
24098991,1,46,YR,F,,"",US,US,OZEMPIC,SEMAGLUTIDE,,"",PS,Swelling face,,2024Q3,Younger Adults (18–64)
24099000,1,64,YR,F,,"",US,US,OZEMPIC,SEMAGLUTIDE,,"",PS,Alopecia,,2024Q3,Younger Adults (18–64)
24099003,1,71,YR,M,99.773,KG,US,US,OZEMPIC,SEMAGLUTIDE,,"",PS,Off label use,,2024Q3,Older Adults (≥65)
24099005,1,78,YR,M,,"",US,US,OZEMPIC,SEMAGLUTIDE,0.5,MG,PS,Dizziness,,2024Q3,Older Adults (≥65)
24099006,1,40,YR,F,,"",US,US,OZEMPIC,SEMAGLUTIDE,,"",PS,Impaired gastric emptying,OT,2024Q3,Younger Adults (18–64)
24099010,1,68,YR,M,,"",US,US,OZEMPIC,SEMAGLUTIDE,,"",PS,Product dispensing error,,2024Q3,Older Adults (≥65)
24099012,1,63,YR,F,,"",US,US,OZEMPIC,SEMAGLUTIDE,,"",PS,Burning sensation,,2024Q3,Younger Adults (18–64)
24099013,1,69,YR,F,,"",US,US,OZEMPIC,SEMAGLUTIDE,,"",PS,Restlessness,,2024Q3,Older Adults (≥65)
24099014,1,77,YR,F,,"",US,US,OZEMPIC,SEMAGLUTIDE,0.5,MG,PS,Nausea,,2024Q3,Older Adults (≥65)
24099017,1,39,YR,F,,"",US,US,OZEMPIC,SEMAGLUTIDE,,"",PS,Skin reaction,,2024Q3,Younger Adults (18–64)
24099020,1,70,YR,F,,"",US,US,OZEMPIC,SEMAGLUTIDE,1,MG,PS,Product use issue,,2024Q3,Older Adults (≥65)
24099021,1,47,YR,M,,"",US,US,OZEMPIC,SEMAGLUTIDE,2,MG,PS,Sensitive skin,,2024Q3,Younger Adults (18–64)
24099023,1,84,YR,F,,"",US,US,OZEMPIC,SEMAGLUTIDE,0.5,MG,PS,Insomnia,,2024Q3,Older Adults (≥65)
24099028,1,72,YR,F,,"",US,US,OZEMPIC,SEMAGLUTIDE,,"",PS,Dehydration,HO,2024Q3,Older Adults (≥65)
24099030,1,80,YR,M,,"",US,US,OZEMPIC,SEMAGLUTIDE,,"",PS,Tremor,,2024Q3,Older Adults (≥65)
24099031,1,48,YR,F,,"",US,US,OZEMPIC,SEMAGLUTIDE,,"",PS,Glycosylated haemoglobin decreased,,2024Q3,Younger Adults (18–64)
24099033,1,75,YR,F,,"",US,US,OZEMPIC,SEMAGLUTIDE,,"",PS,Vertigo,,2024Q3,Older Adults (≥65)
24099036,1,77,YR,F,,"",US,US,OZEMPIC,SEMAGLUTIDE,,"",PS,Headache,,2024Q3,Older Adults (≥65)
24099038,1,79,YR,F,,"",US,US,OZEMPIC,SEMAGLUTIDE,,"",PS,Alopecia,,2024Q3,Older Adults (≥65)
24099043,1,65,YR,M,,"",US,US,OZEMPIC,SEMAGLUTIDE,,"",PS,Decreased appetite,,2024Q3,Older Adults (≥65)
24099047,1,76,YR,M,,"",US,US,OZEMPIC,SEMAGLUTIDE,,"",PS,Weight decreased,,2024Q3,Older Adults (≥65)
24099049,1,62,YR,F,,"",US,US,OZEMPIC,SEMAGLUTIDE,0.5,MG,PS,Urinary tract infection,,2024Q3,Younger Adults (18–64)
24099051,1,83,YR,M,,"",US,US,OZEMPIC,SEMAGLUTIDE,,"",PS,Vision blurred,,2024Q3,Older Adults (≥65)
24099053,1,76,YR,M,,"",US,US,OZEMPIC,SEMAGLUTIDE,,"",PS,Decreased appetite,,2024Q3,Older Adults (≥65)
24099054,1,58,YR,F,,"",US,US,OZEMPIC,SEMAGLUTIDE,,"",PS,Off label use,,2024Q3,Younger Adults (18–64)
24099057,1,73,YR,F,,"",US,US,OZEMPIC,SEMAGLUTIDE,,"",PS,Hunger,,2024Q3,Older Adults (≥65)
24099060,1,55,YR,F,,"",US,US,OZEMPIC,SEMAGLUTIDE,,"",PS,Paraesthesia,,2024Q3,Younger Adults (18–64)
24099064,1,81,YR,M,,"",US,US,OZEMPIC,SEMAGLUTIDE,0.25,MG,PS,Decreased appetite,,2024Q3,Older Adults (≥65)
24099071,1,67,YR,F,,"",US,US,OZEMPIC,SEMAGLUTIDE,,"",PS,Diarrhoea,,2024Q3,Older Adults (≥65)
24099072,2,75,YR,F,,"",US,US,OZEMPIC,SEMAGLUTIDE,,"",PS,Product dispensing error,,2024Q3,Older Adults (≥65)
24099073,1,75,YR,F,,"",US,US,OZEMPIC,SEMAGLUTIDE,0.5,MG,PS,Pneumonia,,2024Q3,Older Adults (≥65)
24099079,1,65,YR,F,,"",US,US,OZEMPIC,SEMAGLUTIDE,1,MG,PS,Abdominal distension,,2024Q3,Older Adults (≥65)
24099083,1,66,YR,M,,"",US,US,OZEMPIC,SEMAGLUTIDE,0.5,MG,PS,Decreased appetite,,2024Q3,Older Adults (≥65)
24099085,1,58,YR,M,,"",US,US,OZEMPIC,SEMAGLUTIDE,,"",PS,Weight decreased,,2024Q3,Younger Adults (18–64)
24099087,1,82,YR,F,,"",US,US,OZEMPIC,SEMAGLUTIDE,0.5,MG,PS,Haemorrhage,,2024Q3,Older Adults (≥65)
24099095,1,73,YR,F,,"",US,US,OZEMPIC,SEMAGLUTIDE,,"",PS,Weight increased,,2024Q3,Older Adults (≥65)
24099096,2,44,YR,F,,"",US,US,OZEMPIC,SEMAGLUTIDE,,"",PS,Fatigue,,2024Q3,Younger Adults (18–64)
24099098,1,76,YR,F,,"",US,US,OZEMPIC,SEMAGLUTIDE,,"",PS,Cough,,2024Q3,Older Adults (≥65)
24099099,1,44,YR,F,,"",US,US,OZEMPIC,SEMAGLUTIDE,,"",PS,Product packaging quantity issue,,2024Q3,Younger Adults (18–64)
24099103,1,65,YR,F,,"",US,US,OZEMPIC,SEMAGLUTIDE,0.5,MG,PS,Eructation,,2024Q3,Older Adults (≥65)
24099106,1,59,YR,F,,"",US,US,OZEMPIC,SEMAGLUTIDE,,"",PS,Product communication issue,,2024Q3,Younger Adults (18–64)
24099107,1,71,YR,F,,"",US,US,OZEMPIC,SEMAGLUTIDE,,"",PS,Influenza,,2024Q3,Older Adults (≥65)
24099111,1,72,YR,F,,"",US,US,OZEMPIC,SEMAGLUTIDE,,"",PS,Feeding disorder,,2024Q3,Older Adults (≥65)
24099112,1,54,YR,M,,"",US,US,OZEMPIC,SEMAGLUTIDE,,"",PS,Feeling abnormal,,2024Q3,Younger Adults (18–64)
24099113,1,66,YR,M,127,KG,US,US,OZEMPIC,SEMAGLUTIDE,,"",PS,Nausea,,2024Q3,Older Adults (≥65)
24099115,1,73,YR,F,,"",US,US,OZEMPIC,SEMAGLUTIDE,,"",PS,Weight decreased,,2024Q3,Older Adults (≥65)
24099117,1,77,YR,M,,"",US,US,OZEMPIC,SEMAGLUTIDE,,"",PS,Decreased appetite,,2024Q3,Older Adults (≥65)
24099121,1,49,YR,M,,"",US,US,OZEMPIC,SEMAGLUTIDE,1,MG,PS,Neuralgia,,2024Q3,Younger Adults (18–64)
24099124,1,47,YR,F,,"",US,US,OZEMPIC,SEMAGLUTIDE,,"",PS,Injection site bruising,,2024Q3,Younger Adults (18–64)
24099127,1,53,YR,M,,"",US,US,OZEMPIC,SEMAGLUTIDE,1,MG,PS,Depressed mood,,2024Q3,Younger Adults (18–64)
24099128,1,59,YR,M,,"",US,US,OZEMPIC,SEMAGLUTIDE,,"",PS,Off label use,,2024Q3,Younger Adults (18–64)
24099129,1,54,YR,M,,"",US,US,OZEMPIC,SEMAGLUTIDE,,"",PS,Anxiety,,2024Q3,Younger Adults (18–64)
24099131,1,34,YR,F,,"",US,US,OZEMPIC,SEMAGLUTIDE,,"",PS,Blood iron decreased,,2024Q3,Younger Adults (18–64)
24099132,1,64,YR,F,,"",US,US,OZEMPIC,SEMAGLUTIDE,,"",PS,Decreased appetite,,2024Q3,Younger Adults (18–64)
24099133,1,56,YR,F,,"",US,US,OZEMPIC,SEMAGLUTIDE,,"",PS,Abdominal distension,,2024Q3,Younger Adults (18–64)
24099135,1,69,YR,F,,"",US,US,OZEMPIC,SEMAGLUTIDE,,"",PS,Increased appetite,,2024Q3,Older Adults (≥65)
24099138,1,52,YR,F,,"",US,US,OZEMPIC,SEMAGLUTIDE,,"",PS,Wrong technique in product usage process,,2024Q3,Younger Adults (18–64)
24099139,1,70,YR,F,,"",US,US,OZEMPIC,SEMAGLUTIDE,,"",PS,Vomiting,,2024Q3,Older Adults (≥65)
24099141,1,36,YR,M,,"",US,US,OZEMPIC,SEMAGLUTIDE,2,MG,PS,Device malfunction,,2024Q3,Younger Adults (18–64)
24099148,2,75,YR,F,,"",US,US,OZEMPIC,SEMAGLUTIDE,,"",PS,Skin burning sensation,,2024Q3,Older Adults (≥65)
24099151,1,63,YR,F,,"",US,US,OZEMPIC,SEMAGLUTIDE,,"",PS,Constipation,,2024Q3,Younger Adults (18–64)
24099152,1,69,YR,M,,"",US,US,OZEMPIC,SEMAGLUTIDE,,"",PS,Vomiting,,2024Q3,Older Adults (≥65)
24099156,1,45,YR,F,,"",US,US,OZEMPIC,SEMAGLUTIDE,,"",PS,Product use in unapproved indication,,2024Q3,Younger Adults (18–64)
24099157,1,57,YR,M,,"",US,US,OZEMPIC,SEMAGLUTIDE,,"",PS,Product use in unapproved indication,,2024Q3,Younger Adults (18–64)
24099158,1,64,YR,F,,"",US,US,OZEMPIC,SEMAGLUTIDE,0.5,MG,PS,Device malfunction,,2024Q3,Younger Adults (18–64)
24099160,1,36,YR,F,,"",US,US,OZEMPIC,SEMAGLUTIDE,,"",PS,Blood pressure decreased,,2024Q3,Younger Adults (18–64)
24099169,1,58,YR,F,,"",US,US,OZEMPIC,SEMAGLUTIDE,,"",PS,Weight increased,,2024Q3,Younger Adults (18–64)
24099171,1,60,YR,F,,"",US,US,OZEMPIC,SEMAGLUTIDE,,"",PS,Injection site bruising,,2024Q3,Younger Adults (18–64)
24099172,1,68,YR,F,,"",US,US,OZEMPIC,SEMAGLUTIDE,,"",PS,Visual impairment,,2024Q3,Older Adults (≥65)
24099176,1,76,YR,M,,"",US,US,OZEMPIC,SEMAGLUTIDE,1,MG,PS,Ageusia,,2024Q3,Older Adults (≥65)
24099179,1,50,YR,F,,"",US,US,OZEMPIC,SEMAGLUTIDE,,"",PS,Mood altered,,2024Q3,Younger Adults (18–64)
24099180,1,77,YR,F,,"",US,US,OZEMPIC,SEMAGLUTIDE,1,MG,PS,Nausea,,2024Q3,Older Adults (≥65)
24099184,1,50,YR,M,,"",US,US,OZEMPIC,SEMAGLUTIDE,,"",PS,Abdominal pain upper,,2024Q3,Younger Adults (18–64)
24099186,1,62,YR,F,,"",US,US,OZEMPIC,SEMAGLUTIDE,0.5,MG,PS,Dehydration,,2024Q3,Younger Adults (18–64)
24099189,1,50,YR,M,,"",US,US,OZEMPIC,SEMAGLUTIDE,,"",PS,Decreased appetite,,2024Q3,Younger Adults (18–64)
24099190,2,86,YR,F,,"",US,US,OZEMPIC,SEMAGLUTIDE,,"",PS,Overdose,,2024Q3,Older Adults (≥65)
24099193,1,80,YR,M,,"",US,US,OZEMPIC,SEMAGLUTIDE,,"",PS,Product communication issue,,2024Q3,Older Adults (≥65)
24099199,2,57,YR,F,,"",US,US,OZEMPIC,SEMAGLUTIDE,1,MG,PS,Thyroid hormones increased,OT,2024Q3,Younger Adults (18–64)
24099205,1,64,YR,F,,"",US,US,OZEMPIC,SEMAGLUTIDE,,"",PS,Wrong technique in product usage process,,2024Q3,Younger Adults (18–64)
24099206,1,72,YR,M,,"",US,US,OZEMPIC,SEMAGLUTIDE,,"",PS,Flatulence,,2024Q3,Older Adults (≥65)
24099207,1,56,YR,M,,"",US,US,OZEMPIC,SEMAGLUTIDE,,"",PS,Libido decreased,,2024Q3,Younger Adults (18–64)
24099208,1,77,YR,F,,"",US,US,OZEMPIC,SEMAGLUTIDE,,"",PS,Wrong technique in product usage process,,2024Q3,Older Adults (≥65)
24099216,1,39,YR,M,,"",US,US,OZEMPIC,SEMAGLUTIDE,,"",PS,Ventricular extrasystoles,,2024Q3,Younger Adults (18–64)
24099233,1,67,YR,,,"",US,US,OZEMPIC,SEMAGLUTIDE,0.25,MG,PS,Nausea,,2024Q3,Older Adults (≥65)
24099238,1,53,YR,F,,"",US,US,OZEMPIC,SEMAGLUTIDE,0.5,MG,PS,Off label use,HO,2024Q3,Younger Adults (18–64)
24099242,2,76,YR,F,,"",US,US,OZEMPIC,SEMAGLUTIDE,,"",PS,Product dose omission issue,,2024Q3,Older Adults (≥65)
24099243,1,67,YR,F,,"",US,US,OZEMPIC,SEMAGLUTIDE,,"",PS,Sinusitis,,2024Q3,Older Adults (≥65)
24099247,1,70,YR,F,,"",US,US,OZEMPIC,SEMAGLUTIDE,,"",PS,Hunger,,2024Q3,Older Adults (≥65)
24099258,1,63,YR,F,,"",US,US,OZEMPIC,SEMAGLUTIDE,,"",PS,Injection site discharge,,2024Q3,Younger Adults (18–64)
24099259,1,71,YR,F,,"",US,US,OZEMPIC,SEMAGLUTIDE,,"",PS,Accidental overdose,,2024Q3,Older Adults (≥65)
24099263,1,32,YR,F,,"",US,US,OZEMPIC,SEMAGLUTIDE,,"",PS,Product use in unapproved indication,,2024Q3,Younger Adults (18–64)
24099264,1,81,YR,F,,"",US,US,OZEMPIC,SEMAGLUTIDE,,"",PS,Hiccups,,2024Q3,Older Adults (≥65)
24099265,1,66,YR,F,,"",US,US,OZEMPIC,SEMAGLUTIDE,,"",PS,Influenza,,2024Q3,Older Adults (≥65)
24099266,1,54,YR,M,,"",US,US,OZEMPIC,SEMAGLUTIDE,1,MG,PS,Dyspnoea,,2024Q3,Younger Adults (18–64)
24099270,1,50,YR,F,,"",US,US,OZEMPIC,SEMAGLUTIDE,,"",PS,Nausea,,2024Q3,Younger Adults (18–64)
24099274,1,54,YR,F,,"",US,US,OZEMPIC,SEMAGLUTIDE,,"",PS,Hypoaesthesia,,2024Q3,Younger Adults (18–64)
24099282,1,59,YR,F,,"",US,US,OZEMPIC,SEMAGLUTIDE,2,MG,PS,Vision blurred,,2024Q3,Younger Adults (18–64)
24099285,1,69,YR,M,,"",US,US,OZEMPIC,SEMAGLUTIDE,0.25,MG,PS,Blood glucose increased,,2024Q3,Older Adults (≥65)
24099290,1,65,YR,F,,"",US,US,OZEMPIC,SEMAGLUTIDE,,"",PS,Dyspepsia,,2024Q3,Older Adults (≥65)
24099291,1,67,YR,F,,"",US,US,OZEMPIC,SEMAGLUTIDE,,"",PS,Malaise,,2024Q3,Older Adults (≥65)
24099302,1,74,YR,F,,"",US,US,OZEMPIC,SEMAGLUTIDE,1,MG,PS,Off label use,,2024Q3,Older Adults (≥65)
24099303,1,67,YR,F,,"",US,US,OZEMPIC,SEMAGLUTIDE,,"",PS,Sensitive skin,,2024Q3,Older Adults (≥65)
24099304,1,50,YR,M,,"",US,US,OZEMPIC,SEMAGLUTIDE,,"",PS,Renal disorder,,2024Q3,Younger Adults (18–64)
24099308,1,69,YR,M,,"",US,US,OZEMPIC,SEMAGLUTIDE,,"",PS,Nausea,,2024Q3,Older Adults (≥65)
24099310,1,60,YR,F,,"",US,US,OZEMPIC,SEMAGLUTIDE,,"",PS,Food craving,,2024Q3,Younger Adults (18–64)
24099314,1,31,YR,F,,"",US,US,OZEMPIC,SEMAGLUTIDE,1,MG,PS,Vomiting,,2024Q3,Younger Adults (18–64)
24099316,1,34,YR,F,,"",US,US,OZEMPIC,SEMAGLUTIDE,,"",PS,Adverse drug reaction,,2024Q3,Younger Adults (18–64)
24099318,2,62,YR,F,,"",US,US,OZEMPIC,SEMAGLUTIDE,,"",PS,Abdominal pain upper,,2024Q3,Younger Adults (18–64)
24099320,1,73,YR,F,,"",US,US,OZEMPIC,SEMAGLUTIDE,,"",PS,Alopecia,,2024Q3,Older Adults (≥65)
24099323,1,79,YR,F,,"",US,US,OZEMPIC,SEMAGLUTIDE,0.25,MG,PS,Feeling jittery,,2024Q3,Older Adults (≥65)
24099324,1,74,YR,F,,"",US,US,OZEMPIC,SEMAGLUTIDE,,"",PS,Biliary colic,,2024Q3,Older Adults (≥65)
24099327,1,76,YR,F,,"",US,US,OZEMPIC,SEMAGLUTIDE,,"",PS,Decreased appetite,,2024Q3,Older Adults (≥65)
24099328,1,66,YR,F,,"",US,US,OZEMPIC,SEMAGLUTIDE,,"",PS,Pruritus,,2024Q3,Older Adults (≥65)
24099329,1,74,YR,M,,"",US,US,OZEMPIC,SEMAGLUTIDE,,"",PS,Nausea,,2024Q3,Older Adults (≥65)
24099335,2,82,YR,F,,"",US,US,OZEMPIC,SEMAGLUTIDE,,"",PS,Nausea,,2024Q3,Older Adults (≥65)
24099337,1,76,YR,,,"",US,US,OZEMPIC,SEMAGLUTIDE,0.5,MG,PS,Fatigue,,2024Q3,Older Adults (≥65)
24099338,1,69,YR,F,,"",US,US,OZEMPIC,SEMAGLUTIDE,0.25,MG,PS,Rhinorrhoea,,2024Q3,Older Adults (≥65)
24099354,2,81,YR,F,,"",US,US,OZEMPIC,SEMAGLUTIDE,0.25,MG,PS,Nausea,,2024Q3,Older Adults (≥65)
24099356,2,63,YR,F,,"",US,US,OZEMPIC,SEMAGLUTIDE,,"",PS,Abdominal discomfort,,2024Q3,Younger Adults (18–64)
24099363,1,78,YR,F,,"",US,US,OZEMPIC,SEMAGLUTIDE,,"",PS,Dizziness,,2024Q3,Older Adults (≥65)
24099364,1,52,YR,F,,"",US,US,OZEMPIC,SEMAGLUTIDE,0.5,MG,PS,Visual impairment,,2024Q3,Younger Adults (18–64)
24099370,1,77,YR,F,,"",US,US,OZEMPIC,SEMAGLUTIDE,,"",PS,Decreased appetite,,2024Q3,Older Adults (≥65)
24099372,1,49,YR,M,,"",US,US,OZEMPIC,SEMAGLUTIDE,,"",PS,Migraine,,2024Q3,Younger Adults (18–64)
24099374,1,81,YR,F,,"",US,US,OZEMPIC,SEMAGLUTIDE,,"",PS,Nausea,,2024Q3,Older Adults (≥65)
24099375,1,63,YR,F,,"",US,US,OZEMPIC,SEMAGLUTIDE,,"",PS,Glycosylated haemoglobin increased,,2024Q3,Younger Adults (18–64)
24099376,1,62,YR,M,,"",US,US,OZEMPIC,SEMAGLUTIDE,2,MG,PS,Condition aggravated,,2024Q3,Younger Adults (18–64)
24099380,1,65,YR,M,,"",US,US,OZEMPIC,SEMAGLUTIDE,,"",PS,Multiple use of single-use product,,2024Q3,Older Adults (≥65)
24099388,1,83,YR,M,,"",US,US,OZEMPIC,SEMAGLUTIDE,0.5,MG,PS,Weight decreased,,2024Q3,Older Adults (≥65)
24099394,1,55,YR,M,,"",US,US,OZEMPIC,SEMAGLUTIDE,,"",PS,Pancreatitis,OT,2024Q3,Younger Adults (18–64)
24099396,1,23,YR,F,,"",US,US,OZEMPIC,SEMAGLUTIDE,1,MG,PS,Pollakiuria,,2024Q3,Younger Adults (18–64)
24099397,1,66,YR,M,,"",US,US,OZEMPIC,SEMAGLUTIDE,,"",PS,Weight increased,,2024Q3,Older Adults (≥65)
24099398,1,76,YR,M,,"",US,US,OZEMPIC,SEMAGLUTIDE,0.5,MG,PS,Incorrect dose administered,,2024Q3,Older Adults (≥65)
24099400,1,48,YR,F,,"",US,US,OZEMPIC,SEMAGLUTIDE,,"",PS,Intentional product misuse,,2024Q3,Younger Adults (18–64)
24099403,1,84,YR,F,,"",US,US,OZEMPIC,SEMAGLUTIDE,1,MG,PS,Headache,,2024Q3,Older Adults (≥65)
24099408,1,26,YR,F,,"",US,US,OZEMPIC,SEMAGLUTIDE,,"",PS,Urticaria,,2024Q3,Younger Adults (18–64)
24099410,1,86,YR,M,,"",US,US,OZEMPIC,SEMAGLUTIDE,,"",PS,Diarrhoea,,2024Q3,Older Adults (≥65)
24099411,1,73,YR,F,,"",US,US,OZEMPIC,SEMAGLUTIDE,,"",PS,Wrong technique in product usage process,,2024Q3,Older Adults (≥65)
24099415,1,78,YR,M,92.8,KG,US,US,OZEMPIC,SEMAGLUTIDE,1,MG,PS,Pancreatitis acute,HO,2024Q3,Older Adults (≥65)
24099428,1,31,YR,F,,"",US,US,OZEMPIC,SEMAGLUTIDE,2,MG,PS,Abdominal pain upper,,2024Q3,Younger Adults (18–64)
24099429,1,47,YR,M,,"",US,US,OZEMPIC,SEMAGLUTIDE,0.25,MG,PS,Skin irritation,,2024Q3,Younger Adults (18–64)
24099432,1,55,YR,M,,"",US,US,OZEMPIC,SEMAGLUTIDE,,"",PS,Injection site discharge,,2024Q3,Younger Adults (18–64)
24099433,1,78,YR,M,,"",US,US,OZEMPIC,SEMAGLUTIDE,,"",PS,Wrong technique in product usage process,,2024Q3,Older Adults (≥65)
24099434,1,74,YR,M,,"",US,US,OZEMPIC,SEMAGLUTIDE,,"",PS,Abdominal distension,,2024Q3,Older Adults (≥65)
24099455,2,80,YR,M,,"",US,US,OZEMPIC,SEMAGLUTIDE,2,MG,PS,Gait disturbance,,2024Q3,Older Adults (≥65)
24099456,1,61,YR,M,220,KG,US,US,OZEMPIC,SEMAGLUTIDE,2,MG,PS,Weight increased,,2024Q3,Younger Adults (18–64)
24099458,1,77,YR,,,"",US,US,OZEMPIC,SEMAGLUTIDE,,"",PS,Off label use,,2024Q3,Older Adults (≥65)
24099459,1,57,YR,F,,"",US,US,OZEMPIC,SEMAGLUTIDE,,"",PS,Abdominal pain upper,,2024Q3,Younger Adults (18–64)
24099461,1,70,YR,M,,"",US,US,OZEMPIC,SEMAGLUTIDE,,"",PS,Abdominal distension,,2024Q3,Older Adults (≥65)
24099462,1,45,YR,F,,"",US,US,OZEMPIC,SEMAGLUTIDE,0.25,MG,PS,Diarrhoea,OT,2024Q3,Younger Adults (18–64)
24099467,1,82,YR,F,,"",US,US,OZEMPIC,SEMAGLUTIDE,,"",PS,Sleep terror,,2024Q3,Older Adults (≥65)
24099470,1,51,YR,F,,"",US,US,OZEMPIC,SEMAGLUTIDE,1,MG,PS,Insomnia,,2024Q3,Younger Adults (18–64)
24099476,1,61,YR,F,,"",US,US,OZEMPIC,SEMAGLUTIDE,0.25,MG,PS,Blood glucose decreased,,2024Q3,Younger Adults (18–64)
24099479,1,54,YR,F,,"",US,US,OZEMPIC,SEMAGLUTIDE,,"",PS,Constipation,,2024Q3,Younger Adults (18–64)
24099481,1,61,YR,F,,"",US,US,OZEMPIC,SEMAGLUTIDE,,"",PS,Nausea,,2024Q3,Younger Adults (18–64)
24099484,1,29,YR,F,,"",US,US,OZEMPIC,SEMAGLUTIDE,,"",PS,Nausea,,2024Q3,Younger Adults (18–64)
24099486,1,52,YR,,,"",US,US,OZEMPIC,SEMAGLUTIDE,,"",PS,Product use in unapproved indication,,2024Q3,Younger Adults (18–64)
24099487,1,70,YR,F,,"",US,US,OZEMPIC,SEMAGLUTIDE,0.25,MG,PS,Product communication issue,,2024Q3,Older Adults (≥65)
24099488,1,67,YR,F,,"",US,US,OZEMPIC,SEMAGLUTIDE,0.25,MG,PS,Wrong technique in device usage process,,2024Q3,Older Adults (≥65)
24099492,1,71,YR,F,,"",US,US,OZEMPIC,SEMAGLUTIDE,,"",PS,Product communication issue,,2024Q3,Older Adults (≥65)
24099497,1,68,YR,F,,"",US,US,OZEMPIC,SEMAGLUTIDE,,"",PS,Sneezing,,2024Q3,Older Adults (≥65)
24099500,1,80,YR,F,,"",US,US,OZEMPIC,SEMAGLUTIDE,,"",PS,Increased appetite,,2024Q3,Older Adults (≥65)
24099501,1,75,YR,F,,"",US,US,OZEMPIC,SEMAGLUTIDE,1,MG,PS,Dyspnoea,,2024Q3,Older Adults (≥65)
24099504,1,50,YR,F,,"",US,US,OZEMPIC,SEMAGLUTIDE,,"",PS,Pruritus,,2024Q3,Younger Adults (18–64)
24099506,1,65,YR,F,,"",US,US,OZEMPIC,SEMAGLUTIDE,,"",PS,Arthralgia,,2024Q3,Older Adults (≥65)
24099508,1,67,YR,F,,"",US,US,OZEMPIC,SEMAGLUTIDE,1,MG,PS,Injection site bruising,,2024Q3,Older Adults (≥65)
24099513,1,63,YR,F,,"",US,US,OZEMPIC,SEMAGLUTIDE,,"",PS,Abdominal distension,,2024Q3,Younger Adults (18–64)
24099514,1,55,YR,F,,"",US,US,OZEMPIC,SEMAGLUTIDE,,"",PS,Hot flush,,2024Q3,Younger Adults (18–64)
24099521,1,49,YR,F,,"",US,US,OZEMPIC,SEMAGLUTIDE,,"",PS,Increased appetite,,2024Q3,Younger Adults (18–64)
24099525,1,65,YR,M,,"",US,US,OZEMPIC,SEMAGLUTIDE,,"",PS,Food craving,,2024Q3,Older Adults (≥65)
24099526,1,51,YR,F,,"",US,US,OZEMPIC,SEMAGLUTIDE,,"",PS,Hiccups,,2024Q3,Younger Adults (18–64)
24099535,1,60,YR,M,,"",US,US,OZEMPIC,SEMAGLUTIDE,,"",PS,Hepatic enzyme increased,,2024Q3,Younger Adults (18–64)
24099536,1,68,YR,M,,"",US,US,OZEMPIC,SEMAGLUTIDE,1,MG,PS,Product communication issue,,2024Q3,Older Adults (≥65)
24099537,1,61,YR,F,,"",US,US,OZEMPIC,SEMAGLUTIDE,2,MG,PS,Off label use,,2024Q3,Younger Adults (18–64)
24099542,1,24,YR,F,,"",US,US,OZEMPIC,SEMAGLUTIDE,0.5,MG,PS,Vomiting,,2024Q3,Younger Adults (18–64)
24099543,1,79,YR,M,223,KG,US,US,OZEMPIC,SEMAGLUTIDE,,"",PS,Abdominal distension,,2024Q3,Older Adults (≥65)
24099544,1,82,YR,F,,"",US,US,OZEMPIC,SEMAGLUTIDE,1,MG,PS,Product use in unapproved indication,,2024Q3,Older Adults (≥65)
24099545,2,58,YR,F,,"",US,US,OZEMPIC,SEMAGLUTIDE,,"",PS,Hunger,,2024Q3,Younger Adults (18–64)
24099546,1,63,YR,M,,"",US,US,OZEMPIC,SEMAGLUTIDE,,"",PS,Unevaluable event,,2024Q3,Younger Adults (18–64)
24099552,1,70,YR,F,,"",US,US,OZEMPIC,SEMAGLUTIDE,,"",PS,Illness,,2024Q3,Older Adults (≥65)
24099553,1,80,YR,F,,"",US,US,OZEMPIC,SEMAGLUTIDE,0.25,MG,PS,Blood glucose increased,,2024Q3,Older Adults (≥65)
24099555,1,72,YR,F,,"",US,US,OZEMPIC,SEMAGLUTIDE,,"",PS,Abdominal pain upper,,2024Q3,Older Adults (≥65)
24099561,1,78,YR,F,,"",US,US,OZEMPIC,SEMAGLUTIDE,,"",PS,Blood pressure abnormal,,2024Q3,Older Adults (≥65)
24099562,1,61,YR,F,,"",US,US,OZEMPIC,SEMAGLUTIDE,0.25,MG,PS,Confusional state,,2024Q3,Younger Adults (18–64)
24099564,1,50,YR,F,,"",US,US,OZEMPIC,SEMAGLUTIDE,0.25,MG,PS,Off label use,,2024Q3,Younger Adults (18–64)
24099565,1,65,YR,M,,"",US,US,OZEMPIC,SEMAGLUTIDE,,"",PS,Weight decreased,,2024Q3,Older Adults (≥65)
24099567,1,61,YR,F,,"",US,US,OZEMPIC,SEMAGLUTIDE,,"",PS,Anaphylactic shock,OT,2024Q3,Younger Adults (18–64)
24099575,1,73,YR,F,,"",US,US,OZEMPIC,SEMAGLUTIDE,0.25,MG,PS,Abdominal distension,,2024Q3,Older Adults (≥65)
24099581,1,53,YR,F,,"",US,US,OZEMPIC,SEMAGLUTIDE,,"",PS,Illness,,2024Q3,Younger Adults (18–64)
24099583,1,67,YR,F,,"",US,US,OZEMPIC,SEMAGLUTIDE,,"",PS,Constipation,,2024Q3,Older Adults (≥65)
24099586,1,81,YR,F,,"",US,US,OZEMPIC,SEMAGLUTIDE,0.5,MG,PS,Device use error,,2024Q3,Older Adults (≥65)
24099590,1,69,YR,F,,"",US,US,OZEMPIC,SEMAGLUTIDE,,"",PS,Feeding disorder,,2024Q3,Older Adults (≥65)
24099592,1,68,YR,F,,"",US,US,OZEMPIC,SEMAGLUTIDE,2,MG,PS,Rash,,2024Q3,Older Adults (≥65)
24099593,1,51,YR,F,,"",US,US,OZEMPIC,SEMAGLUTIDE,1,MG,PS,Vomiting,,2024Q3,Younger Adults (18–64)
24099594,1,57,YR,F,,"",US,US,OZEMPIC,SEMAGLUTIDE,,"",PS,Wrong technique in device usage process,,2024Q3,Younger Adults (18–64)
24099595,1,66,YR,F,,"",US,US,OZEMPIC,SEMAGLUTIDE,,"",PS,Increased appetite,,2024Q3,Older Adults (≥65)
24099596,1,63,YR,F,,"",US,US,OZEMPIC,SEMAGLUTIDE,,"",PS,Wrong technique in product usage process,,2024Q3,Younger Adults (18–64)
24099598,1,76,YR,M,,"",US,US,OZEMPIC,SEMAGLUTIDE,,"",PS,Taste disorder,,2024Q3,Older Adults (≥65)
24099601,1,68,YR,F,,"",US,US,OZEMPIC,SEMAGLUTIDE,,"",PS,Dyspepsia,,2024Q3,Older Adults (≥65)
24099602,1,72,YR,F,,"",US,US,OZEMPIC,SEMAGLUTIDE,,"",PS,Muscle spasms,,2024Q3,Older Adults (≥65)
24099604,1,70,YR,F,,"",US,US,OZEMPIC,SEMAGLUTIDE,0.5,MG,PS,Constipation,,2024Q3,Older Adults (≥65)
24099608,2,69,YR,F,,"",US,US,OZEMPIC,SEMAGLUTIDE,,"",PS,Diarrhoea,,2024Q3,Older Adults (≥65)
24099617,1,72,YR,F,,"",US,US,OZEMPIC,SEMAGLUTIDE,,"",PS,Nausea,,2024Q3,Older Adults (≥65)
24099619,1,74,YR,F,,"",US,US,OZEMPIC,SEMAGLUTIDE,,"",PS,Wrong technique in product usage process,,2024Q3,Older Adults (≥65)
24099623,1,59,YR,M,,"",US,US,OZEMPIC,SEMAGLUTIDE,,"",PS,Muscle spasms,,2024Q3,Younger Adults (18–64)
24099629,1,59,YR,M,,"",US,US,OZEMPIC,SEMAGLUTIDE,0.25,MG,PS,Muscle spasms,,2024Q3,Younger Adults (18–64)
24099633,1,31,YR,F,,"",US,US,OZEMPIC,SEMAGLUTIDE,,"",PS,Weight decreased,,2024Q3,Younger Adults (18–64)
24099634,1,77,YR,M,,"",US,US,OZEMPIC,SEMAGLUTIDE,0.5,MG,PS,Sleep disorder,,2024Q3,Older Adults (≥65)
24099635,1,53,YR,F,,"",US,US,OZEMPIC,SEMAGLUTIDE,,"",PS,Abdominal distension,,2024Q3,Younger Adults (18–64)
24099641,1,60,YR,M,,"",US,US,OZEMPIC,SEMAGLUTIDE,0.5,MG,PS,Memory impairment,,2024Q3,Younger Adults (18–64)
24099644,1,68,YR,F,,"",US,US,OZEMPIC,SEMAGLUTIDE,0.25,MG,PS,Injection site pain,,2024Q3,Older Adults (≥65)
24099645,1,70,YR,F,,"",US,US,OZEMPIC,SEMAGLUTIDE,,"",PS,Visual impairment,,2024Q3,Older Adults (≥65)
24099648,1,79,YR,F,,"",US,US,OZEMPIC,SEMAGLUTIDE,,"",PS,Fluid retention,,2024Q3,Older Adults (≥65)
24099649,1,67,YR,M,,"",US,US,OZEMPIC,SEMAGLUTIDE,,"",PS,Product use in unapproved indication,,2024Q3,Older Adults (≥65)
24099652,1,60,YR,F,,"",US,US,OZEMPIC,SEMAGLUTIDE,0.5,MG,PS,Allodynia,,2024Q3,Younger Adults (18–64)
24099656,1,60,YR,F,,"",US,US,OZEMPIC,SEMAGLUTIDE,0.5,MG,PS,Colonoscopy,,2024Q3,Younger Adults (18–64)
24099661,1,69,YR,F,,"",US,US,OZEMPIC,SEMAGLUTIDE,,"",PS,Off label use,,2024Q3,Older Adults (≥65)
24099662,1,19,YR,F,,"",US,US,OZEMPIC,SEMAGLUTIDE,,"",PS,Ill-defined disorder,,2024Q3,Younger Adults (18–64)
24099668,1,63,YR,M,,"",US,US,OZEMPIC,SEMAGLUTIDE,,"",PS,Vomiting,,2024Q3,Younger Adults (18–64)
24099670,1,65,YR,F,,"",US,US,OZEMPIC,SEMAGLUTIDE,,"",PS,Wrong technique in product usage process,,2024Q3,Older Adults (≥65)
24099671,2,64,YR,F,,"",US,US,OZEMPIC,SEMAGLUTIDE,0.5,MG,PS,Vomiting,,2024Q3,Younger Adults (18–64)
24099672,1,58,YR,F,,"",US,US,OZEMPIC,SEMAGLUTIDE,1,MG,PS,Extra dose administered,,2024Q3,Younger Adults (18–64)
24099675,1,69,YR,F,,"",US,US,OZEMPIC,SEMAGLUTIDE,,"",PS,Injection site pain,,2024Q3,Older Adults (≥65)
24099678,1,78,YR,F,,"",US,US,OZEMPIC,SEMAGLUTIDE,0.25,MG,PS,Hunger,,2024Q3,Older Adults (≥65)
24099679,1,66,YR,M,,"",US,US,OZEMPIC,SEMAGLUTIDE,0.25,MG,PS,Headache,,2024Q3,Older Adults (≥65)
24099681,2,74,YR,M,,"",US,US,OZEMPIC,SEMAGLUTIDE,,"",PS,Eructation,OT,2024Q3,Older Adults (≥65)
24099683,1,72,YR,F,,"",US,US,OZEMPIC,SEMAGLUTIDE,,"",PS,Constipation,,2024Q3,Older Adults (≥65)
24099685,1,84,YR,F,,"",US,US,OZEMPIC,SEMAGLUTIDE,,"",PS,Wrong technique in product usage process,,2024Q3,Older Adults (≥65)
24099691,1,77,YR,F,,"",US,US,OZEMPIC,SEMAGLUTIDE,,"",PS,Off label use,,2024Q3,Older Adults (≥65)
24099693,1,66,YR,M,,"",US,US,OZEMPIC,SEMAGLUTIDE,0.25,MG,PS,Pancreatitis,OT,2024Q3,Older Adults (≥65)
24099694,1,75,YR,,,"",US,US,OZEMPIC,SEMAGLUTIDE,,"",PS,Weight loss poor,,2024Q3,Older Adults (≥65)
24099698,2,71,YR,F,,"",US,US,OZEMPIC,SEMAGLUTIDE,,"",PS,COVID-19,,2024Q3,Older Adults (≥65)
24099699,1,50,YR,M,,"",US,US,OZEMPIC,SEMAGLUTIDE,,"",PS,Injection site mass,,2024Q3,Younger Adults (18–64)
24099700,1,44,YR,F,,"",US,US,OZEMPIC,SEMAGLUTIDE,2,MG,PS,Apathy,,2024Q3,Younger Adults (18–64)
24099702,1,71,YR,F,,"",US,US,OZEMPIC,SEMAGLUTIDE,2,MG,PS,Vomiting,,2024Q3,Older Adults (≥65)
24099704,1,60,YR,F,,"",US,US,OZEMPIC,SEMAGLUTIDE,,"",PS,Acute kidney injury,HO,2024Q3,Younger Adults (18–64)
24099707,1,64,YR,F,,"",US,US,OZEMPIC,SEMAGLUTIDE,,"",PS,Diarrhoea,,2024Q3,Younger Adults (18–64)
24099713,1,69,YR,M,,"",US,US,OZEMPIC,SEMAGLUTIDE,,"",PS,Diarrhoea,,2024Q3,Older Adults (≥65)
24099714,1,72,YR,F,,"",US,US,OZEMPIC,SEMAGLUTIDE,0.25,MG,PS,Dizziness,,2024Q3,Older Adults (≥65)
24099716,1,69,YR,F,,"",US,US,OZEMPIC,SEMAGLUTIDE,,"",PS,Urinary tract infection,,2024Q3,Older Adults (≥65)
24099717,1,18,YR,,,"",US,US,OZEMPIC,SEMAGLUTIDE,,"",PS,Skin abrasion,,2024Q3,Younger Adults (18–64)
24099723,1,66,YR,F,,"",US,US,OZEMPIC,SEMAGLUTIDE,,"",PS,Accidental exposure to product,,2024Q3,Older Adults (≥65)
24099725,1,58,YR,M,,"",US,US,OZEMPIC,SEMAGLUTIDE,,"",PS,Headache,,2024Q3,Younger Adults (18–64)
24099726,1,71,YR,F,,"",US,US,OZEMPIC,SEMAGLUTIDE,2,MG,PS,Lacrimation increased,,2024Q3,Older Adults (≥65)
24099728,1,68,YR,M,,"",US,US,OZEMPIC,SEMAGLUTIDE,,"",PS,Limb discomfort,,2024Q3,Older Adults (≥65)
24099730,1,82,YR,M,137,KG,US,US,OZEMPIC,SEMAGLUTIDE,,"",PS,Diarrhoea,,2024Q3,Older Adults (≥65)
24099739,1,70,YR,M,,"",US,US,OZEMPIC,SEMAGLUTIDE,,"",PS,Diabetes mellitus inadequate control,,2024Q3,Older Adults (≥65)
24099740,1,59,YR,F,,"",US,US,OZEMPIC,SEMAGLUTIDE,,"",PS,Serum ferritin increased,,2024Q3,Younger Adults (18–64)
24099742,1,25,YR,F,,"",US,US,OZEMPIC,SEMAGLUTIDE,0.5,MG,PS,Pollakiuria,,2024Q3,Younger Adults (18–64)
24099744,1,66,YR,M,,"",US,US,OZEMPIC,SEMAGLUTIDE,,"",PS,Decreased appetite,,2024Q3,Older Adults (≥65)
24099745,1,59,YR,M,123.81,KG,US,US,OZEMPIC,SEMAGLUTIDE,0.5,MG,PS,Pancreatitis acute,HO,2024Q3,Younger Adults (18–64)
24099751,1,80,YR,,,"",US,US,OZEMPIC,SEMAGLUTIDE,,"",PS,Nasopharyngitis,,2024Q3,Older Adults (≥65)
24099753,1,64,YR,F,,"",US,US,OZEMPIC,SEMAGLUTIDE,2,MG,PS,Hyperhidrosis,,2024Q3,Younger Adults (18–64)
24099760,2,59,YR,F,48.526,KG,US,US,OZEMPIC,SEMAGLUTIDE,0.5,MG,PS,Malnutrition,HO,2024Q4,Younger Adults (18–64)
24099761,1,81,YR,F,,"",US,US,OZEMPIC,SEMAGLUTIDE,,"",PS,Product label confusion,,2024Q3,Older Adults (≥65)
24099770,1,69,YR,F,,"",US,US,OZEMPIC,SEMAGLUTIDE,1,MG,PS,Flatulence,,2024Q3,Older Adults (≥65)
24099772,1,63,YR,F,,"",US,US,OZEMPIC,SEMAGLUTIDE,1,MG,PS,Gastrointestinal sounds abnormal,,2024Q3,Younger Adults (18–64)
24099775,1,71,YR,F,,"",US,US,OZEMPIC,SEMAGLUTIDE,0.5,MG,PS,Illness,,2024Q3,Older Adults (≥65)
24099779,1,39,YR,F,,"",US,US,OZEMPIC,SEMAGLUTIDE,,"",PS,Product use in unapproved indication,,2024Q3,Younger Adults (18–64)
24099781,1,54,YR,F,,"",US,US,OZEMPIC,SEMAGLUTIDE,2,MG,PS,Arthralgia,,2024Q3,Younger Adults (18–64)
24099783,1,68,YR,M,,"",US,US,OZEMPIC,SEMAGLUTIDE,,"",PS,Constipation,,2024Q3,Older Adults (≥65)
24099797,1,67,YR,M,,"",US,US,OZEMPIC,SEMAGLUTIDE,,"",PS,Hypersomnia,,2024Q3,Older Adults (≥65)
24099798,1,75,YR,F,,"",US,US,OZEMPIC,SEMAGLUTIDE,,"",PS,Product communication issue,,2024Q3,Older Adults (≥65)
24099800,1,61,YR,F,,"",US,US,OZEMPIC,SEMAGLUTIDE,,"",PS,Alopecia,,2024Q3,Younger Adults (18–64)
24099807,2,73,YR,F,,"",US,US,OZEMPIC,SEMAGLUTIDE,,"",PS,Product use complaint,OT,2024Q3,Older Adults (≥65)
24099808,1,64,YR,M,,"",US,US,OZEMPIC,SEMAGLUTIDE,0.25,MG,PS,Nerve compression,OT,2024Q3,Younger Adults (18–64)
24099813,1,59,YR,M,,"",US,US,OZEMPIC,SEMAGLUTIDE,2,MG,PS,Vomiting,,2024Q3,Younger Adults (18–64)
24099818,1,77,YR,F,,"",US,US,OZEMPIC,SEMAGLUTIDE,,"",PS,Off label use,,2024Q3,Older Adults (≥65)
24099820,1,61,YR,M,,"",US,US,OZEMPIC,SEMAGLUTIDE,,"",PS,Angioedema,OT,2024Q3,Younger Adults (18–64)
24099823,1,75,YR,F,,"",US,US,OZEMPIC,SEMAGLUTIDE,1,MG,PS,Injection site haemorrhage,,2024Q3,Older Adults (≥65)
24099825,1,70,YR,F,,"",US,US,OZEMPIC,SEMAGLUTIDE,,"",PS,Taste disorder,,2024Q3,Older Adults (≥65)
24099833,1,75,YR,F,,"",US,US,OZEMPIC,SEMAGLUTIDE,,"",PS,Inappropriate schedule of product administration,,2024Q3,Older Adults (≥65)
24099838,1,71,YR,M,,"",US,US,OZEMPIC,SEMAGLUTIDE,0.5,MG,PS,Pain,,2024Q3,Older Adults (≥65)
24099839,1,79,YR,F,,"",US,US,OZEMPIC,SEMAGLUTIDE,,"",PS,Muscle atrophy,,2024Q3,Older Adults (≥65)
24099842,1,65,YR,F,,"",US,US,OZEMPIC,SEMAGLUTIDE,0.5,MG,PS,Nausea,,2024Q3,Older Adults (≥65)
24099846,1,69,YR,M,,"",US,US,OZEMPIC,SEMAGLUTIDE,0.5,MG,PS,Incorrect dose administered,,2024Q3,Older Adults (≥65)
24099852,1,52,YR,F,,"",US,US,OZEMPIC,SEMAGLUTIDE,,"",PS,Decreased appetite,,2024Q3,Younger Adults (18–64)
24099853,1,53,YR,M,,"",US,US,OZEMPIC,SEMAGLUTIDE,,"",PS,Vomiting,,2024Q3,Younger Adults (18–64)
24099857,1,68,YR,M,,"",US,US,OZEMPIC,SEMAGLUTIDE,0.5,MG,PS,Blood glucose increased,,2024Q3,Older Adults (≥65)
24099862,1,64,YR,F,,"",US,US,OZEMPIC,SEMAGLUTIDE,,"",PS,Visual impairment,,2024Q3,Younger Adults (18–64)
24099863,1,62,YR,F,,"",US,US,OZEMPIC,SEMAGLUTIDE,0.25,MG,PS,Alopecia,,2024Q3,Younger Adults (18–64)
24099864,1,72,YR,F,,"",US,US,OZEMPIC,SEMAGLUTIDE,0.5,MG,PS,Weight decreased,,2024Q3,Older Adults (≥65)
24099868,1,78,YR,F,,"",US,US,OZEMPIC,SEMAGLUTIDE,0.5,MG,PS,Headache,,2024Q3,Older Adults (≥65)
24099870,1,70,YR,F,,"",US,US,OZEMPIC,SEMAGLUTIDE,,"",PS,Pain in extremity,,2024Q3,Older Adults (≥65)
24099871,1,69,YR,F,,"",US,US,OZEMPIC,SEMAGLUTIDE,1,MG,PS,Weight increased,,2024Q3,Older Adults (≥65)
24099872,1,97,YR,F,,"",US,US,OZEMPIC,SEMAGLUTIDE,,"",PS,Depression,,2024Q3,Older Adults (≥65)
24099874,1,47,YR,F,,"",US,US,OZEMPIC,SEMAGLUTIDE,0.25,MG,PS,Skin injury,,2024Q3,Younger Adults (18–64)
24099879,1,59,YR,M,,"",US,US,OZEMPIC,SEMAGLUTIDE,1,MG,PS,Vomiting,,2024Q3,Younger Adults (18–64)
24099882,1,38,YR,M,,"",US,US,OZEMPIC,SEMAGLUTIDE,1,MG,PS,Overdose,,2024Q3,Younger Adults (18–64)
24099884,1,58,YR,M,,"",US,US,OZEMPIC,SEMAGLUTIDE,0.5,MG,PS,Decreased appetite,,2024Q3,Younger Adults (18–64)
24099888,1,65,YR,M,,"",US,US,OZEMPIC,SEMAGLUTIDE,,"",PS,Middle insomnia,,2024Q3,Older Adults (≥65)
24099890,1,71,YR,F,,"",US,US,OZEMPIC,SEMAGLUTIDE,,"",PS,Skin wrinkling,,2024Q3,Older Adults (≥65)
24099891,1,73,YR,F,,"",US,US,OZEMPIC,SEMAGLUTIDE,,"",PS,Impaired gastric emptying,HO,2024Q3,Older Adults (≥65)
24099893,1,71,YR,F,,"",US,US,OZEMPIC,SEMAGLUTIDE,,"",PS,Product use in unapproved indication,,2024Q3,Older Adults (≥65)
24099894,1,73,YR,M,,"",US,US,OZEMPIC,SEMAGLUTIDE,0.5,MG,PS,Dysgeusia,,2024Q3,Older Adults (≥65)
24099896,1,83,YR,F,,"",US,US,OZEMPIC,SEMAGLUTIDE,1,MG,PS,Wrong technique in product usage process,,2024Q3,Older Adults (≥65)
24099897,1,70,YR,F,,"",US,US,OZEMPIC,SEMAGLUTIDE,,"",PS,Somnolence,,2024Q3,Older Adults (≥65)
24099900,1,65,YR,F,,"",US,US,OZEMPIC,SEMAGLUTIDE,2,MG,PS,Pain in extremity,,2024Q3,Older Adults (≥65)
24099903,1,62,YR,M,,"",US,US,OZEMPIC,SEMAGLUTIDE,2,MG,PS,Alopecia,,2024Q3,Younger Adults (18–64)
24099905,1,55,YR,F,,"",US,US,OZEMPIC,SEMAGLUTIDE,,"",PS,Myalgia,,2024Q3,Younger Adults (18–64)
24099908,1,71,YR,M,,"",US,US,OZEMPIC,SEMAGLUTIDE,,"",PS,Rash,,2024Q3,Older Adults (≥65)
24099909,1,70,YR,F,,"",US,US,OZEMPIC,SEMAGLUTIDE,0.25,MG,PS,Wrong technique in product usage process,,2024Q3,Older Adults (≥65)
24099914,1,58,YR,M,,"",US,US,OZEMPIC,SEMAGLUTIDE,,"",PS,Ocular hyperaemia,,2024Q3,Younger Adults (18–64)
24099917,1,75,YR,M,,"",US,US,OZEMPIC,SEMAGLUTIDE,,"",PS,Constipation,,2024Q3,Older Adults (≥65)
24099919,1,63,YR,M,,"",US,US,OZEMPIC,SEMAGLUTIDE,,"",PS,Dysphagia,,2024Q3,Younger Adults (18–64)
24099920,1,77,YR,F,,"",US,US,OZEMPIC,SEMAGLUTIDE,,"",PS,Constipation,,2024Q3,Older Adults (≥65)
24099921,1,68,YR,F,,"",US,US,OZEMPIC,SEMAGLUTIDE,,"",PS,Fatigue,,2024Q3,Older Adults (≥65)
24099922,1,71,YR,F,,"",US,US,OZEMPIC,SEMAGLUTIDE,2,MG,PS,Wrong technique in product usage process,OT,2024Q3,Older Adults (≥65)
24099926,1,69,YR,F,,"",US,US,OZEMPIC,SEMAGLUTIDE,,"",PS,Weight increased,,2024Q3,Older Adults (≥65)
24099929,1,70,YR,,,"",US,US,OZEMPIC,SEMAGLUTIDE,,"",PS,Off label use,,2024Q3,Older Adults (≥65)
24099930,1,68,YR,M,,"",US,US,OZEMPIC,SEMAGLUTIDE,0.25,MG,PS,Dizziness,,2024Q3,Older Adults (≥65)
24099931,1,73,YR,F,,"",US,US,OZEMPIC,SEMAGLUTIDE,0.25,MG,PS,Abdominal pain upper,,2024Q3,Older Adults (≥65)
24099932,1,67,YR,M,,"",US,US,OZEMPIC,SEMAGLUTIDE,2,MG,PS,Abdominal pain upper,,2024Q3,Older Adults (≥65)
24099939,1,75,YR,,,"",US,US,OZEMPIC,SEMAGLUTIDE,,"",PS,Glomerular filtration rate decreased,,2024Q3,Older Adults (≥65)
24099944,1,41,YR,F,,"",US,US,OZEMPIC,SEMAGLUTIDE,1,MG,PS,Dyspepsia,,2024Q3,Younger Adults (18–64)
24099954,1,79,YR,M,,"",US,US,OZEMPIC,SEMAGLUTIDE,,"",PS,Abdominal pain upper,,2024Q3,Older Adults (≥65)
24099968,1,69,YR,F,,"",US,US,OZEMPIC,SEMAGLUTIDE,,"",PS,Nausea,,2024Q3,Older Adults (≥65)
24099975,1,68,YR,F,183,KG,US,US,OZEMPIC,SEMAGLUTIDE,1,MG,PS,Skin burning sensation,,2024Q3,Older Adults (≥65)
24099977,1,74,YR,M,,"",US,US,OZEMPIC,SEMAGLUTIDE,0.5,MG,PS,Hiccups,,2024Q3,Older Adults (≥65)
24099983,1,70,YR,M,,"",US,US,OZEMPIC,SEMAGLUTIDE,,"",PS,Rash,,2024Q3,Older Adults (≥65)
24099989,1,73,YR,F,,"",US,US,OZEMPIC,SEMAGLUTIDE,,"",PS,Blood pressure fluctuation,,2024Q3,Older Adults (≥65)
24099993,1,71,YR,F,,"",US,US,OZEMPIC,SEMAGLUTIDE,,"",PS,Dysphonia,,2024Q3,Older Adults (≥65)
24099994,1,70,YR,M,,"",US,US,OZEMPIC,SEMAGLUTIDE,,"",PS,Decreased appetite,,2024Q3,Older Adults (≥65)
24099997,1,55,YR,F,,"",US,US,OZEMPIC,SEMAGLUTIDE,,"",PS,Eructation,,2024Q3,Younger Adults (18–64)
24099998,1,38,YR,F,,"",US,US,OZEMPIC,SEMAGLUTIDE,2,MG,PS,Allodynia,,2024Q3,Younger Adults (18–64)
24100005,1,42,YR,F,,"",US,US,OZEMPIC,SEMAGLUTIDE,,"",PS,Pancreatitis,HO,2024Q3,Younger Adults (18–64)
24100013,1,71,YR,M,,"",US,US,OZEMPIC,SEMAGLUTIDE,0.5,MG,PS,Nausea,,2024Q3,Older Adults (≥65)
24100014,1,69,YR,F,,"",US,US,OZEMPIC,SEMAGLUTIDE,,"",PS,Constipation,,2024Q3,Older Adults (≥65)
24100015,1,63,YR,F,,"",US,US,OZEMPIC,SEMAGLUTIDE,,"",PS,Fatigue,,2024Q3,Younger Adults (18–64)
24100021,1,79,YR,F,,"",US,US,OZEMPIC,SEMAGLUTIDE,0.25,MG,PS,Needle issue,,2024Q3,Older Adults (≥65)
24100022,1,68,YR,F,,"",US,US,OZEMPIC,SEMAGLUTIDE,0.5,MG,PS,Fall,,2024Q3,Older Adults (≥65)
24100023,1,55,YR,F,,"",US,US,OZEMPIC,SEMAGLUTIDE,,"",PS,Impaired gastric emptying,,2024Q3,Younger Adults (18–64)
24100025,1,59,YR,M,,"",US,US,OZEMPIC,SEMAGLUTIDE,,"",PS,Off label use,,2024Q3,Younger Adults (18–64)
24100033,1,71,YR,M,,"",US,US,OZEMPIC,SEMAGLUTIDE,,"",PS,Decreased appetite,,2024Q3,Older Adults (≥65)
24100035,1,60,YR,,,"",US,US,OZEMPIC,SEMAGLUTIDE,,"",PS,Haemoglobin decreased,,2024Q3,Younger Adults (18–64)
24100036,1,77,YR,F,,"",US,US,OZEMPIC,SEMAGLUTIDE,,"",PS,Urine abnormality,,2024Q3,Older Adults (≥65)
24100040,2,54,YR,M,,"",US,US,OZEMPIC,SEMAGLUTIDE,0.25,MG,PS,Decreased appetite,OT,2024Q4,Younger Adults (18–64)
24100051,1,77,YR,F,,"",US,US,OZEMPIC,SEMAGLUTIDE,0.5,MG,PS,Limb discomfort,,2024Q3,Older Adults (≥65)
24100063,1,73,YR,M,,"",US,US,OZEMPIC,SEMAGLUTIDE,,"",PS,Constipation,,2024Q3,Older Adults (≥65)
24100072,1,78,YR,F,,"",US,US,OZEMPIC,SEMAGLUTIDE,0.5,MG,PS,Hypoacusis,,2024Q3,Older Adults (≥65)
24100085,1,78,YR,F,,"",US,US,OZEMPIC,SEMAGLUTIDE,,"",PS,Diarrhoea,,2024Q3,Older Adults (≥65)
24100089,1,80,YR,F,,"",US,US,OZEMPIC,SEMAGLUTIDE,,"",PS,Product communication issue,,2024Q3,Older Adults (≥65)
24100093,1,58,YR,M,,"",US,US,OZEMPIC,SEMAGLUTIDE,0.25,MG,PS,Influenza like illness,,2024Q3,Younger Adults (18–64)
24100097,1,55,YR,F,,"",US,US,OZEMPIC,SEMAGLUTIDE,,"",PS,Abdominal discomfort,,2024Q3,Younger Adults (18–64)
24100099,1,82,YR,M,,"",US,US,OZEMPIC,SEMAGLUTIDE,0.25,MG,PS,Asthenia,,2024Q3,Older Adults (≥65)
24100107,1,67,YR,F,,"",US,US,OZEMPIC,SEMAGLUTIDE,,"",PS,Weight decreased,,2024Q3,Older Adults (≥65)
24100113,2,77,YR,M,,"",US,US,OZEMPIC,SEMAGLUTIDE,,"",PS,Wrong technique in product usage process,,2024Q3,Older Adults (≥65)
24100115,1,35,YR,F,,"",US,US,OZEMPIC,SEMAGLUTIDE,1,MG,PS,Injection site swelling,,2024Q3,Younger Adults (18–64)
24100120,1,70,YR,M,,"",US,US,OZEMPIC,SEMAGLUTIDE,,"",PS,Decreased appetite,,2024Q3,Older Adults (≥65)
24100138,1,78,YR,F,,"",US,US,OZEMPIC,SEMAGLUTIDE,0.5,MG,PS,Wrong technique in product usage process,,2024Q3,Older Adults (≥65)
24100141,1,66,YR,M,,"",US,US,OZEMPIC,SEMAGLUTIDE,,"",PS,Inappropriate schedule of product administration,HO,2024Q3,Older Adults (≥65)
24100142,1,53,YR,F,133.33,KG,US,US,OZEMPIC,SEMAGLUTIDE,0.25,MG,PS,Off label use,HO,2024Q3,Younger Adults (18–64)
24100145,1,86,YR,F,,"",US,US,OZEMPIC,SEMAGLUTIDE,,"",PS,Vomiting,,2024Q3,Older Adults (≥65)
24100146,1,74,YR,F,,"",US,US,OZEMPIC,SEMAGLUTIDE,0.66,MG,PS,Incorrect dose administered,HO,2024Q3,Older Adults (≥65)
24100165,1,71,YR,F,,"",US,US,OZEMPIC,SEMAGLUTIDE,,"",PS,Abdominal pain upper,,2024Q3,Older Adults (≥65)
24100167,1,72,YR,F,,"",US,US,OZEMPIC,SEMAGLUTIDE,,"",PS,Nausea,,2024Q3,Older Adults (≥65)
24100168,1,61,YR,F,,"",US,US,OZEMPIC,SEMAGLUTIDE,1,MG,PS,Urine odour abnormal,,2024Q3,Younger Adults (18–64)
24100187,1,62,YR,F,,"",US,US,OZEMPIC,SEMAGLUTIDE,,"",PS,Nausea,,2024Q3,Younger Adults (18–64)
24100192,1,80,YR,F,,"",US,US,OZEMPIC,SEMAGLUTIDE,0.5,MG,PS,Weight increased,,2024Q3,Older Adults (≥65)
24100197,1,77,YR,M,,"",US,US,OZEMPIC,SEMAGLUTIDE,,"",PS,Sleep disorder,,2024Q3,Older Adults (≥65)
24100201,1,55,YR,F,,"",US,US,OZEMPIC,SEMAGLUTIDE,,"",PS,Impaired gastric emptying,HO,2024Q3,Younger Adults (18–64)
24100202,1,76,YR,F,,"",US,US,OZEMPIC,SEMAGLUTIDE,,"",PS,COVID-19,,2024Q3,Older Adults (≥65)
24100207,1,63,YR,,,"",US,US,OZEMPIC,SEMAGLUTIDE,,"",PS,Off label use,,2024Q3,Younger Adults (18–64)
24100210,1,58,YR,F,,"",US,US,OZEMPIC,SEMAGLUTIDE,0.5,MG,PS,Off label use,,2024Q3,Younger Adults (18–64)
24100212,1,76,YR,F,,"",US,US,OZEMPIC,SEMAGLUTIDE,0.5,MG,PS,Insomnia,,2024Q3,Older Adults (≥65)
24100229,1,28,YR,F,,"",US,US,OZEMPIC,SEMAGLUTIDE,,"",PS,Pancreatitis acute,HO,2024Q3,Younger Adults (18–64)
24100232,1,56,YR,F,,"",US,US,OZEMPIC,SEMAGLUTIDE,,"",PS,Blood cholesterol decreased,,2024Q3,Younger Adults (18–64)
24100233,1,38,YR,F,,"",US,US,OZEMPIC,SEMAGLUTIDE,,"",PS,Seborrhoeic dermatitis,,2024Q3,Younger Adults (18–64)
24100237,1,72,YR,F,,"",US,US,OZEMPIC,SEMAGLUTIDE,1,MG,PS,Malaise,,2024Q3,Older Adults (≥65)
24100238,1,71,YR,M,,"",US,US,OZEMPIC,SEMAGLUTIDE,,"",PS,Nausea,,2024Q3,Older Adults (≥65)
24100251,1,69,YR,F,,"",US,US,OZEMPIC,SEMAGLUTIDE,1,MG,PS,Weight decreased,,2024Q3,Older Adults (≥65)
24100260,1,66,YR,F,,"",US,US,OZEMPIC,SEMAGLUTIDE,,"",PS,Condition aggravated,,2024Q3,Older Adults (≥65)
24100264,1,77,YR,M,,"",US,US,OZEMPIC,SEMAGLUTIDE,,"",PS,Constipation,,2024Q3,Older Adults (≥65)
24100265,1,67,YR,F,,"",US,US,OZEMPIC,SEMAGLUTIDE,,"",PS,Impaired gastric emptying,OT,2024Q3,Older Adults (≥65)
24100271,1,44,YR,F,,"",US,US,OZEMPIC,SEMAGLUTIDE,,"",PS,Lip blister,,2024Q3,Younger Adults (18–64)
24100281,1,60,YR,F,,"",US,US,OZEMPIC,SEMAGLUTIDE,,"",PS,Pancreatitis,HO,2024Q3,Younger Adults (18–64)
24100284,1,67,YR,F,,"",US,US,OZEMPIC,SEMAGLUTIDE,,"",PS,Dizziness,,2024Q3,Older Adults (≥65)
24100293,1,68,YR,F,,"",US,US,OZEMPIC,SEMAGLUTIDE,0.5,MG,PS,Urine output decreased,,2024Q3,Older Adults (≥65)
24100294,1,63,YR,M,,"",US,US,OZEMPIC,SEMAGLUTIDE,,"",PS,Hunger,,2024Q3,Younger Adults (18–64)
24100295,1,69,YR,F,,"",US,US,OZEMPIC,SEMAGLUTIDE,0.5,MG,PS,Abdominal pain upper,,2024Q3,Older Adults (≥65)
24100299,1,51,YR,F,,"",US,US,OZEMPIC,SEMAGLUTIDE,0.5,MG,PS,Abdominal discomfort,,2024Q3,Younger Adults (18–64)
24100308,1,74,YR,F,,"",US,US,OZEMPIC,SEMAGLUTIDE,,"",PS,Neck pain,,2024Q3,Older Adults (≥65)
24100310,1,78,YR,F,,"",US,US,OZEMPIC,SEMAGLUTIDE,0.5,MG,PS,Hunger,,2024Q3,Older Adults (≥65)
24100312,1,48,YR,F,,"",US,US,OZEMPIC,SEMAGLUTIDE,,"",PS,Injection site urticaria,,2024Q3,Younger Adults (18–64)
24100320,1,68,YR,F,,"",US,US,OZEMPIC,SEMAGLUTIDE,,"",PS,Vision blurred,,2024Q3,Older Adults (≥65)
24100321,1,72,YR,F,,"",US,US,OZEMPIC,SEMAGLUTIDE,,"",PS,Off label use,OT,2024Q3,Older Adults (≥65)
24100329,1,70,YR,,,"",US,US,OZEMPIC,SEMAGLUTIDE,,"",PS,Constipation,,2024Q3,Older Adults (≥65)
24100331,1,59,YR,F,,"",US,US,OZEMPIC,SEMAGLUTIDE,,"",PS,Off label use,,2024Q3,Younger Adults (18–64)
24100332,1,76,YR,M,,"",US,US,OZEMPIC,SEMAGLUTIDE,,"",PS,Knee operation,,2024Q3,Older Adults (≥65)
24100335,1,56,YR,M,,"",US,US,OZEMPIC,SEMAGLUTIDE,0.25,MG,PS,Constipation,,2024Q3,Younger Adults (18–64)
24100340,1,63,YR,,,"",US,US,OZEMPIC,SEMAGLUTIDE,,"",PS,Starvation,,2024Q3,Younger Adults (18–64)
24100346,1,52,YR,F,,"",US,US,OZEMPIC,SEMAGLUTIDE,,"",PS,Arthralgia,,2024Q3,Younger Adults (18–64)
24100352,1,71,YR,F,,"",US,US,OZEMPIC,SEMAGLUTIDE,1,MG,PS,Abdominal pain upper,,2024Q3,Older Adults (≥65)
24100353,1,43,YR,F,,"",US,US,OZEMPIC,SEMAGLUTIDE,,"",PS,Dyspnoea,,2024Q3,Younger Adults (18–64)
24100355,1,70,YR,M,,"",US,US,OZEMPIC,SEMAGLUTIDE,0.5,MG,PS,Psychomotor hyperactivity,,2024Q3,Older Adults (≥65)
24100360,1,68,YR,F,,"",US,US,OZEMPIC,SEMAGLUTIDE,2,MG,PS,Device leakage,,2024Q3,Older Adults (≥65)
24100364,1,71,YR,M,,"",US,US,OZEMPIC,SEMAGLUTIDE,0.5,MG,PS,Anaemia,,2024Q3,Older Adults (≥65)
24100370,1,66,YR,F,,"",US,US,OZEMPIC,SEMAGLUTIDE,1,MG,PS,Weight decreased,,2024Q3,Older Adults (≥65)
24100379,1,30,YR,F,,"",US,US,OZEMPIC,SEMAGLUTIDE,,"",PS,Pancreatitis,HO,2024Q3,Younger Adults (18–64)
24100380,1,49,YR,F,,"",US,US,OZEMPIC,SEMAGLUTIDE,,"",PS,Off label use,,2024Q3,Younger Adults (18–64)
24100382,1,58,YR,F,,"",US,US,OZEMPIC,SEMAGLUTIDE,,"",PS,Alopecia,,2024Q3,Younger Adults (18–64)
24100383,1,48,YR,M,,"",US,US,OZEMPIC,SEMAGLUTIDE,,"",PS,Drug intolerance,,2024Q3,Younger Adults (18–64)
24100387,1,63,YR,,,"",US,US,OZEMPIC,SEMAGLUTIDE,,"",PS,COVID-19,,2024Q3,Younger Adults (18–64)
24100389,1,65,YR,F,,"",US,US,OZEMPIC,SEMAGLUTIDE,,"",PS,Off label use,,2024Q3,Older Adults (≥65)
24100393,1,65,YR,M,,"",US,US,OZEMPIC,SEMAGLUTIDE,,"",PS,Weight decreased,,2024Q3,Older Adults (≥65)
24100397,1,61,YR,F,,"",US,US,OZEMPIC,SEMAGLUTIDE,0.25,MG,PS,Visual impairment,,2024Q3,Younger Adults (18–64)
24100413,1,80,YR,F,,"",US,US,OZEMPIC,SEMAGLUTIDE,0.25,MG,PS,Syncope,,2024Q3,Older Adults (≥65)
24100414,1,41,YR,F,,"",US,US,OZEMPIC,SEMAGLUTIDE,2,MG,PS,Impaired gastric emptying,OT,2024Q3,Younger Adults (18–64)
24100422,1,79,YR,F,,"",US,US,OZEMPIC,SEMAGLUTIDE,,"",PS,Nausea,,2024Q3,Older Adults (≥65)
24100424,1,70,YR,F,,"",US,US,OZEMPIC,SEMAGLUTIDE,,"",PS,Product use in unapproved indication,,2024Q3,Older Adults (≥65)
24100430,1,52,YR,F,,"",US,US,OZEMPIC,SEMAGLUTIDE,,"",PS,Increased appetite,,2024Q3,Younger Adults (18–64)
24100434,1,44,YR,M,,"",US,US,OZEMPIC,SEMAGLUTIDE,0.25,MG,PS,Off label use,,2024Q3,Younger Adults (18–64)
24100439,1,70,YR,F,,"",US,US,OZEMPIC,SEMAGLUTIDE,0.25,MG,PS,Weight increased,,2024Q3,Older Adults (≥65)
24100441,1,66,YR,F,,"",US,US,OZEMPIC,SEMAGLUTIDE,,"",PS,Wrong technique in device usage process,,2024Q3,Older Adults (≥65)
24100443,2,61,YR,M,,"",US,US,OZEMPIC,SEMAGLUTIDE,,"",PS,Product counterfeit,,2024Q3,Younger Adults (18–64)
24100444,1,48,YR,F,,"",US,US,OZEMPIC,SEMAGLUTIDE,2,MG,PS,Incorrect dose administered,,2024Q3,Younger Adults (18–64)
24100447,1,59,YR,F,,"",US,US,OZEMPIC,SEMAGLUTIDE,1,MG,PS,Swelling,,2024Q3,Younger Adults (18–64)
24100448,2,71,YR,F,,"",US,US,OZEMPIC,SEMAGLUTIDE,0.25,MG,PS,Fear of eating,OT,2024Q4,Older Adults (≥65)
24100449,1,76,YR,F,,"",US,US,OZEMPIC,SEMAGLUTIDE,,"",PS,Increased appetite,,2024Q3,Older Adults (≥65)
24100450,1,41,YR,F,,"",US,US,OZEMPIC,SEMAGLUTIDE,,"",PS,Feeling abnormal,,2024Q3,Younger Adults (18–64)
24100453,1,45,YR,F,,"",US,US,OZEMPIC,SEMAGLUTIDE,,"",PS,Off label use,,2024Q3,Younger Adults (18–64)
24100460,1,35,YR,F,,"",US,US,OZEMPIC,SEMAGLUTIDE,1,MG,PS,Taste disorder,,2024Q3,Younger Adults (18–64)
24100465,1,76,YR,F,,"",US,US,OZEMPIC,SEMAGLUTIDE,1,MG,PS,Feeling cold,,2024Q3,Older Adults (≥65)
24100468,1,55,YR,F,,"",US,US,OZEMPIC,SEMAGLUTIDE,,"",PS,Decreased appetite,,2024Q3,Younger Adults (18–64)
24100470,1,53,YR,F,,"",US,US,OZEMPIC,SEMAGLUTIDE,,"",PS,Device leakage,,2024Q3,Younger Adults (18–64)
24100475,1,76,YR,F,,"",US,US,OZEMPIC,SEMAGLUTIDE,2,MG,PS,Malaise,,2024Q3,Older Adults (≥65)
24100476,1,67,YR,M,,"",US,US,OZEMPIC,SEMAGLUTIDE,0.5,MG,PS,Abdominal pain upper,,2024Q3,Older Adults (≥65)
24100478,1,51,YR,F,,"",US,US,OZEMPIC,SEMAGLUTIDE,,"",PS,Cough,,2024Q3,Younger Adults (18–64)
24100479,1,59,YR,F,,"",US,US,OZEMPIC,SEMAGLUTIDE,0.25,MG,PS,Peripheral swelling,,2024Q3,Younger Adults (18–64)
24100487,1,77,YR,F,,"",US,US,OZEMPIC,SEMAGLUTIDE,,"",PS,Malaise,,2024Q3,Older Adults (≥65)
24100524,1,68,YR,M,,"",US,US,OZEMPIC,SEMAGLUTIDE,,"",PS,Pancreatitis,HO,2024Q3,Older Adults (≥65)
24100527,1,76,YR,F,,"",US,US,OZEMPIC,SEMAGLUTIDE,,"",PS,Incorrect dose administered,,2024Q3,Older Adults (≥65)
24100528,1,80,YR,F,,"",US,US,OZEMPIC,SEMAGLUTIDE,,"",PS,Constipation,,2024Q3,Older Adults (≥65)
24100529,1,68,YR,M,,"",US,US,OZEMPIC,SEMAGLUTIDE,,"",PS,Blood glucose decreased,,2024Q3,Older Adults (≥65)
24100531,1,75,YR,F,,"",US,US,OZEMPIC,SEMAGLUTIDE,,"",PS,Weight decreased,,2024Q3,Older Adults (≥65)
24100535,1,74,YR,M,,"",US,US,OZEMPIC,SEMAGLUTIDE,1,MG,PS,Diabetic complication,,2024Q3,Older Adults (≥65)
24100540,1,65,YR,F,,"",US,US,OZEMPIC,SEMAGLUTIDE,0.25,MG,PS,Vomiting,,2024Q3,Older Adults (≥65)
24100545,1,60,YR,F,,"",US,US,OZEMPIC,SEMAGLUTIDE,,"",PS,Pancreatitis,HO,2024Q3,Younger Adults (18–64)
24100556,1,50,YR,F,,"",US,US,OZEMPIC,SEMAGLUTIDE,,"",PS,Vomiting,HO,2024Q3,Younger Adults (18–64)
24100557,1,70,YR,M,,"",US,US,OZEMPIC,SEMAGLUTIDE,,"",PS,Diabetes mellitus inadequate control,OT,2024Q3,Older Adults (≥65)
24100577,1,58,YR,F,,"",US,US,OZEMPIC,SEMAGLUTIDE,0.5,MG,PS,Wrong technique in product usage process,,2024Q3,Younger Adults (18–64)
24100579,1,62,YR,F,,"",US,US,OZEMPIC,SEMAGLUTIDE,,"",PS,Cough,,2024Q3,Younger Adults (18–64)
24100580,1,67,YR,M,,"",US,US,OZEMPIC,SEMAGLUTIDE,0.5,MG,PS,Fatigue,,2024Q3,Older Adults (≥65)
24100581,1,45,YR,M,,"",US,US,OZEMPIC,SEMAGLUTIDE,2,MG,PS,Hunger,,2024Q3,Younger Adults (18–64)
24100585,1,45,YR,F,,"",US,US,OZEMPIC,SEMAGLUTIDE,2,MG,PS,Impaired gastric emptying,OT,2024Q3,Younger Adults (18–64)
24100589,1,77,YR,F,,"",US,US,OZEMPIC,SEMAGLUTIDE,,"",PS,Urticaria,,2024Q3,Older Adults (≥65)
24100605,1,48,YR,F,,"",US,US,OZEMPIC,SEMAGLUTIDE,,"",PS,Hunger,,2024Q3,Younger Adults (18–64)
24100607,1,63,YR,F,,"",US,US,OZEMPIC,SEMAGLUTIDE,,"",PS,Oropharyngeal pain,,2024Q3,Younger Adults (18–64)
24100608,1,56,YR,F,,"",US,US,OZEMPIC,SEMAGLUTIDE,,"",PS,Product use issue,,2024Q3,Younger Adults (18–64)
24100610,1,51,YR,M,,"",US,US,OZEMPIC,SEMAGLUTIDE,,"",PS,Off label use,,2024Q3,Younger Adults (18–64)
24100613,2,43,YR,F,,"",US,US,OZEMPIC,SEMAGLUTIDE,,"",PS,Inappropriate schedule of product administration,,2024Q3,Younger Adults (18–64)
24100614,1,69,YR,,,"",US,US,OZEMPIC,SEMAGLUTIDE,,"",PS,Blood glucose decreased,,2024Q3,Older Adults (≥65)
24100618,1,73,YR,M,,"",US,US,OZEMPIC,SEMAGLUTIDE,,"",PS,Eructation,,2024Q3,Older Adults (≥65)
24100621,1,51,YR,F,,"",US,US,OZEMPIC,SEMAGLUTIDE,,"",PS,Headache,,2024Q3,Younger Adults (18–64)
24100622,1,74,YR,F,,"",US,US,OZEMPIC,SEMAGLUTIDE,0.25,MG,PS,Decreased appetite,,2024Q3,Older Adults (≥65)
24100649,1,69,YR,M,,"",US,US,OZEMPIC,SEMAGLUTIDE,,"",PS,Nausea,,2024Q3,Older Adults (≥65)
24100651,1,48,YR,F,,"",US,US,OZEMPIC,SEMAGLUTIDE,,"",PS,Depression,,2024Q3,Younger Adults (18–64)
24100653,1,74,YR,M,,"",US,US,OZEMPIC,SEMAGLUTIDE,,"",PS,Influenza,,2024Q3,Older Adults (≥65)
24100657,1,67,YR,M,,"",US,US,OZEMPIC,SEMAGLUTIDE,0.5,MG,PS,Decreased appetite,,2024Q3,Older Adults (≥65)
24100659,1,70,YR,F,,"",US,US,OZEMPIC,SEMAGLUTIDE,,"",PS,Incorrect dose administered,,2024Q3,Older Adults (≥65)
24100661,1,72,YR,M,,"",US,US,OZEMPIC,SEMAGLUTIDE,,"",PS,Inappropriate schedule of product administration,,2024Q3,Older Adults (≥65)
24100664,1,81,YR,F,,"",US,US,OZEMPIC,SEMAGLUTIDE,,"",PS,Weight decreased,,2024Q3,Older Adults (≥65)
24100665,1,77,YR,F,,"",US,US,OZEMPIC,SEMAGLUTIDE,2,MG,PS,Nausea,,2024Q3,Older Adults (≥65)
24100676,1,50,YR,F,,"",US,US,OZEMPIC,SEMAGLUTIDE,,"",PS,Product use in unapproved indication,,2024Q3,Younger Adults (18–64)
24100677,1,71,YR,M,,"",US,US,OZEMPIC,SEMAGLUTIDE,,"",PS,Diarrhoea,,2024Q3,Older Adults (≥65)
24100679,1,70,YR,M,,"",US,US,OZEMPIC,SEMAGLUTIDE,0.5,MG,PS,Skin wrinkling,,2024Q3,Older Adults (≥65)
24100681,1,70,YR,F,,"",US,US,OZEMPIC,SEMAGLUTIDE,,"",PS,Device mechanical issue,,2024Q3,Older Adults (≥65)
24100683,1,74,YR,F,,"",US,US,OZEMPIC,SEMAGLUTIDE,0.5,MG,PS,Decreased appetite,,2024Q3,Older Adults (≥65)
24100684,1,62,YR,M,,"",US,US,OZEMPIC,SEMAGLUTIDE,1,MG,PS,Deep vein thrombosis,,2024Q3,Younger Adults (18–64)
24100686,1,69,YR,F,,"",US,US,OZEMPIC,SEMAGLUTIDE,1,MG,PS,Unevaluable event,,2024Q3,Older Adults (≥65)
24100690,1,75,YR,F,,"",US,US,OZEMPIC,SEMAGLUTIDE,0.25,MG,PS,Weight increased,,2024Q3,Older Adults (≥65)
24100695,1,65,YR,F,,"",US,US,OZEMPIC,SEMAGLUTIDE,2,MG,PS,Limb discomfort,,2024Q3,Older Adults (≥65)
24100697,1,59,YR,M,,"",US,US,OZEMPIC,SEMAGLUTIDE,,"",PS,Influenza,,2024Q3,Younger Adults (18–64)
24100718,1,68,YR,M,,"",US,US,OZEMPIC,SEMAGLUTIDE,,"",PS,Abdominal distension,,2024Q3,Older Adults (≥65)
24100723,1,75,YR,F,,"",US,US,OZEMPIC,SEMAGLUTIDE,0.5,MG,PS,Nausea,,2024Q3,Older Adults (≥65)
24100728,1,50,YR,M,,"",US,US,OZEMPIC,SEMAGLUTIDE,,"",PS,Skin sensitisation,,2024Q3,Younger Adults (18–64)
24100729,1,68,YR,F,,"",US,US,OZEMPIC,SEMAGLUTIDE,,"",PS,Increased appetite,,2024Q3,Older Adults (≥65)
24100730,1,60,YR,M,,"",US,US,OZEMPIC,SEMAGLUTIDE,0.25,MG,PS,Nausea,,2024Q3,Younger Adults (18–64)
24100733,1,70,YR,M,,"",US,US,OZEMPIC,SEMAGLUTIDE,0.5,MG,PS,Somnolence,,2024Q3,Older Adults (≥65)
24100735,1,59,YR,F,,"",US,US,OZEMPIC,SEMAGLUTIDE,1,MG,PS,Product packaging quantity issue,,2024Q3,Younger Adults (18–64)
24100737,1,64,YR,M,,"",US,US,OZEMPIC,SEMAGLUTIDE,,"",PS,Inappropriate schedule of product administration,,2024Q3,Younger Adults (18–64)
24100753,1,51,YR,M,,"",US,US,OZEMPIC,SEMAGLUTIDE,,"",PS,Injection site reaction,,2024Q3,Younger Adults (18–64)
24100755,1,68,YR,M,,"",US,US,OZEMPIC,SEMAGLUTIDE,,"",PS,Decreased appetite,,2024Q3,Older Adults (≥65)
24100756,1,72,YR,M,,"",US,US,OZEMPIC,SEMAGLUTIDE,,"",PS,Increased appetite,,2024Q3,Older Adults (≥65)
24100758,1,67,YR,F,,"",US,US,OZEMPIC,SEMAGLUTIDE,,"",PS,Off label use,,2024Q3,Older Adults (≥65)
24100765,1,64,YR,F,,"",US,US,OZEMPIC,SEMAGLUTIDE,,"",PS,Dyspepsia,,2024Q3,Younger Adults (18–64)
24100777,1,75,YR,F,,"",US,US,OZEMPIC,SEMAGLUTIDE,,"",PS,Abdominal distension,,2024Q3,Older Adults (≥65)
24100781,1,73,YR,M,,"",US,US,OZEMPIC,SEMAGLUTIDE,,"",PS,Sensitive skin,,2024Q3,Older Adults (≥65)
24100791,2,78,YR,M,,"",US,US,OZEMPIC,SEMAGLUTIDE,,"",PS,Weight decreased,,2024Q3,Older Adults (≥65)
24100794,1,67,YR,M,,"",US,US,OZEMPIC,SEMAGLUTIDE,,"",PS,Muscle spasms,,2024Q3,Older Adults (≥65)
24100796,1,59,YR,M,,"",US,US,OZEMPIC,SEMAGLUTIDE,,"",PS,Flatulence,,2024Q3,Younger Adults (18–64)
24100798,1,70,YR,F,,"",US,US,OZEMPIC,SEMAGLUTIDE,0.5,MG,PS,Food craving,,2024Q3,Older Adults (≥65)
24100799,1,57,YR,F,,"",US,US,OZEMPIC,SEMAGLUTIDE,,"",PS,Wrong technique in product usage process,,2024Q3,Younger Adults (18–64)
24100801,1,71,YR,,,"",US,US,OZEMPIC,SEMAGLUTIDE,,"",PS,Intentional product use issue,,2024Q3,Older Adults (≥65)
24100805,1,69,YR,F,,"",US,US,OZEMPIC,SEMAGLUTIDE,,"",PS,Corrective lens user,,2024Q3,Older Adults (≥65)
24100806,1,71,YR,,,"",US,US,OZEMPIC,SEMAGLUTIDE,0.5,MG,PS,Asthenopia,,2024Q3,Older Adults (≥65)
24100819,2,63,YR,F,,"",US,US,OZEMPIC,SEMAGLUTIDE,2,MG,PS,Vomiting,HO,2024Q3,Younger Adults (18–64)
24100826,1,51,YR,F,,"",US,US,OZEMPIC,SEMAGLUTIDE,,"",PS,Product use in unapproved indication,,2024Q3,Younger Adults (18–64)
24100828,1,56,YR,F,,"",US,US,OZEMPIC,SEMAGLUTIDE,,"",PS,Product use in unapproved indication,,2024Q3,Younger Adults (18–64)
24100829,1,49,YR,,,"",US,US,OZEMPIC,SEMAGLUTIDE,2,MG,PS,Eructation,,2024Q3,Younger Adults (18–64)
24100831,1,54,YR,F,,"",US,US,OZEMPIC,SEMAGLUTIDE,,"",PS,Incorrect dose administered by device,,2024Q3,Younger Adults (18–64)
24100833,1,73,YR,F,,"",US,US,OZEMPIC,SEMAGLUTIDE,2,MG,PS,Nausea,,2024Q3,Older Adults (≥65)
24100834,1,61,YR,,,"",US,US,OZEMPIC,SEMAGLUTIDE,,"",PS,COVID-19,,2024Q3,Younger Adults (18–64)
24100836,1,75,YR,M,,"",US,US,OZEMPIC,SEMAGLUTIDE,,"",PS,Dysgeusia,,2024Q3,Older Adults (≥65)
24100856,1,61,YR,F,,"",US,US,OZEMPIC,SEMAGLUTIDE,,"",PS,Dizziness,,2024Q3,Younger Adults (18–64)
24100859,1,60,YR,F,,"",US,US,OZEMPIC,SEMAGLUTIDE,,"",PS,Flatulence,,2024Q3,Younger Adults (18–64)
24100860,1,77,YR,F,,"",US,US,OZEMPIC,SEMAGLUTIDE,1,MG,PS,Nausea,,2024Q3,Older Adults (≥65)
24100861,2,49,YR,M,,"",US,US,OZEMPIC,SEMAGLUTIDE,0.25,MG,PS,Vomiting,HO,2024Q4,Younger Adults (18–64)
24100865,1,69,YR,F,,"",US,US,OZEMPIC,SEMAGLUTIDE,0.5,MG,PS,Product use in unapproved indication,,2024Q3,Older Adults (≥65)
24100866,1,67,YR,M,,"",US,US,OZEMPIC,SEMAGLUTIDE,,"",PS,Constipation,,2024Q3,Older Adults (≥65)
24100868,1,66,YR,M,,"",US,US,OZEMPIC,SEMAGLUTIDE,,"",PS,Swollen tongue,,2024Q3,Older Adults (≥65)
24100870,1,68,YR,F,,"",US,US,OZEMPIC,SEMAGLUTIDE,2,MG,PS,Sinusitis,,2024Q3,Older Adults (≥65)
24100873,1,54,YR,F,,"",US,US,OZEMPIC,SEMAGLUTIDE,0.25,MG,PS,Weight decreased,HO,2024Q3,Younger Adults (18–64)
24100874,1,73,YR,F,,"",US,US,OZEMPIC,SEMAGLUTIDE,,"",PS,Product use in unapproved indication,,2024Q3,Older Adults (≥65)
24100878,1,76,YR,M,,"",US,US,OZEMPIC,SEMAGLUTIDE,1,MG,PS,Incorrect dose administered by device,,2024Q3,Older Adults (≥65)
24100879,1,73,YR,M,,"",US,US,OZEMPIC,SEMAGLUTIDE,0.5,MG,PS,Increased appetite,,2024Q3,Older Adults (≥65)
24100880,1,66,YR,M,,"",US,US,OZEMPIC,SEMAGLUTIDE,0.25,MG,PS,Hunger,,2024Q3,Older Adults (≥65)
24100885,1,56,YR,F,,"",US,US,OZEMPIC,SEMAGLUTIDE,,"",PS,Feeling abnormal,,2024Q3,Younger Adults (18–64)
24100886,1,57,YR,F,,"",US,US,OZEMPIC,SEMAGLUTIDE,2,MG,PS,Headache,,2024Q3,Younger Adults (18–64)
24100887,1,83,YR,M,,"",US,US,OZEMPIC,SEMAGLUTIDE,,"",PS,Chest pain,,2024Q3,Older Adults (≥65)
24100888,1,71,YR,F,,"",US,US,OZEMPIC,SEMAGLUTIDE,,"",PS,Inappropriate schedule of product administration,,2024Q3,Older Adults (≥65)
24100890,1,68,YR,F,,"",US,US,OZEMPIC,SEMAGLUTIDE,2,MG,PS,Pain of skin,,2024Q3,Older Adults (≥65)
24100893,1,76,YR,M,,"",US,US,OZEMPIC,SEMAGLUTIDE,,"",PS,Vomiting,,2024Q3,Older Adults (≥65)
24100895,1,63,YR,F,,"",US,US,OZEMPIC,SEMAGLUTIDE,0.5,MG,PS,Diarrhoea,,2024Q3,Younger Adults (18–64)
24100896,1,65,YR,M,,"",US,US,OZEMPIC,SEMAGLUTIDE,,"",PS,Weight decreased,,2024Q3,Older Adults (≥65)
24100897,1,49,YR,F,,"",US,US,OZEMPIC,SEMAGLUTIDE,,"",PS,Bowel movement irregularity,,2024Q3,Younger Adults (18–64)
24100898,1,68,YR,F,,"",US,US,OZEMPIC,SEMAGLUTIDE,,"",PS,Lipoma,,2024Q3,Older Adults (≥65)
24100901,1,43,YR,M,,"",US,US,OZEMPIC,SEMAGLUTIDE,,"",PS,Pancreatitis acute,OT,2024Q3,Younger Adults (18–64)
24100902,1,76,YR,F,,"",US,US,OZEMPIC,SEMAGLUTIDE,,"",PS,Product communication issue,,2024Q3,Older Adults (≥65)
24100907,1,71,YR,F,,"",US,US,OZEMPIC,SEMAGLUTIDE,0.25,MG,PS,Ill-defined disorder,,2024Q3,Older Adults (≥65)
24100914,1,70,YR,F,,"",US,US,OZEMPIC,SEMAGLUTIDE,,"",PS,Injection site bruising,,2024Q3,Older Adults (≥65)
24100919,1,45,YR,F,,"",US,US,OZEMPIC,SEMAGLUTIDE,,"",PS,Haematuria,,2024Q3,Younger Adults (18–64)
24100921,1,76,YR,M,,"",US,US,OZEMPIC,SEMAGLUTIDE,0.25,MG,PS,Cardiac disorder,,2024Q3,Older Adults (≥65)
24100928,1,63,YR,F,,"",US,US,OZEMPIC,SEMAGLUTIDE,0.5,MG,PS,Wrong technique in product usage process,,2024Q3,Younger Adults (18–64)
24100968,1,60,YR,,,"",US,US,OZEMPIC,SEMAGLUTIDE,,"",PS,Sluggishness,,2024Q3,Younger Adults (18–64)
24100970,2,75,YR,M,,"",US,US,OZEMPIC,SEMAGLUTIDE,,"",PS,Wrong technique in product usage process,,2024Q3,Older Adults (≥65)
24100973,1,60,YR,F,,"",US,US,OZEMPIC,SEMAGLUTIDE,,"",PS,Visual impairment,,2024Q3,Younger Adults (18–64)
24100981,1,71,YR,F,,"",US,US,OZEMPIC,SEMAGLUTIDE,,"",PS,Illness,,2024Q3,Older Adults (≥65)
24100985,2,71,YR,F,,"",US,US,OZEMPIC,SEMAGLUTIDE,0.5,MG,PS,Vomiting,HO,2024Q3,Older Adults (≥65)
24100986,1,88,YR,F,,"",US,US,OZEMPIC,SEMAGLUTIDE,,"",PS,Macular degeneration,,2024Q3,Older Adults (≥65)
24100988,1,39,YR,F,,"",US,US,OZEMPIC,SEMAGLUTIDE,,"",PS,Excessive skin,,2024Q3,Younger Adults (18–64)
24100997,1,59,YR,F,,"",US,US,OZEMPIC,SEMAGLUTIDE,,"",PS,Fatigue,,2024Q3,Younger Adults (18–64)
24100998,1,86,YR,F,,"",US,US,OZEMPIC,SEMAGLUTIDE,,"",PS,Diarrhoea,,2024Q3,Older Adults (≥65)
24101001,1,71,YR,M,,"",US,US,OZEMPIC,SEMAGLUTIDE,,"",PS,Increased appetite,,2024Q3,Older Adults (≥65)
24101011,1,55,YR,M,,"",US,US,OZEMPIC,SEMAGLUTIDE,,"",PS,Hypertransaminasaemia,,2024Q3,Younger Adults (18–64)
24101014,1,83,YR,M,,"",US,US,OZEMPIC,SEMAGLUTIDE,,"",PS,Hypertransaminasaemia,,2024Q3,Older Adults (≥65)
24101015,3,44,YR,F,,"",US,US,RYBELSUS,SEMAGLUTIDE,3,MG,PS,Diarrhoea,HO,2024Q4,Younger Adults (18–64)
24101028,1,78,YR,M,,"",US,US,OZEMPIC,SEMAGLUTIDE,,"",PS,Hypoacusis,,2024Q3,Older Adults (≥65)
24101043,1,63,YR,M,,"",US,US,OZEMPIC,SEMAGLUTIDE,,"",PS,Blood glucose increased,,2024Q3,Younger Adults (18–64)
24101045,1,59,YR,F,,"",US,US,OZEMPIC,SEMAGLUTIDE,,"",PS,Product use in unapproved indication,,2024Q3,Younger Adults (18–64)
24101046,1,59,YR,M,,"",US,US,OZEMPIC,SEMAGLUTIDE,1,MG,PS,Insomnia,,2024Q3,Younger Adults (18–64)
24101050,1,61,YR,M,,"",US,US,OZEMPIC,SEMAGLUTIDE,0.5,MG,PS,Euphoric mood,,2024Q3,Younger Adults (18–64)
24101052,1,69,YR,M,,"",US,US,OZEMPIC,SEMAGLUTIDE,,"",PS,COVID-19,,2024Q3,Older Adults (≥65)
24101065,3,88,YR,F,,"",US,US,OZEMPIC,SEMAGLUTIDE,,"",PS,Muscle spasms,,2024Q3,Older Adults (≥65)
24101066,2,60,YR,F,,"",US,US,OZEMPIC,SEMAGLUTIDE,2,MG,PS,Blood glucose increased,,2024Q3,Younger Adults (18–64)
24101068,1,63,YR,F,,"",US,US,OZEMPIC,SEMAGLUTIDE,,"",PS,Injection site discharge,,2024Q3,Younger Adults (18–64)
24101069,1,53,YR,M,,"",US,US,OZEMPIC,SEMAGLUTIDE,1,MG,PS,Myalgia,,2024Q3,Younger Adults (18–64)
24101071,1,53,YR,F,,"",US,US,OZEMPIC,SEMAGLUTIDE,1,MG,PS,Cough,,2024Q3,Younger Adults (18–64)
24101072,1,68,YR,F,,"",US,US,OZEMPIC,SEMAGLUTIDE,,"",PS,Wrong technique in product usage process,,2024Q3,Older Adults (≥65)
24101073,1,66,YR,F,,"",US,US,OZEMPIC,SEMAGLUTIDE,,"",PS,Liquid product physical issue,,2024Q3,Older Adults (≥65)
24101074,1,34,YR,F,,"",US,US,OZEMPIC,SEMAGLUTIDE,,"",PS,Impaired gastric emptying,HO,2024Q3,Younger Adults (18–64)
24101075,1,39,YR,F,,"",US,US,OZEMPIC,SEMAGLUTIDE,,"",PS,Wound,,2024Q3,Younger Adults (18–64)
24101084,1,59,YR,M,122.5,KG,US,US,OZEMPIC,SEMAGLUTIDE,,"",PS,Pancreatitis,OT,2024Q3,Younger Adults (18–64)
24101086,1,72,YR,F,,"",US,US,OZEMPIC,SEMAGLUTIDE,,"",PS,Malaise,,2024Q3,Older Adults (≥65)
24101093,1,61,YR,F,,"",US,US,OZEMPIC,SEMAGLUTIDE,,"",PS,Insomnia,,2024Q3,Younger Adults (18–64)
24101094,1,68,YR,F,,"",US,US,OZEMPIC,SEMAGLUTIDE,,"",PS,Rash,,2024Q3,Older Adults (≥65)
24101097,2,42,YR,F,105.22,KG,US,US,OZEMPIC,SEMAGLUTIDE,,"",PS,Vomiting,HO,2024Q3,Younger Adults (18–64)
24101099,1,58,YR,M,,"",US,US,OZEMPIC,SEMAGLUTIDE,,"",PS,Blood calcitonin increased,,2024Q3,Younger Adults (18–64)
24101100,1,82,YR,M,,"",US,US,OZEMPIC,SEMAGLUTIDE,,"",PS,Weight decreased,,2024Q3,Older Adults (≥65)
24101113,2,58,YR,F,,"",US,US,OZEMPIC,SEMAGLUTIDE,2,MG,PS,Brain fog,,2024Q3,Younger Adults (18–64)
24101116,1,67,YR,M,,"",US,US,OZEMPIC,SEMAGLUTIDE,0.5,MG,PS,Product use issue,,2024Q3,Older Adults (≥65)
24101117,1,64,YR,F,,"",US,US,OZEMPIC,SEMAGLUTIDE,,"",PS,Alopecia,,2024Q3,Younger Adults (18–64)
24101118,1,53,YR,M,,"",US,US,OZEMPIC,SEMAGLUTIDE,,"",PS,Pain,,2024Q3,Younger Adults (18–64)
24101119,1,71,YR,F,,"",US,US,OZEMPIC,SEMAGLUTIDE,,"",PS,Decreased appetite,,2024Q3,Older Adults (≥65)
24101143,2,76,YR,M,,"",US,US,OZEMPIC,SEMAGLUTIDE,,"",PS,Taste disorder,,2024Q3,Older Adults (≥65)
24101145,1,70,YR,M,,"",US,US,OZEMPIC,SEMAGLUTIDE,,"",PS,Pruritus,,2024Q3,Older Adults (≥65)
24101154,1,68,YR,F,,"",US,US,OZEMPIC,SEMAGLUTIDE,0.5,MG,PS,Nausea,,2024Q3,Older Adults (≥65)
24101157,1,58,YR,M,,"",US,US,OZEMPIC,SEMAGLUTIDE,,"",PS,Somnolence,,2024Q3,Younger Adults (18–64)
24101158,1,75,YR,F,,"",US,US,OZEMPIC,SEMAGLUTIDE,,"",PS,Dizziness,,2024Q3,Older Adults (≥65)
24101161,1,61,YR,F,,"",US,US,OZEMPIC,SEMAGLUTIDE,,"",PS,Extra dose administered,,2024Q3,Younger Adults (18–64)
24101163,1,60,YR,M,,"",US,US,OZEMPIC,SEMAGLUTIDE,0.5,MG,PS,Sensitive skin,,2024Q3,Younger Adults (18–64)
24101183,1,64,YR,F,,"",US,US,OZEMPIC,SEMAGLUTIDE,0.5,MG,PS,Product use in unapproved indication,,2024Q3,Younger Adults (18–64)
24101188,1,70,YR,M,,"",US,US,OZEMPIC,SEMAGLUTIDE,,"",PS,Flatulence,,2024Q3,Older Adults (≥65)
24101189,1,54,YR,,,"",US,US,OZEMPIC,SEMAGLUTIDE,0.25,MG,PS,Drug dose titration not performed,HO,2024Q3,Younger Adults (18–64)
24101192,1,72,YR,M,,"",US,US,OZEMPIC,SEMAGLUTIDE,2,MG,PS,Off label use,,2024Q3,Older Adults (≥65)
24101194,1,63,YR,F,,"",US,US,OZEMPIC,SEMAGLUTIDE,0.25,MG,PS,Fatigue,HO,2024Q3,Younger Adults (18–64)
24101196,1,68,YR,F,,"",US,US,OZEMPIC,SEMAGLUTIDE,0.5,MG,PS,Nausea,,2024Q3,Older Adults (≥65)
24101209,1,74,YR,F,,"",US,US,OZEMPIC,SEMAGLUTIDE,,"",PS,Nightmare,,2024Q3,Older Adults (≥65)
24101212,1,44,YR,F,77.098,KG,US,US,OZEMPIC,SEMAGLUTIDE,,"",PS,Anaphylactic reaction,HO,2024Q3,Younger Adults (18–64)
24101220,1,76,YR,F,,"",US,US,OZEMPIC,SEMAGLUTIDE,,"",PS,Anxiety,,2024Q3,Older Adults (≥65)
24101223,1,26,YR,,,"",US,US,OZEMPIC,SEMAGLUTIDE,,"",PS,Impaired gastric emptying,OT,2024Q3,Younger Adults (18–64)
24101224,1,66,YR,F,,"",US,US,OZEMPIC,SEMAGLUTIDE,0.25,MG,PS,Eructation,,2024Q3,Older Adults (≥65)
24101242,1,37,YR,F,,"",US,US,OZEMPIC,SEMAGLUTIDE,,"",PS,Impaired gastric emptying,OT,2024Q3,Younger Adults (18–64)
24101243,1,80,"",M,,"",US,US,OZEMPIC,SEMAGLUTIDE,,"",PS,Vision blurred,,2024Q3,Older Adults (≥65)
24101245,1,73,YR,M,,"",US,US,OZEMPIC,SEMAGLUTIDE,,"",PS,Abdominal pain upper,,2024Q3,Older Adults (≥65)
24101246,1,68,YR,F,,"",US,US,OZEMPIC,SEMAGLUTIDE,,"",PS,Pain,,2024Q3,Older Adults (≥65)
24101250,1,42,YR,F,,"",US,US,OZEMPIC,SEMAGLUTIDE,3,MG,PS,Inappropriate schedule of product administration,OT,2024Q3,Younger Adults (18–64)
24101252,1,78,YR,M,,"",US,US,OZEMPIC,SEMAGLUTIDE,,"",PS,Abdominal discomfort,,2024Q3,Older Adults (≥65)
24101255,1,62,YR,F,,"",US,US,OZEMPIC,SEMAGLUTIDE,,"",PS,Product taste abnormal,,2024Q3,Younger Adults (18–64)
24101256,1,35,YR,,,"",US,US,OZEMPIC,SEMAGLUTIDE,,"",PS,Impaired gastric emptying,OT,2024Q3,Younger Adults (18–64)
24101257,1,62,YR,F,,"",US,US,OZEMPIC,SEMAGLUTIDE,,"",PS,Alcohol test positive,,2024Q3,Younger Adults (18–64)
24101265,1,56,YR,,,"",US,US,OZEMPIC,SEMAGLUTIDE,1,MG,PS,Visual impairment,,2024Q3,Younger Adults (18–64)
24101268,1,47,YR,F,,"",US,US,OZEMPIC,SEMAGLUTIDE,,"",PS,Nasopharyngitis,,2024Q3,Younger Adults (18–64)
24101270,1,56,YR,F,,"",US,US,OZEMPIC,SEMAGLUTIDE,,"",PS,Nausea,,2024Q3,Younger Adults (18–64)
24101276,1,75,YR,F,,"",US,US,OZEMPIC,SEMAGLUTIDE,0.5,MG,PS,Abdominal distension,,2024Q3,Older Adults (≥65)
24101291,1,50,YR,F,,"",US,US,OZEMPIC,SEMAGLUTIDE,,"",PS,Product communication issue,,2024Q3,Younger Adults (18–64)
24101302,1,51,YR,M,,"",US,US,OZEMPIC,SEMAGLUTIDE,,"",PS,Increased appetite,,2024Q3,Younger Adults (18–64)
24101304,1,70,YR,F,,"",US,US,OZEMPIC,SEMAGLUTIDE,0.25,MG,PS,Off label use,,2024Q3,Older Adults (≥65)
24101305,1,45,YR,F,,"",US,US,OZEMPIC,SEMAGLUTIDE,,"",PS,Gastroenteritis viral,,2024Q3,Younger Adults (18–64)
24101306,1,68,YR,F,,"",US,US,OZEMPIC,SEMAGLUTIDE,,"",PS,Temporomandibular pain and dysfunction syndrome,,2024Q3,Older Adults (≥65)
24101334,1,57,YR,F,,"",US,US,OZEMPIC,SEMAGLUTIDE,0.25,MG,PS,Inappropriate schedule of product administration,,2024Q3,Younger Adults (18–64)
24101338,1,73,YR,F,,"",US,US,OZEMPIC,SEMAGLUTIDE,,"",PS,Blood glucose increased,,2024Q3,Older Adults (≥65)
24101339,1,66,YR,F,,"",US,US,OZEMPIC,SEMAGLUTIDE,,"",PS,Multiple use of single-use product,,2024Q3,Older Adults (≥65)
24101341,1,58,YR,F,,"",US,US,OZEMPIC,SEMAGLUTIDE,1,MG,PS,Abdominal pain upper,,2024Q3,Younger Adults (18–64)
24101344,1,68,YR,F,,"",US,US,OZEMPIC,SEMAGLUTIDE,0.25,MG,PS,Nausea,,2024Q3,Older Adults (≥65)
24101348,1,52,YR,M,,"",US,US,OZEMPIC,SEMAGLUTIDE,0.25,MG,PS,Increased appetite,,2024Q3,Younger Adults (18–64)
24101366,3,65,YR,M,,"",US,US,OZEMPIC,SEMAGLUTIDE,0.25,MG,PS,Dyspepsia,,2024Q3,Older Adults (≥65)
24101367,3,50,YR,F,108.84,KG,US,US,OZEMPIC,SEMAGLUTIDE,1,MG,PS,Pancreatic failure,OT,2024Q4,Younger Adults (18–64)
24101368,1,78,YR,F,,"",US,US,OZEMPIC,SEMAGLUTIDE,0.25,MG,PS,Condition aggravated,,2024Q3,Older Adults (≥65)
24101369,1,65,YR,F,,"",US,US,OZEMPIC,SEMAGLUTIDE,1,MG,PS,Nausea,,2024Q3,Older Adults (≥65)
24101370,1,45,YR,F,,"",US,US,OZEMPIC,SEMAGLUTIDE,,"",PS,Alopecia,,2024Q3,Younger Adults (18–64)
24101371,1,73,YR,F,,"",US,US,OZEMPIC,SEMAGLUTIDE,,"",PS,Asthenia,,2024Q3,Older Adults (≥65)
24101373,1,62,YR,M,,"",US,US,OZEMPIC,SEMAGLUTIDE,0.25,MG,PS,Pruritus,,2024Q3,Younger Adults (18–64)
24101374,1,82,YR,M,,"",US,US,OZEMPIC,SEMAGLUTIDE,1,MG,PS,Pruritus,,2024Q3,Older Adults (≥65)
24101376,1,50,YR,F,,"",US,US,OZEMPIC,SEMAGLUTIDE,,"",PS,Blood glucose increased,,2024Q3,Younger Adults (18–64)
24101378,1,57,YR,M,97.506,KG,US,US,OZEMPIC,SEMAGLUTIDE,,"",PS,Gastrointestinal disorder,,2024Q3,Younger Adults (18–64)
24101379,1,83,YR,F,,"",US,US,OZEMPIC,SEMAGLUTIDE,,"",PS,Pruritus,,2024Q3,Older Adults (≥65)
24101380,1,78,YR,F,,"",US,US,OZEMPIC,SEMAGLUTIDE,,"",PS,Exophthalmos,,2024Q3,Older Adults (≥65)
24101396,1,80,YR,F,,"",US,US,OZEMPIC,SEMAGLUTIDE,1,MG,PS,Nausea,,2024Q3,Older Adults (≥65)
24101402,1,63,YR,F,,"",US,US,OZEMPIC,SEMAGLUTIDE,,"",PS,Weight increased,,2024Q3,Younger Adults (18–64)
24101404,1,77,YR,F,,"",US,US,OZEMPIC,SEMAGLUTIDE,0.5,MG,PS,Arthralgia,,2024Q3,Older Adults (≥65)
24101405,1,63,YR,F,,"",US,US,OZEMPIC,SEMAGLUTIDE,1,MG,PS,Diarrhoea,,2024Q3,Younger Adults (18–64)
24101406,1,69,YR,F,,"",US,US,OZEMPIC,SEMAGLUTIDE,,"",PS,Abdominal discomfort,,2024Q3,Older Adults (≥65)
24101407,1,70,YR,M,,"",US,US,OZEMPIC,SEMAGLUTIDE,0.5,MG,PS,Tinnitus,,2024Q3,Older Adults (≥65)
24101409,1,51,YR,F,,"",US,US,OZEMPIC,SEMAGLUTIDE,0.25,MG,PS,Drug intolerance,,2024Q3,Younger Adults (18–64)
24101426,1,41,YR,F,,"",US,US,OZEMPIC,SEMAGLUTIDE,,"",PS,Cholelithiasis,OT,2024Q3,Younger Adults (18–64)
24101428,2,76,YR,M,,"",US,US,OZEMPIC,SEMAGLUTIDE,1,MG,PS,Hypophagia,,2024Q3,Older Adults (≥65)
24101429,1,50,YR,F,,"",US,US,OZEMPIC,SEMAGLUTIDE,,"",PS,Drug intolerance,,2024Q3,Younger Adults (18–64)
24101430,1,69,YR,M,,"",US,US,OZEMPIC,SEMAGLUTIDE,,"",PS,Weight increased,,2024Q3,Older Adults (≥65)
24101432,1,59,YR,F,,"",US,US,OZEMPIC,SEMAGLUTIDE,,"",PS,Pigmentation lip,,2024Q3,Younger Adults (18–64)
24101435,1,76,YR,M,,"",US,US,OZEMPIC,SEMAGLUTIDE,,"",PS,Vocal cord disorder,,2024Q3,Older Adults (≥65)
24101436,1,65,YR,M,,"",US,US,OZEMPIC,SEMAGLUTIDE,1,MG,PS,Lipoma,,2024Q3,Older Adults (≥65)
24101444,1,46,YR,F,,"",US,US,OZEMPIC,SEMAGLUTIDE,,"",PS,Restless legs syndrome,,2024Q3,Younger Adults (18–64)
24101454,1,47,YR,F,,"",US,US,OZEMPIC,SEMAGLUTIDE,1,MG,PS,Lymphadenopathy,,2024Q3,Younger Adults (18–64)
24101456,1,81,YR,F,,"",US,US,OZEMPIC,SEMAGLUTIDE,,"",PS,Vertigo,,2024Q3,Older Adults (≥65)
24101466,1,52,YR,F,,"",US,US,OZEMPIC,SEMAGLUTIDE,,"",PS,Urinary tract infection,,2024Q3,Younger Adults (18–64)
24101471,1,71,YR,M,,"",US,US,OZEMPIC,SEMAGLUTIDE,1,MG,PS,Off label use,,2024Q3,Older Adults (≥65)
24101490,1,51,YR,M,,"",US,US,OZEMPIC,SEMAGLUTIDE,0.25,MG,PS,Wrong technique in product usage process,,2024Q3,Younger Adults (18–64)
24101494,1,58,YR,F,,"",US,US,OZEMPIC,SEMAGLUTIDE,,"",PS,Incorrect dose administered by product,,2024Q3,Younger Adults (18–64)
24101498,1,56,YR,F,,"",US,US,OZEMPIC,SEMAGLUTIDE,1,MG,PS,Blood glucose increased,,2024Q3,Younger Adults (18–64)
24101501,1,63,YR,F,,"",US,US,OZEMPIC,SEMAGLUTIDE,,"",PS,Wrong technique in product usage process,,2024Q3,Younger Adults (18–64)
24101505,1,70,YR,,,"",US,US,OZEMPIC,SEMAGLUTIDE,,"",PS,Pancreatitis,OT,2024Q3,Older Adults (≥65)
24101506,1,69,YR,M,,"",US,US,OZEMPIC,SEMAGLUTIDE,,"",PS,Weight increased,,2024Q3,Older Adults (≥65)
24101507,1,62,YR,M,,"",US,US,OZEMPIC,SEMAGLUTIDE,,"",PS,Weight decreased,,2024Q3,Younger Adults (18–64)
24101519,1,61,YR,M,,"",US,US,OZEMPIC,SEMAGLUTIDE,1,MG,PS,Heart rate irregular,,2024Q3,Younger Adults (18–64)
24101522,1,71,YR,M,,"",US,US,OZEMPIC,SEMAGLUTIDE,,"",PS,Thirst,,2024Q3,Older Adults (≥65)
24101523,2,53,YR,F,,"",US,US,OZEMPIC,SEMAGLUTIDE,,"",PS,Weight loss poor,,2024Q3,Younger Adults (18–64)
24101525,1,67,YR,F,,"",US,US,OZEMPIC,SEMAGLUTIDE,0.25,MG,PS,Nausea,,2024Q3,Older Adults (≥65)
24101527,1,73,YR,F,,"",US,US,OZEMPIC,SEMAGLUTIDE,,"",PS,Weight decreased,,2024Q3,Older Adults (≥65)
24101529,1,56,YR,M,,"",US,US,OZEMPIC,SEMAGLUTIDE,2,MG,PS,Product use issue,,2024Q3,Younger Adults (18–64)
24101530,1,53,YR,F,,"",US,US,OZEMPIC,SEMAGLUTIDE,,"",PS,Pruritus,,2024Q3,Younger Adults (18–64)
24101533,1,30,YR,F,,"",US,US,OZEMPIC,SEMAGLUTIDE,1,MG,PS,Libido decreased,,2024Q3,Younger Adults (18–64)
24101553,1,67,YR,F,,"",US,US,OZEMPIC,SEMAGLUTIDE,,"",PS,Oropharyngeal discomfort,,2024Q3,Older Adults (≥65)
24101555,1,62,YR,F,,"",US,US,OZEMPIC,SEMAGLUTIDE,,"",PS,Constipation,,2024Q3,Younger Adults (18–64)
24101556,2,65,YR,F,,"",US,US,OZEMPIC,SEMAGLUTIDE,,"",PS,Weight decreased,,2024Q3,Older Adults (≥65)
24101558,1,53,YR,F,,"",US,US,OZEMPIC,SEMAGLUTIDE,,"",PS,Impaired gastric emptying,OT,2024Q3,Younger Adults (18–64)
24101570,2,53,YR,F,97.506,KG,US,US,OZEMPIC,SEMAGLUTIDE,0.5,MG,PS,Diarrhoea,HO,2024Q4,Younger Adults (18–64)
24101587,1,64,YR,F,,"",US,US,OZEMPIC,SEMAGLUTIDE,,"",PS,Sensitive skin,,2024Q3,Younger Adults (18–64)
24101596,1,62,YR,F,78.005,KG,US,US,OZEMPIC,SEMAGLUTIDE,,"",PS,Dehydration,,2024Q3,Younger Adults (18–64)
24101597,1,74,YR,F,,"",US,US,OZEMPIC,SEMAGLUTIDE,,"",PS,Weight decreased,,2024Q3,Older Adults (≥65)
24101600,1,72,YR,M,,"",US,US,OZEMPIC,SEMAGLUTIDE,0.5,MG,PS,Injection site pain,,2024Q3,Older Adults (≥65)
24101602,1,77,YR,F,,"",US,US,OZEMPIC,SEMAGLUTIDE,0.5,MG,PS,Injection site vesicles,,2024Q3,Older Adults (≥65)
24101603,1,57,YR,F,,"",US,US,OZEMPIC,SEMAGLUTIDE,,"",PS,Skin sensitisation,,2024Q3,Younger Adults (18–64)
24101604,1,32,YR,F,,"",US,US,OZEMPIC,SEMAGLUTIDE,,"",PS,Depression,,2024Q3,Younger Adults (18–64)
24101631,1,57,YR,F,,"",US,US,OZEMPIC,SEMAGLUTIDE,,"",PS,Mood swings,,2024Q3,Younger Adults (18–64)
24101634,1,77,YR,M,,"",US,US,OZEMPIC,SEMAGLUTIDE,0.25,MG,PS,Diarrhoea,,2024Q3,Older Adults (≥65)
24101637,1,82,YR,M,,"",US,US,OZEMPIC,SEMAGLUTIDE,0.25,MG,PS,Inappropriate schedule of product administration,,2024Q3,Older Adults (≥65)
24101650,1,74,YR,F,,"",US,US,OZEMPIC,SEMAGLUTIDE,,"",PS,Taste disorder,,2024Q3,Older Adults (≥65)
24101653,1,75,YR,F,,"",US,US,OZEMPIC,SEMAGLUTIDE,,"",PS,Unevaluable event,,2024Q3,Older Adults (≥65)
24101654,1,71,YR,F,,"",US,US,OZEMPIC,SEMAGLUTIDE,0.5,MG,PS,Increased appetite,,2024Q3,Older Adults (≥65)
24101656,1,51,YR,F,,"",US,US,OZEMPIC,SEMAGLUTIDE,0.25,MG,PS,Headache,,2024Q3,Younger Adults (18–64)
24101657,1,67,YR,F,,"",US,US,OZEMPIC,SEMAGLUTIDE,,"",PS,Product use in unapproved indication,,2024Q3,Older Adults (≥65)
24101664,1,82,YR,M,,"",US,US,OZEMPIC,SEMAGLUTIDE,0.5,MG,PS,COVID-19,,2024Q3,Older Adults (≥65)
24101665,1,78,YR,M,,"",US,US,OZEMPIC,SEMAGLUTIDE,,"",PS,Constipation,,2024Q3,Older Adults (≥65)
24101676,1,54,YR,F,,"",US,US,OZEMPIC,SEMAGLUTIDE,,"",PS,Increased appetite,,2024Q3,Younger Adults (18–64)
24101684,1,82,YR,F,,"",US,US,OZEMPIC,SEMAGLUTIDE,,"",PS,Gastrooesophageal reflux disease,,2024Q3,Older Adults (≥65)
24101685,1,60,YR,F,,"",US,US,OZEMPIC,SEMAGLUTIDE,0.5,MG,PS,Skin ulcer,,2024Q3,Younger Adults (18–64)
24101688,1,48,YR,F,,"",US,US,OZEMPIC,SEMAGLUTIDE,0.25,MG,PS,Vomiting,HO,2024Q3,Younger Adults (18–64)
24101692,1,59,YR,F,,"",US,US,OZEMPIC,SEMAGLUTIDE,,"",PS,Dyspepsia,,2024Q3,Younger Adults (18–64)
24101694,1,78,YR,M,,"",US,US,OZEMPIC,SEMAGLUTIDE,0.5,MG,PS,Weight decreased,,2024Q3,Older Adults (≥65)
24101697,1,56,YR,M,,"",US,US,OZEMPIC,SEMAGLUTIDE,1,MG,PS,Pancreatitis,HO,2024Q3,Younger Adults (18–64)
24101698,1,56,YR,F,,"",US,US,OZEMPIC,SEMAGLUTIDE,0.25,MG,PS,Headache,,2024Q3,Younger Adults (18–64)
24101701,1,59,YR,,,"",US,US,OZEMPIC,SEMAGLUTIDE,,"",PS,Diarrhoea,OT,2024Q3,Younger Adults (18–64)
24101710,1,68,YR,M,,"",US,US,OZEMPIC,SEMAGLUTIDE,1,MG,PS,Hiccups,OT,2024Q3,Older Adults (≥65)
24101713,1,64,YR,F,,"",US,US,OZEMPIC,SEMAGLUTIDE,,"",PS,Lethargy,,2024Q3,Younger Adults (18–64)
24101714,1,72,YR,F,,"",US,US,OZEMPIC,SEMAGLUTIDE,,"",PS,Gastrointestinal sounds abnormal,,2024Q3,Older Adults (≥65)
24101716,1,70,YR,F,,"",US,US,OZEMPIC,SEMAGLUTIDE,1,MG,PS,Pancreatitis,OT,2024Q3,Older Adults (≥65)
24101718,1,68,YR,F,,"",US,US,OZEMPIC,SEMAGLUTIDE,0.25,MG,PS,Blood glucose increased,,2024Q3,Older Adults (≥65)
24101719,1,58,YR,F,,"",US,US,OZEMPIC,SEMAGLUTIDE,1,MG,PS,Increased appetite,,2024Q3,Younger Adults (18–64)
24101725,2,86,YR,M,,"",US,US,OZEMPIC,SEMAGLUTIDE,,"",PS,Headache,,2024Q3,Older Adults (≥65)
24101728,1,55,YR,F,,"",US,US,OZEMPIC,SEMAGLUTIDE,1,MG,PS,Product use in unapproved indication,,2024Q3,Younger Adults (18–64)
24101738,1,81,YR,F,,"",US,US,OZEMPIC,SEMAGLUTIDE,,"",PS,Dizziness,,2024Q3,Older Adults (≥65)
24101742,1,57,YR,F,,"",US,US,OZEMPIC,SEMAGLUTIDE,,"",PS,Pruritus,,2024Q3,Younger Adults (18–64)
24101748,1,43,YR,F,,"",US,US,OZEMPIC,SEMAGLUTIDE,2,MG,PS,Sensitive skin,,2024Q3,Younger Adults (18–64)
24101750,1,69,YR,M,,"",US,US,OZEMPIC,SEMAGLUTIDE,,"",PS,Wrong technique in product usage process,,2024Q3,Older Adults (≥65)
24101751,1,49,YR,F,,"",US,US,OZEMPIC,SEMAGLUTIDE,0.25,MG,PS,Cholelithiasis,OT,2024Q3,Younger Adults (18–64)
24101753,1,68,YR,F,,"",US,US,OZEMPIC,SEMAGLUTIDE,0.25,MG,PS,Inappropriate schedule of product administration,,2024Q3,Older Adults (≥65)
24101755,1,68,YR,M,,"",US,US,OZEMPIC,SEMAGLUTIDE,,"",PS,Skin burning sensation,,2024Q3,Older Adults (≥65)
24101768,1,75,YR,F,,"",US,US,OZEMPIC,SEMAGLUTIDE,0.5,MG,PS,Food craving,,2024Q3,Older Adults (≥65)
24101769,1,69,YR,F,,"",US,US,OZEMPIC,SEMAGLUTIDE,1,MG,PS,Nausea,,2024Q3,Older Adults (≥65)
24101771,1,73,YR,F,,"",US,US,OZEMPIC,SEMAGLUTIDE,0.25,MG,PS,Constipation,,2024Q3,Older Adults (≥65)
24101774,1,83,YR,M,,"",US,US,OZEMPIC,SEMAGLUTIDE,1,MG,PS,Product communication issue,,2024Q3,Older Adults (≥65)
24101779,1,67,YR,F,,"",US,US,OZEMPIC,SEMAGLUTIDE,,"",PS,Nausea,,2024Q3,Older Adults (≥65)
24101781,1,70,YR,M,,"",US,US,OZEMPIC,SEMAGLUTIDE,0.5,MG,PS,Lipase increased,OT,2024Q3,Older Adults (≥65)
24101784,1,68,YR,F,,"",US,US,OZEMPIC,SEMAGLUTIDE,0.5,MG,PS,Mood altered,,2024Q3,Older Adults (≥65)
24101786,1,52,YR,F,,"",US,US,OZEMPIC,SEMAGLUTIDE,,"",PS,Off label use,,2024Q3,Younger Adults (18–64)
24101796,1,52,YR,F,,"",US,US,OZEMPIC,SEMAGLUTIDE,,"",PS,Nausea,,2024Q3,Younger Adults (18–64)
24101797,1,83,YR,F,,"",US,US,OZEMPIC,SEMAGLUTIDE,,"",PS,Constipation,,2024Q3,Older Adults (≥65)
24101802,1,76,YR,M,,"",US,US,OZEMPIC,SEMAGLUTIDE,,"",PS,Dyspnoea,,2024Q3,Older Adults (≥65)
24101803,1,70,YR,M,,"",US,US,OZEMPIC,SEMAGLUTIDE,0.25,MG,PS,Wrong technique in product usage process,,2024Q3,Older Adults (≥65)
24101804,1,60,YR,F,,"",US,US,OZEMPIC,SEMAGLUTIDE,0.5,MG,PS,Impaired gastric emptying,OT,2024Q3,Younger Adults (18–64)
24101805,1,76,YR,F,,"",US,US,OZEMPIC,SEMAGLUTIDE,,"",PS,Fatigue,,2024Q3,Older Adults (≥65)
24101810,1,33,YR,F,,"",US,US,OZEMPIC,SEMAGLUTIDE,1,MG,PS,Allodynia,,2024Q3,Younger Adults (18–64)
24101819,2,59,YR,M,,"",US,US,OZEMPIC,SEMAGLUTIDE,2,MG,PS,Product use issue,,2024Q3,Younger Adults (18–64)
24101824,1,59,YR,F,,"",US,US,OZEMPIC,SEMAGLUTIDE,1,MG,PS,Alopecia,,2024Q3,Younger Adults (18–64)
24101826,1,57,YR,F,,"",US,US,OZEMPIC,SEMAGLUTIDE,2,MG,PS,Sensitive skin,,2024Q3,Younger Adults (18–64)
24101827,3,82,YR,F,,"",US,US,OZEMPIC,SEMAGLUTIDE,,"",PS,Weight decreased,,2024Q3,Older Adults (≥65)
24101837,2,74,YR,,,"",US,US,OZEMPIC,SEMAGLUTIDE,,"",PS,Decreased appetite,,2024Q3,Older Adults (≥65)
24101839,1,68,YR,M,,"",US,US,OZEMPIC,SEMAGLUTIDE,,"",PS,Vision blurred,,2024Q3,Older Adults (≥65)
24101840,1,54,YR,M,,"",US,US,OZEMPIC,SEMAGLUTIDE,0.25,MG,PS,Hypotension,,2024Q3,Younger Adults (18–64)
24101842,1,68,YR,F,,"",US,US,OZEMPIC,SEMAGLUTIDE,,"",PS,Nausea,,2024Q3,Older Adults (≥65)
24101846,1,69,YR,F,,"",US,US,OZEMPIC,SEMAGLUTIDE,1,MG,PS,Brain fog,,2024Q3,Older Adults (≥65)
24101848,1,57,YR,F,,"",US,US,OZEMPIC,SEMAGLUTIDE,0.25,MG,PS,Constipation,,2024Q3,Younger Adults (18–64)
24101850,1,56,YR,F,,"",US,US,OZEMPIC,SEMAGLUTIDE,,"",PS,Palpitations,,2024Q3,Younger Adults (18–64)
24101855,1,55,YR,F,,"",US,US,OZEMPIC,SEMAGLUTIDE,0.5,MG,PS,Nervousness,,2024Q3,Younger Adults (18–64)
24101858,1,69,YR,M,,"",US,US,OZEMPIC,SEMAGLUTIDE,,"",PS,Alopecia,,2024Q3,Older Adults (≥65)
24101859,1,78,YR,F,,"",US,US,OZEMPIC,SEMAGLUTIDE,,"",PS,Eructation,,2024Q3,Older Adults (≥65)
24101862,1,68,YR,F,,"",US,US,OZEMPIC,SEMAGLUTIDE,,"",PS,Influenza,,2024Q3,Older Adults (≥65)
24101865,1,59,YR,F,,"",US,US,OZEMPIC,SEMAGLUTIDE,,"",PS,Weight decreased,,2024Q3,Younger Adults (18–64)
24101885,1,71,YR,F,,"",US,US,OZEMPIC,SEMAGLUTIDE,,"",PS,Alopecia,,2024Q3,Older Adults (≥65)
24101890,1,66,YR,M,,"",US,US,OZEMPIC,SEMAGLUTIDE,0.5,MG,PS,Malaise,,2024Q3,Older Adults (≥65)
24101906,1,73,YR,F,,"",US,US,OZEMPIC,SEMAGLUTIDE,,"",PS,Nausea,,2024Q3,Older Adults (≥65)
24101907,1,72,YR,F,,"",US,US,OZEMPIC,SEMAGLUTIDE,,"",PS,Diarrhoea,,2024Q3,Older Adults (≥65)
24101908,1,62,YR,M,,"",US,US,OZEMPIC,SEMAGLUTIDE,,"",PS,Gastric pH decreased,,2024Q3,Younger Adults (18–64)
24101910,1,57,YR,F,,"",US,US,OZEMPIC,SEMAGLUTIDE,,"",PS,Constipation,,2024Q3,Younger Adults (18–64)
24101912,1,71,YR,M,,"",US,US,OZEMPIC,SEMAGLUTIDE,,"",PS,Weight loss poor,,2024Q3,Older Adults (≥65)
24101916,1,42,YR,,,"",US,US,OZEMPIC,SEMAGLUTIDE,0.25,MG,PS,Product use in unapproved indication,,2024Q3,Younger Adults (18–64)
24101932,1,79,YR,F,,"",US,US,OZEMPIC,SEMAGLUTIDE,,"",PS,Alopecia,,2024Q3,Older Adults (≥65)
24101934,1,80,YR,F,,"",US,US,OZEMPIC,SEMAGLUTIDE,,"",PS,Vision blurred,,2024Q3,Older Adults (≥65)
24101935,1,77,YR,F,,"",US,US,OZEMPIC,SEMAGLUTIDE,,"",PS,Diarrhoea,,2024Q3,Older Adults (≥65)
24101937,2,65,YR,F,,"",US,US,OZEMPIC,SEMAGLUTIDE,1,MG,PS,Off label use,,2024Q3,Older Adults (≥65)
24101938,1,77,YR,F,,"",US,US,OZEMPIC,SEMAGLUTIDE,1,MG,PS,Pruritus,,2024Q3,Older Adults (≥65)
24101939,1,66,YR,M,,"",US,US,OZEMPIC,SEMAGLUTIDE,,"",PS,Blood pressure decreased,,2024Q3,Older Adults (≥65)
24101940,1,67,YR,F,,"",US,US,OZEMPIC,SEMAGLUTIDE,0.5,MG,PS,Vulvovaginal mycotic infection,,2024Q3,Older Adults (≥65)
24101944,1,66,YR,M,,"",US,US,OZEMPIC,SEMAGLUTIDE,1,MG,PS,Pancreatitis,OT,2024Q3,Older Adults (≥65)
24101954,1,63,YR,F,,"",US,US,OZEMPIC,SEMAGLUTIDE,,"",PS,Weight increased,,2024Q3,Younger Adults (18–64)
24101956,1,65,YR,F,,"",US,US,OZEMPIC,SEMAGLUTIDE,,"",PS,Multiple use of single-use product,,2024Q3,Older Adults (≥65)
24101957,1,47,YR,F,,"",US,US,OZEMPIC,SEMAGLUTIDE,,"",PS,Gastrointestinal disorder,,2024Q3,Younger Adults (18–64)
24101960,1,70,YR,M,,"",US,US,OZEMPIC,SEMAGLUTIDE,,"",PS,Anal sphincterotomy,,2024Q3,Older Adults (≥65)
24101962,1,70,YR,F,,"",US,US,OZEMPIC,SEMAGLUTIDE,0.25,MG,PS,Faeces soft,,2024Q3,Older Adults (≥65)
24101965,1,48,YR,,,"",US,US,OZEMPIC,SEMAGLUTIDE,,"",PS,Impaired gastric emptying,HO,2024Q3,Younger Adults (18–64)
24101969,1,68,YR,F,,"",US,US,OZEMPIC,SEMAGLUTIDE,,"",PS,Increased appetite,,2024Q3,Older Adults (≥65)
24101987,1,71,YR,F,,"",US,US,OZEMPIC,SEMAGLUTIDE,,"",PS,Vomiting,,2024Q3,Older Adults (≥65)
24101989,1,59,YR,F,106.58,KG,US,US,OZEMPIC,SEMAGLUTIDE,,"",PS,Vomiting,HO,2024Q3,Younger Adults (18–64)
24101990,1,49,YR,F,70.295,KG,US,US,OZEMPIC,SEMAGLUTIDE,,"",PS,Ileus,OT,2024Q3,Younger Adults (18–64)
24101992,1,56,YR,F,,"",US,US,OZEMPIC,SEMAGLUTIDE,,"",PS,Product use in unapproved indication,,2024Q3,Younger Adults (18–64)
24101993,1,49,YR,F,,"",US,US,OZEMPIC,SEMAGLUTIDE,0.5,MG,PS,Pain of skin,,2024Q3,Younger Adults (18–64)
24101995,1,61,YR,F,,"",US,US,OZEMPIC,SEMAGLUTIDE,,"",PS,Product use in unapproved indication,,2024Q3,Younger Adults (18–64)
24101999,1,56,YR,F,,"",US,US,OZEMPIC,SEMAGLUTIDE,,"",PS,Illness,,2024Q3,Younger Adults (18–64)
24102000,1,56,YR,F,,"",US,US,OZEMPIC,SEMAGLUTIDE,,"",PS,Sinusitis,,2024Q3,Younger Adults (18–64)
24102001,1,84,YR,F,,"",US,US,OZEMPIC,SEMAGLUTIDE,,"",PS,Weight loss poor,,2024Q3,Older Adults (≥65)
24102003,1,75,YR,F,,"",US,US,OZEMPIC,SEMAGLUTIDE,,"",PS,Wrong technique in product usage process,,2024Q3,Older Adults (≥65)
24102005,1,72,YR,F,,"",US,US,OZEMPIC,SEMAGLUTIDE,,"",PS,Nausea,,2024Q3,Older Adults (≥65)
24102006,1,26,YR,F,,"",US,US,OZEMPIC,SEMAGLUTIDE,0.25,MG,PS,Insomnia,,2024Q3,Younger Adults (18–64)
24102007,1,55,YR,F,,"",US,US,OZEMPIC,SEMAGLUTIDE,,"",PS,Alopecia,,2024Q3,Younger Adults (18–64)
24102019,1,60,YR,F,,"",US,US,OZEMPIC,SEMAGLUTIDE,,"",PS,Blood glucose increased,,2024Q3,Younger Adults (18–64)
24102020,1,72,YR,F,,"",US,US,OZEMPIC,SEMAGLUTIDE,1,MG,PS,Dyspepsia,,2024Q3,Older Adults (≥65)
24102022,1,57,YR,F,,"",US,US,OZEMPIC,SEMAGLUTIDE,,"",PS,Product communication issue,,2024Q3,Younger Adults (18–64)
24102024,1,51,YR,F,,"",US,US,OZEMPIC,SEMAGLUTIDE,,"",PS,Nausea,,2024Q3,Younger Adults (18–64)
24102025,1,76,YR,F,,"",US,US,OZEMPIC,SEMAGLUTIDE,,"",PS,Dizziness,,2024Q3,Older Adults (≥65)
24102027,1,64,YR,F,,"",US,US,OZEMPIC,SEMAGLUTIDE,0.5,MG,PS,Injection site pain,,2024Q3,Younger Adults (18–64)
24102029,1,71,YR,F,,"",US,US,OZEMPIC,SEMAGLUTIDE,0.25,MG,PS,Pancreatitis,OT,2024Q3,Older Adults (≥65)
24102030,1,73,YR,F,,"",US,US,OZEMPIC,SEMAGLUTIDE,,"",PS,Off label use,,2024Q3,Older Adults (≥65)
24102032,1,69,YR,M,,"",US,US,OZEMPIC,SEMAGLUTIDE,,"",PS,Hypoaesthesia,,2024Q3,Older Adults (≥65)
24102037,1,42,YR,F,,"",US,US,OZEMPIC,SEMAGLUTIDE,,"",PS,Food craving,,2024Q3,Younger Adults (18–64)
24102052,1,58,YR,F,,"",US,US,OZEMPIC,SEMAGLUTIDE,,"",PS,Diarrhoea,,2024Q3,Younger Adults (18–64)
24102059,1,69,YR,F,,"",US,US,OZEMPIC,SEMAGLUTIDE,,"",PS,Decreased appetite,,2024Q3,Older Adults (≥65)
24102063,2,67,YR,F,,"",US,US,OZEMPIC,SEMAGLUTIDE,,"",PS,Blood glucose increased,,2024Q3,Older Adults (≥65)
24102065,1,71,YR,F,,"",US,US,OZEMPIC,SEMAGLUTIDE,1,MG,PS,Increased appetite,,2024Q3,Older Adults (≥65)
24102069,1,69,YR,F,,"",US,US,OZEMPIC,SEMAGLUTIDE,,"",PS,Product packaging quantity issue,,2024Q3,Older Adults (≥65)
24102070,1,67,YR,F,,"",US,US,OZEMPIC,SEMAGLUTIDE,,"",PS,Off label use,,2024Q3,Older Adults (≥65)
24102073,1,56,YR,F,,"",US,US,OZEMPIC,SEMAGLUTIDE,,"",PS,Inappropriate schedule of product administration,,2024Q3,Younger Adults (18–64)
24102074,1,74,YR,M,,"",US,US,OZEMPIC,SEMAGLUTIDE,,"",PS,Diarrhoea,,2024Q3,Older Adults (≥65)
24102075,1,61,YR,F,,"",US,US,OZEMPIC,SEMAGLUTIDE,,"",PS,Eructation,,2024Q3,Younger Adults (18–64)
24102078,1,64,YR,F,,"",US,US,OZEMPIC,SEMAGLUTIDE,0.5,MG,PS,Abdominal pain,,2024Q3,Younger Adults (18–64)
24102121,1,42,YR,F,,"",US,US,OZEMPIC,SEMAGLUTIDE,,"",PS,Malaise,,2024Q3,Younger Adults (18–64)
24102122,1,37,YR,F,,"",US,US,OZEMPIC,SEMAGLUTIDE,,"",PS,Incorrect dose administered,,2024Q3,Younger Adults (18–64)
24102124,2,64,YR,F,,"",US,US,OZEMPIC,SEMAGLUTIDE,,"",PS,Eye disorder,,2024Q3,Younger Adults (18–64)
24102130,1,55,YR,F,,"",US,US,OZEMPIC,SEMAGLUTIDE,,"",PS,Decreased appetite,,2024Q3,Younger Adults (18–64)
24102132,1,73,YR,M,,"",US,US,OZEMPIC,SEMAGLUTIDE,0.5,MG,PS,Urticaria,,2024Q3,Older Adults (≥65)
24102134,1,66,YR,F,,"",US,US,OZEMPIC,SEMAGLUTIDE,,"",PS,Product use in unapproved indication,,2024Q3,Older Adults (≥65)
24102139,1,71,YR,F,,"",US,US,OZEMPIC,SEMAGLUTIDE,,"",PS,Bronchitis,,2024Q3,Older Adults (≥65)
24102142,1,80,YR,F,,"",US,US,OZEMPIC,SEMAGLUTIDE,0.25,MG,PS,Urine abnormality,,2024Q3,Older Adults (≥65)
24102180,2,67,YR,F,,"",US,US,OZEMPIC,SEMAGLUTIDE,,"",PS,Fatigue,,2024Q3,Older Adults (≥65)
24102182,1,61,YR,,,"",US,US,OZEMPIC,SEMAGLUTIDE,0.5,MG,PS,Depression,,2024Q3,Younger Adults (18–64)
24102184,1,62,YR,F,,"",US,US,OZEMPIC,SEMAGLUTIDE,,"",PS,Food craving,,2024Q3,Younger Adults (18–64)
24102186,1,64,YR,F,,"",US,US,OZEMPIC,SEMAGLUTIDE,0.25,MG,PS,Condition aggravated,,2024Q3,Younger Adults (18–64)
24102189,3,32,YR,F,,"",US,US,OZEMPIC,SEMAGLUTIDE,0.25,MG,PS,Off label use,HO,2024Q4,Younger Adults (18–64)
24102191,1,67,YR,M,,"",US,US,OZEMPIC,SEMAGLUTIDE,1,MG,PS,Allodynia,,2024Q3,Older Adults (≥65)
24102196,1,56,YR,F,,"",US,US,OZEMPIC,SEMAGLUTIDE,,"",PS,Product storage error,,2024Q3,Younger Adults (18–64)
24102211,1,80,YR,M,,"",US,US,OZEMPIC,SEMAGLUTIDE,,"",PS,Spondylolisthesis,,2024Q3,Older Adults (≥65)
24102212,1,85,YR,,,"",US,US,OZEMPIC,SEMAGLUTIDE,,"",PS,Drug interaction,,2024Q3,Older Adults (≥65)
24102213,1,60,YR,M,,"",US,US,OZEMPIC,SEMAGLUTIDE,,"",PS,Product use in unapproved indication,,2024Q3,Younger Adults (18–64)
24102214,1,63,YR,M,,"",US,US,OZEMPIC,SEMAGLUTIDE,,"",PS,Dysgeusia,,2024Q3,Younger Adults (18–64)
24102219,1,51,YR,F,,"",US,US,OZEMPIC,SEMAGLUTIDE,0.5,MG,PS,Abdominal pain upper,,2024Q3,Younger Adults (18–64)
24102220,1,77,YR,F,,"",US,US,OZEMPIC,SEMAGLUTIDE,2,MG,PS,Vision blurred,,2024Q3,Older Adults (≥65)
24102222,1,67,YR,M,,"",US,US,OZEMPIC,SEMAGLUTIDE,,"",PS,Off label use,,2024Q3,Older Adults (≥65)
24102223,1,29,YR,F,,"",US,US,OZEMPIC,SEMAGLUTIDE,,"",PS,Pancreatitis acute,HO,2024Q3,Younger Adults (18–64)
24102246,1,79,YR,M,,"",US,US,OZEMPIC,SEMAGLUTIDE,1,MG,PS,Blood glucose increased,,2024Q3,Older Adults (≥65)
24102248,1,58,YR,F,,"",US,US,OZEMPIC,SEMAGLUTIDE,,"",PS,Hunger,,2024Q3,Younger Adults (18–64)
24102250,1,62,YR,F,,"",US,US,OZEMPIC,SEMAGLUTIDE,,"",PS,Impaired gastric emptying,OT,2024Q3,Younger Adults (18–64)
24102251,1,59,YR,F,,"",US,US,OZEMPIC,SEMAGLUTIDE,0.25,MG,PS,Nausea,,2024Q3,Younger Adults (18–64)
24102252,1,69,YR,F,,"",US,US,OZEMPIC,SEMAGLUTIDE,0.5,MG,PS,Incorrect dose administered,,2024Q3,Older Adults (≥65)
24102253,1,70,YR,F,,"",US,US,OZEMPIC,SEMAGLUTIDE,,"",PS,Weight increased,,2024Q3,Older Adults (≥65)
24102255,1,66,YR,M,,"",US,US,OZEMPIC,SEMAGLUTIDE,0.25,MG,PS,Decreased appetite,,2024Q3,Older Adults (≥65)
24102256,1,64,YR,F,,"",US,US,OZEMPIC,SEMAGLUTIDE,,"",PS,Increased appetite,,2024Q3,Younger Adults (18–64)
24102258,1,76,YR,F,,"",US,US,OZEMPIC,SEMAGLUTIDE,0.25,MG,PS,Frequent bowel movements,,2024Q3,Older Adults (≥65)
24102275,2,77,YR,F,,"",US,US,OZEMPIC,SEMAGLUTIDE,,"",PS,Nausea,,2024Q3,Older Adults (≥65)
24102276,1,75,YR,F,,"",US,US,OZEMPIC,SEMAGLUTIDE,0.25,MG,PS,Dizziness,,2024Q3,Older Adults (≥65)
24102277,1,63,YR,M,,"",US,US,OZEMPIC,SEMAGLUTIDE,0.5,MG,PS,Decreased appetite,,2024Q3,Younger Adults (18–64)
24102278,1,75,YR,F,,"",US,US,OZEMPIC,SEMAGLUTIDE,,"",PS,Inappropriate schedule of product administration,OT,2024Q3,Older Adults (≥65)
24102281,1,72,YR,M,,"",US,US,OZEMPIC,SEMAGLUTIDE,1,MG,PS,Off label use,,2024Q3,Older Adults (≥65)
24102283,1,53,YR,F,,"",US,US,OZEMPIC,SEMAGLUTIDE,,"",PS,Vomiting,,2024Q3,Younger Adults (18–64)
24102284,1,67,YR,M,,"",US,US,OZEMPIC,SEMAGLUTIDE,,"",PS,Asthenia,,2024Q3,Older Adults (≥65)
24102285,1,60,YR,,,"",US,US,OZEMPIC,SEMAGLUTIDE,0.5,MG,PS,Constipation,,2024Q3,Younger Adults (18–64)
24102286,2,59,YR,F,,"",US,US,OZEMPIC,SEMAGLUTIDE,,"",PS,Weight increased,,2024Q3,Younger Adults (18–64)
24102289,1,37,YR,F,,"",US,US,OZEMPIC,SEMAGLUTIDE,,"",PS,Off label use,HO,2024Q3,Younger Adults (18–64)
24102293,1,82,YR,M,,"",US,US,OZEMPIC,SEMAGLUTIDE,,"",PS,Nausea,,2024Q3,Older Adults (≥65)
24102295,1,62,YR,M,,"",US,US,OZEMPIC,SEMAGLUTIDE,2,MG,PS,Poor quality sleep,,2024Q3,Younger Adults (18–64)
24102310,1,68,YR,F,,"",US,US,OZEMPIC,SEMAGLUTIDE,1,MG,PS,Weight increased,,2024Q3,Older Adults (≥65)
24102311,1,77,YR,F,,"",US,US,OZEMPIC,SEMAGLUTIDE,,"",PS,Feeling abnormal,,2024Q3,Older Adults (≥65)
24102313,1,60,YR,M,,"",US,US,OZEMPIC,SEMAGLUTIDE,2,MG,PS,Pancreatitis,HO,2024Q3,Younger Adults (18–64)
24102317,1,82,YR,F,,"",US,US,OZEMPIC,SEMAGLUTIDE,0.25,MG,PS,Ill-defined disorder,,2024Q3,Older Adults (≥65)
24102319,1,29,YR,F,,"",US,US,OZEMPIC,SEMAGLUTIDE,,"",PS,Heart rate increased,OT,2024Q3,Younger Adults (18–64)
24102323,1,81,YR,F,,"",US,US,OZEMPIC,SEMAGLUTIDE,1,MG,PS,Product use in unapproved indication,,2024Q3,Older Adults (≥65)
24102325,1,69,YR,M,,"",US,US,OZEMPIC,SEMAGLUTIDE,1,MG,PS,Weight decreased,,2024Q3,Older Adults (≥65)
24102326,1,84,YR,F,,"",US,US,OZEMPIC,SEMAGLUTIDE,,"",PS,Headache,,2024Q3,Older Adults (≥65)
24102328,1,37,YR,M,77.098,KG,US,US,OZEMPIC,SEMAGLUTIDE,,"",PS,Headache,,2024Q3,Younger Adults (18–64)
24102333,1,79,YR,F,,"",US,US,OZEMPIC,SEMAGLUTIDE,,"",PS,International normalised ratio increased,,2024Q3,Older Adults (≥65)
24102339,1,70,YR,M,,"",US,US,OZEMPIC,SEMAGLUTIDE,,"",PS,Pruritus,,2024Q3,Older Adults (≥65)
24102342,1,49,YR,F,,"",US,US,OZEMPIC,SEMAGLUTIDE,,"",PS,Alopecia,,2024Q3,Younger Adults (18–64)
24102347,1,70,YR,F,,"",US,US,OZEMPIC,SEMAGLUTIDE,2,MG,PS,Cystitis,,2024Q3,Older Adults (≥65)
24102348,1,68,YR,F,,"",US,US,OZEMPIC,SEMAGLUTIDE,,"",PS,Drug ineffective,,2024Q3,Older Adults (≥65)
24102353,1,61,YR,F,,"",US,US,OZEMPIC,SEMAGLUTIDE,1,MG,PS,Skin burning sensation,,2024Q3,Younger Adults (18–64)
24102354,1,66,YR,F,,"",US,US,OZEMPIC,SEMAGLUTIDE,,"",PS,Abdominal discomfort,,2024Q3,Older Adults (≥65)
24102355,1,64,YR,M,,"",US,US,OZEMPIC,SEMAGLUTIDE,0.25,MG,PS,Constipation,,2024Q3,Younger Adults (18–64)
24102367,1,72,YR,F,,"",US,US,OZEMPIC,SEMAGLUTIDE,1,MG,PS,Product label issue,,2024Q3,Older Adults (≥65)
24102368,1,66,YR,F,,"",US,US,OZEMPIC,SEMAGLUTIDE,0.25,MG,PS,Pain,,2024Q3,Older Adults (≥65)
24102369,1,60,YR,F,,"",US,US,OZEMPIC,SEMAGLUTIDE,0.5,MG,PS,Influenza,,2024Q3,Younger Adults (18–64)
24102373,1,65,YR,F,,"",US,US,OZEMPIC,SEMAGLUTIDE,,"",PS,Vomiting,,2024Q3,Older Adults (≥65)
24102374,1,74,YR,F,,"",US,US,OZEMPIC,SEMAGLUTIDE,,"",PS,Weight increased,,2024Q3,Older Adults (≥65)
24102378,1,62,YR,M,,"",US,US,OZEMPIC,SEMAGLUTIDE,1,MG,PS,Increased appetite,,2024Q3,Younger Adults (18–64)
24102379,1,79,YR,F,,"",US,US,OZEMPIC,SEMAGLUTIDE,0.5,MG,PS,Increased appetite,,2024Q3,Older Adults (≥65)
24102380,1,67,YR,F,,"",US,US,OZEMPIC,SEMAGLUTIDE,1,MG,PS,Constipation,,2024Q3,Older Adults (≥65)
24102386,1,76,YR,F,,"",US,US,OZEMPIC,SEMAGLUTIDE,,"",PS,Gastrointestinal disorder,,2024Q3,Older Adults (≥65)
24102388,1,43,YR,M,,"",US,US,OZEMPIC,SEMAGLUTIDE,,"",PS,Musculoskeletal chest pain,,2024Q3,Younger Adults (18–64)
24102389,1,63,YR,F,,"",US,US,OZEMPIC,SEMAGLUTIDE,2,MG,PS,Off label use,,2024Q3,Younger Adults (18–64)
24102401,1,48,YR,,,"",US,US,OZEMPIC,SEMAGLUTIDE,,"",PS,Impaired gastric emptying,OT,2024Q3,Younger Adults (18–64)
24102409,2,64,YR,F,78.458,KG,US,US,OZEMPIC,SEMAGLUTIDE,1,MG,PS,Decreased appetite,HO,2024Q4,Younger Adults (18–64)
24102411,1,33,YR,F,,"",US,US,OZEMPIC,SEMAGLUTIDE,,"",PS,Dyspnoea,,2024Q3,Younger Adults (18–64)
24102414,1,80,YR,M,,"",US,US,OZEMPIC,SEMAGLUTIDE,,"",PS,Anxiety,,2024Q3,Older Adults (≥65)
24102415,1,60,YR,F,,"",US,US,OZEMPIC,SEMAGLUTIDE,0.5,MG,PS,Cholelithiasis,OT,2024Q3,Younger Adults (18–64)
24102417,1,70,YR,F,,"",US,US,OZEMPIC,SEMAGLUTIDE,,"",PS,Muscle spasms,,2024Q3,Older Adults (≥65)
24102418,1,62,YR,F,,"",US,US,OZEMPIC,SEMAGLUTIDE,,"",PS,Nausea,,2024Q3,Younger Adults (18–64)
24102434,1,35,YR,F,,"",US,US,OZEMPIC,SEMAGLUTIDE,0.25,MG,PS,Hyperthyroidism,,2024Q3,Younger Adults (18–64)
24102435,2,68,YR,F,,"",US,US,OZEMPIC,SEMAGLUTIDE,,"",PS,Weight decreased,,2024Q3,Older Adults (≥65)
24102441,1,39,YR,F,,"",US,US,OZEMPIC,SEMAGLUTIDE,,"",PS,Malaise,,2024Q3,Younger Adults (18–64)
24102442,1,49,YR,F,,"",US,US,OZEMPIC,SEMAGLUTIDE,,"",PS,Device malfunction,,2024Q3,Younger Adults (18–64)
24102444,1,72,YR,M,,"",US,US,OZEMPIC,SEMAGLUTIDE,,"",PS,Swelling face,,2024Q3,Older Adults (≥65)
24102446,1,66,YR,F,,"",US,US,OZEMPIC,SEMAGLUTIDE,0.5,MG,PS,Nausea,,2024Q3,Older Adults (≥65)
24102447,1,55,YR,M,,"",US,US,OZEMPIC,SEMAGLUTIDE,,"",PS,Diarrhoea,,2024Q3,Younger Adults (18–64)
24102448,1,38,YR,F,,"",US,US,OZEMPIC,SEMAGLUTIDE,1,MG,PS,Increased appetite,,2024Q3,Younger Adults (18–64)
24102458,1,81,YR,F,,"",US,US,OZEMPIC,SEMAGLUTIDE,1,MG,PS,COVID-19,,2024Q3,Older Adults (≥65)
24102464,1,62,YR,M,,"",US,US,OZEMPIC,SEMAGLUTIDE,1,MG,PS,Food craving,,2024Q3,Younger Adults (18–64)
24102468,1,64,YR,F,,"",US,US,OZEMPIC,SEMAGLUTIDE,,"",PS,Off label use,,2024Q3,Younger Adults (18–64)
24102469,1,71,YR,F,,"",US,US,OZEMPIC,SEMAGLUTIDE,,"",PS,Sarcopenia,HO,2024Q3,Older Adults (≥65)
24102471,1,68,YR,F,,"",US,US,OZEMPIC,SEMAGLUTIDE,,"",PS,Nausea,HO,2024Q3,Older Adults (≥65)
24102473,1,51,YR,F,,"",US,US,OZEMPIC,SEMAGLUTIDE,,"",PS,Pancreatitis,OT,2024Q3,Younger Adults (18–64)
24102476,1,74,YR,F,,"",US,US,OZEMPIC,SEMAGLUTIDE,,"",PS,Increased appetite,,2024Q3,Older Adults (≥65)
24102477,1,68,YR,F,,"",US,US,OZEMPIC,SEMAGLUTIDE,,"",PS,Headache,,2024Q3,Older Adults (≥65)
24102482,2,71,YR,F,,"",US,US,OZEMPIC,SEMAGLUTIDE,,"",PS,Headache,,2024Q3,Older Adults (≥65)
24102483,1,66,YR,F,,"",US,US,OZEMPIC,SEMAGLUTIDE,2,MG,PS,Injection site streaking,,2024Q3,Older Adults (≥65)
24102485,1,55,YR,F,,"",US,US,OZEMPIC,SEMAGLUTIDE,,"",PS,Vomiting,HO,2024Q3,Younger Adults (18–64)
24102486,2,59,YR,F,,"",US,US,OZEMPIC,SEMAGLUTIDE,0.25,MG,PS,Upper-airway cough syndrome,,2024Q3,Younger Adults (18–64)
24102487,1,79,YR,M,,"",US,US,OZEMPIC,SEMAGLUTIDE,,"",PS,Diarrhoea,,2024Q3,Older Adults (≥65)
24102488,2,68,YR,F,,"",US,US,OZEMPIC,SEMAGLUTIDE,,"",PS,Retching,,2024Q3,Older Adults (≥65)
24102490,1,69,YR,F,,"",US,US,OZEMPIC,SEMAGLUTIDE,0.25,MG,PS,Weight increased,,2024Q3,Older Adults (≥65)
24102491,1,50,YR,M,,"",US,US,OZEMPIC,SEMAGLUTIDE,1,MG,PS,Hypoglycaemia,HO,2024Q3,Younger Adults (18–64)
24102492,1,73,YR,,,"",US,US,OZEMPIC,SEMAGLUTIDE,,"",PS,Dyspnoea,,2024Q3,Older Adults (≥65)
24102508,1,71,YR,F,,"",US,US,OZEMPIC,SEMAGLUTIDE,,"",PS,Diarrhoea,,2024Q3,Older Adults (≥65)
24102512,1,51,YR,F,,"",US,US,OZEMPIC,SEMAGLUTIDE,,"",PS,Abdominal pain,,2024Q3,Younger Adults (18–64)
24102520,2,75,YR,M,,"",US,US,OZEMPIC,SEMAGLUTIDE,,"",PS,Cough,,2024Q3,Older Adults (≥65)
24102521,1,64,YR,F,,"",US,US,OZEMPIC,SEMAGLUTIDE,,"",PS,Nausea,,2024Q3,Younger Adults (18–64)
24102523,1,64,YR,F,71.6,KG,US,US,OZEMPIC,SEMAGLUTIDE,2,MG,PS,Pancreatitis acute,HO,2024Q3,Younger Adults (18–64)
24102524,1,34,YR,F,,"",US,US,OZEMPIC,SEMAGLUTIDE,1,MG,PS,Gastrooesophageal reflux disease,,2024Q3,Younger Adults (18–64)
24102525,1,66,YR,F,,"",US,US,OZEMPIC,SEMAGLUTIDE,,"",PS,Nausea,,2024Q3,Older Adults (≥65)
24102529,1,74,YR,M,,"",US,US,OZEMPIC,SEMAGLUTIDE,2,MG,PS,Diarrhoea,,2024Q3,Older Adults (≥65)
24102530,1,74,YR,F,,"",US,US,OZEMPIC,SEMAGLUTIDE,,"",PS,Muscle atrophy,,2024Q3,Older Adults (≥65)
24102533,1,82,YR,,,"",US,US,OZEMPIC,SEMAGLUTIDE,,"",PS,Visual impairment,,2024Q3,Older Adults (≥65)
24102534,1,74,YR,M,,"",US,US,OZEMPIC,SEMAGLUTIDE,,"",PS,Pancreatitis,OT,2024Q3,Older Adults (≥65)
24102535,1,74,YR,M,,"",US,US,OZEMPIC,SEMAGLUTIDE,,"",PS,Nausea,,2024Q3,Older Adults (≥65)
24102539,1,43,YR,F,,"",US,US,OZEMPIC,SEMAGLUTIDE,,"",PS,Dizziness,HO,2024Q3,Younger Adults (18–64)
24102549,1,69,YR,M,,"",US,US,OZEMPIC,SEMAGLUTIDE,0.25,MG,PS,Vomiting,,2024Q3,Older Adults (≥65)
24102550,1,75,YR,F,,"",US,US,OZEMPIC,SEMAGLUTIDE,,"",PS,Weight increased,,2024Q3,Older Adults (≥65)
24102556,1,53,YR,M,90.249,KG,US,US,OZEMPIC,SEMAGLUTIDE,0.25,MG,PS,Pancreatitis,HO,2024Q3,Younger Adults (18–64)
24102559,1,81,YR,M,,"",US,US,OZEMPIC,SEMAGLUTIDE,,"",PS,Asthenia,,2024Q3,Older Adults (≥65)
24102561,1,58,YR,F,,"",US,US,OZEMPIC,SEMAGLUTIDE,0.5,MG,PS,Diabetic retinopathy,OT,2024Q3,Younger Adults (18–64)
24102563,1,38,YR,F,,"",US,US,OZEMPIC,SEMAGLUTIDE,,"",PS,Anxiety,,2024Q3,Younger Adults (18–64)
24102566,1,77,YR,M,,"",US,US,OZEMPIC,SEMAGLUTIDE,1,MG,PS,Blindness transient,,2024Q3,Older Adults (≥65)
24102569,1,56,YR,M,,"",US,US,OZEMPIC,SEMAGLUTIDE,,"",PS,Off label use,,2024Q3,Younger Adults (18–64)
24102571,1,60,YR,M,,"",US,US,OZEMPIC,SEMAGLUTIDE,1,MG,PS,Weight increased,,2024Q3,Younger Adults (18–64)
24102572,1,60,YR,F,,"",US,US,OZEMPIC,SEMAGLUTIDE,,"",PS,Sinusitis,,2024Q3,Younger Adults (18–64)
24102573,1,50,YR,M,,"",US,US,OZEMPIC,SEMAGLUTIDE,,"",PS,Haemoglobin increased,,2024Q3,Younger Adults (18–64)
24102584,1,71,YR,M,,"",US,US,OZEMPIC,SEMAGLUTIDE,,"",PS,Nausea,HO,2024Q3,Older Adults (≥65)
24102588,1,63,YR,M,,"",US,US,OZEMPIC,SEMAGLUTIDE,0.5,MG,PS,Decreased appetite,,2024Q3,Younger Adults (18–64)
24102589,1,44,YR,F,,"",US,US,OZEMPIC,SEMAGLUTIDE,1,MG,PS,Cholelithiasis,OT,2024Q3,Younger Adults (18–64)
24102590,1,69,YR,F,,"",US,US,OZEMPIC,SEMAGLUTIDE,,"",PS,Food craving,,2024Q3,Older Adults (≥65)
24102592,1,58,YR,F,,"",US,US,OZEMPIC,SEMAGLUTIDE,1,MG,PS,Fatigue,,2024Q3,Younger Adults (18–64)
24102595,1,87,YR,F,,"",US,US,OZEMPIC,SEMAGLUTIDE,,"",PS,Nausea,,2024Q3,Older Adults (≥65)
24102596,1,77,YR,M,,"",US,US,OZEMPIC,SEMAGLUTIDE,2,MG,PS,Dizziness,,2024Q3,Older Adults (≥65)
24102597,1,70,YR,M,,"",US,US,OZEMPIC,SEMAGLUTIDE,,"",PS,Inappropriate schedule of product administration,,2024Q3,Older Adults (≥65)
24102618,1,59,YR,F,,"",US,US,OZEMPIC,SEMAGLUTIDE,1,MG,PS,Muscle atrophy,,2024Q3,Younger Adults (18–64)
24102621,1,69,YR,F,,"",US,US,OZEMPIC,SEMAGLUTIDE,,"",PS,Increased appetite,,2024Q3,Older Adults (≥65)
24102622,1,70,YR,F,,"",US,US,OZEMPIC,SEMAGLUTIDE,,"",PS,Gout,,2024Q3,Older Adults (≥65)
24102624,1,54,YR,F,,"",US,US,OZEMPIC,SEMAGLUTIDE,,"",PS,Gastroenteritis viral,,2024Q3,Younger Adults (18–64)
24102626,1,63,YR,F,,"",US,US,OZEMPIC,SEMAGLUTIDE,2,MG,PS,Alopecia,,2024Q3,Younger Adults (18–64)
24102627,1,75,YR,F,,"",US,US,OZEMPIC,SEMAGLUTIDE,2,MG,PS,Product use in unapproved indication,,2024Q3,Older Adults (≥65)
24102629,1,53,YR,F,,"",US,US,OZEMPIC,SEMAGLUTIDE,,"",PS,Fall,,2024Q3,Younger Adults (18–64)
24102631,1,62,YR,F,,"",US,US,OZEMPIC,SEMAGLUTIDE,,"",PS,Off label use,,2024Q3,Younger Adults (18–64)
24102638,1,70,YR,M,,"",US,US,OZEMPIC,SEMAGLUTIDE,,"",PS,Flatulence,,2024Q3,Older Adults (≥65)
24102639,1,22,YR,F,,"",US,US,OZEMPIC,SEMAGLUTIDE,,"",PS,Lipohypertrophy,,2024Q3,Younger Adults (18–64)
24102649,1,65,YR,F,,"",US,US,OZEMPIC,SEMAGLUTIDE,,"",PS,Device defective,,2024Q3,Older Adults (≥65)
24102650,1,59,YR,M,,"",US,US,OZEMPIC,SEMAGLUTIDE,,"",PS,Vomiting,,2024Q3,Younger Adults (18–64)
24102651,1,59,YR,F,,"",US,US,OZEMPIC,SEMAGLUTIDE,,"",PS,Decreased appetite,,2024Q3,Younger Adults (18–64)
24102653,1,75,YR,F,,"",US,US,OZEMPIC,SEMAGLUTIDE,,"",PS,Glycosylated haemoglobin increased,,2024Q3,Older Adults (≥65)
24102655,2,59,YR,F,,"",US,US,OZEMPIC,SEMAGLUTIDE,2,MG,PS,Blood glucose increased,,2024Q3,Younger Adults (18–64)
24102657,1,69,YR,M,,"",US,US,OZEMPIC,SEMAGLUTIDE,,"",PS,Multiple use of single-use product,,2024Q3,Older Adults (≥65)
24102659,1,59,YR,M,,"",US,US,OZEMPIC,SEMAGLUTIDE,,"",PS,Impaired gastric emptying,OT,2024Q3,Younger Adults (18–64)
24102661,1,55,YR,M,,"",US,US,OZEMPIC,SEMAGLUTIDE,,"",PS,Nausea,,2024Q3,Younger Adults (18–64)
24102674,1,48,YR,F,,"",US,US,OZEMPIC,SEMAGLUTIDE,,"",PS,Food craving,,2024Q3,Younger Adults (18–64)
24102680,1,81,YR,F,,"",US,US,OZEMPIC,SEMAGLUTIDE,,"",PS,Fear of injection,,2024Q3,Older Adults (≥65)
24102681,1,86,YR,F,,"",US,US,OZEMPIC,SEMAGLUTIDE,,"",PS,Urine output increased,,2024Q3,Older Adults (≥65)
24102683,1,54,YR,F,,"",US,US,OZEMPIC,SEMAGLUTIDE,,"",PS,Laryngitis,,2024Q3,Younger Adults (18–64)
24102684,1,63,YR,F,,"",US,US,OZEMPIC,SEMAGLUTIDE,,"",PS,Alopecia,,2024Q3,Younger Adults (18–64)
24102692,1,79,YR,M,,"",US,US,OZEMPIC,SEMAGLUTIDE,,"",PS,Eructation,,2024Q3,Older Adults (≥65)
24102695,1,71,YR,F,,"",US,US,OZEMPIC,SEMAGLUTIDE,,"",PS,Diarrhoea,,2024Q3,Older Adults (≥65)
24102705,1,49,YR,M,,"",US,US,OZEMPIC,SEMAGLUTIDE,0.25,MG,PS,Erectile dysfunction,,2024Q3,Younger Adults (18–64)
24102706,1,74,YR,F,,"",US,US,OZEMPIC,SEMAGLUTIDE,1,MG,PS,Off label use,,2024Q3,Older Adults (≥65)
24102708,1,28,YR,M,,"",US,US,OZEMPIC,SEMAGLUTIDE,,"",PS,Diarrhoea,,2024Q3,Younger Adults (18–64)
24102710,1,56,YR,M,,"",US,US,OZEMPIC,SEMAGLUTIDE,0.25,MG,PS,Weight increased,,2024Q3,Younger Adults (18–64)
24102714,1,63,YR,F,90.703,KG,US,US,OZEMPIC,SEMAGLUTIDE,1,MG,PS,Pancreatitis,HO,2024Q3,Younger Adults (18–64)
24102716,1,84,YR,,,"",US,US,OZEMPIC,SEMAGLUTIDE,,"",PS,Peripheral coldness,,2024Q3,Older Adults (≥65)
24102718,1,73,YR,F,,"",US,US,OZEMPIC,SEMAGLUTIDE,0.5,MG,PS,Contusion,,2024Q3,Older Adults (≥65)
24102719,1,25,YR,F,,"",US,US,OZEMPIC,SEMAGLUTIDE,,"",PS,Weight increased,,2024Q3,Younger Adults (18–64)
24102732,1,58,YR,F,,"",US,US,OZEMPIC,SEMAGLUTIDE,0.5,MG,PS,Product use in unapproved indication,,2024Q3,Younger Adults (18–64)
24102733,1,58,YR,F,,"",US,US,OZEMPIC,SEMAGLUTIDE,,"",PS,Weight increased,,2024Q3,Younger Adults (18–64)
24102736,1,73,YR,F,,"",US,US,OZEMPIC,SEMAGLUTIDE,0.5,MG,PS,Injection site pain,,2024Q3,Older Adults (≥65)
24102741,1,73,YR,M,,"",US,US,OZEMPIC,SEMAGLUTIDE,0.5,MG,PS,Constipation,,2024Q3,Older Adults (≥65)
24102742,1,55,YR,M,,"",US,US,OZEMPIC,SEMAGLUTIDE,,"",PS,Pancreatitis acute,HO,2024Q3,Younger Adults (18–64)
24102744,1,71,YR,,,"",US,US,OZEMPIC,SEMAGLUTIDE,,"",PS,Bronchitis,,2024Q3,Older Adults (≥65)
24102746,1,49,YR,F,,"",US,US,OZEMPIC,SEMAGLUTIDE,2,MG,PS,Steatorrhoea,OT,2024Q3,Younger Adults (18–64)
24102747,1,79,YR,F,,"",US,US,OZEMPIC,SEMAGLUTIDE,0.25,MG,PS,Abdominal pain upper,,2024Q3,Older Adults (≥65)
24102786,1,71,YR,F,,"",US,US,OZEMPIC,SEMAGLUTIDE,,"",PS,Blood glucose decreased,,2024Q3,Older Adults (≥65)
24102790,2,74,YR,F,,"",US,US,OZEMPIC,SEMAGLUTIDE,1,MG,PS,Glycosylated haemoglobin increased,OT,2024Q3,Older Adults (≥65)
24102793,1,71,YR,F,,"",US,US,OZEMPIC,SEMAGLUTIDE,0.25,MG,PS,Stress,,2024Q3,Older Adults (≥65)
24102798,1,44,YR,F,,"",US,US,OZEMPIC,SEMAGLUTIDE,2,MG,PS,Pain,,2024Q3,Younger Adults (18–64)
24102799,1,74,YR,M,,"",US,US,OZEMPIC,SEMAGLUTIDE,,"",PS,Off label use,,2024Q3,Older Adults (≥65)
24102800,1,65,YR,F,,"",US,US,OZEMPIC,SEMAGLUTIDE,1,MG,PS,Wrong technique in product usage process,,2024Q3,Older Adults (≥65)
24102818,1,62,YR,F,,"",US,US,OZEMPIC,SEMAGLUTIDE,0.25,MG,PS,Tremor,,2024Q3,Younger Adults (18–64)
24102820,1,41,YR,M,,"",US,US,OZEMPIC,SEMAGLUTIDE,2,MG,PS,Eye pain,,2024Q3,Younger Adults (18–64)
24102822,1,56,YR,F,,"",US,US,OZEMPIC,SEMAGLUTIDE,,"",PS,Product communication issue,,2024Q3,Younger Adults (18–64)
24102823,1,67,YR,M,,"",US,US,OZEMPIC,SEMAGLUTIDE,0.5,MG,PS,Inappropriate schedule of product administration,,2024Q3,Older Adults (≥65)
24102826,1,67,YR,F,,"",US,US,OZEMPIC,SEMAGLUTIDE,1,MG,PS,Renal failure,OT,2024Q3,Older Adults (≥65)
24102827,1,62,YR,F,,"",US,US,OZEMPIC,SEMAGLUTIDE,,"",PS,Nausea,,2024Q3,Younger Adults (18–64)
24102828,1,76,YR,,,"",US,US,OZEMPIC,SEMAGLUTIDE,0.25,MG,PS,Nausea,,2024Q3,Older Adults (≥65)
24102831,1,70,YR,M,,"",US,US,OZEMPIC,SEMAGLUTIDE,,"",PS,Drug ineffective,,2024Q3,Older Adults (≥65)
24102836,1,63,YR,F,,"",US,US,OZEMPIC,SEMAGLUTIDE,,"",PS,Pain,,2024Q3,Younger Adults (18–64)
24102839,1,72,YR,M,,"",US,US,OZEMPIC,SEMAGLUTIDE,,"",PS,Decreased appetite,,2024Q3,Older Adults (≥65)
24102840,1,53,YR,F,,"",US,US,OZEMPIC,SEMAGLUTIDE,2,MG,PS,Nausea,,2024Q3,Younger Adults (18–64)
24102844,1,64,YR,M,,"",US,US,OZEMPIC,SEMAGLUTIDE,,"",PS,Productive cough,,2024Q3,Younger Adults (18–64)
24102845,2,58,YR,F,,"",US,US,OZEMPIC,SEMAGLUTIDE,,"",PS,Wrong technique in product usage process,,2024Q3,Younger Adults (18–64)
24102846,2,70,YR,M,,"",US,US,OZEMPIC,SEMAGLUTIDE,,"",PS,Fatigue,,2024Q3,Older Adults (≥65)
24102849,1,66,YR,M,,"",US,US,OZEMPIC,SEMAGLUTIDE,0.5,MG,PS,Food craving,,2024Q3,Older Adults (≥65)
24102850,2,56,YR,F,111,KG,US,US,OZEMPIC,SEMAGLUTIDE,1,MG,PS,Acute kidney injury,HO,2024Q4,Younger Adults (18–64)
24102856,1,73,YR,F,,"",US,US,OZEMPIC,SEMAGLUTIDE,0.25,MG,PS,Dizziness,,2024Q3,Older Adults (≥65)
24102857,1,36,YR,F,,"",US,US,OZEMPIC,SEMAGLUTIDE,0.25,MG,PS,Malaise,,2024Q3,Younger Adults (18–64)
24102865,1,59,YR,M,,"",US,US,OZEMPIC,SEMAGLUTIDE,,"",PS,Dysgeusia,,2024Q3,Younger Adults (18–64)
24102866,1,42,YR,M,,"",US,US,OZEMPIC,SEMAGLUTIDE,,"",PS,Product use in unapproved indication,,2024Q3,Younger Adults (18–64)
24102868,1,77,YR,F,,"",US,US,OZEMPIC,SEMAGLUTIDE,1,MG,PS,Weight decreased,,2024Q3,Older Adults (≥65)
24102869,1,74,YR,M,,"",US,US,OZEMPIC,SEMAGLUTIDE,0.5,MG,PS,Osteoporosis,,2024Q3,Older Adults (≥65)
24102870,1,68,YR,M,,"",US,US,OZEMPIC,SEMAGLUTIDE,1,MG,PS,Abnormal dreams,,2024Q3,Older Adults (≥65)
24102874,1,64,YR,F,,"",US,US,OZEMPIC,SEMAGLUTIDE,2,MG,PS,Eructation,,2024Q3,Younger Adults (18–64)
24102875,1,68,YR,F,,"",US,US,OZEMPIC,SEMAGLUTIDE,,"",PS,Weight decreased,,2024Q3,Older Adults (≥65)
24102879,1,71,YR,M,,"",US,US,OZEMPIC,SEMAGLUTIDE,0.5,MG,PS,Off label use,,2024Q3,Older Adults (≥65)
24102881,1,66,YR,F,,"",US,US,OZEMPIC,SEMAGLUTIDE,,"",PS,Wrong technique in product usage process,,2024Q3,Older Adults (≥65)
24102882,1,22,YR,M,,"",US,US,OZEMPIC,SEMAGLUTIDE,1,MG,PS,Ileus,OT,2024Q3,Younger Adults (18–64)
24102901,1,67,YR,F,,"",US,US,OZEMPIC,SEMAGLUTIDE,0.25,MG,PS,Vision blurred,,2024Q3,Older Adults (≥65)
24102902,1,53,YR,M,,"",US,US,OZEMPIC,SEMAGLUTIDE,,"",PS,Wrong technique in product usage process,,2024Q3,Younger Adults (18–64)
24102903,1,85,YR,M,,"",US,US,OZEMPIC,SEMAGLUTIDE,,"",PS,Off label use,,2024Q3,Older Adults (≥65)
24102904,1,71,YR,M,,"",US,US,OZEMPIC,SEMAGLUTIDE,0.25,MG,PS,Blood glucose increased,OT,2024Q3,Older Adults (≥65)
24102907,1,67,YR,M,,"",US,US,OZEMPIC,SEMAGLUTIDE,,"",PS,Nausea,,2024Q3,Older Adults (≥65)
24102909,1,45,YR,F,,"",US,US,OZEMPIC,SEMAGLUTIDE,,"",PS,Decreased appetite,,2024Q3,Younger Adults (18–64)
24102912,1,66,YR,F,,"",US,US,OZEMPIC,SEMAGLUTIDE,,"",PS,Feeling abnormal,,2024Q3,Older Adults (≥65)
24102914,1,59,YR,,,"",US,US,OZEMPIC,SEMAGLUTIDE,,"",PS,Impaired gastric emptying,HO,2024Q3,Younger Adults (18–64)
24102917,1,48,YR,F,,"",US,US,OZEMPIC,SEMAGLUTIDE,,"",PS,Weight increased,,2024Q3,Younger Adults (18–64)
24102918,1,79,YR,F,,"",US,US,OZEMPIC,SEMAGLUTIDE,,"",PS,Gastrointestinal disorder,,2024Q3,Older Adults (≥65)
24102929,1,81,YR,M,,"",US,US,OZEMPIC,SEMAGLUTIDE,,"",PS,Hypertension,,2024Q3,Older Adults (≥65)
24102932,1,78,YR,F,,"",US,US,OZEMPIC,SEMAGLUTIDE,0.5,MG,PS,Off label use,,2024Q3,Older Adults (≥65)
24102934,1,65,YR,M,,"",US,US,OZEMPIC,SEMAGLUTIDE,,"",PS,Blood pressure increased,,2024Q3,Older Adults (≥65)
24102939,1,41,YR,F,,"",US,US,OZEMPIC,SEMAGLUTIDE,,"",PS,Nausea,,2024Q3,Younger Adults (18–64)
24102943,2,54,YR,F,97.506,KG,US,US,OZEMPIC,SEMAGLUTIDE,,"",PS,Dyspepsia,HO,2024Q4,Younger Adults (18–64)
24102960,3,69,YR,M,,"",US,US,OZEMPIC,SEMAGLUTIDE,1,MG,PS,Aortic stenosis,OT,2024Q4,Older Adults (≥65)
24102963,1,63,YR,F,,"",US,US,OZEMPIC,SEMAGLUTIDE,0.5,MG,PS,Nausea,OT,2024Q3,Younger Adults (18–64)
24102987,1,66,YR,F,,"",US,US,OZEMPIC,SEMAGLUTIDE,0.5,MG,PS,Drug intolerance,,2024Q3,Older Adults (≥65)
24102988,1,75,YR,F,,"",US,US,OZEMPIC,SEMAGLUTIDE,,"",PS,Fatigue,,2024Q3,Older Adults (≥65)
24102989,1,75,YR,F,,"",US,US,OZEMPIC,SEMAGLUTIDE,2,MG,PS,Gastrointestinal pain,,2024Q3,Older Adults (≥65)
24105982,1,64,YR,F,67.95,KG,US,,WEGOVY,SEMAGLUTIDE,,"",PS,Skin burning sensation,,2024Q3,Younger Adults (18–64)
24107184,1,67,YR,M,,"",US,US,OZEMPIC,SEMAGLUTIDE,1,MG,PS,Retinal detachment,OT,2024Q3,Older Adults (≥65)
24107187,1,68,YR,F,,"",US,US,OZEMPIC,SEMAGLUTIDE,2,MG,PS,Visual impairment,OT,2024Q3,Older Adults (≥65)
24107192,1,71,YR,F,,"",US,US,OZEMPIC,SEMAGLUTIDE,2,MG,PS,Bell's palsy,HO,2024Q3,Older Adults (≥65)
24107536,2,38,YR,F,81.7,KG,US,US,WEGOVY,SEMAGLUTIDE,2.4,MG,PS,Unintended pregnancy,OT,2024Q3,Younger Adults (18–64)
24107538,2,57,YR,M,,"",US,US,OZEMPIC,SEMAGLUTIDE,,"",PS,Dehydration,HO,2024Q4,Younger Adults (18–64)
24109269,1,45,YR,M,108.86,KG,US,,OZEMPIC,SEMAGLUTIDE,,"",PS,Hospitalisation,LT,2024Q3,Younger Adults (18–64)
24110321,1,58,YR,F,121.05,KG,US,,OZEMPIC,SEMAGLUTIDE,,"",PS,Screaming,LT,2024Q3,Younger Adults (18–64)
24110679,1,67,YR,M,135,KG,US,,RYBELSUS,SEMAGLUTIDE,,"",PS,Therapy cessation,,2024Q3,Older Adults (≥65)
24114847,1,57,YR,,,"",US,US,WEGOVY,SEMAGLUTIDE,,"",PS,Withdrawal syndrome,,2024Q3,Younger Adults (18–64)
24114848,1,73,YR,F,,"",US,US,WEGOVY,SEMAGLUTIDE,1,MG,PS,Weight loss poor,,2024Q3,Older Adults (≥65)
24114852,3,38,YR,F,,"",US,US,WEGOVY,SEMAGLUTIDE,,"",PS,Pharyngitis,,2024Q3,Younger Adults (18–64)
24114857,1,43,YR,F,,"",US,US,WEGOVY,SEMAGLUTIDE,,"",PS,Nasal congestion,,2024Q3,Younger Adults (18–64)
24114860,2,72,YR,F,,"",US,US,WEGOVY,SEMAGLUTIDE,,"",PS,Off label use,,2024Q3,Older Adults (≥65)
24114861,1,70,YR,F,,"",US,US,WEGOVY,SEMAGLUTIDE,,"",PS,Hunger,,2024Q3,Older Adults (≥65)
24114862,1,33,YR,F,,"",US,US,WEGOVY,SEMAGLUTIDE,2.4,MG,PS,Hyperchlorhydria,,2024Q3,Younger Adults (18–64)
24114863,1,48,YR,F,,"",US,US,WEGOVY,SEMAGLUTIDE,,"",PS,Depression,OT,2024Q3,Younger Adults (18–64)
24114864,1,58,YR,F,,"",US,US,WEGOVY,SEMAGLUTIDE,,"",PS,Abdominal pain upper,,2024Q3,Younger Adults (18–64)
24114868,1,44,YR,F,,"",US,US,WEGOVY,SEMAGLUTIDE,,"",PS,Aphonia,,2024Q3,Younger Adults (18–64)
24114874,1,39,YR,F,,"",US,US,WEGOVY,SEMAGLUTIDE,1.7,MG,PS,Device malfunction,,2024Q3,Younger Adults (18–64)
24114878,1,66,YR,F,,"",US,US,WEGOVY,SEMAGLUTIDE,0.25,MG,PS,Nausea,,2024Q3,Older Adults (≥65)
24114882,1,31,YR,F,,"",US,US,WEGOVY,SEMAGLUTIDE,,"",PS,Injection site pain,,2024Q3,Younger Adults (18–64)
24114883,1,42,YR,F,,"",US,US,WEGOVY,SEMAGLUTIDE,0.25,MG,PS,Rash erythematous,,2024Q3,Younger Adults (18–64)
24114885,1,30,YR,F,,"",US,US,WEGOVY,SEMAGLUTIDE,,"",PS,COVID-19,,2024Q3,Younger Adults (18–64)
24114887,1,44,YR,F,,"",US,US,WEGOVY,SEMAGLUTIDE,,"",PS,Allodynia,,2024Q3,Younger Adults (18–64)
24114888,1,55,YR,F,,"",US,US,WEGOVY,SEMAGLUTIDE,1.7,MG,PS,Allodynia,,2024Q3,Younger Adults (18–64)
24114898,1,55,YR,F,,"",US,US,WEGOVY,SEMAGLUTIDE,2.4,MG,PS,Wrong technique in product usage process,,2024Q3,Younger Adults (18–64)
24114899,1,51,YR,F,,"",US,US,WEGOVY,SEMAGLUTIDE,,"",PS,Off label use,,2024Q3,Younger Adults (18–64)
24114901,1,49,YR,M,,"",US,US,WEGOVY,SEMAGLUTIDE,2.4,MG,PS,Back pain,,2024Q3,Younger Adults (18–64)
24114903,1,38,YR,F,,"",US,US,WEGOVY,SEMAGLUTIDE,,"",PS,Increased appetite,,2024Q3,Younger Adults (18–64)
24114907,1,55,YR,F,,"",US,US,WEGOVY,SEMAGLUTIDE,,"",PS,Paraesthesia,,2024Q3,Younger Adults (18–64)
24114908,1,55,YR,F,,"",US,US,WEGOVY,SEMAGLUTIDE,,"",PS,Paraesthesia,,2024Q3,Younger Adults (18–64)
24114911,1,33,YR,F,,"",US,US,WEGOVY,SEMAGLUTIDE,2.4,MG,PS,Device malfunction,,2024Q3,Younger Adults (18–64)
24114913,1,27,YR,F,,"",US,US,WEGOVY,SEMAGLUTIDE,,"",PS,Eye pain,,2024Q3,Younger Adults (18–64)
24114914,1,61,YR,F,,"",US,US,WEGOVY,SEMAGLUTIDE,,"",PS,Fatigue,,2024Q3,Younger Adults (18–64)
24114915,1,60,YR,M,,"",US,US,WEGOVY,SEMAGLUTIDE,,"",PS,Paraesthesia,,2024Q3,Younger Adults (18–64)
24114918,1,48,YR,F,,"",US,US,WEGOVY,SEMAGLUTIDE,2.4,MG,PS,Injection site haemorrhage,,2024Q3,Younger Adults (18–64)
24114921,1,53,YR,F,,"",US,US,WEGOVY,SEMAGLUTIDE,,"",PS,COVID-19,,2024Q3,Younger Adults (18–64)
24114926,1,54,YR,F,,"",US,US,WEGOVY,SEMAGLUTIDE,2.4,MG,PS,Increased appetite,,2024Q3,Younger Adults (18–64)
24114929,1,54,YR,M,,"",US,US,WEGOVY,SEMAGLUTIDE,,"",PS,Arthropathy,,2024Q3,Younger Adults (18–64)
24114932,1,52,YR,F,,"",US,US,WEGOVY,SEMAGLUTIDE,,"",PS,Weight increased,HO,2024Q3,Younger Adults (18–64)
24114933,1,64,YR,F,,"",US,US,WEGOVY,SEMAGLUTIDE,2.4,MG,PS,Sensitive skin,,2024Q3,Younger Adults (18–64)
24114934,2,39,YR,F,,"",US,US,WEGOVY,SEMAGLUTIDE,0.5,MG,PS,Drug ineffective,,2024Q3,Younger Adults (18–64)
24114937,1,61,YR,F,,"",US,US,WEGOVY,SEMAGLUTIDE,0.25,MG,PS,Hunger,,2024Q3,Younger Adults (18–64)
24114938,1,45,YR,F,,"",US,US,WEGOVY,SEMAGLUTIDE,0.25,MG,PS,Injection site erythema,,2024Q3,Younger Adults (18–64)
24114939,1,38,YR,M,,"",US,US,WEGOVY,SEMAGLUTIDE,,"",PS,COVID-19,,2024Q3,Younger Adults (18–64)
24114940,1,67,YR,M,,"",US,US,WEGOVY,SEMAGLUTIDE,,"",PS,Joint swelling,,2024Q3,Older Adults (≥65)
24114942,1,51,YR,F,,"",US,US,WEGOVY,SEMAGLUTIDE,,"",PS,Respiratory syncytial virus infection,,2024Q3,Younger Adults (18–64)
24114943,1,43,YR,F,,"",US,US,WEGOVY,SEMAGLUTIDE,,"",PS,Paraesthesia,,2024Q3,Younger Adults (18–64)
24114944,2,62,YR,F,,"",US,US,WEGOVY,SEMAGLUTIDE,1.7,MG,PS,Decreased appetite,,2024Q3,Younger Adults (18–64)
24114945,3,62,YR,F,,"",US,US,WEGOVY,SEMAGLUTIDE,,"",PS,Myositis,,2024Q3,Younger Adults (18–64)
24114946,2,25,YR,F,,"",US,US,WEGOVY,SEMAGLUTIDE,,"",PS,Pain,,2024Q3,Younger Adults (18–64)
24114948,1,57,YR,F,,"",US,US,WEGOVY,SEMAGLUTIDE,,"",PS,Influenza,,2024Q3,Younger Adults (18–64)
24114949,1,35,YR,F,,"",US,US,WEGOVY,SEMAGLUTIDE,,"",PS,Product use issue,,2024Q3,Younger Adults (18–64)
24114951,1,40,YR,M,,"",US,US,WEGOVY,SEMAGLUTIDE,2.4,MG,PS,Muscle spasms,,2024Q3,Younger Adults (18–64)
24114955,3,46,YR,F,,"",US,US,WEGOVY,SEMAGLUTIDE,,"",PS,Asthenia,,2024Q3,Younger Adults (18–64)
24114959,2,55,YR,F,,"",US,US,WEGOVY,SEMAGLUTIDE,,"",PS,Product communication issue,,2024Q3,Younger Adults (18–64)
24114960,1,52,YR,F,,"",US,US,WEGOVY,SEMAGLUTIDE,,"",PS,Appetite disorder,,2024Q3,Younger Adults (18–64)
24114961,1,62,YR,M,,"",US,US,WEGOVY,SEMAGLUTIDE,2.4,MG,PS,Musculoskeletal stiffness,,2024Q3,Younger Adults (18–64)
24114962,1,35,YR,F,,"",US,US,WEGOVY,SEMAGLUTIDE,,"",PS,Nephrocalcinosis,,2024Q3,Younger Adults (18–64)
24114964,1,64,YR,F,,"",US,US,WEGOVY,SEMAGLUTIDE,2.4,MG,PS,Sensitive skin,,2024Q3,Younger Adults (18–64)
24114969,1,33,YR,M,,"",US,US,WEGOVY,SEMAGLUTIDE,2.4,MG,PS,Constipation,,2024Q3,Younger Adults (18–64)
24114975,1,55,YR,F,,"",US,US,WEGOVY,SEMAGLUTIDE,,"",PS,Increased appetite,,2024Q3,Younger Adults (18–64)
24114976,1,60,YR,F,,"",US,US,WEGOVY,SEMAGLUTIDE,,"",PS,Dyspepsia,,2024Q3,Younger Adults (18–64)
24114977,1,56,YR,F,,"",US,US,WEGOVY,SEMAGLUTIDE,,"",PS,Dry skin,,2024Q3,Younger Adults (18–64)
24114978,1,76,YR,F,,"",US,US,WEGOVY,SEMAGLUTIDE,,"",PS,Faeces soft,,2024Q3,Older Adults (≥65)
24114979,1,50,YR,F,,"",US,US,WEGOVY,SEMAGLUTIDE,,"",PS,Arthralgia,,2024Q3,Younger Adults (18–64)
24114980,1,44,YR,F,,"",US,US,WEGOVY,SEMAGLUTIDE,1.7,MG,PS,Oral candidiasis,,2024Q3,Younger Adults (18–64)
24114985,1,48,YR,F,,"",US,US,WEGOVY,SEMAGLUTIDE,,"",PS,COVID-19,,2024Q3,Younger Adults (18–64)
24114987,1,28,YR,F,,"",US,US,WEGOVY,SEMAGLUTIDE,2.4,MG,PS,Retching,,2024Q3,Younger Adults (18–64)
24114988,1,39,YR,F,,"",US,US,WEGOVY,SEMAGLUTIDE,1,MG,PS,Arthralgia,,2024Q3,Younger Adults (18–64)
24114992,1,48,YR,M,,"",US,US,WEGOVY,SEMAGLUTIDE,,"",PS,Allodynia,,2024Q3,Younger Adults (18–64)
24114994,2,43,YR,F,193,KG,US,US,WEGOVY,SEMAGLUTIDE,2.4,MG,PS,Inappropriate schedule of product administration,HO,2024Q4,Younger Adults (18–64)
24114995,1,49,YR,F,,"",US,US,WEGOVY,SEMAGLUTIDE,24,MG,PS,Hepatic enzyme increased,,2024Q3,Younger Adults (18–64)
24114998,1,41,YR,F,,"",US,US,WEGOVY,SEMAGLUTIDE,2.4,MG,PS,Chills,,2024Q3,Younger Adults (18–64)
24114999,1,48,YR,F,,"",US,US,WEGOVY,SEMAGLUTIDE,,"",PS,Oropharyngeal discomfort,,2024Q3,Younger Adults (18–64)
24115000,1,38,YR,M,,"",US,US,WEGOVY,SEMAGLUTIDE,,"",PS,Pain of skin,,2024Q3,Younger Adults (18–64)
24115009,1,76,YR,F,,"",US,US,WEGOVY,SEMAGLUTIDE,,"",PS,Increased appetite,,2024Q3,Older Adults (≥65)
24115011,1,56,YR,F,,"",US,US,WEGOVY,SEMAGLUTIDE,,"",PS,Pancreatitis,HO,2024Q3,Younger Adults (18–64)
24115016,1,73,YR,F,,"",US,US,WEGOVY,SEMAGLUTIDE,2.4,MG,PS,Blood glucose increased,,2024Q3,Older Adults (≥65)
24115019,1,51,YR,F,,"",US,US,WEGOVY,SEMAGLUTIDE,,"",PS,Claustrophobia,,2024Q3,Younger Adults (18–64)
24115021,2,35,YR,F,,"",US,US,WEGOVY,SEMAGLUTIDE,1,MG,PS,Cold sweat,,2024Q3,Younger Adults (18–64)
24115023,1,32,YR,F,,"",US,US,WEGOVY,SEMAGLUTIDE,0.25,MG,PS,Neuralgia,,2024Q3,Younger Adults (18–64)
24115024,1,65,YR,M,,"",US,US,WEGOVY,SEMAGLUTIDE,,"",PS,Injection site vesicles,,2024Q3,Older Adults (≥65)
24115026,1,29,YR,F,,"",US,US,WEGOVY,SEMAGLUTIDE,,"",PS,Neuropathy peripheral,,2024Q3,Younger Adults (18–64)
24115027,1,51,YR,F,,"",US,US,WEGOVY,SEMAGLUTIDE,1.7,MG,PS,Product use issue,,2024Q3,Younger Adults (18–64)
24115037,1,55,YR,M,,"",US,US,WEGOVY,SEMAGLUTIDE,,"",PS,Hunger,,2024Q3,Younger Adults (18–64)
24115038,1,53,YR,F,,"",US,US,WEGOVY,SEMAGLUTIDE,,"",PS,Anxiety,,2024Q3,Younger Adults (18–64)
24115044,1,36,YR,M,,"",US,US,WEGOVY,SEMAGLUTIDE,,"",PS,Hypoglycaemia,,2024Q3,Younger Adults (18–64)
24115049,2,62,YR,F,,"",US,US,WEGOVY,SEMAGLUTIDE,0.5,MG,PS,Vomiting,HO,2024Q4,Younger Adults (18–64)
24115051,1,59,YR,F,,"",US,US,WEGOVY,SEMAGLUTIDE,,"",PS,Product use issue,,2024Q3,Younger Adults (18–64)
24115052,1,40,YR,F,,"",US,US,WEGOVY,SEMAGLUTIDE,,"",PS,Injection site vesicles,,2024Q3,Younger Adults (18–64)
24115054,1,51,YR,M,,"",US,US,WEGOVY,SEMAGLUTIDE,2.4,MG,PS,Injection site vesicles,,2024Q3,Younger Adults (18–64)
24115056,1,47,YR,F,,"",US,US,WEGOVY,SEMAGLUTIDE,,"",PS,Excessive skin,,2024Q3,Younger Adults (18–64)
24115059,1,39,YR,M,,"",US,US,WEGOVY,SEMAGLUTIDE,,"",PS,Drug ineffective,,2024Q3,Younger Adults (18–64)
24115060,1,38,YR,F,,"",US,US,WEGOVY,SEMAGLUTIDE,2.4,MG,PS,Increased appetite,,2024Q3,Younger Adults (18–64)
24115061,1,45,YR,F,,"",US,US,WEGOVY,SEMAGLUTIDE,1.7,MG,PS,Abdominal discomfort,,2024Q3,Younger Adults (18–64)
24115062,1,58,YR,F,,"",US,US,WEGOVY,SEMAGLUTIDE,1.7,MG,PS,Fatigue,,2024Q3,Younger Adults (18–64)
24115063,1,55,YR,F,,"",US,US,WEGOVY,SEMAGLUTIDE,,"",PS,Drug ineffective,,2024Q3,Younger Adults (18–64)
24115064,1,48,YR,F,,"",US,US,WEGOVY,SEMAGLUTIDE,2.4,MG,PS,Ileus,OT,2024Q3,Younger Adults (18–64)
24115065,1,62,YR,F,,"",US,US,WEGOVY,SEMAGLUTIDE,0.25,MG,PS,Brain fog,,2024Q3,Younger Adults (18–64)
24115067,1,29,YR,F,,"",US,US,WEGOVY,SEMAGLUTIDE,,"",PS,Chapped lips,,2024Q3,Younger Adults (18–64)
24115068,1,65,YR,F,,"",US,US,WEGOVY,SEMAGLUTIDE,0.25,MG,PS,Hypersensitivity,OT,2024Q3,Older Adults (≥65)
24115069,2,45,YR,,,"",US,US,WEGOVY,SEMAGLUTIDE,,"",PS,Injection site pain,,2024Q3,Younger Adults (18–64)
24115070,1,39,YR,F,,"",US,US,WEGOVY,SEMAGLUTIDE,2.4,MG,PS,Pain of skin,,2024Q3,Younger Adults (18–64)
24115071,1,38,YR,M,,"",US,US,WEGOVY,SEMAGLUTIDE,1.7,MG,PS,Dehydration,,2024Q3,Younger Adults (18–64)
24115076,1,34,YR,F,,"",US,US,WEGOVY,SEMAGLUTIDE,2.7,MG,PS,Sunburn,,2024Q3,Younger Adults (18–64)
24115077,1,45,YR,F,,"",US,US,WEGOVY,SEMAGLUTIDE,2.4,MG,PS,Dental paraesthesia,,2024Q3,Younger Adults (18–64)
24115084,1,29,YR,F,,"",US,US,WEGOVY,SEMAGLUTIDE,2.4,MG,PS,Myalgia,,2024Q3,Younger Adults (18–64)
24115085,1,45,YR,F,,"",US,US,WEGOVY,SEMAGLUTIDE,1,MG,PS,Tenderness,,2024Q3,Younger Adults (18–64)
24115086,1,26,YR,F,,"",US,US,WEGOVY,SEMAGLUTIDE,,"",PS,Chest discomfort,,2024Q3,Younger Adults (18–64)
24115088,1,53,YR,F,,"",US,US,WEGOVY,SEMAGLUTIDE,2.4,MG,PS,Sunburn,,2024Q3,Younger Adults (18–64)
24115095,1,37,YR,M,,"",US,US,WEGOVY,SEMAGLUTIDE,,"",PS,Wound,,2024Q3,Younger Adults (18–64)
24115096,1,53,YR,M,,"",US,US,WEGOVY,SEMAGLUTIDE,2.4,MG,PS,Influenza like illness,,2024Q3,Younger Adults (18–64)
24115102,1,44,YR,F,,"",US,US,WEGOVY,SEMAGLUTIDE,2.4,MG,PS,Vaginal haemorrhage,,2024Q3,Younger Adults (18–64)
24115113,1,34,YR,F,,"",US,US,WEGOVY,SEMAGLUTIDE,,"",PS,Sensitive skin,,2024Q3,Younger Adults (18–64)
24115114,1,43,YR,F,,"",US,US,WEGOVY,SEMAGLUTIDE,,"",PS,Bursitis,,2024Q3,Younger Adults (18–64)
24115116,1,41,YR,F,,"",US,US,WEGOVY,SEMAGLUTIDE,,"",PS,Hunger,,2024Q3,Younger Adults (18–64)
24115117,1,52,YR,F,,"",US,US,WEGOVY,SEMAGLUTIDE,1.7,MG,PS,Pain of skin,,2024Q3,Younger Adults (18–64)
24115120,1,74,YR,F,,"",US,US,WEGOVY,SEMAGLUTIDE,1.7,MG,PS,Abdominal pain upper,,2024Q3,Older Adults (≥65)
24115123,1,30,YR,F,,"",US,US,WEGOVY,SEMAGLUTIDE,1.7,MG,PS,Contusion,,2024Q3,Younger Adults (18–64)
24115124,2,62,YR,F,,"",US,US,WEGOVY,SEMAGLUTIDE,,"",PS,Nausea,,2024Q3,Younger Adults (18–64)
24115125,1,62,YR,F,118.6,KG,US,US,WEGOVY,SEMAGLUTIDE,0.25,MG,PS,Diarrhoea,HO,2024Q3,Younger Adults (18–64)
24115126,1,79,YR,M,,"",US,US,WEGOVY,SEMAGLUTIDE,2.4,MG,PS,Food craving,,2024Q3,Older Adults (≥65)
24115128,3,42,YR,F,,"",US,US,WEGOVY,SEMAGLUTIDE,2.4,MG,PS,Vomiting,,2024Q3,Younger Adults (18–64)
24115130,1,31,YR,F,,"",US,US,WEGOVY,SEMAGLUTIDE,1.7,MG,PS,Vaginal haemorrhage,,2024Q3,Younger Adults (18–64)
24115131,1,44,YR,,,"",US,US,WEGOVY,SEMAGLUTIDE,,"",PS,Hyperaesthesia,,2024Q3,Younger Adults (18–64)
24115132,1,22,YR,F,,"",US,US,WEGOVY,SEMAGLUTIDE,1,MG,PS,Libido decreased,,2024Q3,Younger Adults (18–64)
24115133,1,40,YR,,,"",US,US,WEGOVY,SEMAGLUTIDE,,"",PS,Hyperaesthesia,,2024Q3,Younger Adults (18–64)
24115135,1,21,YR,F,,"",US,US,WEGOVY,SEMAGLUTIDE,0.5,MG,PS,Palpitations,,2024Q3,Younger Adults (18–64)
24115136,1,25,YR,F,,"",US,US,WEGOVY,SEMAGLUTIDE,,"",PS,Pain,,2024Q3,Younger Adults (18–64)
24115140,2,43,YR,F,,"",US,US,WEGOVY,SEMAGLUTIDE,,"",PS,Injection site swelling,,2024Q3,Younger Adults (18–64)
24115141,1,31,YR,F,,"",US,US,WEGOVY,SEMAGLUTIDE,,"",PS,Nausea,,2024Q3,Younger Adults (18–64)
24115142,1,49,YR,F,,"",US,US,WEGOVY,SEMAGLUTIDE,0.5,MG,PS,Product use issue,,2024Q3,Younger Adults (18–64)
24115148,1,53,YR,F,,"",US,US,WEGOVY,SEMAGLUTIDE,,"",PS,Fatigue,,2024Q3,Younger Adults (18–64)
24115150,1,49,YR,F,,"",US,US,WEGOVY,SEMAGLUTIDE,7,MG,PS,Incorrect dose administered,,2024Q3,Younger Adults (18–64)
24115151,1,37,YR,F,,"",US,US,WEGOVY,SEMAGLUTIDE,1.7,MG,PS,Diarrhoea,,2024Q3,Younger Adults (18–64)
24115154,1,43,YR,F,,"",US,US,WEGOVY,SEMAGLUTIDE,2.4,MG,PS,Pain of skin,,2024Q3,Younger Adults (18–64)
24115156,1,69,YR,F,,"",US,US,WEGOVY,SEMAGLUTIDE,1,MG,PS,Tinnitus,,2024Q3,Older Adults (≥65)
24115158,2,61,YR,F,,"",US,US,WEGOVY,SEMAGLUTIDE,1.7,MG,PS,Wrong technique in product usage process,,2024Q3,Younger Adults (18–64)
24115160,1,30,YR,F,,"",US,US,WEGOVY,SEMAGLUTIDE,,"",PS,Wrong technique in product usage process,,2024Q3,Younger Adults (18–64)
24115164,1,24,YR,F,,"",US,US,WEGOVY,SEMAGLUTIDE,,"",PS,Pain,,2024Q3,Younger Adults (18–64)
24115166,1,56,YR,M,,"",US,US,WEGOVY,SEMAGLUTIDE,2.4,MG,PS,Skin wrinkling,,2024Q3,Younger Adults (18–64)
24115167,1,31,YR,F,,"",US,US,WEGOVY,SEMAGLUTIDE,,"",PS,Allodynia,,2024Q3,Younger Adults (18–64)
24115170,1,63,YR,M,,"",US,US,WEGOVY,SEMAGLUTIDE,2.4,MG,PS,Sensitive skin,,2024Q3,Younger Adults (18–64)
24115171,1,48,YR,F,,"",US,US,WEGOVY,SEMAGLUTIDE,2.4,MG,PS,Allodynia,,2024Q3,Younger Adults (18–64)
24115173,1,54,YR,F,,"",US,US,WEGOVY,SEMAGLUTIDE,,"",PS,Nasopharyngitis,,2024Q3,Younger Adults (18–64)
24115179,1,39,YR,F,,"",US,US,WEGOVY,SEMAGLUTIDE,1,MG,PS,Injection site vesicles,,2024Q3,Younger Adults (18–64)
24115182,1,46,YR,F,,"",US,US,WEGOVY,SEMAGLUTIDE,2.4,MG,PS,Paraesthesia,,2024Q3,Younger Adults (18–64)
24115183,1,22,YR,F,,"",US,US,WEGOVY,SEMAGLUTIDE,,"",PS,Thyroid hormones increased,,2024Q3,Younger Adults (18–64)
24115184,1,59,YR,F,,"",US,US,WEGOVY,SEMAGLUTIDE,0.25,MG,PS,Extra dose administered,HO,2024Q3,Younger Adults (18–64)
24115187,1,44,YR,F,,"",US,US,WEGOVY,SEMAGLUTIDE,2.4,MG,PS,Maternal exposure during pregnancy,,2024Q3,Younger Adults (18–64)
24115188,1,54,YR,F,,"",US,US,WEGOVY,SEMAGLUTIDE,2.4,MG,PS,Injection site discharge,,2024Q3,Younger Adults (18–64)
24115192,1,25,YR,F,,"",US,US,WEGOVY,SEMAGLUTIDE,,"",PS,Blood thyroid stimulating hormone increased,,2024Q3,Younger Adults (18–64)
24115195,1,59,YR,M,,"",US,US,WEGOVY,SEMAGLUTIDE,,"",PS,Paraesthesia,,2024Q3,Younger Adults (18–64)
24115197,1,78,YR,F,,"",US,US,WEGOVY,SEMAGLUTIDE,,"",PS,Somnolence,,2024Q3,Older Adults (≥65)
24115202,1,63,YR,M,,"",US,US,WEGOVY,SEMAGLUTIDE,,"",PS,Weight loss poor,,2024Q3,Younger Adults (18–64)
24115203,1,60,YR,F,,"",US,US,WEGOVY,SEMAGLUTIDE,,"",PS,Off label use,,2024Q3,Younger Adults (18–64)
24115204,1,57,YR,F,,"",US,US,WEGOVY,SEMAGLUTIDE,,"",PS,Increased appetite,,2024Q3,Younger Adults (18–64)
24115208,1,43,YR,F,,"",US,US,WEGOVY,SEMAGLUTIDE,1.7,MG,PS,Pain of skin,,2024Q3,Younger Adults (18–64)
24115210,1,52,YR,M,,"",US,US,WEGOVY,SEMAGLUTIDE,2.5,MG,PS,Allodynia,,2024Q3,Younger Adults (18–64)
24115213,2,46,YR,F,,"",US,US,WEGOVY,SEMAGLUTIDE,0.25,MG,PS,Vaginal haemorrhage,,2024Q3,Younger Adults (18–64)
24115217,1,33,YR,F,,"",US,US,WEGOVY,SEMAGLUTIDE,,"",PS,Product use issue,,2024Q3,Younger Adults (18–64)
24115219,1,46,YR,F,,"",US,US,WEGOVY,SEMAGLUTIDE,,"",PS,Therapeutic response decreased,,2024Q3,Younger Adults (18–64)
24115221,1,44,YR,F,,"",US,US,WEGOVY,SEMAGLUTIDE,,"",PS,Weight loss poor,,2024Q3,Younger Adults (18–64)
24115226,1,60,YR,M,,"",US,US,WEGOVY,SEMAGLUTIDE,,"",PS,Inappropriate schedule of product administration,,2024Q3,Younger Adults (18–64)
24115230,1,48,YR,F,,"",US,US,WEGOVY,SEMAGLUTIDE,,"",PS,Wrong technique in product usage process,,2024Q3,Younger Adults (18–64)
24115231,1,29,YR,F,,"",US,US,WEGOVY,SEMAGLUTIDE,1.7,MG,PS,Gallbladder disorder,OT,2024Q3,Younger Adults (18–64)
24115232,3,50,YR,F,,"",US,US,WEGOVY,SEMAGLUTIDE,,"",PS,Vomiting,OT,2024Q3,Younger Adults (18–64)
24115233,1,39,YR,F,,"",US,US,WEGOVY,SEMAGLUTIDE,0.5,MG,PS,Hunger,,2024Q3,Younger Adults (18–64)
24115234,1,45,YR,M,,"",US,US,WEGOVY,SEMAGLUTIDE,1.7,MG,PS,Tinnitus,,2024Q3,Younger Adults (18–64)
24115235,1,53,YR,F,,"",US,US,WEGOVY,SEMAGLUTIDE,1.7,MG,PS,Fatigue,,2024Q3,Younger Adults (18–64)
24115237,1,52,YR,F,,"",US,US,WEGOVY,SEMAGLUTIDE,,"",PS,Product communication issue,,2024Q3,Younger Adults (18–64)
24115238,1,51,YR,F,,"",US,US,WEGOVY,SEMAGLUTIDE,0.25,MG,PS,Dizziness,,2024Q3,Younger Adults (18–64)
24115239,1,53,YR,F,,"",US,US,WEGOVY,SEMAGLUTIDE,,"",PS,Pancreatitis,OT,2024Q3,Younger Adults (18–64)
24115242,1,54,YR,F,,"",US,US,WEGOVY,SEMAGLUTIDE,2.4,MG,PS,Hot flush,,2024Q3,Younger Adults (18–64)
24115247,1,61,YR,F,,"",US,US,WEGOVY,SEMAGLUTIDE,0.5,MG,PS,Weight increased,,2024Q3,Younger Adults (18–64)
24115249,1,66,YR,F,,"",US,US,WEGOVY,SEMAGLUTIDE,0.25,MG,PS,Nausea,,2024Q3,Older Adults (≥65)
24115251,1,56,YR,M,,"",US,US,WEGOVY,SEMAGLUTIDE,,"",PS,Increased appetite,,2024Q3,Younger Adults (18–64)
24115252,1,65,YR,M,,"",US,US,WEGOVY,SEMAGLUTIDE,,"",PS,Discomfort,,2024Q3,Older Adults (≥65)
24115253,1,44,YR,F,,"",US,US,WEGOVY,SEMAGLUTIDE,,"",PS,Rash pruritic,,2024Q3,Younger Adults (18–64)
24115254,1,61,YR,F,,"",US,US,WEGOVY,SEMAGLUTIDE,1.7,MG,PS,Early satiety,,2024Q3,Younger Adults (18–64)
24115260,1,46,YR,F,,"",US,US,WEGOVY,SEMAGLUTIDE,1.7,MG,PS,Appendicitis,HO,2024Q3,Younger Adults (18–64)
24115262,1,63,YR,F,,"",US,US,WEGOVY,SEMAGLUTIDE,2.4,MG,PS,Nausea,,2024Q3,Younger Adults (18–64)
24115263,1,44,YR,M,,"",US,US,WEGOVY,SEMAGLUTIDE,1.7,MG,PS,Injection site pain,,2024Q3,Younger Adults (18–64)
24115264,1,56,YR,F,,"",US,US,WEGOVY,SEMAGLUTIDE,,"",PS,Cellulitis,,2024Q3,Younger Adults (18–64)
24115270,1,50,YR,M,,"",US,US,WEGOVY,SEMAGLUTIDE,2.4,MG,PS,Taste disorder,,2024Q3,Younger Adults (18–64)
24115271,1,42,YR,F,,"",US,US,WEGOVY,SEMAGLUTIDE,1.7,MG,PS,Pancreatitis,HO,2024Q3,Younger Adults (18–64)
24115276,1,57,YR,F,,"",US,US,WEGOVY,SEMAGLUTIDE,1.7,MG,PS,Injection site pain,,2024Q3,Younger Adults (18–64)
24115277,1,67,YR,F,,"",US,US,WEGOVY,SEMAGLUTIDE,0.5,MG,PS,Headache,,2024Q3,Older Adults (≥65)
24115280,1,18,YR,F,,"",US,US,WEGOVY,SEMAGLUTIDE,0.5,MG,PS,Skin swelling,,2024Q3,Younger Adults (18–64)
24115282,1,42,YR,F,,"",US,US,WEGOVY,SEMAGLUTIDE,,"",PS,Hypoaesthesia,,2024Q3,Younger Adults (18–64)
24115284,1,61,YR,F,,"",US,US,WEGOVY,SEMAGLUTIDE,2.4,MG,PS,Aphonia,,2024Q3,Younger Adults (18–64)
24115286,1,46,YR,F,,"",US,US,WEGOVY,SEMAGLUTIDE,1.7,MG,PS,Injection site haemorrhage,,2024Q3,Younger Adults (18–64)
24115292,1,54,YR,F,,"",US,US,WEGOVY,SEMAGLUTIDE,0.5,MG,PS,Nausea,,2024Q3,Younger Adults (18–64)
24115293,1,46,YR,M,,"",US,US,WEGOVY,SEMAGLUTIDE,,"",PS,Blood glucose increased,,2024Q3,Younger Adults (18–64)
24115294,3,36,YR,F,,"",US,US,WEGOVY,SEMAGLUTIDE,,"",PS,Retching,,2024Q3,Younger Adults (18–64)
24115298,1,53,YR,M,,"",US,US,WEGOVY,SEMAGLUTIDE,0.25,MG,PS,Flatulence,,2024Q3,Younger Adults (18–64)
24115300,1,75,YR,M,,"",US,US,WEGOVY,SEMAGLUTIDE,1.7,MG,PS,Increased appetite,,2024Q3,Older Adults (≥65)
24115304,1,64,YR,F,,"",US,US,WEGOVY,SEMAGLUTIDE,,"",PS,Incorrect dose administered,,2024Q3,Younger Adults (18–64)
24115305,2,56,YR,F,,"",US,US,WEGOVY,SEMAGLUTIDE,0.25,MG,PS,Constipation,,2024Q3,Younger Adults (18–64)
24115307,1,25,YR,F,171.7,KG,US,US,WEGOVY,SEMAGLUTIDE,,"",PS,Pancreatitis,HO,2024Q3,Younger Adults (18–64)
24115312,1,50,YR,F,,"",US,US,WEGOVY,SEMAGLUTIDE,,"",PS,Heart rate increased,HO,2024Q3,Younger Adults (18–64)
24115313,1,69,YR,F,,"",US,US,WEGOVY,SEMAGLUTIDE,,"",PS,Device failure,,2024Q3,Older Adults (≥65)
24115314,1,69,YR,F,,"",US,US,WEGOVY,SEMAGLUTIDE,,"",PS,Arthralgia,,2024Q3,Older Adults (≥65)
24115315,1,65,YR,F,180,KG,US,US,WEGOVY,SEMAGLUTIDE,,"",PS,Vision blurred,,2024Q3,Older Adults (≥65)
24115317,1,65,YR,F,,"",US,US,WEGOVY,SEMAGLUTIDE,,"",PS,Inappropriate schedule of product administration,,2024Q3,Older Adults (≥65)
24115318,1,45,YR,M,,"",US,US,WEGOVY,SEMAGLUTIDE,,"",PS,Incorrect dose administered,,2024Q3,Younger Adults (18–64)
24115322,1,56,YR,F,,"",US,US,WEGOVY,SEMAGLUTIDE,0.5,MG,PS,Nausea,,2024Q3,Younger Adults (18–64)
24115327,1,72,YR,,,"",US,US,WEGOVY,SEMAGLUTIDE,,"",PS,Injection site discharge,,2024Q3,Older Adults (≥65)
24115330,1,61,YR,F,,"",US,US,WEGOVY,SEMAGLUTIDE,0.25,MG,PS,Hunger,,2024Q3,Younger Adults (18–64)
24115331,1,65,YR,F,,"",US,US,WEGOVY,SEMAGLUTIDE,2.4,MG,PS,Increased appetite,,2024Q3,Older Adults (≥65)
24115337,1,61,YR,F,,"",US,US,WEGOVY,SEMAGLUTIDE,,"",PS,Food craving,,2024Q3,Younger Adults (18–64)
24115338,1,38,YR,F,,"",US,US,WEGOVY,SEMAGLUTIDE,1.7,MG,PS,Arthralgia,,2024Q3,Younger Adults (18–64)
24115343,1,50,YR,F,,"",US,US,WEGOVY,SEMAGLUTIDE,,"",PS,Hunger,,2024Q3,Younger Adults (18–64)
24115346,1,34,YR,F,,"",US,US,WEGOVY,SEMAGLUTIDE,1,MG,PS,Injection site pain,,2024Q3,Younger Adults (18–64)
24115347,1,34,YR,F,,"",US,US,WEGOVY,SEMAGLUTIDE,0.5,MG,PS,Nausea,,2024Q3,Younger Adults (18–64)
24115350,1,49,YR,F,,"",US,US,WEGOVY,SEMAGLUTIDE,2.4,MG,PS,Drug intolerance,HO,2024Q3,Younger Adults (18–64)
24115351,1,45,YR,F,,"",US,US,WEGOVY,SEMAGLUTIDE,,"",PS,Inappropriate schedule of product administration,,2024Q3,Younger Adults (18–64)
24115352,1,27,YR,F,,"",US,US,WEGOVY,SEMAGLUTIDE,,"",PS,Off label use,,2024Q3,Younger Adults (18–64)
24115353,1,55,YR,F,,"",US,US,WEGOVY,SEMAGLUTIDE,1.7,MG,PS,Prescription drug used without a prescription,OT,2024Q3,Younger Adults (18–64)
24115356,1,73,YR,F,,"",US,US,WEGOVY,SEMAGLUTIDE,0.5,MG,PS,Condition aggravated,,2024Q3,Older Adults (≥65)
24115361,1,26,YR,F,,"",US,US,WEGOVY,SEMAGLUTIDE,1.7,MG,PS,Pain of skin,,2024Q3,Younger Adults (18–64)
24115362,1,40,YR,F,,"",US,US,WEGOVY,SEMAGLUTIDE,,"",PS,Food craving,,2024Q3,Younger Adults (18–64)
24115364,1,50,YR,F,,"",US,US,WEGOVY,SEMAGLUTIDE,0.25,MG,PS,Motion sickness,,2024Q3,Younger Adults (18–64)
24115371,1,61,YR,M,,"",US,US,WEGOVY,SEMAGLUTIDE,2.4,MG,PS,Product use issue,,2024Q3,Younger Adults (18–64)
24115372,1,50,YR,F,,"",US,US,WEGOVY,SEMAGLUTIDE,0.25,MG,PS,Product communication issue,,2024Q3,Younger Adults (18–64)
24115373,1,64,YR,M,,"",US,US,WEGOVY,SEMAGLUTIDE,2.4,MG,PS,Neuropathy peripheral,,2024Q3,Younger Adults (18–64)
24115374,1,56,YR,F,,"",US,US,WEGOVY,SEMAGLUTIDE,,"",PS,Injection site streaking,,2024Q3,Younger Adults (18–64)
24115376,1,52,YR,F,,"",US,US,WEGOVY,SEMAGLUTIDE,2.4,MG,PS,Idiopathic pancreatitis,OT,2024Q3,Younger Adults (18–64)
24115379,1,58,YR,F,,"",US,US,WEGOVY,SEMAGLUTIDE,,"",PS,Injection site pain,,2024Q3,Younger Adults (18–64)
24115391,1,56,YR,F,,"",US,US,WEGOVY,SEMAGLUTIDE,,"",PS,Fatigue,,2024Q3,Younger Adults (18–64)
24115392,1,41,YR,F,,"",US,US,WEGOVY,SEMAGLUTIDE,0.25,MG,PS,Abdominal pain upper,,2024Q3,Younger Adults (18–64)
24115393,1,67,YR,F,78.912,KG,US,US,WEGOVY,SEMAGLUTIDE,,"",PS,Renal disorder,,2024Q3,Older Adults (≥65)
24115404,1,38,YR,F,,"",US,US,WEGOVY,SEMAGLUTIDE,,"",PS,Unevaluable event,,2024Q3,Younger Adults (18–64)
24115405,1,54,YR,F,,"",US,US,WEGOVY,SEMAGLUTIDE,0.5,MG,PS,Eructation,,2024Q3,Younger Adults (18–64)
24115410,1,33,YR,F,,"",US,US,WEGOVY,SEMAGLUTIDE,,"",PS,Decreased appetite,,2024Q3,Younger Adults (18–64)
24115415,1,68,YR,F,,"",US,US,WEGOVY,SEMAGLUTIDE,,"",PS,Injection site streaking,,2024Q3,Older Adults (≥65)
24115418,1,42,YR,M,,"",US,US,WEGOVY,SEMAGLUTIDE,,"",PS,Food craving,,2024Q3,Younger Adults (18–64)
24115420,1,26,YR,F,,"",US,US,WEGOVY,SEMAGLUTIDE,,"",PS,Product use in unapproved indication,,2024Q3,Younger Adults (18–64)
24115422,1,54,YR,M,,"",US,US,WEGOVY,SEMAGLUTIDE,1.7,MG,PS,Gastrointestinal disorder,,2024Q3,Younger Adults (18–64)
24115424,1,55,YR,F,,"",US,US,WEGOVY,SEMAGLUTIDE,,"",PS,Weight increased,,2024Q3,Younger Adults (18–64)
24115425,1,57,YR,F,,"",US,US,WEGOVY,SEMAGLUTIDE,2.4,MG,PS,Insomnia,,2024Q3,Younger Adults (18–64)
24115427,1,64,YR,F,,"",US,US,WEGOVY,SEMAGLUTIDE,,"",PS,Device malfunction,,2024Q3,Younger Adults (18–64)
24115429,1,74,YR,M,,"",US,US,WEGOVY,SEMAGLUTIDE,,"",PS,Arthralgia,,2024Q3,Older Adults (≥65)
24115431,2,75,YR,F,,"",US,US,WEGOVY,SEMAGLUTIDE,,"",PS,Injection site discharge,,2024Q3,Older Adults (≥65)
24115432,1,54,YR,F,,"",US,US,WEGOVY,SEMAGLUTIDE,,"",PS,Increased appetite,,2024Q3,Younger Adults (18–64)
24115437,1,64,YR,F,,"",US,US,WEGOVY,SEMAGLUTIDE,,"",PS,Urinary tract infection,,2024Q3,Younger Adults (18–64)
24115439,1,45,YR,F,,"",US,US,WEGOVY,SEMAGLUTIDE,0.25,MG,PS,Increased appetite,,2024Q3,Younger Adults (18–64)
24115445,1,59,YR,F,,"",US,US,WEGOVY,SEMAGLUTIDE,2.4,MG,PS,Product label confusion,,2024Q3,Younger Adults (18–64)
24115448,1,57,YR,F,,"",US,US,WEGOVY,SEMAGLUTIDE,0.25,MG,PS,Headache,OT,2024Q3,Younger Adults (18–64)
24115449,1,59,YR,F,,"",US,US,WEGOVY,SEMAGLUTIDE,,"",PS,Seasonal allergy,,2024Q3,Younger Adults (18–64)
24115450,1,59,YR,F,,"",US,US,WEGOVY,SEMAGLUTIDE,2.4,MG,PS,Device leakage,,2024Q3,Younger Adults (18–64)
24115451,1,37,YR,,,"",US,US,WEGOVY,SEMAGLUTIDE,,"",PS,Dyspnoea,,2024Q3,Younger Adults (18–64)
24115455,1,35,YR,F,,"",US,US,WEGOVY,SEMAGLUTIDE,,"",PS,Injection site discharge,,2024Q3,Younger Adults (18–64)
24115458,1,39,YR,F,,"",US,US,WEGOVY,SEMAGLUTIDE,,"",PS,Endometriosis,,2024Q3,Younger Adults (18–64)
24115461,1,34,YR,F,,"",US,US,WEGOVY,SEMAGLUTIDE,,"",PS,Injection site vesicles,,2024Q3,Younger Adults (18–64)
24115468,1,38,YR,F,,"",US,US,WEGOVY,SEMAGLUTIDE,,"",PS,Inappropriate schedule of product administration,,2024Q3,Younger Adults (18–64)
24115471,1,45,YR,F,,"",US,US,WEGOVY,SEMAGLUTIDE,,"",PS,Diarrhoea,,2024Q3,Younger Adults (18–64)
24115472,1,51,YR,F,,"",US,US,WEGOVY,SEMAGLUTIDE,0.25,MG,PS,Constipation,,2024Q3,Younger Adults (18–64)
24115475,1,57,YR,F,,"",US,US,WEGOVY,SEMAGLUTIDE,0.5,MG,PS,Dry throat,OT,2024Q3,Younger Adults (18–64)
24115477,1,56,YR,F,,"",US,US,WEGOVY,SEMAGLUTIDE,,"",PS,Stress,,2024Q3,Younger Adults (18–64)
24115482,1,24,YR,M,,"",US,US,WEGOVY,SEMAGLUTIDE,,"",PS,Nausea,,2024Q3,Younger Adults (18–64)
24115483,1,35,YR,F,,"",US,US,WEGOVY,SEMAGLUTIDE,,"",PS,Vulvovaginal mycotic infection,,2024Q3,Younger Adults (18–64)
24115491,1,60,YR,F,,"",US,US,WEGOVY,SEMAGLUTIDE,1,MG,PS,Injection site abscess,,2024Q3,Younger Adults (18–64)
24115492,1,42,YR,F,,"",US,US,WEGOVY,SEMAGLUTIDE,,"",PS,Injection site streaking,,2024Q3,Younger Adults (18–64)
24115500,1,28,YR,F,92.063,KG,US,US,WEGOVY,SEMAGLUTIDE,0.5,MG,PS,Anaphylactic reaction,HO,2024Q3,Younger Adults (18–64)
24115502,1,50,YR,F,,"",US,US,WEGOVY,SEMAGLUTIDE,0.25,MG,PS,Flushing,,2024Q3,Younger Adults (18–64)
24115504,1,39,YR,F,,"",US,US,WEGOVY,SEMAGLUTIDE,0.5,MG,PS,Colitis ulcerative,,2024Q3,Younger Adults (18–64)
24115507,1,56,YR,F,,"",US,US,WEGOVY,SEMAGLUTIDE,1.7,MG,PS,Hunger,,2024Q3,Younger Adults (18–64)
24115512,1,59,YR,F,,"",US,US,WEGOVY,SEMAGLUTIDE,2.4,MG,PS,Vomiting,,2024Q3,Younger Adults (18–64)
24115514,1,75,YR,F,,"",US,US,WEGOVY,SEMAGLUTIDE,,"",PS,Weight increased,,2024Q3,Older Adults (≥65)
24115518,1,35,YR,M,,"",US,US,WEGOVY,SEMAGLUTIDE,,"",PS,Impaired gastric emptying,HO,2024Q3,Younger Adults (18–64)
24115519,1,42,YR,M,,"",US,US,WEGOVY,SEMAGLUTIDE,,"",PS,Nausea,OT,2024Q3,Younger Adults (18–64)
24115521,1,49,YR,F,,"",US,US,WEGOVY,SEMAGLUTIDE,,"",PS,Hunger,,2024Q3,Younger Adults (18–64)
24115523,1,24,YR,F,,"",US,US,WEGOVY,SEMAGLUTIDE,0.25,MG,PS,Tachycardia,,2024Q3,Younger Adults (18–64)
24115524,1,45,YR,F,,"",US,US,WEGOVY,SEMAGLUTIDE,2.4,MG,PS,Liver function test increased,,2024Q3,Younger Adults (18–64)
24115531,1,24,YR,F,,"",US,US,WEGOVY,SEMAGLUTIDE,0.25,MG,PS,Chapped lips,,2024Q3,Younger Adults (18–64)
24115537,1,42,YR,M,,"",US,US,WEGOVY,SEMAGLUTIDE,1.7,MG,PS,Injection site haemorrhage,,2024Q3,Younger Adults (18–64)
24115542,1,41,YR,F,,"",US,US,WEGOVY,SEMAGLUTIDE,1.7,MG,PS,Injection site vesicles,,2024Q3,Younger Adults (18–64)
24115545,1,54,YR,F,,"",US,US,WEGOVY,SEMAGLUTIDE,,"",PS,Increased appetite,,2024Q3,Younger Adults (18–64)
24115546,2,37,YR,F,,"",US,US,WEGOVY,SEMAGLUTIDE,0.25,MG,PS,Incorrect dose administered,HO,2024Q3,Younger Adults (18–64)
24115558,1,53,YR,F,,"",US,US,WEGOVY,SEMAGLUTIDE,1.7,MG,PS,Injection site bruising,,2024Q3,Younger Adults (18–64)
24115560,1,56,YR,F,102.05,KG,US,US,WEGOVY,SEMAGLUTIDE,0.5,MG,PS,Bacterial infection,,2024Q3,Younger Adults (18–64)
24115566,1,51,YR,F,,"",US,US,WEGOVY,SEMAGLUTIDE,,"",PS,Hyperplastic cholecystopathy,,2024Q3,Younger Adults (18–64)
24115567,1,54,YR,M,,"",US,US,WEGOVY,SEMAGLUTIDE,0.5,MG,PS,Device leakage,,2024Q3,Younger Adults (18–64)
24115570,1,62,YR,,,"",US,US,WEGOVY,SEMAGLUTIDE,1.7,MG,PS,Increased appetite,,2024Q3,Younger Adults (18–64)
24115572,1,76,YR,M,,"",US,US,WEGOVY,SEMAGLUTIDE,0.5,MG,PS,Constipation,,2024Q3,Older Adults (≥65)
24115575,1,71,YR,F,,"",US,US,WEGOVY,SEMAGLUTIDE,,"",PS,Device leakage,,2024Q3,Older Adults (≥65)
24115576,1,40,YR,F,,"",US,US,WEGOVY,SEMAGLUTIDE,,"",PS,Chills,,2024Q3,Younger Adults (18–64)
24115580,1,64,YR,F,,"",US,US,WEGOVY,SEMAGLUTIDE,0.25,MG,PS,Nausea,,2024Q3,Younger Adults (18–64)
24115584,1,31,YR,F,,"",US,US,WEGOVY,SEMAGLUTIDE,2.4,MG,PS,Head discomfort,,2024Q3,Younger Adults (18–64)
24115585,1,41,YR,F,,"",US,US,WEGOVY,SEMAGLUTIDE,1.7,MG,PS,Food craving,,2024Q3,Younger Adults (18–64)
24115587,1,47,YR,,,"",US,US,WEGOVY,SEMAGLUTIDE,0.5,MG,PS,Nausea,,2024Q3,Younger Adults (18–64)
24115589,1,76,YR,M,,"",US,US,WEGOVY,SEMAGLUTIDE,0.5,MG,PS,Pyrexia,,2024Q3,Older Adults (≥65)
24115590,1,47,YR,M,,"",US,US,WEGOVY,SEMAGLUTIDE,,"",PS,Hair colour changes,,2024Q3,Younger Adults (18–64)
24115591,1,72,YR,F,,"",US,US,WEGOVY,SEMAGLUTIDE,,"",PS,Diarrhoea,,2024Q3,Older Adults (≥65)
24115595,1,52,YR,F,,"",US,US,WEGOVY,SEMAGLUTIDE,,"",PS,Arthralgia,,2024Q3,Younger Adults (18–64)
24115599,1,61,YR,F,,"",US,US,WEGOVY,SEMAGLUTIDE,,"",PS,Injection site injury,,2024Q3,Younger Adults (18–64)
24115601,1,29,YR,F,,"",US,US,WEGOVY,SEMAGLUTIDE,0.25,MG,PS,Cholecystitis,HO,2024Q3,Younger Adults (18–64)
24115604,1,62,YR,F,,"",US,US,WEGOVY,SEMAGLUTIDE,,"",PS,Hypophagia,,2024Q3,Younger Adults (18–64)
24115608,1,70,YR,F,,"",US,US,WEGOVY,SEMAGLUTIDE,,"",PS,Hypoglycaemia,,2024Q3,Older Adults (≥65)
24115610,1,23,YR,F,,"",US,US,WEGOVY,SEMAGLUTIDE,0.25,MG,PS,Polycystic ovarian syndrome,,2024Q3,Younger Adults (18–64)
24115616,1,67,YR,F,,"",US,US,WEGOVY,SEMAGLUTIDE,0.25,MG,PS,Increased appetite,,2024Q3,Older Adults (≥65)
24115618,1,51,YR,F,,"",US,US,WEGOVY,SEMAGLUTIDE,0.5,MG,PS,Off label use,,2024Q3,Younger Adults (18–64)
24115624,1,49,YR,M,,"",US,US,WEGOVY,SEMAGLUTIDE,,"",PS,Nausea,OT,2024Q3,Younger Adults (18–64)
24115625,1,35,YR,F,,"",US,US,WEGOVY,SEMAGLUTIDE,,"",PS,Increased appetite,,2024Q3,Younger Adults (18–64)
24115629,2,46,YR,F,,"",US,US,WEGOVY,SEMAGLUTIDE,0.25,MG,PS,Head injury,OT,2024Q4,Younger Adults (18–64)
24115633,1,61,YR,F,,"",US,US,WEGOVY,SEMAGLUTIDE,,"",PS,Weight increased,,2024Q3,Younger Adults (18–64)
24115636,1,34,YR,F,,"",US,US,WEGOVY,SEMAGLUTIDE,,"",PS,Injection site vesicles,,2024Q3,Younger Adults (18–64)
24115644,1,49,YR,F,,"",US,US,WEGOVY,SEMAGLUTIDE,,"",PS,Underweight,,2024Q3,Younger Adults (18–64)
24115647,1,53,YR,F,,"",US,US,WEGOVY,SEMAGLUTIDE,,"",PS,Decreased appetite,,2024Q3,Younger Adults (18–64)
24115649,1,53,YR,F,,"",US,US,WEGOVY,SEMAGLUTIDE,0.25,MG,PS,Diarrhoea,,2024Q3,Younger Adults (18–64)
24115650,1,54,YR,F,,"",US,US,WEGOVY,SEMAGLUTIDE,1,MG,PS,Gastrooesophageal reflux disease,,2024Q3,Younger Adults (18–64)
24115651,1,30,YR,F,,"",US,US,WEGOVY,SEMAGLUTIDE,1.7,MG,PS,Allodynia,,2024Q3,Younger Adults (18–64)
24115661,1,49,YR,F,,"",US,US,WEGOVY,SEMAGLUTIDE,1,MG,PS,Decreased appetite,,2024Q3,Younger Adults (18–64)
24115666,1,30,YR,F,,"",US,US,WEGOVY,SEMAGLUTIDE,,"",PS,Nephrolithiasis,,2024Q3,Younger Adults (18–64)
24115669,1,49,YR,M,,"",US,US,WEGOVY,SEMAGLUTIDE,1.7,MG,PS,Decreased appetite,,2024Q3,Younger Adults (18–64)
24115671,1,62,YR,F,,"",US,US,WEGOVY,SEMAGLUTIDE,2.4,MG,PS,Nausea,,2024Q3,Younger Adults (18–64)
24115672,1,56,YR,F,,"",US,US,WEGOVY,SEMAGLUTIDE,1.7,MG,PS,Abnormal loss of weight,,2024Q3,Younger Adults (18–64)
24115676,1,72,YR,F,,"",US,US,WEGOVY,SEMAGLUTIDE,1.7,MG,PS,Product storage error,,2024Q3,Older Adults (≥65)
24115678,1,53,YR,F,,"",US,US,WEGOVY,SEMAGLUTIDE,1.7,MG,PS,Vomiting,HO,2024Q3,Younger Adults (18–64)
24115679,1,27,YR,M,,"",US,US,WEGOVY,SEMAGLUTIDE,,"",PS,Anxiety,,2024Q3,Younger Adults (18–64)
24115682,1,61,YR,,,"",US,US,WEGOVY,SEMAGLUTIDE,1.7,MG,PS,Injection site discharge,,2024Q3,Younger Adults (18–64)
24115684,2,28,YR,F,,"",US,US,WEGOVY,SEMAGLUTIDE,,"",PS,Pharyngitis streptococcal,,2024Q3,Younger Adults (18–64)
24115685,3,69,YR,F,,"",US,US,WEGOVY,SEMAGLUTIDE,,"",PS,Product availability issue,,2024Q3,Older Adults (≥65)
24115686,1,60,YR,F,,"",US,US,WEGOVY,SEMAGLUTIDE,2.4,MG,PS,Weight increased,,2024Q3,Younger Adults (18–64)
24115687,1,22,YR,F,,"",US,US,WEGOVY,SEMAGLUTIDE,,"",PS,Fatigue,,2024Q3,Younger Adults (18–64)
24115690,1,38,YR,F,,"",US,US,WEGOVY,SEMAGLUTIDE,,"",PS,Device leakage,,2024Q3,Younger Adults (18–64)
24115691,1,41,YR,F,,"",US,US,WEGOVY,SEMAGLUTIDE,,"",PS,Nausea,,2024Q3,Younger Adults (18–64)
24115692,1,53,YR,F,,"",US,US,WEGOVY,SEMAGLUTIDE,2.4,MG,PS,Illness,,2024Q3,Younger Adults (18–64)
24115695,1,61,YR,F,,"",US,US,WEGOVY,SEMAGLUTIDE,0.5,MG,PS,Pain,,2024Q3,Younger Adults (18–64)
24115697,1,48,YR,F,,"",US,US,WEGOVY,SEMAGLUTIDE,1.7,MG,PS,Blood cholesterol increased,,2024Q3,Younger Adults (18–64)
24115702,1,49,YR,F,,"",US,US,WEGOVY,SEMAGLUTIDE,0.25,MG,PS,Dyspepsia,,2024Q3,Younger Adults (18–64)
24115707,1,67,YR,F,,"",US,US,WEGOVY,SEMAGLUTIDE,0.25,MG,PS,Dysphonia,,2024Q3,Older Adults (≥65)
24115714,1,34,YR,F,,"",US,US,WEGOVY,SEMAGLUTIDE,,"",PS,Nasopharyngitis,,2024Q3,Younger Adults (18–64)
24115720,1,49,YR,F,,"",US,US,WEGOVY,SEMAGLUTIDE,0.25,MG,PS,Abdominal distension,,2024Q3,Younger Adults (18–64)
24115723,1,44,YR,F,,"",US,US,WEGOVY,SEMAGLUTIDE,2.4,MG,PS,Glycosylated haemoglobin increased,,2024Q3,Younger Adults (18–64)
24115725,1,52,YR,F,,"",US,US,WEGOVY,SEMAGLUTIDE,1.7,MG,PS,Paraesthesia,,2024Q3,Younger Adults (18–64)
24115730,1,26,YR,M,,"",US,US,WEGOVY,SEMAGLUTIDE,1.7,MG,PS,Constipation,,2024Q3,Younger Adults (18–64)
24115731,1,39,YR,F,,"",US,US,WEGOVY,SEMAGLUTIDE,2.4,MG,PS,Pain of skin,,2024Q3,Younger Adults (18–64)
24115732,1,55,YR,M,139.68,KG,US,US,WEGOVY,SEMAGLUTIDE,,"",PS,Impaired gastric emptying,OT,2024Q3,Younger Adults (18–64)
24115735,1,42,YR,F,,"",US,US,WEGOVY,SEMAGLUTIDE,2.4,MG,PS,Vomiting,HO,2024Q3,Younger Adults (18–64)
24116253,1,80,YR,F,,"",US,US,OZEMPIC,SEMAGLUTIDE,1,MG,PS,Hallucination,OT,2024Q3,Older Adults (≥65)
24116255,1,57,YR,M,,"",US,US,OZEMPIC,SEMAGLUTIDE,0.25,MG,PS,Flank pain,OT,2024Q3,Younger Adults (18–64)
24116257,1,18,YR,F,,"",US,US,WEGOVY,SEMAGLUTIDE,,"",PS,Cholecystectomy,OT,2024Q3,Younger Adults (18–64)
24116262,1,31,YR,F,,"",US,US,OZEMPIC,SEMAGLUTIDE,,"",PS,Shock hypoglycaemic,OT,2024Q3,Younger Adults (18–64)
24116266,1,68,YR,M,,"",US,US,WEGOVY,SEMAGLUTIDE,,"",PS,Vomiting,HO,2024Q3,Older Adults (≥65)
24116268,1,50,YR,F,,"",US,US,OZEMPIC,SEMAGLUTIDE,1,MG,PS,Elbow operation,OT,2024Q3,Younger Adults (18–64)
24116269,2,43,YR,F,,"",US,US,OZEMPIC,SEMAGLUTIDE,1,MG,PS,Optic ischaemic neuropathy,OT,2024Q3,Younger Adults (18–64)
24116273,1,42,YR,,,"",US,US,OZEMPIC,SEMAGLUTIDE,,"",PS,Gastrointestinal disorder,OT,2024Q3,Younger Adults (18–64)
24116276,1,44,YR,F,,"",US,US,WEGOVY,SEMAGLUTIDE,1.7,MG,PS,Cataract operation,OT,2024Q3,Younger Adults (18–64)
24116278,2,68,YR,F,,"",US,US,OZEMPIC,SEMAGLUTIDE,,"",PS,Cataract operation,OT,2024Q4,Older Adults (≥65)
24116335,1,69,YR,F,,"",US,US,OZEMPIC,SEMAGLUTIDE,,"",PS,Retching,OT,2024Q3,Older Adults (≥65)
24116343,2,36,YR,F,,"",US,US,OZEMPIC,SEMAGLUTIDE,,"",PS,Constipation,OT,2024Q4,Younger Adults (18–64)
24116344,2,61,YR,M,102.9,KG,US,US,OZEMPIC,SEMAGLUTIDE,0.25,MG,PS,Dysphagia,HO,2024Q3,Younger Adults (18–64)
24116355,1,63,YR,M,,"",US,US,OZEMPIC,SEMAGLUTIDE,2,MG,PS,Hospitalisation,HO,2024Q3,Younger Adults (18–64)
24116565,2,66,YR,F,,"",US,US,OZEMPIC,SEMAGLUTIDE,,"",PS,Trigger finger,OT,2024Q3,Older Adults (≥65)
24117370,1,49,YR,M,,"",US,US,WEGOVY,SEMAGLUTIDE,0.25,MG,PS,Optic ischaemic neuropathy,OT,2024Q3,Younger Adults (18–64)
24117565,1,60,YR,F,,"",US,US,OZEMPIC,SEMAGLUTIDE,,"",PS,Wrong technique in product usage process,OT,2024Q3,Younger Adults (18–64)
24121655,1,61,YR,F,82.35,KG,US,,WEGOVY,SEMAGLUTIDE,,"",PS,Constipation,HO,2024Q3,Younger Adults (18–64)
24122737,1,61,YR,M,,"",US,US,OZEMPIC,SEMAGLUTIDE,1,MG,PS,Thyroid cancer,OT,2024Q3,Younger Adults (18–64)
24122755,2,73,YR,F,,"",US,US,OZEMPIC,SEMAGLUTIDE,,"",PS,Dry eye,,2024Q3,Older Adults (≥65)
24122757,1,73,YR,F,,"",US,US,OZEMPIC,SEMAGLUTIDE,0.5,MG,PS,Breast cancer,HO,2024Q3,Older Adults (≥65)
24122759,1,28,YR,F,,"",US,US,OZEMPIC,SEMAGLUTIDE,,"",PS,Pancreatic carcinoma,OT,2024Q3,Younger Adults (18–64)
24122765,1,71,YR,F,,"",US,US,OZEMPIC,SEMAGLUTIDE,,"",PS,Balance disorder,OT,2024Q3,Older Adults (≥65)
24122772,1,81,YR,M,,"",US,US,OZEMPIC,SEMAGLUTIDE,,"",PS,Blindness unilateral,OT,2024Q3,Older Adults (≥65)
24122790,1,67,YR,F,,"",US,US,OZEMPIC,SEMAGLUTIDE,,"",PS,Off label use,OT,2024Q3,Older Adults (≥65)
24128501,1,83,YR,F,,"",US,US,RYBELSUS,SEMAGLUTIDE,14,MG,PS,Alopecia,,2024Q3,Older Adults (≥65)
24128502,1,70,YR,F,,"",US,US,RYBELSUS,SEMAGLUTIDE,,"",PS,Tremor,,2024Q3,Older Adults (≥65)
24128503,1,68,YR,F,,"",US,US,RYBELSUS,SEMAGLUTIDE,14,MG,PS,Weight decreased,,2024Q3,Older Adults (≥65)
24128504,1,60,YR,M,,"",US,US,RYBELSUS,SEMAGLUTIDE,3,MG,PS,Vomiting,,2024Q3,Younger Adults (18–64)
24128506,1,59,YR,M,,"",US,US,RYBELSUS,SEMAGLUTIDE,,"",PS,Weight decreased,,2024Q3,Younger Adults (18–64)
24128509,1,66,YR,F,,"",US,US,RYBELSUS,SEMAGLUTIDE,,"",PS,Arthritis,,2024Q3,Older Adults (≥65)
24128510,1,76,YR,F,,"",US,US,RYBELSUS,SEMAGLUTIDE,3,MG,PS,Lacrimation increased,,2024Q3,Older Adults (≥65)
24128513,1,68,YR,M,,"",US,US,RYBELSUS,SEMAGLUTIDE,7,MG,PS,Constipation,,2024Q3,Older Adults (≥65)
24128515,1,77,YR,F,,"",US,US,RYBELSUS,SEMAGLUTIDE,7,MG,PS,Constipation,,2024Q3,Older Adults (≥65)
24128516,1,69,YR,F,,"",US,US,RYBELSUS,SEMAGLUTIDE,,"",PS,Nausea,,2024Q3,Older Adults (≥65)
24128517,1,69,YR,F,,"",US,US,RYBELSUS,SEMAGLUTIDE,7,MG,PS,Nausea,,2024Q3,Older Adults (≥65)
24128519,1,60,YR,F,,"",US,US,RYBELSUS,SEMAGLUTIDE,,"",PS,Blood triglycerides increased,,2024Q3,Younger Adults (18–64)
24128522,1,76,YR,F,,"",US,US,RYBELSUS,SEMAGLUTIDE,7,MG,PS,Alopecia,,2024Q3,Older Adults (≥65)
24128523,1,70,YR,F,,"",US,US,RYBELSUS,SEMAGLUTIDE,,"",PS,Nausea,,2024Q3,Older Adults (≥65)
24128525,1,63,YR,,,"",US,US,RYBELSUS,SEMAGLUTIDE,,"",PS,Aggression,,2024Q3,Younger Adults (18–64)
24128526,2,77,YR,M,,"",US,US,RYBELSUS,SEMAGLUTIDE,,"",PS,Thirst,,2024Q3,Older Adults (≥65)
24128533,2,69,YR,F,,"",US,US,RYBELSUS,SEMAGLUTIDE,,"",PS,Headache,,2024Q3,Older Adults (≥65)
24128534,1,68,YR,F,,"",US,US,RYBELSUS,SEMAGLUTIDE,7,MG,PS,Asthenia,,2024Q3,Older Adults (≥65)
24128537,1,71,YR,M,,"",US,US,RYBELSUS,SEMAGLUTIDE,7,MG,PS,Vision blurred,,2024Q3,Older Adults (≥65)
24128538,1,65,YR,F,,"",US,US,RYBELSUS,SEMAGLUTIDE,14,MG,PS,Nausea,,2024Q3,Older Adults (≥65)
24128545,1,71,YR,M,111,KG,US,US,RYBELSUS,SEMAGLUTIDE,7,MG,PS,Pancreatitis,HO,2024Q3,Older Adults (≥65)
24128546,1,40,YR,M,,"",US,US,RYBELSUS,SEMAGLUTIDE,6,MG,PS,Abdominal pain upper,,2024Q3,Younger Adults (18–64)
24128549,1,69,YR,M,,"",US,US,RYBELSUS,SEMAGLUTIDE,,"",PS,Blood glucose decreased,,2024Q3,Older Adults (≥65)
24128550,1,84,YR,,,"",US,US,RYBELSUS,SEMAGLUTIDE,,"",PS,Hypertension,,2024Q3,Older Adults (≥65)
24128551,1,50,YR,M,,"",US,US,RYBELSUS,SEMAGLUTIDE,3,MG,PS,Gastrointestinal pain,,2024Q3,Younger Adults (18–64)
24128576,1,90,YR,F,,"",US,US,RYBELSUS,SEMAGLUTIDE,3,MG,PS,Product use complaint,,2024Q3,Older Adults (≥65)
24128577,1,64,YR,F,,"",US,US,RYBELSUS,SEMAGLUTIDE,,"",PS,Pain in extremity,,2024Q3,Younger Adults (18–64)
24128580,1,59,YR,M,,"",US,US,RYBELSUS,SEMAGLUTIDE,,"",PS,Fatigue,,2024Q3,Younger Adults (18–64)
24128584,1,55,YR,F,,"",US,US,RYBELSUS,SEMAGLUTIDE,3,MG,PS,Drug interaction,,2024Q3,Younger Adults (18–64)
24128588,3,74,YR,M,,"",US,US,RYBELSUS,SEMAGLUTIDE,,"",PS,Dyspepsia,,2024Q3,Older Adults (≥65)
24128590,1,81,YR,M,,"",US,US,RYBELSUS,SEMAGLUTIDE,3,MG,PS,Glycosylated haemoglobin increased,OT,2024Q3,Older Adults (≥65)
24128591,1,70,YR,F,,"",US,US,RYBELSUS,SEMAGLUTIDE,,"",PS,Influenza,,2024Q3,Older Adults (≥65)
24128596,1,67,YR,F,,"",US,US,RYBELSUS,SEMAGLUTIDE,,"",PS,Pain in jaw,,2024Q3,Older Adults (≥65)
24128598,1,45,YR,F,,"",US,US,RYBELSUS,SEMAGLUTIDE,7,MG,PS,Hyperhidrosis,,2024Q3,Younger Adults (18–64)
24128607,1,70,YR,M,,"",US,US,RYBELSUS,SEMAGLUTIDE,,"",PS,Impaired gastric emptying,OT,2024Q3,Older Adults (≥65)
24128609,2,49,YR,F,,"",US,US,RYBELSUS,SEMAGLUTIDE,14,MG,PS,Malaise,,2024Q3,Younger Adults (18–64)
24128613,1,58,YR,M,92.517,KG,US,US,RYBELSUS,SEMAGLUTIDE,14,MG,PS,Pancreatitis,OT,2024Q3,Younger Adults (18–64)
24128616,1,72,YR,F,,"",US,US,RYBELSUS,SEMAGLUTIDE,,"",PS,Illness,,2024Q3,Older Adults (≥65)
24128620,1,69,YR,M,,"",US,US,RYBELSUS,SEMAGLUTIDE,7,MG,PS,Rhinorrhoea,,2024Q3,Older Adults (≥65)
24128625,3,78,YR,F,,"",US,US,RYBELSUS,SEMAGLUTIDE,,"",PS,Peripheral swelling,,2024Q3,Older Adults (≥65)
24128626,1,72,YR,F,,"",US,US,RYBELSUS,SEMAGLUTIDE,,"",PS,Product use in unapproved indication,,2024Q3,Older Adults (≥65)
24128628,1,70,YR,F,,"",US,US,RYBELSUS,SEMAGLUTIDE,7,MG,PS,Dizziness,,2024Q3,Older Adults (≥65)
24128630,1,56,YR,M,,"",US,US,RYBELSUS,SEMAGLUTIDE,,"",PS,Cholecystitis,HO,2024Q3,Younger Adults (18–64)
24128631,1,70,YR,F,,"",US,US,RYBELSUS,SEMAGLUTIDE,,"",PS,Asthenia,,2024Q3,Older Adults (≥65)
24128632,1,63,YR,F,,"",US,US,RYBELSUS,SEMAGLUTIDE,,"",PS,Arthralgia,,2024Q3,Younger Adults (18–64)
24128635,1,49,YR,F,,"",US,US,RYBELSUS,SEMAGLUTIDE,14,MG,PS,Abdominal discomfort,,2024Q3,Younger Adults (18–64)
24128636,1,69,YR,F,,"",US,US,RYBELSUS,SEMAGLUTIDE,3,MG,PS,Pain in extremity,,2024Q3,Older Adults (≥65)
24128640,1,61,YR,,63.95,KG,US,US,RYBELSUS,SEMAGLUTIDE,3,MG,PS,Pancreatitis,HO,2024Q3,Younger Adults (18–64)
24128641,1,55,YR,F,,"",US,US,RYBELSUS,SEMAGLUTIDE,,"",PS,Food craving,,2024Q3,Younger Adults (18–64)
24128642,1,58,YR,F,,"",US,US,RYBELSUS,SEMAGLUTIDE,,"",PS,Ileus,OT,2024Q3,Younger Adults (18–64)
24128644,1,75,YR,M,,"",US,US,RYBELSUS,SEMAGLUTIDE,7,MG,PS,Condition aggravated,,2024Q3,Older Adults (≥65)
24128645,1,64,YR,M,,"",US,US,RYBELSUS,SEMAGLUTIDE,,"",PS,Product use in unapproved indication,,2024Q3,Younger Adults (18–64)
24128646,1,76,YR,M,,"",US,US,RYBELSUS,SEMAGLUTIDE,,"",PS,Pain,,2024Q3,Older Adults (≥65)
24128650,1,64,YR,F,,"",US,US,RYBELSUS,SEMAGLUTIDE,,"",PS,Blood glucose increased,OT,2024Q3,Younger Adults (18–64)
24128651,1,77,YR,M,,"",US,US,RYBELSUS,SEMAGLUTIDE,14,MG,PS,Depression,,2024Q3,Older Adults (≥65)
24128653,1,68,YR,M,,"",US,US,RYBELSUS,SEMAGLUTIDE,,"",PS,Increased appetite,,2024Q3,Older Adults (≥65)
24128654,1,70,YR,F,,"",US,US,RYBELSUS,SEMAGLUTIDE,7,MG,PS,Rash,,2024Q3,Older Adults (≥65)
24128655,1,72,YR,F,,"",US,US,RYBELSUS,SEMAGLUTIDE,7,MG,PS,Pain of skin,,2024Q3,Older Adults (≥65)
24128672,2,66,YR,M,,"",US,US,RYBELSUS,SEMAGLUTIDE,,"",PS,Lethargy,,2024Q3,Older Adults (≥65)
24128675,1,47,YR,M,104.31,KG,US,US,RYBELSUS,SEMAGLUTIDE,7,MG,PS,Ileus,HO,2024Q3,Younger Adults (18–64)
24128676,1,73,YR,F,,"",US,US,RYBELSUS,SEMAGLUTIDE,7,MG,PS,Weight increased,,2024Q3,Older Adults (≥65)
24128678,1,50,YR,F,,"",US,US,RYBELSUS,SEMAGLUTIDE,,"",PS,Alopecia,,2024Q3,Younger Adults (18–64)
24128684,1,78,YR,F,,"",US,US,RYBELSUS,SEMAGLUTIDE,3,MG,PS,Back pain,,2024Q3,Older Adults (≥65)
24128687,1,85,YR,M,,"",US,US,RYBELSUS,SEMAGLUTIDE,,"",PS,Fatigue,,2024Q3,Older Adults (≥65)
24128696,1,60,YR,M,,"",US,US,RYBELSUS,SEMAGLUTIDE,7,MG,PS,Nausea,OT,2024Q3,Younger Adults (18–64)
24128697,1,75,YR,F,,"",US,US,RYBELSUS,SEMAGLUTIDE,,"",PS,Nausea,,2024Q3,Older Adults (≥65)
24128699,1,62,YR,F,,"",US,US,RYBELSUS,SEMAGLUTIDE,14,MG,PS,Arthralgia,,2024Q3,Younger Adults (18–64)
24128707,1,54,YR,F,,"",US,US,RYBELSUS,SEMAGLUTIDE,,"",PS,Vomiting,,2024Q3,Younger Adults (18–64)
24128708,1,80,YR,F,,"",US,US,RYBELSUS,SEMAGLUTIDE,,"",PS,Arthritis,,2024Q3,Older Adults (≥65)
24128709,1,58,YR,M,,"",US,US,RYBELSUS,SEMAGLUTIDE,,"",PS,Off label use,,2024Q3,Younger Adults (18–64)
24128714,1,45,YR,F,,"",US,US,RYBELSUS,SEMAGLUTIDE,,"",PS,Visual impairment,,2024Q3,Younger Adults (18–64)
24128723,1,82,YR,M,,"",US,US,RYBELSUS,SEMAGLUTIDE,,"",PS,Weight decreased,,2024Q3,Older Adults (≥65)
24128726,1,72,YR,F,,"",US,US,RYBELSUS,SEMAGLUTIDE,,"",PS,Abdominal pain,,2024Q3,Older Adults (≥65)
24128729,1,88,YR,M,,"",US,US,RYBELSUS,SEMAGLUTIDE,,"",PS,Arthritis,,2024Q3,Older Adults (≥65)
24128733,1,54,YR,F,,"",US,US,RYBELSUS,SEMAGLUTIDE,14,MG,PS,Dysphagia,,2024Q3,Younger Adults (18–64)
24128735,2,75,YR,M,,"",US,US,RYBELSUS,SEMAGLUTIDE,3,MG,PS,Hyperproteinaemia,,2024Q3,Older Adults (≥65)
24128742,1,72,YR,F,,"",US,US,RYBELSUS,SEMAGLUTIDE,,"",PS,Blood glucose decreased,,2024Q3,Older Adults (≥65)
24128744,1,40,YR,M,99.773,KG,US,US,RYBELSUS,SEMAGLUTIDE,,"",PS,Anaphylactic reaction,HO,2024Q3,Younger Adults (18–64)
24128746,1,46,YR,M,,"",US,US,RYBELSUS,SEMAGLUTIDE,,"",PS,Diarrhoea,OT,2024Q3,Younger Adults (18–64)
24128754,1,79,YR,F,,"",US,US,RYBELSUS,SEMAGLUTIDE,3,MG,PS,Nasal congestion,,2024Q3,Older Adults (≥65)
24129760,1,67,YR,F,,"",US,US,OZEMPIC,SEMAGLUTIDE,,"",PS,Nephrolithiasis,HO,2024Q3,Older Adults (≥65)
24131723,1,74,YR,F,69.4,KG,US,,OZEMPIC,SEMAGLUTIDE,1,MG,PS,Nausea,OT,2024Q3,Older Adults (≥65)
24132289,1,52,YR,F,105.75,KG,US,,WEGOVY,SEMAGLUTIDE,,"",PS,Gait inability,OT,2024Q3,Younger Adults (18–64)
24132517,1,62,YR,M,110.25,KG,US,,OZEMPIC,SEMAGLUTIDE,,"",PS,Therapy cessation,,2024Q3,Younger Adults (18–64)
24132637,1,25,YR,F,95.85,KG,US,,WEGOVY,SEMAGLUTIDE,,"",PS,Dyspnoea,RI,2024Q3,Younger Adults (18–64)
24133456,1,51,YR,M,94.05,KG,US,,WEGOVY,SEMAGLUTIDE,,"",PS,Suicidal ideation,LT,2024Q3,Younger Adults (18–64)
24133542,1,73,YR,F,91.2,KG,US,,OZEMPIC,SEMAGLUTIDE,,"",PS,Urinary tract infection,HO,2024Q3,Older Adults (≥65)
24134979,1,45,YR,F,,"",US,US,SEMAGLUTIDE,SEMAGLUTIDE,,"",PS,Pulmonary embolism,HO,2024Q3,Younger Adults (18–64)
24134981,1,64,YR,F,,"",US,US,WEGOVY,SEMAGLUTIDE,,"",PS,Dehydration,HO,2024Q3,Younger Adults (18–64)
24134986,1,66,YR,M,,"",US,US,OZEMPIC,SEMAGLUTIDE,0.25,MG,PS,Gastrointestinal pain,HO,2024Q3,Older Adults (≥65)
24134987,1,79,YR,F,,"",US,US,OZEMPIC,SEMAGLUTIDE,0.25,MG,PS,Nausea,OT,2024Q3,Older Adults (≥65)
24134994,4,48,YR,F,,"",US,US,WEGOVY,SEMAGLUTIDE,0.5,MG,PS,Oral discomfort,OT,2024Q4,Younger Adults (18–64)
24138069,1,40,YR,M,90.72,KG,US,,OZEMPIC,SEMAGLUTIDE,0.5,MG,PS,Agitation,OT,2024Q3,Younger Adults (18–64)
24140986,1,44,YR,F,67.5,KG,US,,OZEMPIC,SEMAGLUTIDE,,"",PS,Muscle fatigue,HO,2024Q3,Younger Adults (18–64)
24141044,1,71,YR,M,89.1,KG,US,,OZEMPIC,SEMAGLUTIDE,,"",PS,Neck pain,HO,2024Q3,Older Adults (≥65)
24141126,1,38,YR,F,60.75,KG,US,,SEMAGLUTIDE,SEMAGLUTIDE,,"",PS,Product preparation error,,2024Q3,Younger Adults (18–64)
24141311,1,64,YR,F,67.5,KG,US,,WEGOVY,SEMAGLUTIDE,,"",PS,Depressed mood,DS,2024Q3,Younger Adults (18–64)
24142280,1,51,YR,M,156,KG,US,,OZEMPIC,SEMAGLUTIDE,2,MG,PS,Ocular hyperaemia,OT,2024Q3,Younger Adults (18–64)
24142398,1,48,YR,F,90.45,KG,US,,OZEMPIC,SEMAGLUTIDE,,"",PS,Constipation,RI,2024Q3,Younger Adults (18–64)
24145106,1,63,YR,F,,"",US,US,OZEMPIC,SEMAGLUTIDE,,"",PS,Disability,DS,2024Q3,Younger Adults (18–64)
24145108,1,63,YR,F,,"",US,US,SEMAGLUTIDE,SEMAGLUTIDE,,"",PS,Fatigue,OT,2024Q3,Younger Adults (18–64)
24145432,1,60,YR,F,,"",US,US,OZEMPIC,SEMAGLUTIDE,,"",PS,Blindness unilateral,OT,2024Q3,Younger Adults (18–64)
24145433,2,64,YR,M,104.04,KG,US,US,OZEMPIC,SEMAGLUTIDE,0.25,MG,PS,Renal cyst,HO,2024Q3,Younger Adults (18–64)
24145434,2,46,YR,M,180.5,KG,US,US,OZEMPIC,SEMAGLUTIDE,0.25,MG,PS,Gastritis,HO,2024Q4,Younger Adults (18–64)
24145443,1,96,YR,,,"",US,US,OZEMPIC,SEMAGLUTIDE,0.5,MG,PS,Graves' disease,OT,2024Q3,Older Adults (≥65)
24145446,2,63,YR,F,,"",US,US,OZEMPIC,SEMAGLUTIDE,,"",PS,Vision blurred,OT,2024Q3,Younger Adults (18–64)
24145781,1,63,YR,F,,"",US,US,OZEMPIC,SEMAGLUTIDE,0.25,MG,PS,Chest pain,HO,2024Q3,Younger Adults (18–64)
24145785,2,55,YR,F,90.703,KG,US,US,OZEMPIC,SEMAGLUTIDE,0.5,MG,PS,Nausea,HO,2024Q4,Younger Adults (18–64)
24145788,1,69,YR,M,,"",US,US,OZEMPIC,SEMAGLUTIDE,0.5,MG,PS,Vitreous floaters,OT,2024Q3,Older Adults (≥65)
24147220,1,47,YR,M,131.9,KG,US,,OZEMPIC,SEMAGLUTIDE,2.4,MG,PS,Large intestine perforation,LT,2024Q3,Younger Adults (18–64)
24147619,1,37,YR,M,,"",US,US,OZEMPIC,SEMAGLUTIDE,,"",PS,Wernicke's encephalopathy,OT,2024Q3,Younger Adults (18–64)
24148075,1,24,YR,F,141.75,KG,US,,OZEMPIC,SEMAGLUTIDE,,"",PS,Ovarian cyst ruptured,HO,2024Q3,Younger Adults (18–64)
24149670,1,77,YR,F,,"",US,US,OZEMPIC,SEMAGLUTIDE,1,MG,PS,Cataract,OT,2024Q3,Older Adults (≥65)
24149672,2,55,YR,F,99,KG,US,US,OZEMPIC,SEMAGLUTIDE,0.25,MG,PS,Ileus,HO,2024Q4,Younger Adults (18–64)
24149673,2,49,YR,F,92.063,KG,US,US,OZEMPIC,SEMAGLUTIDE,0.25,MG,PS,Faecalith,HO,2024Q4,Younger Adults (18–64)
24149674,2,49,YR,F,99.79,KG,US,US,OZEMPIC,SEMAGLUTIDE,0.5,MG,PS,Small intestinal obstruction,HO,2024Q4,Younger Adults (18–64)
24149685,2,49,YR,F,,"",US,US,OZEMPIC,SEMAGLUTIDE,0.25,MG,PS,Aplastic anaemia,HO,2024Q4,Younger Adults (18–64)
24149715,1,49,YR,F,,"",US,US,OZEMPIC,SEMAGLUTIDE,,"",PS,Ileus,HO,2024Q3,Younger Adults (18–64)
24149719,2,61,YR,F,88.45,KG,US,US,OZEMPIC,SEMAGLUTIDE,0.25,MG,PS,Diarrhoea,HO,2024Q4,Younger Adults (18–64)
24149721,2,39,YR,F,,"",US,US,OZEMPIC,SEMAGLUTIDE,,"",PS,Impaired gastric emptying,HO,2024Q4,Younger Adults (18–64)
24149724,2,53,YR,F,68.027,KG,US,US,OZEMPIC,SEMAGLUTIDE,0.25,MG,PS,Nausea,HO,2024Q4,Younger Adults (18–64)
24149727,2,53,YR,F,105.22,KG,US,US,OZEMPIC,SEMAGLUTIDE,0.5,MG,PS,Product use issue,HO,2024Q4,Younger Adults (18–64)
24149729,2,49,YR,F,,"",US,US,WEGOVY,SEMAGLUTIDE,0.25,MG,PS,Malnutrition,HO,2024Q4,Younger Adults (18–64)
24149955,2,70,YR,M,,"",US,US,RYBELSUS,SEMAGLUTIDE,3,MG,PS,Colitis,HO,2024Q3,Older Adults (≥65)
24151183,1,48,YR,F,68.85,KG,US,,WEGOVY,SEMAGLUTIDE,,"",PS,Heart rate increased,,2024Q3,Younger Adults (18–64)
24151984,1,33,YR,F,,"",US,,OZEMPIC,SEMAGLUTIDE,1,MG,PS,Cerebrovascular accident,OT,2024Q3,Younger Adults (18–64)
24152565,1,61,YR,F,66.6,KG,US,,OZEMPIC,SEMAGLUTIDE,,"",PS,Pancreatitis,OT,2024Q3,Younger Adults (18–64)
24154550,3,74,YR,F,,"",US,US,OZEMPIC,SEMAGLUTIDE,,"",PS,Constipation,OT,2024Q3,Older Adults (≥65)
24154571,1,40,YR,F,,"",US,US,WEGOVY,SEMAGLUTIDE,,"",PS,Rectal haemorrhage,OT,2024Q3,Younger Adults (18–64)
24156756,1,54,YR,F,81,KG,US,,OZEMPIC,SEMAGLUTIDE,,"",PS,Hypersensitivity,RI,2024Q3,Younger Adults (18–64)
24157552,1,72,YR,,,"",US,US,OZEMPIC,SEMAGLUTIDE,,"",PS,Parkinson's disease,OT,2024Q3,Older Adults (≥65)
24158230,1,53,YR,F,80.1,KG,US,,WEGOVY,SEMAGLUTIDE,,"",PS,Constipation,RI,2024Q3,Younger Adults (18–64)
24160065,4,77,YR,F,,"",US,US,OZEMPIC,SEMAGLUTIDE,,"",PS,Thrombotic stroke,HO,2024Q3,Older Adults (≥65)
24160136,1,65,YR,F,,"",US,US,OZEMPIC,SEMAGLUTIDE,,"",PS,Eye haemorrhage,OT,2024Q3,Older Adults (≥65)
24162426,1,76,YR,F,87,KG,US,,WEGOVY,SEMAGLUTIDE,,"",PS,Diarrhoea,OT,2024Q3,Older Adults (≥65)
24162539,1,41,YR,M,106,KG,US,,CYANOCOBALAMIN\SEMAGLUTIDE,CYANOCOBALAMIN\SEMAGLUTIDE,0.25,MG,PS,Vomiting,OT,2024Q3,Younger Adults (18–64)
24165086,3,75,YR,F,,"",US,US,OZEMPIC,SEMAGLUTIDE,,"",PS,Thrombosis,HO,2024Q4,Older Adults (≥65)
24165089,1,72,YR,M,,"",US,US,WEGOVY,SEMAGLUTIDE,0.5,MG,PS,Pain in extremity,OT,2024Q3,Older Adults (≥65)
24165091,1,71,YR,M,,"",US,US,OZEMPIC,SEMAGLUTIDE,1,MG,PS,Arterial rupture,HO,2024Q3,Older Adults (≥65)
24165092,1,77,YR,F,,"",US,US,OZEMPIC,SEMAGLUTIDE,,"",PS,Cardiac failure,DE,2024Q3,Older Adults (≥65)
24165094,1,59,YR,M,,"",US,US,OZEMPIC,SEMAGLUTIDE,,"",PS,Blindness unilateral,OT,2024Q3,Younger Adults (18–64)
24165096,1,49,YR,F,,"",US,US,OZEMPIC,SEMAGLUTIDE,,"",PS,Abdominal pain upper,HO,2024Q3,Younger Adults (18–64)
24166807,1,76,YR,M,168,LBS,US,,OZEMPIC,SEMAGLUTIDE,,"",PS,Flushing,OT,2024Q3,Older Adults (≥65)
24167134,1,76,YR,M,74.25,KG,US,,OZEMPIC,SEMAGLUTIDE,,"",PS,Abdominal discomfort,,2024Q3,Older Adults (≥65)
24167867,1,54,YR,F,81.9,KG,US,,OZEMPIC,SEMAGLUTIDE,,"",PS,Pelvic pain,,2024Q3,Younger Adults (18–64)
24171862,1,38,YR,,,"",US,US,OZEMPIC,SEMAGLUTIDE,,"",PS,Ileus,HO,2024Q3,Younger Adults (18–64)
24171869,1,44,YR,,,"",US,US,OZEMPIC,SEMAGLUTIDE,,"",PS,Impaired gastric emptying,OT,2024Q3,Younger Adults (18–64)
24171871,2,77,YR,F,,"",US,US,OZEMPIC,SEMAGLUTIDE,0.25,MG,PS,Diarrhoea,,2024Q3,Older Adults (≥65)
24171874,2,52,YR,F,,"",US,US,WEGOVY,SEMAGLUTIDE,,"",PS,Arthropod sting,OT,2024Q3,Younger Adults (18–64)
24171887,1,78,YR,F,,"",US,US,OZEMPIC,SEMAGLUTIDE,0.5,MG,PS,Cataract operation,OT,2024Q3,Older Adults (≥65)
24171964,2,44,YR,F,108.84,KG,US,US,OZEMPIC,SEMAGLUTIDE,0.5,MG,PS,Impaired gastric emptying,HO,2024Q4,Younger Adults (18–64)
24171983,2,40,YR,F,91.61,KG,US,US,OZEMPIC,SEMAGLUTIDE,0.25,MG,PS,Intestinal obstruction,HO,2024Q4,Younger Adults (18–64)
24171985,1,73,YR,F,,"",US,US,OZEMPIC,SEMAGLUTIDE,1,MG,PS,Decreased appetite,HO,2024Q3,Older Adults (≥65)
24171989,2,69,YR,F,93.424,KG,US,US,OZEMPIC,SEMAGLUTIDE,0.25,MG,PS,Ileus,HO,2024Q4,Older Adults (≥65)
24172065,1,78,YR,F,,"",US,US,OZEMPIC,SEMAGLUTIDE,,"",PS,Off label use,OT,2024Q3,Older Adults (≥65)
24172068,1,73,YR,M,,"",US,US,OZEMPIC,SEMAGLUTIDE,1,MG,PS,Faecal disimpaction,OT,2024Q3,Older Adults (≥65)
24172071,3,66,YR,F,,"",US,US,OZEMPIC,SEMAGLUTIDE,1,MG,PS,Cataract operation,OT,2024Q4,Older Adults (≥65)
24172072,1,77,YR,F,,"",US,US,OZEMPIC,SEMAGLUTIDE,0.5,MG,PS,Injection site pain,OT,2024Q3,Older Adults (≥65)
24173300,2,38,YR,F,106.58,KG,US,US,OZEMPIC,SEMAGLUTIDE,0.5,MG,PS,Off label use,HO,2024Q4,Younger Adults (18–64)
24173302,1,57,YR,M,,"",US,US,OZEMPIC,SEMAGLUTIDE,,"",PS,Product use in unapproved indication,OT,2024Q3,Younger Adults (18–64)
24173384,2,43,YR,M,126.08,KG,US,US,OZEMPIC,SEMAGLUTIDE,,"",PS,Product use issue,HO,2024Q4,Younger Adults (18–64)
24173387,2,49,YR,F,68.027,KG,US,US,OZEMPIC,SEMAGLUTIDE,0.5,MG,PS,Intestinal obstruction,HO,2024Q4,Younger Adults (18–64)
24173394,2,72,YR,M,,"",US,US,OZEMPIC,SEMAGLUTIDE,,"",PS,Cardiac disorder,HO,2024Q3,Older Adults (≥65)
24173449,1,69,YR,M,,"",US,US,OZEMPIC,SEMAGLUTIDE,0.5,MG,PS,Blood pressure abnormal,HO,2024Q3,Older Adults (≥65)
24173576,2,76,YR,F,,"",US,US,OZEMPIC,SEMAGLUTIDE,,"",PS,Influenza,HO,2024Q3,Older Adults (≥65)
24173581,2,67,YR,F,,"",US,US,OZEMPIC,SEMAGLUTIDE,1,MG,PS,Weight decreased,HO,2024Q3,Older Adults (≥65)
24176335,1,73,YR,M,,"",US,US,OZEMPIC,SEMAGLUTIDE,0.25,MG,PS,Visual impairment,HO,2024Q3,Older Adults (≥65)
24176412,1,67,YR,F,,"",US,US,OZEMPIC,SEMAGLUTIDE,0.5,MG,PS,Systemic lupus erythematosus,OT,2024Q3,Older Adults (≥65)
24176413,1,75,YR,M,,"",US,US,OZEMPIC,SEMAGLUTIDE,,"",PS,Myocardial infarction,HO,2024Q3,Older Adults (≥65)
24180537,1,76,YR,F,135,KG,US,,SEMAGLUTIDE,SEMAGLUTIDE,0.25,MG,PS,Lip swelling,OT,2024Q3,Older Adults (≥65)
24180546,1,52,YR,F,121.7,KG,US,,OZEMPIC,SEMAGLUTIDE,0.5,MG,PS,Diarrhoea,LT,2024Q3,Younger Adults (18–64)
24183993,1,36,YR,F,80.1,KG,US,,OZEMPIC,SEMAGLUTIDE,1,MG,PS,Depressed mood,OT,2024Q3,Younger Adults (18–64)
24184044,1,67,YR,M,104,KG,US,US,OZEMPIC,SEMAGLUTIDE,,"",PS,Acute kidney injury,HO,2024Q3,Older Adults (≥65)
24184105,1,66,YR,F,70.9,KG,US,,OZEMPIC,SEMAGLUTIDE,0.25,MG,PS,Pancreatitis necrotising,LT,2024Q3,Older Adults (≥65)
24189818,2,49,YR,F,116.1,KG,US,US,OZEMPIC,SEMAGLUTIDE,0.5,MG,PS,Gastritis,HO,2024Q4,Younger Adults (18–64)
24189820,2,63,YR,F,77.098,KG,US,US,WEGOVY,SEMAGLUTIDE,0.25,MG,PS,Constipation,HO,2024Q4,Younger Adults (18–64)
24189828,1,59,YR,F,82.35,KG,US,,WEGOVY,SEMAGLUTIDE,,"",PS,Therapy cessation,RI,2024Q3,Younger Adults (18–64)
24189838,2,39,YR,F,114.74,KG,US,US,OZEMPIC,SEMAGLUTIDE,0.5,MG,PS,Constipation,HO,2024Q4,Younger Adults (18–64)
24189839,2,40,YR,F,106.12,KG,US,US,WEGOVY,SEMAGLUTIDE,0.5,MG,PS,Blood pressure abnormal,HO,2024Q4,Younger Adults (18–64)
24190334,1,68,YR,F,86.4,KG,US,,OZEMPIC,SEMAGLUTIDE,,"",PS,Paraesthesia,,2024Q3,Older Adults (≥65)
24190898,1,50,YR,UNK,,"",US,,OZEMPIC,SEMAGLUTIDE,0.75,ML,PS,Blood glucose increased,RI,2024Q3,Younger Adults (18–64)
24191017,1,77,YR,F,72.45,KG,US,,WEGOVY,SEMAGLUTIDE,,"",PS,Cerebrovascular accident,HO,2024Q3,Older Adults (≥65)
24191910,1,75,YR,F,,"",US,US,OZEMPIC,SEMAGLUTIDE,,"",PS,Dehydration,HO,2024Q3,Older Adults (≥65)
24192036,2,72,YR,F,,"",US,US,OZEMPIC,SEMAGLUTIDE,1,MG,PS,Scoliosis,OT,2024Q3,Older Adults (≥65)
24192042,1,54,YR,M,,"",US,US,WEGOVY,SEMAGLUTIDE,,"",PS,Atrial fibrillation,OT,2024Q3,Younger Adults (18–64)
24192111,2,66,YR,F,102.49,KG,US,US,OZEMPIC,SEMAGLUTIDE,0.5,MG,PS,Constipation,HO,2024Q4,Older Adults (≥65)
24192112,2,73,YR,F,,"",US,US,OZEMPIC,SEMAGLUTIDE,0.5,MG,PS,Fall,OT,2024Q3,Older Adults (≥65)
24192176,1,44,YR,,,"",US,US,OZEMPIC,SEMAGLUTIDE,,"",PS,Impaired gastric emptying,OT,2024Q3,Younger Adults (18–64)
24194409,1,33,YR,F,70.65,KG,US,,SEMAGLUTIDE,SEMAGLUTIDE,,"",PS,Mass,RI,2024Q3,Younger Adults (18–64)
24195855,2,84,YR,M,,"",US,US,OZEMPIC,SEMAGLUTIDE,,"",PS,Cochlea implant,OT,2024Q4,Older Adults (≥65)
24195982,1,53,YR,F,119.25,KG,US,,OZEMPIC,SEMAGLUTIDE,0.5,MG,PS,Alopecia,,2024Q3,Younger Adults (18–64)
24198186,1,42,YR,F,,"",US,US,OZEMPIC,SEMAGLUTIDE,2,MG,PS,Viral infection,HO,2024Q3,Younger Adults (18–64)
24198196,2,53,YR,F,,"",US,US,OZEMPIC,SEMAGLUTIDE,0.25,MG,PS,Cholelithiasis,HO,2024Q4,Younger Adults (18–64)
24198230,1,74,YR,F,,"",US,US,RYBELSUS,SEMAGLUTIDE,7,MG,PS,Glycosylated haemoglobin decreased,HO,2024Q3,Older Adults (≥65)
24198379,1,47,YR,F,,"",US,US,WEGOVY,SEMAGLUTIDE,,"",PS,Visual field defect,OT,2024Q3,Younger Adults (18–64)
24198382,1,76,YR,F,,"",US,US,OZEMPIC,SEMAGLUTIDE,,"",PS,Macular degeneration,OT,2024Q3,Older Adults (≥65)
24198383,2,63,YR,F,104.31,KG,US,US,OZEMPIC,SEMAGLUTIDE,2,MG,PS,Injection site bruising,OT,2024Q4,Younger Adults (18–64)
24198386,1,68,YR,F,,"",US,US,OZEMPIC,SEMAGLUTIDE,0.5,MG,PS,Trigger finger,OT,2024Q3,Older Adults (≥65)
24198395,2,57,YR,F,86.168,KG,US,US,OZEMPIC,SEMAGLUTIDE,0.5,MG,PS,Product use issue,OT,2024Q4,Younger Adults (18–64)
24198396,2,57,YR,M,,"",US,US,OZEMPIC,SEMAGLUTIDE,0.5,MG,PS,Constipation,HO,2024Q4,Younger Adults (18–64)
24198407,1,62,YR,F,,"",US,US,OZEMPIC,SEMAGLUTIDE,2,MG,PS,Off label use,OT,2024Q3,Younger Adults (18–64)
24198408,2,40,YR,F,58.957,KG,US,US,OZEMPIC,SEMAGLUTIDE,0.25,MG,PS,Constipation,OT,2024Q4,Younger Adults (18–64)
24198409,1,67,YR,M,,"",US,US,WEGOVY,SEMAGLUTIDE,,"",PS,Cerebrovascular accident,HO,2024Q3,Older Adults (≥65)
24198597,1,35,YR,M,,"",US,US,OZEMPIC,SEMAGLUTIDE,,"",PS,Intestinal obstruction,OT,2024Q3,Younger Adults (18–64)
24198654,2,78,YR,F,,"",US,US,SEMAGLUTIDE,SEMAGLUTIDE,,"",PS,Tremor,HO,2024Q4,Older Adults (≥65)
24198768,2,41,YR,M,129.2,KG,US,US,OZEMPIC,SEMAGLUTIDE,0.5,MG,PS,Diarrhoea,HO,2024Q4,Younger Adults (18–64)
24198770,1,59,YR,,,"",US,US,OZEMPIC,SEMAGLUTIDE,,"",PS,Ileus,OT,2024Q3,Younger Adults (18–64)
24198773,1,51,YR,,,"",US,US,OZEMPIC,SEMAGLUTIDE,,"",PS,Ileus,OT,2024Q3,Younger Adults (18–64)
24198774,1,68,YR,,,"",US,US,OZEMPIC,SEMAGLUTIDE,,"",PS,Ileus,OT,2024Q3,Older Adults (≥65)
24198775,1,83,YR,M,,"",US,US,OZEMPIC,SEMAGLUTIDE,,"",PS,Cardiac disorder,HO,2024Q3,Older Adults (≥65)
24198776,1,46,YR,,,"",US,US,OZEMPIC,SEMAGLUTIDE,,"",PS,Intestinal obstruction,OT,2024Q3,Younger Adults (18–64)
24198777,1,49,YR,,,"",US,US,OZEMPIC,SEMAGLUTIDE,,"",PS,Intestinal obstruction,OT,2024Q3,Younger Adults (18–64)
24199663,2,62,YR,F,91.61,KG,US,US,OZEMPIC,SEMAGLUTIDE,0.25,MG,PS,Ileus,HO,2024Q4,Younger Adults (18–64)
24200806,1,38,YR,F,69.75,KG,US,,SEMAGLUTIDE,SEMAGLUTIDE,,"",PS,Anxiety,,2024Q3,Younger Adults (18–64)
24202643,1,57,YR,M,,"",US,US,OZEMPIC,SEMAGLUTIDE,1,MG,PS,Inappropriate schedule of product administration,OT,2024Q3,Younger Adults (18–64)
24202645,1,51,YR,M,,"",US,US,OZEMPIC,SEMAGLUTIDE,0.5,MG,PS,Impaired gastric emptying,HO,2024Q3,Younger Adults (18–64)
24202646,1,69,YR,,,"",US,US,OZEMPIC,SEMAGLUTIDE,,"",PS,Impaired gastric emptying,OT,2024Q3,Older Adults (≥65)
24202649,2,45,YR,F,136.05,KG,US,US,WEGOVY,SEMAGLUTIDE,1.7,MG,PS,Inappropriate schedule of product administration,HO,2024Q4,Younger Adults (18–64)
24202650,1,64,YR,,,"",US,US,RYBELSUS,SEMAGLUTIDE,,"",PS,Ileus,OT,2024Q3,Younger Adults (18–64)
24202670,2,62,YR,M,,"",US,US,OZEMPIC,SEMAGLUTIDE,2,MG,PS,Brain operation,OT,2024Q4,Younger Adults (18–64)
24202677,2,48,YR,F,109.75,KG,US,US,OZEMPIC,SEMAGLUTIDE,2,MG,PS,Decreased appetite,HO,2024Q4,Younger Adults (18–64)
24202678,1,40,YR,,,"",US,US,OZEMPIC,SEMAGLUTIDE,,"",PS,Intestinal obstruction,HO,2024Q3,Younger Adults (18–64)
24202679,2,69,YR,F,61.678,KG,US,US,OZEMPIC,SEMAGLUTIDE,0.25,MG,PS,Constipation,HO,2024Q4,Older Adults (≥65)
24202683,1,64,YR,F,,"",US,US,WEGOVY,SEMAGLUTIDE,,"",PS,Renal disorder,OT,2024Q3,Younger Adults (18–64)
24205609,1,28,YR,F,75.6,KG,US,,OZEMPIC,SEMAGLUTIDE,,"",PS,Heavy menstrual bleeding,OT,2024Q3,Younger Adults (18–64)
24206367,1,57,YR,M,92.25,KG,US,,OZEMPIC,SEMAGLUTIDE,,"",PS,Blood glucose decreased,LT,2024Q3,Younger Adults (18–64)
24207563,1,44,YR,,,"",US,US,OZEMPIC,SEMAGLUTIDE,,"",PS,Impaired gastric emptying,OT,2024Q3,Younger Adults (18–64)
24207564,1,58,YR,,,"",US,US,OZEMPIC,SEMAGLUTIDE,,"",PS,Intestinal obstruction,OT,2024Q3,Younger Adults (18–64)
24207575,2,39,YR,M,145.13,KG,US,US,WEGOVY,SEMAGLUTIDE,0.5,MG,PS,Decreased appetite,HO,2024Q4,Younger Adults (18–64)
24207580,1,52,YR,,,"",US,US,OZEMPIC,SEMAGLUTIDE,,"",PS,Ileus,OT,2024Q3,Younger Adults (18–64)
24207582,1,51,YR,M,,"",US,US,OZEMPIC,SEMAGLUTIDE,0.5,MG,PS,Decreased appetite,HO,2024Q3,Younger Adults (18–64)
24208885,1,39,YR,M,84.6,KG,US,,OZEMPIC,SEMAGLUTIDE,,"",PS,Skin burning sensation,,2024Q3,Younger Adults (18–64)
24210734,1,61,YR,F,84.6,KG,US,,SEMAGLUTIDE,SEMAGLUTIDE,,"",PS,Vomiting,LT,2024Q3,Younger Adults (18–64)
24210874,1,44,YR,F,66.6,KG,US,,WEGOVY,SEMAGLUTIDE,,"",PS,Alopecia,HO,2024Q3,Younger Adults (18–64)
24213203,1,44,YR,F,81,KG,US,,OZEMPIC,SEMAGLUTIDE,,"",PS,Alanine aminotransferase increased,LT,2024Q3,Younger Adults (18–64)
24213470,1,42,YR,,,"",US,US,OZEMPIC,SEMAGLUTIDE,,"",PS,Intestinal obstruction,OT,2024Q3,Younger Adults (18–64)
24213471,1,45,YR,,,"",US,US,OZEMPIC,SEMAGLUTIDE,,"",PS,Ileus,OT,2024Q3,Younger Adults (18–64)
24213475,1,67,YR,,,"",US,US,OZEMPIC,SEMAGLUTIDE,,"",PS,Intestinal obstruction,OT,2024Q3,Older Adults (≥65)
24215161,1,50,YR,,,"",US,US,OZEMPIC,SEMAGLUTIDE,,"",PS,Intestinal obstruction,HO,2024Q3,Younger Adults (18–64)
24215165,1,67,YR,F,,"",US,US,WEGOVY,SEMAGLUTIDE,,"",PS,Drug-induced liver injury,OT,2024Q3,Older Adults (≥65)
24215170,2,39,YR,F,79.37,KG,US,US,OZEMPIC,SEMAGLUTIDE,,"",PS,Vomiting,HO,2024Q4,Younger Adults (18–64)
24215172,1,71,YR,M,,"",US,US,OZEMPIC,SEMAGLUTIDE,1,MG,PS,Bladder cancer,OT,2024Q3,Older Adults (≥65)
24215178,6,84,YR,M,,"",US,US,OZEMPIC,SEMAGLUTIDE,1,MG,PS,Craniofacial fracture,HO,2024Q4,Older Adults (≥65)
24215260,1,61,YR,,,"",US,US,OZEMPIC,SEMAGLUTIDE,,"",PS,Ileus,OT,2024Q3,Younger Adults (18–64)
24215261,1,55,YR,,,"",US,US,OZEMPIC,SEMAGLUTIDE,,"",PS,Intestinal obstruction,OT,2024Q3,Younger Adults (18–64)
24215267,1,55,YR,,,"",US,US,OZEMPIC,SEMAGLUTIDE,,"",PS,Intestinal obstruction,OT,2024Q3,Younger Adults (18–64)
24215273,1,59,YR,,,"",US,US,OZEMPIC,SEMAGLUTIDE,,"",PS,Ileus,OT,2024Q3,Younger Adults (18–64)
24215274,1,79,YR,M,,"",US,US,OZEMPIC,SEMAGLUTIDE,0.25,MG,PS,Hospitalisation,HO,2024Q3,Older Adults (≥65)
24215275,1,75,YR,F,,"",US,US,OZEMPIC,SEMAGLUTIDE,,"",PS,Nephrolithiasis,HO,2024Q3,Older Adults (≥65)
24215278,1,49,YR,,,"",US,US,OZEMPIC,SEMAGLUTIDE,,"",PS,Intestinal obstruction,OT,2024Q3,Younger Adults (18–64)
24215279,1,50,YR,,,"",US,US,OZEMPIC,SEMAGLUTIDE,,"",PS,Ileus,OT,2024Q3,Younger Adults (18–64)
24217916,1,23,YR,F,98.55,KG,US,,CYANOCOBALAMIN\SEMAGLUTIDE,CYANOCOBALAMIN\SEMAGLUTIDE,100,IU,PS,Vomiting,HO,2024Q3,Younger Adults (18–64)
24218364,1,69,YR,F,115.2,KG,US,,OZEMPIC,SEMAGLUTIDE,,"",PS,Dyspepsia,DS,2024Q3,Older Adults (≥65)
24218616,1,61,YR,F,76.5,KG,US,,WEGOVY,SEMAGLUTIDE,,"",PS,Loss of consciousness,OT,2024Q3,Younger Adults (18–64)
24221271,1,43,YR,M,,"",US,US,OZEMPIC,SEMAGLUTIDE,0.25,MG,PS,Necrotising panniculitis,HO,2024Q3,Younger Adults (18–64)
24221275,1,42,YR,F,,"",US,US,WEGOVY,SEMAGLUTIDE,1.7,MG,PS,Abortion spontaneous,OT,2024Q3,Younger Adults (18–64)
24221276,1,79,YR,,,"",US,US,OZEMPIC,SEMAGLUTIDE,0.5,MG,PS,Intestinal obstruction,HO,2024Q3,Older Adults (≥65)
24221279,1,53,YR,,,"",US,US,OZEMPIC,SEMAGLUTIDE,,"",PS,Ileus,OT,2024Q3,Younger Adults (18–64)
24221282,1,68,YR,,,"",US,US,OZEMPIC,SEMAGLUTIDE,,"",PS,Ileus,HO,2024Q3,Older Adults (≥65)
24221291,1,67,YR,M,,"",US,US,RYBELSUS,SEMAGLUTIDE,7,MG,PS,Brain injury,HO,2024Q3,Older Adults (≥65)
24221296,1,74,YR,F,,"",US,US,OZEMPIC,SEMAGLUTIDE,,"",PS,Mammoplasty,OT,2024Q3,Older Adults (≥65)
24221317,1,81,YR,M,,"",US,US,OZEMPIC,SEMAGLUTIDE,,"",PS,Abdominal discomfort,OT,2024Q3,Older Adults (≥65)
24221322,1,42,YR,,,"",US,US,OZEMPIC,SEMAGLUTIDE,,"",PS,Intestinal obstruction,OT,2024Q3,Younger Adults (18–64)
24221324,1,52,YR,F,,"",US,US,OZEMPIC,SEMAGLUTIDE,0.5,MG,PS,Product use in unapproved indication,OT,2024Q3,Younger Adults (18–64)
24221326,2,57,YR,F,,"",US,US,OZEMPIC,SEMAGLUTIDE,1,MG,PS,Brain injury,OT,2024Q4,Younger Adults (18–64)
24221328,1,57,YR,,,"",US,US,OZEMPIC,SEMAGLUTIDE,,"",PS,Intestinal obstruction,OT,2024Q3,Younger Adults (18–64)
24221342,1,50,YR,M,,"",US,US,OZEMPIC,SEMAGLUTIDE,,"",PS,Periorbital disorder,OT,2024Q3,Younger Adults (18–64)
24221343,1,45,YR,F,,"",US,US,OZEMPIC,SEMAGLUTIDE,,"",PS,Intestinal obstruction,OT,2024Q3,Younger Adults (18–64)
24221345,1,41,YR,,,"",US,US,OZEMPIC,SEMAGLUTIDE,,"",PS,Ileus,OT,2024Q3,Younger Adults (18–64)
24221347,1,62,YR,,,"",US,US,OZEMPIC,SEMAGLUTIDE,,"",PS,Ileus,HO,2024Q3,Younger Adults (18–64)
24221348,1,51,YR,,,"",US,US,OZEMPIC,SEMAGLUTIDE,,"",PS,Intestinal obstruction,OT,2024Q3,Younger Adults (18–64)
24221349,1,29,YR,,,"",US,US,OZEMPIC,SEMAGLUTIDE,,"",PS,Ileus,OT,2024Q3,Younger Adults (18–64)
24221350,1,53,YR,F,,"",US,US,OZEMPIC,SEMAGLUTIDE,,"",PS,Ileus,OT,2024Q3,Younger Adults (18–64)
24221468,1,63,YR,,,"",US,US,OZEMPIC,SEMAGLUTIDE,,"",PS,Ileus,HO,2024Q3,Younger Adults (18–64)
24221469,1,67,YR,,,"",US,US,OZEMPIC,SEMAGLUTIDE,,"",PS,Intestinal obstruction,OT,2024Q3,Older Adults (≥65)
24221470,1,71,YR,,,"",US,US,OZEMPIC,SEMAGLUTIDE,,"",PS,Ileus,OT,2024Q3,Older Adults (≥65)
24223949,1,42,YR,F,130.5,KG,US,,OZEMPIC,SEMAGLUTIDE,,"",PS,Thyroid disorder,OT,2024Q3,Younger Adults (18–64)
24223952,1,47,YR,F,121.5,KG,US,,OZEMPIC,SEMAGLUTIDE,,"",PS,Lymphadenopathy,OT,2024Q3,Younger Adults (18–64)
24223957,1,28,YR,F,121.5,KG,US,,WEGOVY,SEMAGLUTIDE,,"",PS,Vaginal haemorrhage,,2024Q3,Younger Adults (18–64)
24223963,1,32,YR,UNK,86.4,KG,US,,WEGOVY,SEMAGLUTIDE,,"",PS,Allodynia,,2024Q3,Younger Adults (18–64)
24224194,1,38,YR,M,108,KG,US,,SEMAGLUTIDE,SEMAGLUTIDE,,"",PS,Cardiac disorder,LT,2024Q3,Younger Adults (18–64)
24224325,1,50,YR,F,72.45,KG,US,,SEMAGLUTIDE,SEMAGLUTIDE,,"",PS,Ageusia,,2024Q3,Younger Adults (18–64)
24225090,1,41,YR,,,"",US,US,WEGOVY,SEMAGLUTIDE,,"",PS,Intestinal obstruction,HO,2024Q3,Younger Adults (18–64)
24225094,1,58,YR,,,"",US,US,OZEMPIC,SEMAGLUTIDE,,"",PS,Intestinal obstruction,HO,2024Q3,Younger Adults (18–64)
24225095,1,75,YR,F,,"",US,US,OZEMPIC,SEMAGLUTIDE,1,MG,PS,Haemorrhoids,OT,2024Q3,Older Adults (≥65)
24225096,2,69,YR,F,,"",US,US,OZEMPIC,SEMAGLUTIDE,,"",PS,Diarrhoea,HO,2024Q4,Older Adults (≥65)
24225098,1,65,YR,,,"",US,US,OZEMPIC,SEMAGLUTIDE,,"",PS,Impaired gastric emptying,OT,2024Q3,Older Adults (≥65)
24225099,1,37,YR,,,"",US,US,OZEMPIC,SEMAGLUTIDE,,"",PS,Ileus,OT,2024Q3,Younger Adults (18–64)
24225100,1,62,YR,,,"",US,US,OZEMPIC,SEMAGLUTIDE,1,MG,PS,Product use in unapproved indication,OT,2024Q3,Younger Adults (18–64)
24225103,1,57,YR,,,"",US,US,OZEMPIC,SEMAGLUTIDE,,"",PS,Impaired gastric emptying,OT,2024Q3,Younger Adults (18–64)
24225111,1,63,YR,,,"",US,US,OZEMPIC,SEMAGLUTIDE,,"",PS,Intestinal obstruction,OT,2024Q3,Younger Adults (18–64)
24225114,1,55,YR,,,"",US,US,OZEMPIC,SEMAGLUTIDE,,"",PS,Impaired gastric emptying,OT,2024Q3,Younger Adults (18–64)
24225115,1,54,YR,M,,"",US,US,OZEMPIC,SEMAGLUTIDE,,"",PS,Intestinal obstruction,OT,2024Q3,Younger Adults (18–64)
24225116,1,62,YR,,,"",US,US,OZEMPIC,SEMAGLUTIDE,,"",PS,Intestinal obstruction,HO,2024Q3,Younger Adults (18–64)
24225118,1,51,YR,,,"",US,US,WEGOVY,SEMAGLUTIDE,,"",PS,Impaired gastric emptying,OT,2024Q3,Younger Adults (18–64)
24225119,1,59,YR,,,"",US,US,OZEMPIC,SEMAGLUTIDE,,"",PS,Intestinal obstruction,OT,2024Q3,Younger Adults (18–64)
24225263,2,76,YR,F,,"",US,US,OZEMPIC,SEMAGLUTIDE,0.25,MG,PS,Food poisoning,HO,2024Q3,Older Adults (≥65)
24225267,1,48,YR,F,,"",US,US,WEGOVY,SEMAGLUTIDE,2.4,MG,PS,Nausea,OT,2024Q3,Younger Adults (18–64)
24225272,1,44,YR,M,,"",US,US,WEGOVY,SEMAGLUTIDE,,"",PS,Syncope,OT,2024Q3,Younger Adults (18–64)
24225352,1,41,YR,,,"",US,US,OZEMPIC,SEMAGLUTIDE,,"",PS,Thrombectomy,HO,2024Q3,Younger Adults (18–64)
24225355,1,54,YR,,,"",US,US,OZEMPIC,SEMAGLUTIDE,,"",PS,Intestinal obstruction,OT,2024Q3,Younger Adults (18–64)
24225450,2,54,YR,F,,"",US,US,WEGOVY,SEMAGLUTIDE,1,MG,PS,Dyspnoea,HO,2024Q4,Younger Adults (18–64)
24225463,2,70,YR,M,,"",US,US,OZEMPIC,SEMAGLUTIDE,,"",PS,Transitional cell carcinoma,OT,2024Q4,Older Adults (≥65)
24225465,2,48,YR,F,,"",US,US,OZEMPIC,SEMAGLUTIDE,,"",PS,Insomnia,HO,2024Q3,Younger Adults (18–64)
24229201,1,62,YR,F,72,KG,US,,SEMAGLUTIDE,SEMAGLUTIDE,,"",PS,Pancreatitis,HO,2024Q3,Younger Adults (18–64)
24230510,1,74,YR,F,,"",US,US,OZEMPIC,SEMAGLUTIDE,,"",PS,Vomiting,HO,2024Q3,Older Adults (≥65)
24230511,1,46,YR,,,"",US,US,OZEMPIC,SEMAGLUTIDE,,"",PS,Ileus,OT,2024Q3,Younger Adults (18–64)
24230513,1,50,YR,,,"",US,US,OZEMPIC,SEMAGLUTIDE,,"",PS,Intestinal obstruction,OT,2024Q3,Younger Adults (18–64)
24230518,1,69,YR,,,"",US,US,OZEMPIC,SEMAGLUTIDE,,"",PS,Impaired gastric emptying,OT,2024Q3,Older Adults (≥65)
24230533,1,59,YR,,,"",US,US,OZEMPIC,SEMAGLUTIDE,,"",PS,Cholecystectomy,HO,2024Q3,Younger Adults (18–64)
24230534,1,64,YR,,,"",US,US,OZEMPIC,SEMAGLUTIDE,,"",PS,Intestinal obstruction,OT,2024Q3,Younger Adults (18–64)
24230535,1,59,YR,M,,"",US,US,OZEMPIC,SEMAGLUTIDE,2,MG,PS,Off label use,HO,2024Q3,Younger Adults (18–64)
24230679,1,56,YR,M,94.34,KG,US,US,OZEMPIC,SEMAGLUTIDE,,"",PS,Blood cholesterol abnormal,OT,2024Q3,Younger Adults (18–64)
24234402,1,65,YR,F,78.75,KG,US,,RYBELSUS,SEMAGLUTIDE,,"",PS,Dyspepsia,OT,2024Q3,Older Adults (≥65)
24235932,1,55,YR,F,,"",US,US,WEGOVY,SEMAGLUTIDE,,"",PS,Disability,DS,2024Q3,Younger Adults (18–64)
24235939,1,22,YR,M,,"",US,US,WEGOVY,SEMAGLUTIDE,0.25,MG,PS,Product use in unapproved indication,OT,2024Q3,Younger Adults (18–64)
24235972,1,73,YR,F,,"",US,US,OZEMPIC,SEMAGLUTIDE,,"",PS,Cataract,OT,2024Q3,Older Adults (≥65)
24237421,1,66,YR,M,109.35,KG,US,,OZEMPIC,SEMAGLUTIDE,,"",PS,Anhedonia,LT,2024Q3,Older Adults (≥65)
24237507,1,57,YR,F,126,KG,US,,OZEMPIC,SEMAGLUTIDE,,"",PS,Drug ineffective,LT,2024Q3,Younger Adults (18–64)
24237663,1,51,YR,F,117,KG,US,,OZEMPIC,SEMAGLUTIDE,,"",PS,Impaired gastric emptying,OT,2024Q3,Younger Adults (18–64)
24238025,1,41,YR,F,99.9,KG,US,,WEGOVY,SEMAGLUTIDE,,"",PS,Hypophagia,,2024Q3,Younger Adults (18–64)
24238027,1,56,YR,F,84.15,KG,US,,WEGOVY,SEMAGLUTIDE,,"",PS,Crying,RI,2024Q3,Younger Adults (18–64)
24238916,1,45,YR,F,,"",US,,OZEMPIC,SEMAGLUTIDE,,"",PS,Nausea,DS,2024Q3,Younger Adults (18–64)
24238918,1,39,YR,F,82.8,KG,US,,SEMAGLUTIDE,SEMAGLUTIDE,,"",PS,Disability,LT,2024Q3,Younger Adults (18–64)
24240774,2,42,YR,F,,"",US,US,OZEMPIC,SEMAGLUTIDE,2,MG,PS,Fall,HO,2024Q4,Younger Adults (18–64)
24240856,1,64,YR,M,,"",US,US,RYBELSUS,SEMAGLUTIDE,7,MG,PS,Pancreatic neuroendocrine tumour,OT,2024Q3,Younger Adults (18–64)
24240857,1,54,YR,M,,"",US,US,OZEMPIC,SEMAGLUTIDE,,"",PS,Hyperplasia adrenal,OT,2024Q3,Younger Adults (18–64)
24240864,1,53,YR,M,,"",US,US,OZEMPIC,SEMAGLUTIDE,,"",PS,Myocardial infarction,DE,2024Q3,Younger Adults (18–64)
24240866,1,63,YR,F,,"",US,US,OZEMPIC,SEMAGLUTIDE,1,MG,PS,Diarrhoea,HO,2024Q3,Younger Adults (18–64)
24240867,1,50,YR,F,,"",US,US,OZEMPIC,SEMAGLUTIDE,,"",PS,Pancreatic atrophy,OT,2024Q3,Younger Adults (18–64)
24242982,1,44,YR,F,105.75,KG,US,,OZEMPIC,SEMAGLUTIDE,,"",PS,Pancreatic neuroendocrine tumour,LT,2024Q3,Younger Adults (18–64)
24243252,1,40,YR,F,95.4,KG,US,,SEMAGLUTIDE,SEMAGLUTIDE,,"",PS,Vomiting,OT,2024Q3,Younger Adults (18–64)
24246814,1,29,YR,F,,"",US,US,WEGOVY,SEMAGLUTIDE,2.4,MG,PS,Maternal exposure during pregnancy,OT,2024Q3,Younger Adults (18–64)
24246832,1,80,YR,F,,"",US,US,OZEMPIC,SEMAGLUTIDE,,"",PS,Fall,HO,2024Q3,Older Adults (≥65)
24246913,1,43,YR,F,,"",US,US,WEGOVY,SEMAGLUTIDE,,"",PS,Maternal exposure during pregnancy,OT,2024Q3,Younger Adults (18–64)
24246953,2,78,YR,M,,"",US,US,OZEMPIC,SEMAGLUTIDE,2,MG,PS,COVID-19 pneumonia,HO,2024Q3,Older Adults (≥65)
24246972,1,50,YR,F,,"",US,US,WEGOVY,SEMAGLUTIDE,2.4,MG,PS,Fall,OT,2024Q3,Younger Adults (18–64)
24246989,1,66,YR,M,,"",US,US,OZEMPIC,SEMAGLUTIDE,0.25,MG,PS,Head injury,HO,2024Q3,Older Adults (≥65)
24246991,1,69,YR,F,,"",US,US,OZEMPIC,SEMAGLUTIDE,,"",PS,Gallbladder adenocarcinoma,OT,2024Q3,Older Adults (≥65)
24246993,3,80,YR,F,88,KG,US,US,OZEMPIC,SEMAGLUTIDE,2,MG,PS,Weight decreased,DE,2024Q4,Older Adults (≥65)
24249386,1,73,YR,M,94.5,KG,US,,OZEMPIC,SEMAGLUTIDE,,"",PS,Constipation,OT,2024Q3,Older Adults (≥65)
24249531,1,67,YR,F,103.5,KG,US,,OZEMPIC,SEMAGLUTIDE,,"",PS,Therapy cessation,HO,2024Q3,Older Adults (≥65)
24250268,1,65,YR,F,,"",US,,OZEMPIC,SEMAGLUTIDE,,"",PS,Tremor,RI,2024Q3,Older Adults (≥65)
24250354,1,62,YR,F,91.35,KG,US,,SEMAGLUTIDE,SEMAGLUTIDE,,"",PS,Therapy cessation,HO,2024Q3,Younger Adults (18–64)
24250480,1,25,YR,F,90,KG,US,,WEGOVY,SEMAGLUTIDE,,"",PS,Panic attack,OT,2024Q3,Younger Adults (18–64)
24250484,1,28,YR,F,83.25,KG,US,,WEGOVY,SEMAGLUTIDE,,"",PS,Depression,LT,2024Q3,Younger Adults (18–64)
24250888,1,32,YR,F,94.5,KG,US,,OZEMPIC,SEMAGLUTIDE,,"",PS,Economic problem,OT,2024Q3,Younger Adults (18–64)
24250944,1,80,YR,M,119.7,KG,US,,WEGOVY,SEMAGLUTIDE,,"",PS,Weight decreased,HO,2024Q3,Older Adults (≥65)
24251022,1,64,YR,F,80.1,KG,US,,OZEMPIC,SEMAGLUTIDE,,"",PS,Pancreatitis,OT,2024Q3,Younger Adults (18–64)
24251606,1,64,YR,F,,"",US,US,OZEMPIC,SEMAGLUTIDE,,"",PS,Retinal vasculitis,OT,2024Q3,Younger Adults (18–64)
24251611,4,47,YR,F,98.6,KG,US,US,OZEMPIC,SEMAGLUTIDE,1,MG,PS,Uterine cyst,HO,2024Q4,Younger Adults (18–64)
24251613,1,46,YR,,,"",US,US,OZEMPIC,SEMAGLUTIDE,,"",PS,Ileus,OT,2024Q3,Younger Adults (18–64)
24251637,1,75,YR,M,,"",US,US,OZEMPIC,SEMAGLUTIDE,1,MG,PS,Chest discomfort,HO,2024Q3,Older Adults (≥65)
24251700,2,71,YR,F,,"",US,US,OZEMPIC,SEMAGLUTIDE,1,MG,PS,Spondylitis,OT,2024Q4,Older Adults (≥65)
24251701,1,75,YR,F,,"",US,US,OZEMPIC,SEMAGLUTIDE,0.5,MG,PS,Influenza,OT,2024Q3,Older Adults (≥65)
24251706,1,46,YR,,,"",US,US,OZEMPIC,SEMAGLUTIDE,,"",PS,Intestinal obstruction,OT,2024Q3,Younger Adults (18–64)
24256394,1,80,YR,M,,"",US,US,RYBELSUS,SEMAGLUTIDE,3,MG,PS,Constipation,HO,2024Q3,Older Adults (≥65)
24256411,1,50,YR,F,,"",US,US,WEGOVY,SEMAGLUTIDE,2.4,MG,PS,Pancreatic carcinoma,LT,2024Q3,Younger Adults (18–64)
24256414,2,60,YR,F,,"",US,US,OZEMPIC,SEMAGLUTIDE,,"",PS,Vision blurred,OT,2024Q4,Younger Adults (18–64)
24256415,1,72,YR,M,,"",US,US,WEGOVY,SEMAGLUTIDE,2.4,MG,PS,Atrial fibrillation,OT,2024Q3,Older Adults (≥65)
24258207,1,62,YR,F,203,LBS,US,,SEMAGLUTIDE,SEMAGLUTIDE,,"",PS,Upper gastrointestinal haemorrhage,HO,2024Q3,Younger Adults (18–64)
24260039,1,60,YR,F,74.1,KG,US,,OZEMPIC,SEMAGLUTIDE,1,MG,PS,Malaise,LT,2024Q3,Younger Adults (18–64)
24260166,1,70,YR,M,81,KG,US,,RYBELSUS,SEMAGLUTIDE,,"",PS,Constipation,OT,2024Q3,Older Adults (≥65)
24261073,1,52,YR,,,"",US,US,OZEMPIC,SEMAGLUTIDE,,"",PS,Ileus,OT,2024Q3,Younger Adults (18–64)
24261074,1,56,YR,F,119.27,KG,US,US,OZEMPIC,SEMAGLUTIDE,,"",PS,Colitis ischaemic,HO,2024Q3,Younger Adults (18–64)
24261076,2,48,YR,F,,"",US,US,OZEMPIC,SEMAGLUTIDE,0.5,MG,PS,Seizure,HO,2024Q4,Younger Adults (18–64)
24261085,1,70,YR,M,,"",US,US,OZEMPIC,SEMAGLUTIDE,,"",PS,Diabetes mellitus,OT,2024Q3,Older Adults (≥65)
24264069,1,38,YR,F,108.9,KG,US,,LEVOCARNITINE\SEMAGLUTIDE,LEVOCARNITINE\SEMAGLUTIDE,,"",PS,Migraine,LT,2024Q3,Younger Adults (18–64)
24264967,1,69,YR,F,65.25,KG,US,,OZEMPIC,SEMAGLUTIDE,,"",PS,Panic attack,OT,2024Q3,Older Adults (≥65)
24265922,1,51,YR,,,"",US,US,OZEMPIC,SEMAGLUTIDE,,"",PS,Ileus,OT,2024Q3,Younger Adults (18–64)
24265924,2,74,YR,M,,"",US,US,OZEMPIC,SEMAGLUTIDE,0.25,MG,PS,Cerebrovascular accident,OT,2024Q3,Older Adults (≥65)
24265925,2,52,YR,F,,"",US,US,WEGOVY,SEMAGLUTIDE,,"",PS,Nephrolithiasis,OT,2024Q3,Younger Adults (18–64)
24265943,1,73,YR,F,,"",US,US,OZEMPIC,SEMAGLUTIDE,1,MG,PS,Constipation,OT,2024Q3,Older Adults (≥65)
24265947,1,32,YR,F,,"",US,US,WEGOVY,SEMAGLUTIDE,0.5,MG,PS,Nephrolithiasis,OT,2024Q3,Younger Adults (18–64)
24266022,1,57,YR,M,,"",US,US,WEGOVY,SEMAGLUTIDE,,"",PS,Off label use,OT,2024Q3,Younger Adults (18–64)
24266050,2,47,YR,F,,"",US,US,OZEMPIC,SEMAGLUTIDE,1,MG,PS,Blood glucose increased,OT,2024Q4,Younger Adults (18–64)
24267421,1,80,YR,M,69,KG,US,,OZEMPIC,SEMAGLUTIDE,,"",PS,Metastases to liver,LT,2024Q3,Older Adults (≥65)
24268224,1,32,YR,F,103.95,KG,US,,WEGOVY,SEMAGLUTIDE,,"",PS,Cholelithiasis,HO,2024Q3,Younger Adults (18–64)
24271748,1,71,YR,F,,"",US,US,OZEMPIC,SEMAGLUTIDE,1,MG,PS,Vitreous floaters,OT,2024Q3,Older Adults (≥65)
24271808,1,41,YR,M,,"",US,US,OZEMPIC,SEMAGLUTIDE,,"",PS,Athetosis,DE,2024Q3,Younger Adults (18–64)
24271811,1,61,YR,,,"",US,US,WEGOVY,SEMAGLUTIDE,,"",PS,Ileus,OT,2024Q3,Younger Adults (18–64)
24271813,1,74,YR,,,"",US,US,OZEMPIC,SEMAGLUTIDE,,"",PS,Intestinal obstruction,OT,2024Q3,Older Adults (≥65)
24271816,1,57,YR,,,"",US,US,OZEMPIC,SEMAGLUTIDE,,"",PS,Intestinal obstruction,OT,2024Q3,Younger Adults (18–64)
24271824,1,72,YR,M,,"",US,US,OZEMPIC,SEMAGLUTIDE,,"",PS,Wrong technique in product usage process,HO,2024Q3,Older Adults (≥65)
24271831,2,70,YR,M,,"",US,US,OZEMPIC,SEMAGLUTIDE,0.5,MG,PS,Muscle spasms,OT,2024Q4,Older Adults (≥65)
24275217,1,48,YR,,,"",US,US,WEGOVY,SEMAGLUTIDE,,"",PS,Off label use,HO,2024Q3,Younger Adults (18–64)
24275219,1,62,YR,F,,"",US,US,WEGOVY,SEMAGLUTIDE,0.5,MG,PS,Nausea,OT,2024Q3,Younger Adults (18–64)
24275225,1,43,YR,F,,"",US,US,WEGOVY,SEMAGLUTIDE,,"",PS,Colitis,HO,2024Q3,Younger Adults (18–64)
24275352,1,65,YR,F,,"",US,US,OZEMPIC,SEMAGLUTIDE,0.25,MG,PS,Pancreatic carcinoma,OT,2024Q3,Older Adults (≥65)
24275354,2,69,YR,F,78.005,KG,US,US,OZEMPIC,SEMAGLUTIDE,1,MG,PS,Dehydration,OT,2024Q4,Older Adults (≥65)
24275355,1,69,YR,F,,"",US,US,OZEMPIC,SEMAGLUTIDE,0.5,MG,PS,Asthenia,OT,2024Q3,Older Adults (≥65)
24276573,1,62,YR,F,,"",US,US,OZEMPIC,SEMAGLUTIDE,0.5,MG,PS,Joint manipulation,OT,2024Q3,Younger Adults (18–64)
24278746,1,50,YR,F,63.9,KG,US,,WEGOVY,SEMAGLUTIDE,,"",PS,Stress,OT,2024Q3,Younger Adults (18–64)
24278792,1,41,YR,F,82.35,KG,US,,SEMAGLUTIDE,SEMAGLUTIDE,,"",PS,Abdominal pain,LT,2024Q3,Younger Adults (18–64)
24278977,1,48,YR,F,99.9,KG,US,,OZEMPIC,SEMAGLUTIDE,,"",PS,Stress,LT,2024Q3,Younger Adults (18–64)
24278980,1,53,YR,F,99.45,KG,US,,WEGOVY,SEMAGLUTIDE,,"",PS,Sensitive skin,DS,2024Q3,Younger Adults (18–64)
24279732,1,67,YR,F,,"",US,US,OZEMPIC,SEMAGLUTIDE,,"",PS,Cataract operation,HO,2024Q3,Older Adults (≥65)
24279749,1,50,YR,F,,"",US,US,OZEMPIC,SEMAGLUTIDE,2,MG,PS,Abdominal discomfort,HO,2024Q3,Younger Adults (18–64)
24281560,1,52,YR,F,74.25,KG,US,,OZEMPIC,SEMAGLUTIDE,,"",PS,Sensitive skin,OT,2024Q3,Younger Adults (18–64)
24281564,1,44,YR,F,72.9,KG,US,,WEGOVY,SEMAGLUTIDE,,"",PS,Lymphadenopathy,OT,2024Q3,Younger Adults (18–64)
24281790,1,43,YR,M,110.7,KG,US,,WEGOVY,SEMAGLUTIDE,,"",PS,Insomnia,,2024Q3,Younger Adults (18–64)
24282276,1,46,YR,M,103.05,KG,US,,WEGOVY,SEMAGLUTIDE,,"",PS,Appendicitis,HO,2024Q3,Younger Adults (18–64)
24282855,1,58,YR,F,76.5,KG,US,,SEMAGLUTIDE,SEMAGLUTIDE,,"",PS,Lupus-like syndrome,OT,2024Q3,Younger Adults (18–64)
24282889,1,70,YR,F,73.7,KG,US,,OZEMPIC,SEMAGLUTIDE,,"",PS,Pancreatic carcinoma,DS,2024Q3,Older Adults (≥65)
24283208,1,58,YR,F,77.4,KG,US,,OZEMPIC,SEMAGLUTIDE,0.25,MG,PS,Cardiac arrest,DE,2024Q3,Younger Adults (18–64)
24283271,1,62,YR,M,163.35,KG,US,,OZEMPIC,SEMAGLUTIDE,,"",PS,Anxiety,OT,2024Q3,Younger Adults (18–64)
24283351,1,48,YR,F,89.8,KG,US,,OZEMPIC,SEMAGLUTIDE,,"",PS,Nausea,DE,2024Q3,Younger Adults (18–64)
24283900,2,69,YR,F,,"",US,US,OZEMPIC,SEMAGLUTIDE,0.5,MG,PS,Cerebrovascular accident,OT,2024Q4,Older Adults (≥65)
24283902,1,70,YR,,,"",US,US,OZEMPIC,SEMAGLUTIDE,,"",PS,Intestinal obstruction,OT,2024Q3,Older Adults (≥65)
24284043,2,66,YR,F,,"",US,US,OZEMPIC,SEMAGLUTIDE,0.25,MG,PS,Nausea,HO,2024Q4,Older Adults (≥65)
24284060,1,48,YR,F,,"",US,US,OZEMPIC,SEMAGLUTIDE,2,MG,PS,Inappropriate schedule of product administration,HO,2024Q3,Younger Adults (18–64)
24284061,2,46,YR,F,83.7,KG,US,US,WEGOVY,SEMAGLUTIDE,,"",PS,Diverticulitis,HO,2024Q4,Younger Adults (18–64)
24285459,2,51,YR,F,117.93,KG,US,US,OZEMPIC,SEMAGLUTIDE,0.25,MG,PS,Intestinal obstruction,HO,2024Q4,Younger Adults (18–64)
24286737,1,35,YR,F,132.75,KG,US,,CYANOCOBALAMIN\SEMAGLUTIDE,CYANOCOBALAMIN\SEMAGLUTIDE,,"",PS,Therapy interrupted,RI,2024Q3,Younger Adults (18–64)
24286881,1,36,YR,F,204.8,LBS,US,,WEGOVY,SEMAGLUTIDE,1.7,MG,PS,Suicidal ideation,LT,2024Q3,Younger Adults (18–64)
24286894,1,39,YR,F,94.5,KG,US,,SEMAGLUTIDE,SEMAGLUTIDE,,"",PS,Pain,OT,2024Q3,Younger Adults (18–64)
24286959,1,68,YR,M,76.5,KG,US,,OZEMPIC,SEMAGLUTIDE,,"",PS,Renal injury,DS,2024Q3,Older Adults (≥65)
24287787,1,67,YR,M,,"",US,,WEGOVY,SEMAGLUTIDE,,"",PS,Abdominal pain,OT,2024Q3,Older Adults (≥65)
24287798,1,53,YR,F,62.1,KG,US,,SEMAGLUTIDE,SEMAGLUTIDE,,"",PS,Haemorrhagic cholecystitis,HO,2024Q3,Younger Adults (18–64)
24287915,1,46,YR,F,65.25,KG,US,,WEGOVY,SEMAGLUTIDE,,"",PS,Rheumatoid factor increased,DS,2024Q3,Younger Adults (18–64)
24287923,1,76,YR,F,54,KG,US,,SEMAGLUTIDE,SEMAGLUTIDE,,"",PS,Gastrointestinal disorder,,2024Q3,Older Adults (≥65)
24291037,1,60,YR,F,81,KG,US,,OZEMPIC,SEMAGLUTIDE,,"",PS,Panic attack,HO,2024Q3,Younger Adults (18–64)
24291039,1,64,YR,F,141.75,KG,US,,OZEMPIC,SEMAGLUTIDE,2,MG,PS,Suicidal ideation,LT,2024Q3,Younger Adults (18–64)
24291682,1,51,YR,F,99,KG,US,,WEGOVY,SEMAGLUTIDE,,"",PS,Eye movement disorder,HO,2024Q3,Younger Adults (18–64)
24291709,1,48,YR,F,211,LBS,US,,SEMAGLUTIDE,SEMAGLUTIDE,0.5,MG,PS,Completed suicide,DE,2024Q3,Younger Adults (18–64)
24296031,1,67,YR,M,,"",US,US,OZEMPIC,SEMAGLUTIDE,,"",PS,Vitreous detachment,OT,2024Q3,Older Adults (≥65)
24296041,1,26,YR,F,,"",US,US,WEGOVY,SEMAGLUTIDE,1.7,MG,PS,Injection site haemorrhage,OT,2024Q3,Younger Adults (18–64)
24296044,1,70,YR,M,,"",US,US,OZEMPIC,SEMAGLUTIDE,,"",PS,Follicular lymphoma,OT,2024Q3,Older Adults (≥65)
24296076,2,38,YR,M,158.73,KG,US,US,OZEMPIC,SEMAGLUTIDE,0.25,MG,PS,Off label use,HO,2024Q4,Younger Adults (18–64)
24296082,1,64,YR,F,,"",US,US,OZEMPIC,SEMAGLUTIDE,,"",PS,Hip arthroplasty,HO,2024Q3,Younger Adults (18–64)
24296085,2,84,YR,F,,"",US,US,OZEMPIC,SEMAGLUTIDE,2.5,MG,PS,Constipation,OT,2024Q4,Older Adults (≥65)
24296087,1,61,YR,F,,"",US,US,WEGOVY,SEMAGLUTIDE,1.7,MG,PS,Obstructive pancreatitis,HO,2024Q3,Younger Adults (18–64)
24296182,1,48,YR,M,,"",US,US,OZEMPIC,SEMAGLUTIDE,0.5,MG,PS,Suicidal ideation,OT,2024Q3,Younger Adults (18–64)
24296273,1,57,YR,F,,"",US,US,OZEMPIC,SEMAGLUTIDE,,"",PS,Intestinal obstruction,HO,2024Q3,Younger Adults (18–64)
24298806,1,73,YR,F,90.45,KG,US,,WEGOVY,SEMAGLUTIDE,,"",PS,Heart rate decreased,,2024Q3,Older Adults (≥65)
24299280,1,33,YR,F,126,KG,US,,SEMAGLUTIDE,SEMAGLUTIDE,,"",PS,Abdominal pain upper,HO,2024Q3,Younger Adults (18–64)
24300521,2,60,YR,F,84.807,KG,US,US,WEGOVY,SEMAGLUTIDE,,"",PS,Vomiting,LT,2024Q4,Younger Adults (18–64)
24300532,2,73,YR,F,,"",US,US,OZEMPIC,SEMAGLUTIDE,,"",PS,Shoulder arthroplasty,HO,2024Q4,Older Adults (≥65)
24300543,2,79,YR,M,,"",US,US,OZEMPIC,SEMAGLUTIDE,2,MG,PS,Weight decreased,OT,2024Q3,Older Adults (≥65)
24300680,1,77,YR,F,,"",US,US,OZEMPIC,SEMAGLUTIDE,1.5,MG,PS,Off label use,HO,2024Q3,Older Adults (≥65)
24300685,2,72,YR,F,,"",US,US,OZEMPIC,SEMAGLUTIDE,0.5,MG,PS,Syncope,OT,2024Q4,Older Adults (≥65)
24300757,4,66,YR,M,,"",US,US,OZEMPIC,SEMAGLUTIDE,0.5,MG,PS,Retching,OT,2024Q4,Older Adults (≥65)
24300769,1,44,YR,F,,"",US,US,OZEMPIC,SEMAGLUTIDE,0.5,MG,PS,Euglycaemic diabetic ketoacidosis,HO,2024Q3,Younger Adults (18–64)
24301019,1,59,YR,F,,"",US,US,OZEMPIC,SEMAGLUTIDE,,"",PS,Cerebrovascular accident,OT,2024Q3,Younger Adults (18–64)
24301020,2,58,YR,F,72.109,KG,US,US,OZEMPIC,SEMAGLUTIDE,,"",PS,Small intestinal obstruction,OT,2024Q4,Younger Adults (18–64)
24303456,1,44,YR,M,164.25,KG,US,,OZEMPIC,SEMAGLUTIDE,,"",PS,Depression,RI,2024Q3,Younger Adults (18–64)
24303938,1,43,YR,M,100.8,KG,US,,SEMAGLUTIDE,SEMAGLUTIDE,,"",PS,Diarrhoea,DS,2024Q3,Younger Adults (18–64)
24305187,1,81,YR,M,,"",US,US,OZEMPIC,SEMAGLUTIDE,0.25,MG,PS,Deep vein thrombosis,HO,2024Q3,Older Adults (≥65)
24305188,1,77,YR,M,,"",US,US,OZEMPIC,SEMAGLUTIDE,,"",PS,Neoplasm malignant,OT,2024Q3,Older Adults (≥65)
24305190,1,69,YR,M,,"",US,US,OZEMPIC,SEMAGLUTIDE,,"",PS,Cerebrovascular accident,OT,2024Q3,Older Adults (≥65)
24305197,1,69,YR,F,,"",US,US,OZEMPIC,SEMAGLUTIDE,,"",PS,Memory impairment,HO,2024Q3,Older Adults (≥65)
24305212,1,60,YR,F,,"",US,US,OZEMPIC,SEMAGLUTIDE,,"",PS,Vomiting,OT,2024Q3,Younger Adults (18–64)
24307712,1,56,YR,M,95.4,KG,US,,OZEMPIC,SEMAGLUTIDE,,"",PS,Cardiac disorder,HO,2024Q3,Younger Adults (18–64)
24307784,1,63,YR,F,110.25,KG,US,,OZEMPIC,SEMAGLUTIDE,,"",PS,Dry eye,RI,2024Q3,Younger Adults (18–64)
24307785,1,61,YR,F,72,KG,US,,OZEMPIC,SEMAGLUTIDE,,"",PS,Loss of consciousness,LT,2024Q3,Younger Adults (18–64)
24308892,1,45,YR,F,90,KG,US,,WEGOVY,SEMAGLUTIDE,1.7,MG,PS,Blood pressure increased,OT,2024Q3,Younger Adults (18–64)
24308934,1,38,YR,M,,"",US,,OZEMPIC,SEMAGLUTIDE,,"",PS,Fournier's gangrene,HO,2024Q3,Younger Adults (18–64)
24309645,1,66,YR,,,"",US,US,OZEMPIC,SEMAGLUTIDE,,"",PS,Intestinal obstruction,HO,2024Q3,Older Adults (≥65)
24309646,3,70,YR,M,,"",US,US,OZEMPIC,SEMAGLUTIDE,,"",PS,Pharyngitis,OT,2024Q4,Older Adults (≥65)
24314433,1,47,YR,M,,"",US,US,OZEMPIC,SEMAGLUTIDE,1,MG,PS,Hypogonadism,OT,2024Q3,Younger Adults (18–64)
24314438,1,69,YR,,,"",US,US,OZEMPIC,SEMAGLUTIDE,,"",PS,Intestinal obstruction,HO,2024Q3,Older Adults (≥65)
24314445,2,75,YR,F,,"",US,US,OZEMPIC,SEMAGLUTIDE,1,MG,PS,Nephrolithiasis,HO,2024Q4,Older Adults (≥65)
24314460,3,67,YR,F,,"",US,US,OZEMPIC,SEMAGLUTIDE,0.5,MG,PS,Colitis ischaemic,HO,2024Q4,Older Adults (≥65)
24314501,1,52,YR,F,,"",US,US,OZEMPIC,SEMAGLUTIDE,1,MG,PS,Paralysis,HO,2024Q3,Younger Adults (18–64)
24314503,1,70,YR,,,"",US,US,OZEMPIC,SEMAGLUTIDE,,"",PS,Cholecystectomy,HO,2024Q3,Older Adults (≥65)
24314514,1,74,YR,F,,"",US,US,OZEMPIC,SEMAGLUTIDE,0.5,MG,PS,Cataract,OT,2024Q3,Older Adults (≥65)
24314515,2,54,YR,F,,"",US,US,OZEMPIC,SEMAGLUTIDE,0.25,MG,PS,Impaired gastric emptying,DE,2024Q4,Younger Adults (18–64)
24314516,2,61,YR,M,96.145,KG,US,US,OZEMPIC,SEMAGLUTIDE,0.5,MG,PS,Ileus,HO,2024Q4,Younger Adults (18–64)
24314517,1,29,YR,F,,"",US,US,WEGOVY,SEMAGLUTIDE,0.25,MG,PS,Maternal exposure during pregnancy,OT,2024Q3,Younger Adults (18–64)
24314519,1,61,YR,,,"",US,US,OZEMPIC,SEMAGLUTIDE,,"",PS,Intestinal obstruction,HO,2024Q3,Younger Adults (18–64)
24314522,1,73,YR,M,,"",US,US,OZEMPIC,SEMAGLUTIDE,,"",PS,Wrong technique in product usage process,OT,2024Q3,Older Adults (≥65)
24314523,1,53,YR,,,"",US,US,OZEMPIC,SEMAGLUTIDE,1,MG,PS,Pulmonary embolism,DE,2024Q3,Younger Adults (18–64)
24314561,1,62,YR,,,"",US,US,OZEMPIC,SEMAGLUTIDE,,"",PS,Ileus,HO,2024Q3,Younger Adults (18–64)
24315716,1,65,YR,F,85.95,KG,US,,OZEMPIC,SEMAGLUTIDE,,"",PS,Impaired gastric emptying,DS,2024Q3,Older Adults (≥65)
24316913,1,37,YR,F,83.25,KG,US,,CYANOCOBALAMIN\SEMAGLUTIDE,CYANOCOBALAMIN\SEMAGLUTIDE,,"",PS,Appendicitis,HO,2024Q3,Younger Adults (18–64)
24317074,1,53,YR,M,100.35,KG,US,,WEGOVY,SEMAGLUTIDE,2.4,MG,PS,Allodynia,OT,2024Q3,Younger Adults (18–64)
24317184,1,41,YR,M,124.2,KG,US,,WEGOVY,SEMAGLUTIDE,,"",PS,Pain,OT,2024Q3,Younger Adults (18–64)
24321196,1,81,YR,M,,"",US,US,OZEMPIC,SEMAGLUTIDE,1,MG,PS,Cerebrovascular accident,LT,2024Q3,Older Adults (≥65)
24321199,2,46,YR,F,95.238,KG,US,US,OZEMPIC,SEMAGLUTIDE,0.25,MG,PS,Constipation,HO,2024Q4,Younger Adults (18–64)
24321202,1,49,YR,,,"",US,US,OZEMPIC,SEMAGLUTIDE,,"",PS,Intestinal obstruction,HO,2024Q3,Younger Adults (18–64)
24321204,1,73,YR,F,,"",US,US,OZEMPIC,SEMAGLUTIDE,,"",PS,Age-related macular degeneration,OT,2024Q3,Older Adults (≥65)
24321350,1,34,YR,F,,"",US,US,OZEMPIC,SEMAGLUTIDE,1,MG,PS,Seizure,OT,2024Q3,Younger Adults (18–64)
24321391,1,77,YR,F,,"",US,US,OZEMPIC,SEMAGLUTIDE,1.5,MG,PS,Thrombocytopenia,OT,2024Q3,Older Adults (≥65)
24321393,1,62,YR,F,,"",US,US,WEGOVY,SEMAGLUTIDE,,"",PS,Nausea,OT,2024Q3,Younger Adults (18–64)
24321394,1,71,YR,M,,"",US,US,OZEMPIC,SEMAGLUTIDE,1,MG,PS,Chronic kidney disease,HO,2024Q3,Older Adults (≥65)
24321395,1,76,YR,M,,"",US,US,RYBELSUS,SEMAGLUTIDE,7,MG,PS,Condition aggravated,OT,2024Q3,Older Adults (≥65)
24321405,1,78,YR,M,,"",US,US,OZEMPIC,SEMAGLUTIDE,1,MG,PS,Hiatus hernia,HO,2024Q3,Older Adults (≥65)
24321409,1,68,YR,M,,"",US,US,OZEMPIC,SEMAGLUTIDE,,"",PS,Off label use,HO,2024Q3,Older Adults (≥65)
24321507,1,71,YR,F,,"",US,US,OZEMPIC,SEMAGLUTIDE,0.25,MG,PS,Off label use,OT,2024Q3,Older Adults (≥65)
24321513,1,40,YR,F,78,KG,US,US,WEGOVY,SEMAGLUTIDE,0.25,MG,PS,Ketoacidosis,HO,2024Q3,Younger Adults (18–64)
24323553,1,75,YR,M,62.55,KG,US,,OZEMPIC,SEMAGLUTIDE,,"",PS,Emotional poverty,OT,2024Q3,Older Adults (≥65)
24323809,1,48,YR,F,70.65,KG,US,,OZEMPIC,SEMAGLUTIDE,,"",PS,Vertigo,DS,2024Q3,Younger Adults (18–64)
24324025,1,40,YR,F,126,KG,US,,SEMAGLUTIDE,SEMAGLUTIDE,,"",PS,Pancreatitis acute,HO,2024Q3,Younger Adults (18–64)
24324069,1,38,YR,F,93.6,KG,US,,OZEMPIC,SEMAGLUTIDE,,"",PS,Palpitations,OT,2024Q3,Younger Adults (18–64)
24324963,1,27,YR,F,85.5,KG,US,,OZEMPIC,SEMAGLUTIDE,,"",PS,Panic attack,RI,2024Q3,Younger Adults (18–64)
24325644,2,77,YR,M,,"",US,US,OZEMPIC,SEMAGLUTIDE,0.5,MG,PS,Drug ineffective,OT,2024Q4,Older Adults (≥65)
24325646,1,61,YR,F,,"",US,US,OZEMPIC,SEMAGLUTIDE,0.5,MG,PS,Nausea,HO,2024Q3,Younger Adults (18–64)
24325651,1,61,YR,M,,"",US,US,WEGOVY,SEMAGLUTIDE,2.4,MG,PS,Infrequent bowel movements,OT,2024Q3,Younger Adults (18–64)
24325654,1,60,YR,F,,"",US,US,OZEMPIC,SEMAGLUTIDE,2,MG,PS,Vomiting,OT,2024Q3,Younger Adults (18–64)
24325765,1,61,YR,,,"",US,US,OZEMPIC,SEMAGLUTIDE,,"",PS,Impaired gastric emptying,OT,2024Q3,Younger Adults (18–64)
24325767,1,64,YR,F,,"",US,US,OZEMPIC,SEMAGLUTIDE,0.25,MG,PS,Nausea,HO,2024Q3,Younger Adults (18–64)
24325833,1,79,YR,F,,"",US,US,OZEMPIC,SEMAGLUTIDE,0.25,MG,PS,Drug ineffective for unapproved indication,OT,2024Q3,Older Adults (≥65)
24325835,1,66,YR,F,,"",US,US,OZEMPIC,SEMAGLUTIDE,,"",PS,Heart rate increased,HO,2024Q3,Older Adults (≥65)
24325836,2,66,YR,M,168.25,KG,US,US,OZEMPIC,SEMAGLUTIDE,1,MG,PS,Ventricular extrasystoles,HO,2024Q4,Older Adults (≥65)
24325838,1,75,YR,M,,"",US,US,WEGOVY,SEMAGLUTIDE,1.7,MG,PS,Neuropathy peripheral,OT,2024Q3,Older Adults (≥65)
24325853,1,47,YR,F,,"",US,US,WEGOVY,SEMAGLUTIDE,,"",PS,Nephrolithiasis,OT,2024Q3,Younger Adults (18–64)
24326477,4,68,YR,M,,"",US,US,RYBELSUS,SEMAGLUTIDE,,"",PS,Dehydration,HO,2024Q4,Older Adults (≥65)
24327543,1,30,YR,F,,"",US,,WEGOVY,SEMAGLUTIDE,,"",PS,Anxiety,DS,2024Q3,Younger Adults (18–64)
24330342,2,55,YR,M,,"",US,US,OZEMPIC,SEMAGLUTIDE,,"",PS,VIth nerve paralysis,HO,2024Q4,Younger Adults (18–64)
24330350,1,70,YR,M,,"",US,US,RYBELSUS,SEMAGLUTIDE,3,MG,PS,Dehydration,HO,2024Q3,Older Adults (≥65)
24330361,1,44,YR,M,,"",US,US,OZEMPIC,SEMAGLUTIDE,,"",PS,Depression,OT,2024Q3,Younger Adults (18–64)
24330363,1,78,YR,F,,"",US,US,OZEMPIC,SEMAGLUTIDE,2.4,MG,PS,Cardiac failure congestive,HO,2024Q3,Older Adults (≥65)
24332767,1,37,YR,F,76.05,KG,US,,SEMAGLUTIDE,SEMAGLUTIDE,,"",PS,Anxiety,OT,2024Q3,Younger Adults (18–64)
24333074,1,73,YR,M,111,KG,US,,OZEMPIC,SEMAGLUTIDE,,"",PS,Cholecystitis,HO,2024Q3,Older Adults (≥65)
24333082,1,70,YR,F,60.75,KG,US,,OZEMPIC,SEMAGLUTIDE,,"",PS,Ischaemia,DS,2024Q3,Older Adults (≥65)
24333271,1,60,YR,F,83.25,KG,US,,WEGOVY,SEMAGLUTIDE,,"",PS,White blood cells urine positive,OT,2024Q3,Younger Adults (18–64)
24333305,1,49,YR,F,97.2,KG,US,,WEGOVY,SEMAGLUTIDE,,"",PS,Lymphadenopathy,OT,2024Q3,Younger Adults (18–64)
24334391,1,72,YR,F,147,LBS,US,,SEMAGLUTIDE,SEMAGLUTIDE,,"",PS,Generalised tonic-clonic seizure,HO,2024Q3,Older Adults (≥65)
24334720,1,61,YR,F,92.25,KG,US,,WEGOVY,SEMAGLUTIDE,,"",PS,Appendicitis,HO,2024Q3,Younger Adults (18–64)
24335674,1,76,YR,M,,"",US,US,OZEMPIC,SEMAGLUTIDE,2,MG,PS,Off label use,OT,2024Q3,Older Adults (≥65)
24335676,2,57,YR,F,,"",US,US,WEGOVY,SEMAGLUTIDE,0.5,MG,PS,Ulcer,HO,2024Q4,Younger Adults (18–64)
24335714,1,59,YR,,,"",US,US,OZEMPIC,SEMAGLUTIDE,,"",PS,Ileus,HO,2024Q3,Younger Adults (18–64)
24335827,1,33,YR,F,,"",US,US,WEGOVY,SEMAGLUTIDE,,"",PS,Abortion spontaneous,OT,2024Q3,Younger Adults (18–64)
24335828,1,52,YR,,,"",US,US,SEMAGLUTIDE,SEMAGLUTIDE,,"",PS,Cholecystitis acute,OT,2024Q3,Younger Adults (18–64)
24339402,1,67,YR,F,67.95,KG,US,,OZEMPIC,SEMAGLUTIDE,,"",PS,Obstruction gastric,HO,2024Q3,Older Adults (≥65)
24340041,1,44,YR,F,72.9,KG,US,,SEMAGLUTIDE,SEMAGLUTIDE,,"",PS,Headache,OT,2024Q3,Younger Adults (18–64)
24340307,1,67,YR,F,79.2,KG,US,,OZEMPIC,SEMAGLUTIDE,0.5,MG,PS,Irritability,RI,2024Q3,Older Adults (≥65)
24340311,1,53,YR,F,123.75,KG,US,,WEGOVY,SEMAGLUTIDE,,"",PS,Drug hypersensitivity,LT,2024Q3,Younger Adults (18–64)
24341492,1,18,YR,F,,"",US,US,WEGOVY,SEMAGLUTIDE,,"",PS,Vomiting,OT,2024Q3,Younger Adults (18–64)
24341849,1,74,YR,F,,"",US,US,OZEMPIC,SEMAGLUTIDE,2,MG,PS,Dehydration,OT,2024Q3,Older Adults (≥65)
24341850,1,64,YR,,,"",US,US,OZEMPIC,SEMAGLUTIDE,,"",PS,Impaired gastric emptying,OT,2024Q3,Younger Adults (18–64)
24341852,1,76,YR,F,,"",US,US,OZEMPIC,SEMAGLUTIDE,1,MG,PS,Precancerous condition,OT,2024Q3,Older Adults (≥65)
24341914,1,50,YR,F,,"",US,US,WEGOVY,SEMAGLUTIDE,2.4,MG,PS,Thyroid cancer,OT,2024Q3,Younger Adults (18–64)
24341919,3,69,YR,M,,"",US,US,OZEMPIC,SEMAGLUTIDE,0.5,MG,PS,Visual impairment,OT,2024Q4,Older Adults (≥65)
24341973,1,65,YR,M,,"",US,US,OZEMPIC,SEMAGLUTIDE,1,MG,PS,Pancreatitis,DE,2024Q3,Older Adults (≥65)
24341976,1,40,YR,F,,"",US,US,OZEMPIC,SEMAGLUTIDE,,"",PS,Optic ischaemic neuropathy,OT,2024Q3,Younger Adults (18–64)
24341979,1,72,YR,M,,"",US,US,OZEMPIC,SEMAGLUTIDE,2,MG,PS,Tendon rupture,OT,2024Q3,Older Adults (≥65)
24341985,4,76,YR,F,82.54,KG,US,US,OZEMPIC,SEMAGLUTIDE,,"",PS,Condition aggravated,OT,2024Q4,Older Adults (≥65)
24344048,1,39,YR,F,90,KG,US,,WEGOVY,SEMAGLUTIDE,,"",PS,Allodynia,DS,2024Q3,Younger Adults (18–64)
24344436,1,46,YR,F,99,KG,US,,OZEMPIC,SEMAGLUTIDE,,"",PS,Alopecia,OT,2024Q3,Younger Adults (18–64)
24345436,1,61,YR,F,65.8,KG,US,,SEMAGLUTIDE,SEMAGLUTIDE,,"",PS,Colitis,HO,2024Q3,Younger Adults (18–64)
24347982,1,64,YR,F,,"",US,US,OZEMPIC,SEMAGLUTIDE,0.25,MG,PS,Pemphigoid,OT,2024Q3,Younger Adults (18–64)
24347988,1,61,YR,F,,"",US,US,OZEMPIC,SEMAGLUTIDE,1,MG,PS,Intestinal ischaemia,HO,2024Q3,Younger Adults (18–64)
24347995,1,67,YR,F,,"",US,US,OZEMPIC,SEMAGLUTIDE,0.5,MG,PS,Skin ulcer,HO,2024Q3,Older Adults (≥65)
24348004,2,69,YR,M,,"",US,US,WEGOVY,SEMAGLUTIDE,2.4,MG,PS,Abdominal distension,OT,2024Q4,Older Adults (≥65)
24348011,1,80,YR,F,,"",US,US,OZEMPIC,SEMAGLUTIDE,,"",PS,Off label use,OT,2024Q3,Older Adults (≥65)
24348132,1,76,YR,F,,"",US,US,OZEMPIC,SEMAGLUTIDE,0.5,MG,PS,Product communication issue,OT,2024Q3,Older Adults (≥65)
24348261,1,56,YR,M,,"",US,US,OZEMPIC,SEMAGLUTIDE,,"",PS,Gallbladder disorder,OT,2024Q3,Younger Adults (18–64)
24348263,2,42,YR,F,93.878,KG,US,US,OZEMPIC,SEMAGLUTIDE,0.5,MG,PS,Colectomy,HO,2024Q4,Younger Adults (18–64)
24352269,1,44,YR,M,130.5,KG,US,,WEGOVY,SEMAGLUTIDE,,"",PS,Rhabdomyolysis,LT,2024Q3,Younger Adults (18–64)
24352923,1,39,YR,F,70.2,KG,US,,WEGOVY,SEMAGLUTIDE,,"",PS,Sensitive skin,,2024Q3,Younger Adults (18–64)
24354629,1,33,YR,F,125.1,KG,US,,WEGOVY,SEMAGLUTIDE,,"",PS,Headache,DS,2024Q3,Younger Adults (18–64)
24355283,2,74,YR,M,,"",US,US,OZEMPIC,SEMAGLUTIDE,,"",PS,Taste disorder,HO,2024Q4,Older Adults (≥65)
24355284,1,52,YR,F,,"",US,US,OZEMPIC,SEMAGLUTIDE,2,MG,PS,Breast cancer,OT,2024Q3,Younger Adults (18–64)
24355306,1,60,YR,M,,"",US,US,OZEMPIC,SEMAGLUTIDE,,"",PS,Pulmonary embolism,HO,2024Q3,Younger Adults (18–64)
24355307,1,26,YR,F,,"",US,US,OZEMPIC,SEMAGLUTIDE,,"",PS,Overdose,HO,2024Q3,Younger Adults (18–64)
24355309,1,47,YR,,,"",US,US,OZEMPIC,SEMAGLUTIDE,,"",PS,Intestinal obstruction,OT,2024Q3,Younger Adults (18–64)
24355310,1,49,YR,,,"",US,US,OZEMPIC,SEMAGLUTIDE,,"",PS,Intestinal obstruction,HO,2024Q3,Younger Adults (18–64)
24355557,1,68,YR,F,,"",US,US,OZEMPIC,SEMAGLUTIDE,2,MG,PS,COVID-19,HO,2024Q3,Older Adults (≥65)
24355560,1,68,YR,M,,"",US,US,OZEMPIC,SEMAGLUTIDE,1,MG,PS,Constipation,OT,2024Q3,Older Adults (≥65)
24355572,1,44,YR,F,,"",US,US,OZEMPIC,SEMAGLUTIDE,1,MG,PS,Vertigo,HO,2024Q3,Younger Adults (18–64)
24355574,1,57,YR,F,,"",US,US,OZEMPIC,SEMAGLUTIDE,0.5,MG,PS,Seizure,HO,2024Q3,Younger Adults (18–64)
24355575,1,79,YR,F,,"",US,US,OZEMPIC,SEMAGLUTIDE,,"",PS,Cholecystitis infective,HO,2024Q3,Older Adults (≥65)
24355577,1,76,YR,F,,"",US,US,OZEMPIC,SEMAGLUTIDE,0.5,MG,PS,Weight increased,HO,2024Q3,Older Adults (≥65)
24357458,1,62,YR,F,73.7,KG,US,,OZEMPIC,SEMAGLUTIDE,,"",PS,Product prescribing issue,HO,2024Q3,Younger Adults (18–64)
24357621,1,66,YR,F,67.95,KG,US,,WEGOVY,SEMAGLUTIDE,,"",PS,Retching,OT,2024Q3,Older Adults (≥65)
24358148,1,67,YR,M,67.5,KG,US,,RYBELSUS,SEMAGLUTIDE,,"",PS,Abdominal pain lower,DE,2024Q3,Older Adults (≥65)
24360220,1,76,YR,F,,"",US,US,OZEMPIC,SEMAGLUTIDE,,"",PS,Flatulence,OT,2024Q3,Older Adults (≥65)
24360243,1,64,YR,F,,"",US,US,OZEMPIC,SEMAGLUTIDE,2,MG,PS,Off label use,OT,2024Q3,Younger Adults (18–64)
24360250,1,53,YR,F,,"",US,US,WEGOVY,SEMAGLUTIDE,2.4,MG,PS,Blood cholesterol increased,HO,2024Q3,Younger Adults (18–64)
24360266,1,83,YR,M,,"",US,US,RYBELSUS,SEMAGLUTIDE,,"",PS,Rectal haemorrhage,HO,2024Q3,Older Adults (≥65)
24360267,2,76,YR,F,,"",US,US,OZEMPIC,SEMAGLUTIDE,1,MG,PS,Transient ischaemic attack,HO,2024Q4,Older Adults (≥65)
24362148,1,46,YR,F,120.6,KG,US,,WEGOVY,SEMAGLUTIDE,,"",PS,Alopecia areata,DS,2024Q3,Younger Adults (18–64)
24362184,1,65,YR,M,175.8,KG,US,,OZEMPIC,SEMAGLUTIDE,,"",PS,Anisocoria,DE,2024Q3,Older Adults (≥65)
24363277,1,72,YR,F,77.85,KG,US,,OZEMPIC,SEMAGLUTIDE,1,MG,PS,Anxiety,,2024Q3,Older Adults (≥65)
24364657,1,55,YR,F,,"",US,US,WEGOVY,SEMAGLUTIDE,,"",PS,Colitis,HO,2024Q3,Younger Adults (18–64)
24364658,1,75,YR,M,,"",US,US,OZEMPIC,SEMAGLUTIDE,1,MG,PS,Cataract,HO,2024Q3,Older Adults (≥65)
24364673,1,56,YR,M,,"",US,US,WEGOVY,SEMAGLUTIDE,,"",PS,Intervertebral disc injury,OT,2024Q3,Younger Adults (18–64)
24364674,2,66,YR,F,,"",US,US,OZEMPIC,SEMAGLUTIDE,,"",PS,Product storage error,OT,2024Q4,Older Adults (≥65)
24364675,1,68,YR,F,,"",US,US,OZEMPIC,SEMAGLUTIDE,0.5,MG,PS,Breast cancer,OT,2024Q3,Older Adults (≥65)
24364676,1,72,YR,M,,"",US,US,OZEMPIC,SEMAGLUTIDE,2,MG,PS,Medical procedure,OT,2024Q3,Older Adults (≥65)
24364688,1,62,YR,F,,"",US,US,RYBELSUS,SEMAGLUTIDE,7,MG,PS,Abdominal pain upper,OT,2024Q3,Younger Adults (18–64)
24364689,1,75,YR,F,,"",US,US,OZEMPIC,SEMAGLUTIDE,,"",PS,Sciatica,OT,2024Q3,Older Adults (≥65)
24364691,1,44,YR,M,,"",US,US,OZEMPIC,SEMAGLUTIDE,0.25,MG,PS,Heart rate increased,DE,2024Q3,Younger Adults (18–64)
24364699,2,42,YR,F,,"",US,US,OZEMPIC,SEMAGLUTIDE,2,MG,PS,Drug effect faster than expected,HO,2024Q4,Younger Adults (18–64)
24366570,1,69,YR,M,122.4,KG,US,,OZEMPIC,SEMAGLUTIDE,,"",PS,Chest pain,,2024Q3,Older Adults (≥65)
24367736,1,35,YR,F,118.8,KG,US,,RYBELSUS,SEMAGLUTIDE,,"",PS,Back pain,OT,2024Q3,Younger Adults (18–64)
24367803,1,41,YR,F,102.8,KG,US,,OZEMPIC,SEMAGLUTIDE,0.25,MG,PS,Vomiting,,2024Q3,Younger Adults (18–64)
24368998,1,78,YR,M,,"",US,US,OZEMPIC,SEMAGLUTIDE,1,MG,PS,Syncope,OT,2024Q3,Older Adults (≥65)
24368999,1,49,YR,F,,"",US,US,WEGOVY,SEMAGLUTIDE,0.5,MG,PS,Focal segmental glomerulosclerosis,OT,2024Q3,Younger Adults (18–64)
24369004,1,68,YR,F,,"",US,US,SEMAGLUTIDE,SEMAGLUTIDE,,"",PS,Vomiting,HO,2024Q3,Older Adults (≥65)
24369005,1,68,YR,M,103.8,KG,US,US,SEMAGLUTIDE,SEMAGLUTIDE,,"",PS,Vomiting,HO,2024Q3,Older Adults (≥65)
24369017,1,66,YR,F,,"",US,US,OZEMPIC,SEMAGLUTIDE,0.5,MG,PS,Diarrhoea,HO,2024Q3,Older Adults (≥65)
24369028,1,36,YR,,,"",US,US,OZEMPIC,SEMAGLUTIDE,,"",PS,Ileus,OT,2024Q3,Younger Adults (18–64)
24369073,1,68,YR,F,,"",US,US,OZEMPIC,SEMAGLUTIDE,,"",PS,Cataract operation,OT,2024Q3,Older Adults (≥65)
24369075,1,66,YR,,,"",US,US,OZEMPIC,SEMAGLUTIDE,,"",PS,Knee operation,OT,2024Q3,Older Adults (≥65)
24373784,1,41,YR,F,60.75,KG,US,,SEMAGLUTIDE,SEMAGLUTIDE,,"",PS,Loss of consciousness,OT,2024Q3,Younger Adults (18–64)
24376068,1,63,YR,M,112,KG,US,,SEMAGLUTIDE,SEMAGLUTIDE,1,MG,PS,Acute kidney injury,DE,2024Q3,Younger Adults (18–64)
24376659,1,41,YR,F,90,KG,US,,OZEMPIC,SEMAGLUTIDE,,"",PS,Abdominal pain upper,LT,2024Q3,Younger Adults (18–64)
24377246,1,72,YR,F,,"",US,US,RYBELSUS,SEMAGLUTIDE,,"",PS,Malignant melanoma,OT,2024Q3,Older Adults (≥65)
24377295,1,54,YR,M,,"",US,US,OZEMPIC,SEMAGLUTIDE,,"",PS,Ileus,HO,2024Q3,Younger Adults (18–64)
24377306,1,48,YR,F,113.4,KG,US,,OZEMPIC,SEMAGLUTIDE,,"",PS,Pancreatitis,HO,2024Q3,Younger Adults (18–64)
24377308,1,62,YR,F,69.75,KG,US,,OZEMPIC,SEMAGLUTIDE,,"",PS,Vomiting,,2024Q3,Younger Adults (18–64)
24377383,1,40,YR,M,,"",US,US,SEMAGLUTIDE,SEMAGLUTIDE,0.5,MG,PS,Intrusive thoughts,OT,2024Q3,Younger Adults (18–64)
24377637,1,23,YR,F,87.75,KG,US,,WEGOVY,SEMAGLUTIDE,1,MG,PS,Nerve injury,DS,2024Q3,Younger Adults (18–64)
24377985,1,70,YR,M,162,KG,US,,SEMAGLUTIDE,SEMAGLUTIDE,0.25,MG,PS,Vomiting,HO,2024Q3,Older Adults (≥65)
24378581,1,53,YR,M,179,KG,US,,SEMAGLUTIDE,SEMAGLUTIDE,1,MG,PS,Vomiting,HO,2024Q3,Younger Adults (18–64)
24378669,1,64,YR,M,,"",US,,SEMAGLUTIDE,SEMAGLUTIDE,,"",PS,Fatigue,DE,2024Q3,Younger Adults (18–64)
24381383,1,68,YR,M,,"",US,US,OZEMPIC,SEMAGLUTIDE,,"",PS,Cardiac disorder,OT,2024Q4,Older Adults (≥65)
24381389,1,57,YR,F,,"",US,US,OZEMPIC,SEMAGLUTIDE,0.5,MG,PS,Gastrooesophageal reflux disease,HO,2024Q4,Younger Adults (18–64)
24381391,2,76,YR,M,,"",US,US,OZEMPIC,SEMAGLUTIDE,0.25,MG,PS,Diarrhoea,HO,2024Q4,Older Adults (≥65)
24381392,1,82,YR,F,,"",US,US,OZEMPIC,SEMAGLUTIDE,0.25,MG,PS,Myocardial infarction,HO,2024Q4,Older Adults (≥65)
24381401,1,65,YR,,,"",US,US,OZEMPIC,SEMAGLUTIDE,,"",PS,Ileus,HO,2024Q4,Older Adults (≥65)
24381402,2,66,YR,F,,"",US,US,OZEMPIC,SEMAGLUTIDE,0.5,MG,PS,Shoulder arthroplasty,OT,2024Q4,Older Adults (≥65)
24381403,3,52,YR,F,,"",US,US,WEGOVY,SEMAGLUTIDE,1.7,MG,PS,Urticaria,OT,2024Q4,Younger Adults (18–64)
24381405,2,65,YR,F,95.238,KG,US,US,OZEMPIC,SEMAGLUTIDE,0.25,MG,PS,Cholelithiasis,HO,2024Q4,Older Adults (≥65)
24381406,2,58,YR,F,,"",US,US,OZEMPIC,SEMAGLUTIDE,1,MG,PS,Foot operation,OT,2024Q4,Younger Adults (18–64)
24381409,1,78,YR,,,"",US,US,OZEMPIC,SEMAGLUTIDE,,"",PS,Bezoar,OT,2024Q4,Older Adults (≥65)
24381472,1,82,YR,F,,"",US,US,OZEMPIC,SEMAGLUTIDE,,"",PS,Medical device implantation,OT,2024Q4,Older Adults (≥65)
24381542,1,44,YR,,,"",US,US,WEGOVY,SEMAGLUTIDE,,"",PS,Visual impairment,OT,2024Q4,Younger Adults (18–64)
24381664,1,69,YR,F,,"",US,US,OZEMPIC,SEMAGLUTIDE,0.25,MG,PS,Eye contusion,HO,2024Q4,Older Adults (≥65)
24381666,1,73,YR,F,,"",US,US,OZEMPIC,SEMAGLUTIDE,0.5,MG,PS,Transient ischaemic attack,HO,2024Q4,Older Adults (≥65)
24384105,1,61,YR,F,,"",US,US,WEGOVY,SEMAGLUTIDE,,"",PS,Dehydration,OT,2024Q4,Younger Adults (18–64)
24384210,1,60,YR,F,,"",US,US,WEGOVY,SEMAGLUTIDE,1,MG,PS,Vision blurred,OT,2024Q4,Younger Adults (18–64)
24384216,1,64,YR,F,,"",US,US,OZEMPIC,SEMAGLUTIDE,,"",PS,Product use in unapproved indication,HO,2024Q4,Younger Adults (18–64)
24384217,2,37,YR,F,185.94,KG,US,US,OZEMPIC,SEMAGLUTIDE,0.5,MG,PS,Nausea,LT,2024Q4,Younger Adults (18–64)
24384501,1,67,YR,M,117,KG,US,,OZEMPIC,SEMAGLUTIDE,0.25,MG,PS,Mucous stools,HO,2024Q3,Older Adults (≥65)
24386064,1,53,YR,F,127.35,KG,US,,WEGOVY,SEMAGLUTIDE,,"",PS,Pain in extremity,,2024Q4,Younger Adults (18–64)
24387682,1,70,YR,F,76.5,KG,US,,OZEMPIC,SEMAGLUTIDE,,"",PS,Dyspnoea,,2024Q4,Older Adults (≥65)
24387838,1,49,YR,M,,"",US,,WEGOVY,SEMAGLUTIDE,0.25,MG,PS,Vision blurred,RI,2024Q4,Younger Adults (18–64)
24388071,1,71,YR,M,109.8,KG,US,,OZEMPIC,SEMAGLUTIDE,,"",PS,Cerebrovascular accident,DS,2024Q4,Older Adults (≥65)
24388710,1,48,YR,F,72,KG,US,,SEMAGLUTIDE,SEMAGLUTIDE,,"",PS,Incorrect dose administered,DS,2024Q4,Younger Adults (18–64)
24389413,1,77,YR,M,,"",US,US,OZEMPIC,SEMAGLUTIDE,0.5,MG,PS,Headache,HO,2024Q4,Older Adults (≥65)
24392488,1,71,YR,M,225,LBS,US,,OZEMPIC,SEMAGLUTIDE,,"",PS,Pulmonary oedema,LT,2024Q4,Older Adults (≥65)
24393073,1,75,YR,M,80.55,KG,US,,RYBELSUS,SEMAGLUTIDE,,"",PS,Constipation,RI,2024Q4,Older Adults (≥65)
24394348,1,72,YR,F,,"",US,US,OZEMPIC,SEMAGLUTIDE,2,MG,PS,Product use in unapproved indication,HO,2024Q4,Older Adults (≥65)
24394350,1,50,YR,M,,"",US,US,OZEMPIC,SEMAGLUTIDE,,"",PS,Colitis ischaemic,OT,2024Q4,Younger Adults (18–64)
24394362,1,77,YR,F,,"",US,US,OZEMPIC,SEMAGLUTIDE,0.25,MG,PS,Blood glucose increased,OT,2024Q4,Older Adults (≥65)
24394366,1,74,YR,F,,"",US,US,OZEMPIC,SEMAGLUTIDE,0.5,MG,PS,Dupuytren's contracture,OT,2024Q4,Older Adults (≥65)
24394369,1,63,YR,,,"",US,US,OZEMPIC,SEMAGLUTIDE,,"",PS,Intestinal obstruction,HO,2024Q4,Younger Adults (18–64)
24394370,1,78,YR,F,,"",US,US,OZEMPIC,SEMAGLUTIDE,0.25,MG,PS,Gastrointestinal vascular malformation haemorrhagic,HO,2024Q4,Older Adults (≥65)
24394373,1,37,YR,F,,"",US,US,WEGOVY,SEMAGLUTIDE,,"",PS,Neck mass,OT,2024Q4,Younger Adults (18–64)
24394468,1,63,YR,M,,"",US,US,SEMAGLUTIDE,SEMAGLUTIDE,1,MG,PS,Multiple organ dysfunction syndrome,DE,2024Q4,Younger Adults (18–64)
24394508,1,69,YR,,,"",US,US,OZEMPIC,SEMAGLUTIDE,,"",PS,Ileus,OT,2024Q4,Older Adults (≥65)
24394591,2,64,YR,M,,"",US,US,OZEMPIC,SEMAGLUTIDE,,"",PS,Wrong technique in product usage process,OT,2024Q4,Younger Adults (18–64)
24394595,2,70,YR,F,92.063,KG,US,US,OZEMPIC,SEMAGLUTIDE,,"",PS,Ileus,HO,2024Q4,Older Adults (≥65)
24394603,1,67,YR,F,,"",US,US,OZEMPIC,SEMAGLUTIDE,,"",PS,Tooth extraction,OT,2024Q4,Older Adults (≥65)
24396966,1,74,YR,M,86,KG,US,,SEMAGLUTIDE,SEMAGLUTIDE,0.25,MG,PS,Ileus,HO,2024Q4,Older Adults (≥65)
24399065,1,63,YR,M,102.6,KG,US,,WEGOVY,SEMAGLUTIDE,,"",PS,Loss of consciousness,OT,2024Q4,Younger Adults (18–64)
24401426,1,74,YR,F,,"",US,US,OZEMPIC,SEMAGLUTIDE,,"",PS,Knee operation,OT,2024Q4,Older Adults (≥65)
24401433,2,66,YR,F,,"",US,US,OZEMPIC,SEMAGLUTIDE,,"",PS,Abdominal pain upper,HO,2024Q4,Older Adults (≥65)
24401439,2,58,YR,F,98.866,KG,US,US,OZEMPIC,SEMAGLUTIDE,,"",PS,Product use issue,HO,2024Q4,Younger Adults (18–64)
24401442,2,39,YR,M,118.82,KG,US,US,OZEMPIC,SEMAGLUTIDE,0.5,MG,PS,Intestinal obstruction,HO,2024Q4,Younger Adults (18–64)
24401445,2,59,YR,M,,"",US,US,OZEMPIC,SEMAGLUTIDE,0.75,MG,PS,Product use issue,HO,2024Q4,Younger Adults (18–64)
24401582,1,73,YR,,,"",US,US,OZEMPIC,SEMAGLUTIDE,,"",PS,Small intestinal obstruction,HO,2024Q4,Older Adults (≥65)
24401583,1,85,YR,M,,"",US,US,OZEMPIC,SEMAGLUTIDE,,"",PS,Medullary thyroid cancer,OT,2024Q4,Older Adults (≥65)
24401585,1,63,YR,F,98.1,KG,US,US,WEGOVY,SEMAGLUTIDE,0.25,MG,PS,Appendicitis perforated,HO,2024Q4,Younger Adults (18–64)
24401588,1,65,YR,,,"",US,US,OZEMPIC,SEMAGLUTIDE,,"",PS,Intestinal obstruction,HO,2024Q4,Older Adults (≥65)
24402208,1,74,YR,F,,"",US,US,OZEMPIC,SEMAGLUTIDE,1,MG,PS,Renal failure,HO,2024Q4,Older Adults (≥65)
24402210,1,53,YR,F,,"",US,US,OZEMPIC,SEMAGLUTIDE,0.25,MG,PS,Septic shock,DE,2024Q4,Younger Adults (18–64)
24402212,1,30,YR,F,,"",US,US,WEGOVY,SEMAGLUTIDE,,"",PS,Swelling face,HO,2024Q4,Younger Adults (18–64)
24402215,2,59,YR,M,,"",US,US,OZEMPIC,SEMAGLUTIDE,2,MG,PS,Major depression,HO,2024Q4,Younger Adults (18–64)
24402220,1,61,YR,M,,"",US,US,WEGOVY,SEMAGLUTIDE,,"",PS,Blood testosterone decreased,OT,2024Q4,Younger Adults (18–64)
24402239,1,65,YR,F,,"",US,US,OZEMPIC,SEMAGLUTIDE,0.5,MG,PS,Constipation,HO,2024Q4,Older Adults (≥65)
24404864,1,30,YR,F,68,KG,US,,SEMAGLUTIDE,SEMAGLUTIDE,,"",PS,Pancreatitis acute,,2024Q4,Younger Adults (18–64)
24405394,1,54,YR,F,93.6,KG,US,,OZEMPIC,SEMAGLUTIDE,,"",PS,Back pain,OT,2024Q4,Younger Adults (18–64)
24405396,1,63,YR,F,73.35,KG,US,,OZEMPIC,SEMAGLUTIDE,,"",PS,Myalgia,DS,2024Q4,Younger Adults (18–64)
24406510,1,64,YR,F,74.25,KG,US,,WEGOVY,SEMAGLUTIDE,,"",PS,Vomiting,,2024Q4,Younger Adults (18–64)
24406754,1,61,YR,F,,"",US,,WEGOVY,SEMAGLUTIDE,,"",PS,Drug hypersensitivity,OT,2024Q4,Younger Adults (18–64)
24408069,1,56,YR,F,76.5,KG,US,,RYBELSUS,SEMAGLUTIDE,,"",PS,Dehydration,LT,2024Q4,Younger Adults (18–64)
24409184,1,71,YR,M,,"",US,US,OZEMPIC,SEMAGLUTIDE,0.25,MG,PS,Thyroid cancer,OT,2024Q4,Older Adults (≥65)
24409188,1,46,YR,F,,"",US,US,WEGOVY,SEMAGLUTIDE,0.25,MG,PS,Diverticulitis,OT,2024Q4,Younger Adults (18–64)
24409196,1,51,YR,,,"",US,US,OZEMPIC,SEMAGLUTIDE,,"",PS,Nausea,HO,2024Q4,Younger Adults (18–64)
24409208,1,81,YR,F,,"",US,US,OZEMPIC,SEMAGLUTIDE,1,MG,PS,Blood glucose decreased,OT,2024Q4,Older Adults (≥65)
24409400,1,55,YR,F,,"",US,US,OZEMPIC,SEMAGLUTIDE,,"",PS,Glomerular filtration rate decreased,OT,2024Q4,Younger Adults (18–64)
24409404,1,78,YR,F,,"",US,US,OZEMPIC,SEMAGLUTIDE,0.5,MG,PS,Cataract,HO,2024Q4,Older Adults (≥65)
24409405,2,56,YR,M,,"",US,US,OZEMPIC,SEMAGLUTIDE,0.25,MG,PS,Dry mouth,,2024Q4,Younger Adults (18–64)
24409413,2,56,YR,M,106.58,KG,US,US,OZEMPIC,SEMAGLUTIDE,,"",PS,Intraocular pressure increased,HO,2024Q4,Younger Adults (18–64)
24411308,1,69,YR,F,78.3,KG,US,,SEMAGLUTIDE,SEMAGLUTIDE,,"",PS,Appendicitis,HO,2024Q4,Older Adults (≥65)
24411904,1,62,YR,F,,"",US,,SEMAGLUTIDE,SEMAGLUTIDE,,"",PS,Weight increased,,2024Q4,Younger Adults (18–64)
24412012,2,48,YR,M,,"",US,US,OZEMPIC,SEMAGLUTIDE,0.5,MG,PS,Inappropriate schedule of product administration,HO,2024Q4,Younger Adults (18–64)
24412045,1,75,YR,M,208,KG,US,,SEMAGLUTIDE,SEMAGLUTIDE,1,MG,PS,Faecaloma,HO,2024Q4,Older Adults (≥65)
24412574,1,48,YR,F,69.75,KG,US,,OZEMPIC,SEMAGLUTIDE,,"",PS,Anxiety,OT,2024Q4,Younger Adults (18–64)
24412592,1,41,YR,F,74.7,KG,US,,SEMAGLUTIDE,SEMAGLUTIDE,,"",PS,Drug ineffective,,2024Q4,Younger Adults (18–64)
24414375,2,79,YR,F,,"",US,US,OZEMPIC,SEMAGLUTIDE,,"",PS,Sepsis,HO,2024Q4,Older Adults (≥65)
24414380,1,65,YR,M,,"",US,US,RYBELSUS,SEMAGLUTIDE,,"",PS,Seizure,OT,2024Q4,Older Adults (≥65)
24414381,1,65,YR,F,,"",US,US,OZEMPIC,SEMAGLUTIDE,0.5,MG,PS,Cerebrovascular accident,HO,2024Q4,Older Adults (≥65)
24414382,1,65,YR,,,"",US,US,OZEMPIC,SEMAGLUTIDE,,"",PS,Ileus,OT,2024Q4,Older Adults (≥65)
24414383,1,63,YR,,,"",US,US,OZEMPIC,SEMAGLUTIDE,,"",PS,Ileus,OT,2024Q4,Younger Adults (18–64)
24414384,2,72,YR,F,,"",US,US,OZEMPIC,SEMAGLUTIDE,,"",PS,Chronic kidney disease,HO,2024Q4,Older Adults (≥65)
24414385,2,67,YR,F,,"",US,US,WEGOVY,SEMAGLUTIDE,,"",PS,Electrocardiogram QT prolonged,OT,2024Q4,Older Adults (≥65)
24414399,1,53,YR,F,,"",US,US,WEGOVY,SEMAGLUTIDE,,"",PS,Thrombosis,OT,2024Q4,Younger Adults (18–64)
24414404,1,40,YR,F,,"",US,US,WEGOVY,SEMAGLUTIDE,1.7,MG,PS,Concussion,OT,2024Q4,Younger Adults (18–64)
24414408,1,84,YR,M,,"",US,US,OZEMPIC,SEMAGLUTIDE,0.5,MG,PS,Off label use,OT,2024Q4,Older Adults (≥65)
24414411,1,61,YR,,,"",US,US,OZEMPIC,SEMAGLUTIDE,,"",PS,Intestinal atony,OT,2024Q4,Younger Adults (18–64)
24416502,1,66,YR,F,95.85,KG,US,,OZEMPIC,SEMAGLUTIDE,,"",PS,Alopecia,DS,2024Q4,Older Adults (≥65)
24416611,1,53,YR,F,110.7,KG,US,,WEGOVY,SEMAGLUTIDE,,"",PS,Abdominal pain upper,RI,2024Q4,Younger Adults (18–64)
24417683,1,61,YR,M,108,KG,US,,OZEMPIC,SEMAGLUTIDE,,"",PS,Mood swings,,2024Q4,Younger Adults (18–64)
24420396,1,39,YR,,,"",US,US,OZEMPIC,SEMAGLUTIDE,0.25,MG,PS,Small intestinal obstruction,HO,2024Q4,Younger Adults (18–64)
24420400,1,50,YR,M,,"",US,US,OZEMPIC,SEMAGLUTIDE,,"",PS,Ileus,HO,2024Q4,Younger Adults (18–64)
24420401,2,55,YR,F,98.413,KG,US,US,OZEMPIC,SEMAGLUTIDE,,"",PS,Product use in unapproved indication,HO,2024Q4,Younger Adults (18–64)
24420410,1,79,YR,F,,"",US,US,OZEMPIC,SEMAGLUTIDE,,"",PS,Product label confusion,OT,2024Q4,Older Adults (≥65)
24420415,1,72,YR,F,,"",US,US,OZEMPIC,SEMAGLUTIDE,0.5,MG,PS,Unevaluable investigation,DE,2024Q4,Older Adults (≥65)
24420460,1,45,YR,F,,"",US,US,OZEMPIC,SEMAGLUTIDE,0.25,MG,PS,Intestinal obstruction,HO,2024Q4,Younger Adults (18–64)
24427161,1,34,YR,F,81,KG,US,,WEGOVY,SEMAGLUTIDE,,"",PS,Presyncope,,2024Q4,Younger Adults (18–64)
24427261,1,63,YR,F,108,KG,US,,WEGOVY,SEMAGLUTIDE,,"",PS,Suicidal ideation,OT,2024Q4,Younger Adults (18–64)
24428207,1,45,YR,F,56.7,KG,US,,WEGOVY,SEMAGLUTIDE,,"",PS,Therapy interrupted,HO,2024Q4,Younger Adults (18–64)
24431150,1,64,YR,F,,"",US,US,OZEMPIC,SEMAGLUTIDE,,"",PS,Bunion operation,OT,2024Q4,Younger Adults (18–64)
24431399,1,59,YR,,,"",US,US,OZEMPIC,SEMAGLUTIDE,,"",PS,Impaired gastric emptying,OT,2024Q4,Younger Adults (18–64)
24431404,2,62,YR,F,,"",US,US,OZEMPIC,SEMAGLUTIDE,,"",PS,Myocardial infarction,OT,2024Q4,Younger Adults (18–64)
24431407,2,67,YR,M,122.45,KG,US,US,OZEMPIC,SEMAGLUTIDE,,"",PS,Ileus,HO,2024Q4,Older Adults (≥65)
24431411,1,75,YR,F,,"",US,US,WEGOVY,SEMAGLUTIDE,,"",PS,Thrombotic stroke,HO,2024Q4,Older Adults (≥65)
24431412,2,56,YR,F,88.45,KG,US,US,OZEMPIC,SEMAGLUTIDE,1,MG,PS,Obstruction gastric,OT,2024Q4,Younger Adults (18–64)
24431413,1,53,YR,F,,"",US,US,OZEMPIC,SEMAGLUTIDE,1,MG,PS,Off label use,HO,2024Q4,Younger Adults (18–64)
24431539,1,41,YR,F,,"",US,US,WEGOVY,SEMAGLUTIDE,,"",PS,Abortion spontaneous,OT,2024Q4,Younger Adults (18–64)
24431541,2,61,YR,F,71.655,KG,US,US,OZEMPIC,SEMAGLUTIDE,,"",PS,Dehydration,HO,2024Q4,Younger Adults (18–64)
24431670,1,84,YR,M,,"",US,US,OZEMPIC,SEMAGLUTIDE,0.25,MG,PS,Inappropriate schedule of product administration,OT,2024Q4,Older Adults (≥65)
24431674,1,68,YR,F,,"",US,US,OZEMPIC,SEMAGLUTIDE,0.25,MG,PS,Gallbladder enlargement,OT,2024Q4,Older Adults (≥65)
24432398,1,61,YR,F,,"",US,US,OZEMPIC,SEMAGLUTIDE,,"",PS,Scar excision,OT,2024Q4,Younger Adults (18–64)
24432400,1,76,YR,F,,"",US,US,OZEMPIC,SEMAGLUTIDE,1,MG,PS,Colitis,HO,2024Q4,Older Adults (≥65)
24432402,1,48,YR,F,,"",US,US,WEGOVY,SEMAGLUTIDE,,"",PS,Product communication issue,HO,2024Q4,Younger Adults (18–64)
24432512,1,72,YR,M,,"",US,US,OZEMPIC,SEMAGLUTIDE,0.5,MG,PS,Peripheral arterial occlusive disease,HO,2024Q4,Older Adults (≥65)
24435466,1,53,YR,M,,"",US,US,OZEMPIC,SEMAGLUTIDE,0.5,MG,PS,Oesophagitis,OT,2024Q4,Younger Adults (18–64)
24435470,1,63,YR,,,"",US,US,OZEMPIC,SEMAGLUTIDE,,"",PS,Ileus,OT,2024Q4,Younger Adults (18–64)
24435472,1,49,YR,F,,"",US,US,OZEMPIC,SEMAGLUTIDE,2,MG,PS,Hysterectomy,OT,2024Q4,Younger Adults (18–64)
24435473,3,61,YR,F,,"",US,US,WEGOVY,SEMAGLUTIDE,,"",PS,Gastrooesophageal reflux disease,OT,2024Q4,Younger Adults (18–64)
24435474,1,48,YR,,,"",US,US,OZEMPIC,SEMAGLUTIDE,,"",PS,Intestinal obstruction,OT,2024Q4,Younger Adults (18–64)
24435821,2,81,YR,F,55.329,KG,US,US,OZEMPIC,SEMAGLUTIDE,1,MG,PS,Retinal oedema,HO,2024Q4,Older Adults (≥65)
24435823,1,77,YR,F,,"",US,US,OZEMPIC,SEMAGLUTIDE,0.25,MG,PS,Intestinal haemorrhage,HO,2024Q4,Older Adults (≥65)
24435835,1,45,YR,F,,"",US,US,OZEMPIC,SEMAGLUTIDE,0.25,MG,PS,Intestinal obstruction,HO,2024Q4,Younger Adults (18–64)
24435837,2,73,YR,F,,"",US,US,OZEMPIC,SEMAGLUTIDE,,"",PS,Cold sweat,HO,2024Q4,Older Adults (≥65)
24435840,1,71,YR,F,,"",US,US,OZEMPIC,SEMAGLUTIDE,0.5,MG,PS,Fall,HO,2024Q4,Older Adults (≥65)
24435841,1,76,YR,M,,"",US,US,OZEMPIC,SEMAGLUTIDE,1,MG,PS,Staphylococcal infection,HO,2024Q4,Older Adults (≥65)
24437405,1,73,YR,M,90,KG,US,,SEMAGLUTIDE,SEMAGLUTIDE,0.25,MG,PS,Pancreatic mass,,2024Q4,Older Adults (≥65)
24437627,1,35,YR,M,128.7,KG,US,,WEGOVY,SEMAGLUTIDE,,"",PS,Vomiting,LT,2024Q4,Younger Adults (18–64)
24438091,1,76,YR,F,60.75,KG,US,,OZEMPIC,SEMAGLUTIDE,,"",PS,Ileus,DE,2024Q4,Older Adults (≥65)
24438208,1,46,YR,F,85.5,KG,US,,WEGOVY,SEMAGLUTIDE,,"",PS,Therapy interrupted,,2024Q4,Younger Adults (18–64)
24438632,1,34,YR,F,76.5,KG,US,,SEMAGLUTIDE,SEMAGLUTIDE,,"",PS,Product compounding quality issue,RI,2024Q4,Younger Adults (18–64)
24438688,1,45,YR,F,87.75,KG,US,,WEGOVY,SEMAGLUTIDE,,"",PS,Anxiety,OT,2024Q4,Younger Adults (18–64)
24438950,2,66,YR,M,,"",US,US,OZEMPIC,SEMAGLUTIDE,1,MG,PS,Eye haemorrhage,OT,2024Q4,Older Adults (≥65)
24439047,1,44,YR,M,143.1,KG,US,,SEMAGLUTIDE,SEMAGLUTIDE,,"",PS,Weight increased,OT,2024Q4,Younger Adults (18–64)
24439287,1,46,YR,M,,"",US,,OZEMPIC,SEMAGLUTIDE,,"",PS,Optic ischaemic neuropathy,DS,2024Q4,Younger Adults (18–64)
24439665,1,26,YR,F,88.11,KG,US,,WEGOVY,SEMAGLUTIDE,,"",PS,Pityriasis rosea,OT,2024Q4,Younger Adults (18–64)
24440614,1,63,YR,F,,"",US,US,OZEMPIC,SEMAGLUTIDE,,"",PS,Constipation,HO,2024Q4,Younger Adults (18–64)
24440724,1,60,YR,M,,"",US,US,OZEMPIC,SEMAGLUTIDE,1,MG,PS,Liver transplant,HO,2024Q4,Younger Adults (18–64)
24440725,1,73,YR,F,,"",US,US,OZEMPIC,SEMAGLUTIDE,0.5,MG,PS,Decreased appetite,HO,2024Q4,Older Adults (≥65)
24444323,1,79,YR,M,,"",US,,SEMAGLUTIDE,SEMAGLUTIDE,2,MG,PS,Pancreatitis,HO,2024Q4,Older Adults (≥65)
24444654,1,75,YR,M,,"",US,,SEMAGLUTIDE,SEMAGLUTIDE,,"",PS,Gastric hypomotility,HO,2024Q4,Older Adults (≥65)
24445236,1,54,YR,F,87.75,KG,US,,OZEMPIC,SEMAGLUTIDE,,"",PS,Malaise,DS,2024Q4,Younger Adults (18–64)
24445275,1,55,YR,F,94.5,KG,US,,OZEMPIC,SEMAGLUTIDE,,"",PS,Abdominal pain upper,DS,2024Q4,Younger Adults (18–64)
24445277,1,77,YR,F,103.5,KG,US,,OZEMPIC,SEMAGLUTIDE,,"",PS,Abdominal pain lower,OT,2024Q4,Older Adults (≥65)
24445322,1,43,YR,F,84.82,KG,US,,WEGOVY,SEMAGLUTIDE,,"",PS,Head titubation,,2024Q4,Younger Adults (18–64)
24446878,1,68,YR,,,"",US,US,RYBELSUS,SEMAGLUTIDE,,"",PS,Malaise,OT,2024Q4,Older Adults (≥65)
24448583,1,52,YR,,,"",US,US,RYBELSUS,SEMAGLUTIDE,,"",PS,Impaired gastric emptying,OT,2024Q4,Younger Adults (18–64)
24448587,1,61,YR,,,"",US,US,OZEMPIC,SEMAGLUTIDE,0.25,MG,PS,Small intestinal obstruction,HO,2024Q4,Younger Adults (18–64)
24448589,1,68,YR,F,,"",US,US,WEGOVY,SEMAGLUTIDE,1.7,MG,PS,Product communication issue,OT,2024Q4,Older Adults (≥65)
24448614,1,40,YR,F,,"",US,US,OZEMPIC,SEMAGLUTIDE,0.5,MG,PS,Hypomagnesaemia,HO,2024Q4,Younger Adults (18–64)
24448616,1,55,YR,F,,"",US,US,OZEMPIC,SEMAGLUTIDE,0.5,MG,PS,Seizure,OT,2024Q4,Younger Adults (18–64)
24448617,1,70,YR,M,,"",US,US,OZEMPIC,SEMAGLUTIDE,,"",PS,Pneumonia,OT,2024Q4,Older Adults (≥65)
24450558,1,43,YR,F,91.35,KG,US,,SEMAGLUTIDE,SEMAGLUTIDE,,"",PS,Dry skin,DS,2024Q4,Younger Adults (18–64)
24457288,1,67,YR,F,,"",US,US,OZEMPIC,SEMAGLUTIDE,2,MG,PS,Product use in unapproved indication,HO,2024Q4,Older Adults (≥65)
24457314,3,52,YR,F,85.184,KG,US,US,WEGOVY,SEMAGLUTIDE,2.4,MG,PS,Incisional hernia repair,HO,2024Q4,Younger Adults (18–64)
24457324,1,50,YR,,,"",US,US,OZEMPIC,SEMAGLUTIDE,,"",PS,Impaired gastric emptying,OT,2024Q4,Younger Adults (18–64)
24457612,2,66,YR,M,,"",US,US,OZEMPIC,SEMAGLUTIDE,2,MG,PS,Incisional hernia,HO,2024Q4,Older Adults (≥65)
24457662,1,41,YR,F,,"",US,US,OZEMPIC,SEMAGLUTIDE,0.25,MG,PS,Colitis,HO,2024Q4,Younger Adults (18–64)
24457663,1,66,YR,F,,"",US,US,OZEMPIC,SEMAGLUTIDE,2,MG,PS,Cataract operation,OT,2024Q4,Older Adults (≥65)
24457664,1,69,YR,F,,"",US,US,OZEMPIC,SEMAGLUTIDE,0.25,MG,PS,Inappropriate schedule of product administration,OT,2024Q4,Older Adults (≥65)
24457668,1,56,YR,F,,"",US,US,OZEMPIC,SEMAGLUTIDE,,"",PS,Blood glucose decreased,OT,2024Q4,Younger Adults (18–64)
24457671,2,76,YR,M,,"",US,US,OZEMPIC,SEMAGLUTIDE,,"",PS,Cataract operation,OT,2024Q4,Older Adults (≥65)
24457673,1,70,YR,M,,"",US,US,OZEMPIC,SEMAGLUTIDE,,"",PS,Syncope,HO,2024Q4,Older Adults (≥65)
24457679,1,79,YR,M,,"",US,US,OZEMPIC,SEMAGLUTIDE,,"",PS,Product use in unapproved indication,OT,2024Q4,Older Adults (≥65)
24458149,2,54,YR,F,,"",US,US,OZEMPIC,SEMAGLUTIDE,0.25,MG,PS,Diabetic ketoacidosis,HO,2024Q4,Younger Adults (18–64)
24458157,3,66,YR,F,,"",US,US,WEGOVY,SEMAGLUTIDE,2.4,MG,PS,Constipation,,2024Q4,Older Adults (≥65)
24458170,1,40,YR,F,90.703,KG,US,US,OZEMPIC,SEMAGLUTIDE,0.25,MG,PS,Off label use,HO,2024Q4,Younger Adults (18–64)
24460917,1,39,YR,M,96.75,KG,US,,OZEMPIC,SEMAGLUTIDE,,"",PS,Blindness unilateral,DS,2024Q4,Younger Adults (18–64)
24461089,1,66,YR,F,80.1,KG,US,,WEGOVY,SEMAGLUTIDE,,"",PS,Gastrointestinal pain,HO,2024Q4,Older Adults (≥65)
24464820,1,81,YR,F,,"",US,,OZEMPIC,SEMAGLUTIDE,,"",PS,Abdominal discomfort,,2024Q4,Older Adults (≥65)
24464821,1,56,YR,M,146.25,KG,US,,WEGOVY,SEMAGLUTIDE,,"",PS,Intestinal ischaemia,HO,2024Q4,Younger Adults (18–64)
24468204,2,78,YR,M,,"",US,US,OZEMPIC,SEMAGLUTIDE,2,MG,PS,Blister,LT,2024Q4,Older Adults (≥65)
24526160,1,59,YR,M,103.8,KG,US,US,RYBELSUS,SEMAGLUTIDE,,"",PS,Pneumonia aspiration,HO,2024Q4,Younger Adults (18–64)
24526326,2,52,YR,M,113.39,KG,US,US,OZEMPIC,SEMAGLUTIDE,0.5,MG,PS,Inappropriate schedule of product administration,HO,2024Q4,Younger Adults (18–64)
24526348,1,33,YR,F,,"",US,US,RYBELSUS,SEMAGLUTIDE,7,MG,PS,Cholecystitis,HO,2024Q4,Younger Adults (18–64)
24526354,1,42,YR,F,72.109,KG,US,US,OZEMPIC,SEMAGLUTIDE,2,MG,PS,Dyspepsia,HO,2024Q4,Younger Adults (18–64)
24526398,1,66,YR,F,,"",US,US,OZEMPIC,SEMAGLUTIDE,,"",PS,Renal disorder,HO,2024Q4,Older Adults (≥65)
24528225,1,77,YR,M,,"",US,,SEMAGLUTIDE,SEMAGLUTIDE,,"",PS,Vomiting,,2024Q4,Older Adults (≥65)
24528226,1,62,YR,M,79,KG,US,,SEMAGLUTIDE,SEMAGLUTIDE,1,MG,PS,Retching,,2024Q4,Younger Adults (18–64)
24529109,1,71,YR,F,70.65,KG,US,,SEMAGLUTIDE,SEMAGLUTIDE,,"",PS,Gastric ulcer,OT,2024Q4,Older Adults (≥65)
24529175,1,44,YR,F,67.5,KG,US,,WEGOVY,SEMAGLUTIDE,,"",PS,Pancreatitis,HO,2024Q4,Younger Adults (18–64)
24529306,1,57,YR,F,59.85,KG,US,,SEMAGLUTIDE,SEMAGLUTIDE,,"",PS,Panic attack,OT,2024Q4,Younger Adults (18–64)
24529320,1,56,YR,F,126.45,KG,US,,OZEMPIC,SEMAGLUTIDE,,"",PS,Nausea,RI,2024Q4,Younger Adults (18–64)
24530065,1,39,YR,F,82.8,KG,US,,OZEMPIC,SEMAGLUTIDE,,"",PS,Irritability,,2024Q4,Younger Adults (18–64)
24531149,2,65,YR,M,,"",US,US,OZEMPIC,SEMAGLUTIDE,1,MG,PS,Carbon monoxide poisoning,HO,2024Q4,Older Adults (≥65)
24531155,1,37,YR,F,,"",US,US,OZEMPIC,SEMAGLUTIDE,2,MG,PS,Abdominal pain,HO,2024Q4,Younger Adults (18–64)
24531157,1,61,YR,F,,"",US,US,OZEMPIC,SEMAGLUTIDE,,"",PS,Drug hypersensitivity,HO,2024Q4,Younger Adults (18–64)
24531181,1,39,YR,F,120.18,KG,US,US,OZEMPIC,SEMAGLUTIDE,0.5,MG,PS,Decreased appetite,HO,2024Q4,Younger Adults (18–64)
24531346,2,29,YR,M,,"",US,US,OZEMPIC,SEMAGLUTIDE,2,MG,PS,Hypoglycaemia,OT,2024Q4,Younger Adults (18–64)
24531745,1,56,YR,F,,"",US,US,OZEMPIC,SEMAGLUTIDE,1,MG,PS,Abdominal distension,OT,2024Q4,Younger Adults (18–64)
24531752,1,58,YR,M,,"",US,US,OZEMPIC,SEMAGLUTIDE,,"",PS,Abnormal loss of weight,OT,2024Q4,Younger Adults (18–64)
24531757,1,57,YR,F,,"",US,US,OZEMPIC,SEMAGLUTIDE,,"",PS,Gastrointestinal disorder,HO,2024Q4,Younger Adults (18–64)
24531760,1,69,YR,F,,"",US,US,OZEMPIC,SEMAGLUTIDE,0.25,MG,PS,Hip arthroplasty,OT,2024Q4,Older Adults (≥65)
24531814,1,65,YR,M,,"",US,US,OZEMPIC,SEMAGLUTIDE,2,MG,PS,Hiccups,OT,2024Q4,Older Adults (≥65)
24532882,1,51,YR,F,79.83,KG,US,MX,WEGOVY,SEMAGLUTIDE,,"",PS,Gastric ulcer,HO,2024Q4,Younger Adults (18–64)
24533959,1,81,YR,F,,"",US,,OZEMPIC,SEMAGLUTIDE,0.5,MG,PS,Loss of consciousness,HO,2024Q4,Older Adults (≥65)
24534052,1,58,YR,M,75.6,KG,US,,RYBELSUS,SEMAGLUTIDE,,"",PS,Gastric infection,OT,2024Q4,Younger Adults (18–64)
24534156,1,86,YR,M,64.7,KG,US,,SEMAGLUTIDE,SEMAGLUTIDE,7,MG,PS,Urinary tract infection,HO,2024Q4,Older Adults (≥65)
24534369,1,37,YR,F,83.25,KG,US,,WEGOVY,SEMAGLUTIDE,,"",PS,Palpitations,,2024Q4,Younger Adults (18–64)
24534374,1,51,YR,F,76.5,KG,US,,WEGOVY,SEMAGLUTIDE,,"",PS,Allodynia,,2024Q4,Younger Adults (18–64)
24535631,1,91,YR,M,112,KG,US,,OZEMPIC,SEMAGLUTIDE,,"",PS,"Hallucination, auditory",OT,2024Q4,Older Adults (≥65)
24540033,1,67,YR,F,,"",US,,RYBELSUS,SEMAGLUTIDE,,"",PS,Eating disorder,HO,2024Q4,Older Adults (≥65)
24540221,2,52,YR,F,,"",US,US,OZEMPIC,SEMAGLUTIDE,,"",PS,Breast reconstruction,OT,2024Q4,Younger Adults (18–64)
24541918,1,71,YR,F,,"",US,US,OZEMPIC,SEMAGLUTIDE,0.25,MG,PS,Ejection fraction decreased,OT,2024Q4,Older Adults (≥65)
24541920,1,37,YR,F,,"",US,US,WEGOVY,SEMAGLUTIDE,0.25,MG,PS,Bipolar disorder,OT,2024Q4,Younger Adults (18–64)
24542050,1,79,YR,F,,"",US,US,OZEMPIC,SEMAGLUTIDE,0.5,MG,PS,Nausea,HO,2024Q4,Older Adults (≥65)
24542366,2,91,YR,M,,"",US,US,OZEMPIC,SEMAGLUTIDE,,"",PS,Weight decreased,DE,2024Q4,Older Adults (≥65)
24542368,1,55,YR,F,,"",US,US,OZEMPIC,SEMAGLUTIDE,0.5,MG,PS,Constipation,HO,2024Q4,Younger Adults (18–64)
24545102,1,58,YR,F,,"",US,US,OZEMPIC,SEMAGLUTIDE,0.5,MG,PS,Dyspepsia,HO,2024Q4,Younger Adults (18–64)
24545144,1,33,WK,F,72,KG,US,,WEGOVY,SEMAGLUTIDE,,"",PS,Musculoskeletal chest pain,OT,2024Q4,Younger Adults (18–64)
24545147,1,76,YR,F,57.15,KG,US,,OZEMPIC,SEMAGLUTIDE,,"",PS,Autoimmune hepatitis,OT,2024Q4,Older Adults (≥65)
24545348,1,62,YR,M,198,KG,US,,OZEMPIC,SEMAGLUTIDE,,"",PS,Cardiac failure,LT,2024Q4,Younger Adults (18–64)
24545444,1,62,YR,M,90,KG,US,,WEGOVY,SEMAGLUTIDE,,"",PS,Sensitive skin,,2024Q4,Younger Adults (18–64)
24545564,1,73,YR,M,,"",US,US,OZEMPIC,SEMAGLUTIDE,0.25,MG,PS,Sepsis,HO,2024Q4,Older Adults (≥65)
24545565,1,52,YR,,,"",US,US,OZEMPIC,SEMAGLUTIDE,,"",PS,Ileus,OT,2024Q4,Younger Adults (18–64)
24545569,2,51,YR,M,107.03,KG,US,US,OZEMPIC,SEMAGLUTIDE,0.5,MG,PS,Ileus,HO,2024Q4,Younger Adults (18–64)
24545932,2,57,YR,F,59.41,KG,US,US,RYBELSUS,SEMAGLUTIDE,,"",PS,Anaemia,OT,2024Q4,Younger Adults (18–64)
24546759,1,46,YR,F,,"",US,US,OZEMPIC,SEMAGLUTIDE,2,MG,PS,Diarrhoea,HO,2024Q4,Younger Adults (18–64)
24546761,1,41,YR,F,,"",US,US,WEGOVY,SEMAGLUTIDE,1.7,MG,PS,Dehydration,HO,2024Q4,Younger Adults (18–64)
24546817,1,80,YR,F,,"",US,US,OZEMPIC,SEMAGLUTIDE,0.5,MG,PS,Hospitalisation,HO,2024Q4,Older Adults (≥65)
24546819,2,68,YR,M,,"",US,US,OZEMPIC,SEMAGLUTIDE,,"",PS,Thyroid mass,OT,2024Q4,Older Adults (≥65)
24546845,1,52,YR,,,"",US,US,OZEMPIC,SEMAGLUTIDE,,"",PS,Obstructive pancreatitis,OT,2024Q4,Younger Adults (18–64)
24546857,1,58,YR,M,86.168,KG,US,US,OZEMPIC,SEMAGLUTIDE,1,MG,PS,Atrioventricular block,OT,2024Q4,Younger Adults (18–64)
24546862,1,76,YR,F,,"",US,US,OZEMPIC,SEMAGLUTIDE,2,MG,PS,Nephrolithiasis,OT,2024Q4,Older Adults (≥65)
24546898,1,48,YR,F,,"",US,US,OZEMPIC,SEMAGLUTIDE,2,MG,PS,Procedural pain,HO,2024Q4,Younger Adults (18–64)
24546899,1,70,YR,F,,"",US,US,OZEMPIC,SEMAGLUTIDE,0.5,MG,PS,Surgery,OT,2024Q4,Older Adults (≥65)
24549767,1,48,YR,F,79.7,KG,US,,OZEMPIC,SEMAGLUTIDE,,"",PS,Cerebrovascular accident,LT,2024Q4,Younger Adults (18–64)
24549769,1,38,YR,M,136.35,KG,US,,OZEMPIC,SEMAGLUTIDE,0.5,MG,PS,Small intestinal obstruction,HO,2024Q4,Younger Adults (18–64)
24549905,1,46,YR,F,67.5,KG,US,,CYANOCOBALAMIN\SEMAGLUTIDE,CYANOCOBALAMIN\SEMAGLUTIDE,,"",PS,Flatulence,DS,2024Q4,Younger Adults (18–64)
24549906,1,46,YR,F,112.5,KG,US,,CYANOCOBALAMIN\SEMAGLUTIDE,CYANOCOBALAMIN\SEMAGLUTIDE,,"",PS,Vision blurred,DS,2024Q4,Younger Adults (18–64)
24549991,1,68,YR,F,68.4,KG,US,,OZEMPIC,SEMAGLUTIDE,,"",PS,Eructation,RI,2024Q4,Older Adults (≥65)
24550974,1,61,YR,F,,"",US,US,WEGOVY,SEMAGLUTIDE,2.4,MG,PS,Positron emission tomogram abnormal,OT,2024Q4,Younger Adults (18–64)
24555661,1,54,YR,F,105.67,KG,US,US,OZEMPIC,SEMAGLUTIDE,0.25,MG,PS,Decreased appetite,HO,2024Q4,Younger Adults (18–64)
24556127,1,70,YR,M,,"",US,US,WEGOVY,SEMAGLUTIDE,,"",PS,Off label use,HO,2024Q4,Older Adults (≥65)
24556418,1,78,YR,M,,"",US,US,OZEMPIC,SEMAGLUTIDE,,"",PS,Injection site urticaria,HO,2024Q4,Older Adults (≥65)
24556424,1,61,YR,,,"",US,US,OZEMPIC,SEMAGLUTIDE,0.5,MG,PS,Blood glucose fluctuation,HO,2024Q4,Younger Adults (18–64)
24556508,1,65,YR,F,63,KG,US,,WEGOVY,SEMAGLUTIDE,,"",PS,Vomiting,OT,2024Q4,Older Adults (≥65)
24557512,1,80,YR,F,,"",US,US,OZEMPIC,SEMAGLUTIDE,2,MG,PS,Blood glucose decreased,OT,2024Q4,Older Adults (≥65)
24557516,3,47,YR,F,246,KG,US,US,WEGOVY,SEMAGLUTIDE,0.25,MG,PS,Condition aggravated,OT,2024Q4,Younger Adults (18–64)
24557527,1,75,YR,F,,"",US,US,OZEMPIC,SEMAGLUTIDE,0.5,MG,PS,Rotator cuff repair,OT,2024Q4,Older Adults (≥65)
24557903,1,23,YR,F,102.04,KG,US,US,WEGOVY,SEMAGLUTIDE,0.25,MG,PS,Dehydration,OT,2024Q4,Younger Adults (18–64)
24560789,2,38,YR,F,,"",US,US,OZEMPIC,SEMAGLUTIDE,1,MG,PS,Constipation,HO,2024Q4,Younger Adults (18–64)
24561061,1,63,YR,M,,"",US,,SEMAGLUTIDE,SEMAGLUTIDE,1,MG,PS,Gastric perforation,HO,2024Q4,Younger Adults (18–64)
24561159,1,68,YR,F,76.5,KG,US,,OZEMPIC,SEMAGLUTIDE,,"",PS,Biliary colic,HO,2024Q4,Older Adults (≥65)
24561511,1,42,YR,F,98.55,KG,US,,WEGOVY,SEMAGLUTIDE,,"",PS,Dehydration,RI,2024Q4,Younger Adults (18–64)
24561881,2,64,YR,M,,"",US,US,OZEMPIC,SEMAGLUTIDE,0.25,MG,PS,Blood glucose increased,HO,2024Q4,Younger Adults (18–64)
24562314,1,62,YR,M,141.1,KG,US,,SEMAGLUTIDE,SEMAGLUTIDE,2,MG,PS,Vomiting,HO,2024Q4,Younger Adults (18–64)
24562732,1,80,YR,F,,"",US,US,OZEMPIC,SEMAGLUTIDE,0.5,MG,PS,Knee arthroplasty,HO,2024Q4,Older Adults (≥65)
24564634,1,54,YR,F,81,KG,US,,WEGOVY,SEMAGLUTIDE,,"",PS,Sensitive skin,,2024Q4,Younger Adults (18–64)
24565626,1,54,YR,M,,"",US,US,OZEMPIC,SEMAGLUTIDE,0.25,MG,PS,Surgery,OT,2024Q4,Younger Adults (18–64)
24565628,1,68,YR,F,,"",US,US,SEMAGLUTIDE,SEMAGLUTIDE,,"",PS,Abdominal discomfort,OT,2024Q4,Older Adults (≥65)
24565641,1,57,YR,M,110.66,KG,US,US,OZEMPIC,SEMAGLUTIDE,0.5,MG,PS,Depression,OT,2024Q4,Younger Adults (18–64)
24565752,2,69,YR,F,88.9,KG,US,US,OZEMPIC,SEMAGLUTIDE,,"",PS,Rectocele,OT,2024Q4,Older Adults (≥65)
24565754,1,74,YR,F,,"",US,US,OZEMPIC,SEMAGLUTIDE,1,MG,PS,Aortic disorder,OT,2024Q4,Older Adults (≥65)
24565756,2,58,YR,M,,"",US,US,RYBELSUS,SEMAGLUTIDE,14,MG,PS,Pancreatic carcinoma metastatic,OT,2024Q4,Younger Adults (18–64)
24566150,1,45,YR,M,136.1,KG,US,,OZEMPIC,SEMAGLUTIDE,2,MG,PS,Cardio-respiratory arrest,DE,2024Q4,Younger Adults (18–64)
24566236,1,86,YR,M,,"",US,US,OZEMPIC,SEMAGLUTIDE,,"",PS,Incontinence,HO,2024Q4,Older Adults (≥65)
24566402,1,54,YR,F,105,KG,US,,SEMAGLUTIDE,SEMAGLUTIDE,1.7,MG,PS,Therapy cessation,HO,2024Q4,Younger Adults (18–64)
24566842,1,55,YR,F,,"",US,US,WEGOVY,SEMAGLUTIDE,,"",PS,Bipolar disorder,OT,2024Q4,Younger Adults (18–64)
24566986,1,70,YR,F,,"",US,US,OZEMPIC,SEMAGLUTIDE,1,MG,PS,Diarrhoea,OT,2024Q4,Older Adults (≥65)
24567013,2,86,YR,M,,"",US,US,RYBELSUS,SEMAGLUTIDE,7,MG,PS,Abdominal distension,HO,2024Q4,Older Adults (≥65)
24567102,1,62,YR,M,,"",US,US,OZEMPIC,SEMAGLUTIDE,0.25,MG,PS,Nausea,HO,2024Q4,Younger Adults (18–64)
24567427,1,38,YR,F,,"",US,US,OZEMPIC,SEMAGLUTIDE,0.05,MG,PS,Diverticulitis,OT,2024Q4,Younger Adults (18–64)
24567431,1,53,YR,F,,"",US,US,OZEMPIC,SEMAGLUTIDE,2,MG,PS,Decreased appetite,HO,2024Q4,Younger Adults (18–64)
24567505,1,55,YR,,,"",US,US,OZEMPIC,SEMAGLUTIDE,,"",PS,Ileus,HO,2024Q4,Younger Adults (18–64)
24567509,1,41,YR,,,"",US,US,OZEMPIC,SEMAGLUTIDE,,"",PS,Impaired gastric emptying,HO,2024Q4,Younger Adults (18–64)
24567510,1,56,YR,,,"",US,US,OZEMPIC,SEMAGLUTIDE,,"",PS,Ileus,HO,2024Q4,Younger Adults (18–64)
24569256,1,72,YR,M,133.2,KG,US,,RYBELSUS,SEMAGLUTIDE,,"",PS,Tinnitus,OT,2024Q4,Older Adults (≥65)
24569261,1,27,YR,F,90,KG,US,,SEMAGLUTIDE,SEMAGLUTIDE,,"",PS,Hypoglycaemia,OT,2024Q4,Younger Adults (18–64)
24569299,1,47,YR,F,72.9,KG,US,,SEMAGLUTIDE,SEMAGLUTIDE,,"",PS,Appendicectomy,HO,2024Q4,Younger Adults (18–64)
24569374,1,68,YR,F,89.36,KG,US,,OZEMPIC,SEMAGLUTIDE,,"",PS,Nausea,OT,2024Q4,Older Adults (≥65)
24569376,1,41,YR,F,,"",US,,WEGOVY,SEMAGLUTIDE,,"",PS,Pruritus,OT,2024Q4,Younger Adults (18–64)
24569516,1,77,YR,F,,"",US,US,OZEMPIC,SEMAGLUTIDE,,"",PS,Breast cancer,OT,2024Q4,Older Adults (≥65)
24569521,1,62,YR,M,,"",US,US,OZEMPIC,SEMAGLUTIDE,0.5,MG,PS,Visual impairment,OT,2024Q4,Younger Adults (18–64)
24569670,1,76,YR,F,,"",US,US,OZEMPIC,SEMAGLUTIDE,,"",PS,Autoimmune hepatitis,OT,2024Q4,Older Adults (≥65)
24569677,1,49,YR,,,"",US,US,OZEMPIC,SEMAGLUTIDE,,"",PS,Ileus,OT,2024Q4,Younger Adults (18–64)
24569956,1,69,YR,M,77.25,KG,US,,SEMAGLUTIDE,SEMAGLUTIDE,0.25,MG,PS,Syncope,LT,2024Q4,Older Adults (≥65)
24570272,1,63,YR,M,,"",US,US,OZEMPIC,SEMAGLUTIDE,,"",PS,Off label use,LT,2024Q4,Younger Adults (18–64)
24570274,1,52,YR,,,"",US,US,WEGOVY,SEMAGLUTIDE,,"",PS,Ileus,HO,2024Q4,Younger Adults (18–64)
24570398,1,45,YR,M,,"",US,US,OZEMPIC,SEMAGLUTIDE,0.25,MG,PS,Drug hypersensitivity,OT,2024Q4,Younger Adults (18–64)
24570402,2,47,YR,F,,"",US,US,OZEMPIC,SEMAGLUTIDE,0.25,MG,PS,Death,DE,2024Q4,Younger Adults (18–64)
24570461,1,45,YR,F,,"",US,US,OZEMPIC,SEMAGLUTIDE,,"",PS,Pelvic floor dysfunction,HO,2024Q4,Younger Adults (18–64)
24570462,1,42,YR,,,"",US,US,OZEMPIC,SEMAGLUTIDE,,"",PS,Ileus,HO,2024Q4,Younger Adults (18–64)
24570604,1,77,YR,F,,"",US,US,OZEMPIC,SEMAGLUTIDE,1,MG,PS,Product label confusion,OT,2024Q4,Older Adults (≥65)
24570606,2,59,YR,M,,"",US,US,OZEMPIC,SEMAGLUTIDE,0.5,MG,PS,Myocardial infarction,DE,2024Q4,Younger Adults (18–64)
24570615,1,42,YR,F,,"",US,US,RYBELSUS,SEMAGLUTIDE,14,MG,PS,Product use in unapproved indication,OT,2024Q4,Younger Adults (18–64)
24570618,1,30,YR,F,,"",US,US,WEGOVY,SEMAGLUTIDE,,"",PS,Urinary tract infection,OT,2024Q4,Younger Adults (18–64)
24570619,1,70,YR,M,,"",US,US,OZEMPIC,SEMAGLUTIDE,,"",PS,Death,DE,2024Q4,Older Adults (≥65)
24571867,1,38,YR,M,111.36,KG,US,US,SEMAGLUTIDE,SEMAGLUTIDE,,"",PS,Impaired gastric emptying,HO,2024Q4,Younger Adults (18–64)
24572144,1,64,YR,M,,"",US,,OZEMPIC,SEMAGLUTIDE,0.5,MG,PS,Adverse drug reaction,HO,2024Q4,Younger Adults (18–64)
24572837,1,63,YR,F,65.25,KG,US,,OZEMPIC,SEMAGLUTIDE,,"",PS,Glycosylated haemoglobin increased,OT,2024Q4,Younger Adults (18–64)
24572938,1,53,YR,F,,"",US,US,WEGOVY,SEMAGLUTIDE,,"",PS,Ileus,OT,2024Q4,Younger Adults (18–64)
24573043,2,77,YR,F,99.32,KG,US,US,OZEMPIC,SEMAGLUTIDE,0.25,MG,PS,Renal impairment,HO,2024Q4,Older Adults (≥65)
24573046,1,41,YR,,,"",US,US,OZEMPIC,SEMAGLUTIDE,,"",PS,Ileus,HO,2024Q4,Younger Adults (18–64)
24575727,1,68,YR,M,89,KG,US,,SEMAGLUTIDE,SEMAGLUTIDE,1.7,MG,PS,Abdominal pain,HO,2024Q4,Older Adults (≥65)
24576053,1,61,YR,F,70.65,KG,US,,OZEMPIC,SEMAGLUTIDE,,"",PS,Depressed mood,,2024Q4,Younger Adults (18–64)
24576526,1,53,YR,F,142.2,KG,US,,SEMAGLUTIDE,SEMAGLUTIDE,,"",PS,Product communication issue,,2024Q4,Younger Adults (18–64)
24576724,1,72,YR,F,79.65,KG,US,,LEVOCARNITINE\SEMAGLUTIDE,LEVOCARNITINE\SEMAGLUTIDE,,"",PS,Incorrect dose administered,,2024Q4,Older Adults (≥65)
24577077,1,38,YR,F,67.5,KG,US,,WEGOVY,SEMAGLUTIDE,,"",PS,Back pain,HO,2024Q4,Younger Adults (18–64)
24578341,2,74,YR,F,,"",US,US,OZEMPIC,SEMAGLUTIDE,0.5,MG,PS,Trigger finger,OT,2024Q4,Older Adults (≥65)
24578343,1,29,YR,F,,"",US,US,OZEMPIC,SEMAGLUTIDE,,"",PS,Product use in unapproved indication,HO,2024Q4,Younger Adults (18–64)
24578364,1,58,YR,M,,"",US,US,OZEMPIC,SEMAGLUTIDE,1,MG,PS,Alcohol use,HO,2024Q4,Younger Adults (18–64)
24578369,1,30,YR,F,,"",US,US,WEGOVY,SEMAGLUTIDE,0.5,MG,PS,Dizziness,HO,2024Q4,Younger Adults (18–64)
24578375,1,63,YR,F,,"",US,US,OZEMPIC,SEMAGLUTIDE,0.5,MG,PS,Gastric bypass,OT,2024Q4,Younger Adults (18–64)
24578389,1,70,YR,,,"",US,US,WEGOVY,SEMAGLUTIDE,,"",PS,Carbon dioxide increased,OT,2024Q4,Older Adults (≥65)
24578394,1,56,YR,F,86.168,KG,US,US,OZEMPIC,SEMAGLUTIDE,,"",PS,Hepatic cirrhosis,OT,2024Q4,Younger Adults (18–64)
24578483,1,72,YR,F,,"",US,US,OZEMPIC,SEMAGLUTIDE,0.25,MG,PS,Insomnia,OT,2024Q4,Older Adults (≥65)
24578485,1,63,YR,F,,"",US,US,OZEMPIC,SEMAGLUTIDE,,"",PS,Hernia repair,OT,2024Q4,Younger Adults (18–64)
24578489,1,71,YR,F,,"",US,US,OZEMPIC,SEMAGLUTIDE,2,MG,PS,Macular degeneration,OT,2024Q4,Older Adults (≥65)
24578500,1,71,YR,M,,"",US,US,OZEMPIC,SEMAGLUTIDE,0.5,MG,PS,Knee operation,OT,2024Q4,Older Adults (≥65)
24578505,1,61,YR,F,,"",US,US,OZEMPIC,SEMAGLUTIDE,,"",PS,Muscular weakness,HO,2024Q4,Younger Adults (18–64)
24580066,1,69,YR,M,,"",US,,SEMAGLUTIDE,SEMAGLUTIDE,,"",PS,Diarrhoea,,2024Q4,Older Adults (≥65)
24580419,1,61,YR,F,94.95,KG,US,,OZEMPIC,SEMAGLUTIDE,,"",PS,Therapy change,OT,2024Q4,Younger Adults (18–64)
24580803,1,68,YR,F,193,LBS,US,,OZEMPIC,SEMAGLUTIDE,0.25,IU,PS,Neuropathy peripheral,RI,2024Q4,Older Adults (≥65)
24581506,1,49,YR,,138.32,KG,US,US,OZEMPIC,SEMAGLUTIDE,1,MG,PS,Osteotomy,DS,2024Q4,Younger Adults (18–64)
24581507,1,68,YR,F,,"",US,US,OZEMPIC,SEMAGLUTIDE,,"",PS,Off label use,OT,2024Q4,Older Adults (≥65)
24582421,1,83,YR,M,,"",US,US,WEGOVY,SEMAGLUTIDE,,"",PS,Glomerulosclerosis,HO,2024Q4,Older Adults (≥65)
24582424,1,68,YR,F,,"",US,US,OZEMPIC,SEMAGLUTIDE,1,MG,PS,Suicidal ideation,HO,2024Q4,Older Adults (≥65)
24582444,3,72,YR,F,,"",US,US,OZEMPIC,SEMAGLUTIDE,0.5,MG,PS,Product use in unapproved indication,,2024Q4,Older Adults (≥65)
24582448,2,77,YR,F,,"",US,US,RYBELSUS,SEMAGLUTIDE,3,MG,PS,Diabetes mellitus inadequate control,OT,2024Q4,Older Adults (≥65)
24584315,1,36,YR,M,,"",US,,OZEMPIC,SEMAGLUTIDE,,"",PS,Therapy cessation,DE,2024Q4,Younger Adults (18–64)
24584372,1,40,YR,F,74.25,KG,US,,SEMAGLUTIDE,SEMAGLUTIDE,,"",PS,Anaphylactic reaction,LT,2024Q4,Younger Adults (18–64)
24584497,1,64,YR,M,78.02,KG,US,,OZEMPIC,SEMAGLUTIDE,,"",PS,Thrombocytopenia,,2024Q4,Younger Adults (18–64)
24588782,1,74,YR,M,,"",US,US,SEMAGLUTIDE,SEMAGLUTIDE,0.5,MG,PS,Hypotension,DE,2024Q4,Older Adults (≥65)
24589246,1,78,YR,M,56,KG,US,,SEMAGLUTIDE,SEMAGLUTIDE,0.5,MG,PS,Cholecystectomy,HO,2024Q4,Older Adults (≥65)
24589378,1,73,YR,F,,"",US,US,OZEMPIC,SEMAGLUTIDE,1,MG,PS,Off label use,OT,2024Q4,Older Adults (≥65)
24589383,1,70,YR,F,,"",US,US,OZEMPIC,SEMAGLUTIDE,2,MG,PS,Cataract,OT,2024Q4,Older Adults (≥65)
24589388,1,73,YR,F,,"",US,US,OZEMPIC,SEMAGLUTIDE,,"",PS,Off label use,OT,2024Q4,Older Adults (≥65)
24589423,2,51,YR,M,,"",US,US,WEGOVY,SEMAGLUTIDE,2.4,MG,PS,Nausea,DE,2024Q4,Younger Adults (18–64)
24589425,1,73,YR,F,,"",US,US,OZEMPIC,SEMAGLUTIDE,,"",PS,Polycythaemia,OT,2024Q4,Older Adults (≥65)
24589426,1,54,YR,F,,"",US,US,OZEMPIC,SEMAGLUTIDE,,"",PS,Weight increased,HO,2024Q4,Younger Adults (18–64)
24590352,1,70,YR,F,,"",US,US,OZEMPIC,SEMAGLUTIDE,2,MG,PS,Intervertebral disc protrusion,OT,2024Q4,Older Adults (≥65)
24590427,1,73,YR,M,90,KG,US,,WEGOVY,SEMAGLUTIDE,,"",PS,Therapy cessation,,2024Q4,Older Adults (≥65)
24592900,1,50,YR,M,107,KG,US,,SEMAGLUTIDE,SEMAGLUTIDE,2.4,MG,PS,Small intestinal obstruction,HO,2024Q4,Younger Adults (18–64)
24593183,1,55,YR,M,94,KG,US,,SEMAGLUTIDE,SEMAGLUTIDE,1,MG,PS,Cholelithiasis,HO,2024Q4,Younger Adults (18–64)
24593653,1,32,YR,F,72,KG,US,,PYRIDOXINE\SEMAGLUTIDE,PYRIDOXINE\SEMAGLUTIDE,,"",PS,Therapeutic product effect decreased,OT,2024Q4,Younger Adults (18–64)
24593819,1,38,YR,F,78.75,KG,US,,SEMAGLUTIDE,SEMAGLUTIDE,,"",PS,Liver disorder,HO,2024Q4,Younger Adults (18–64)
24594565,1,77,YR,F,,"",US,US,OZEMPIC,SEMAGLUTIDE,0.5,MG,PS,Diabetic complication,OT,2024Q4,Older Adults (≥65)
24594751,1,76,YR,F,72,KG,US,,RYBELSUS,SEMAGLUTIDE,,"",PS,Gait inability,OT,2024Q4,Older Adults (≥65)
24601155,1,64,YR,F,,"",US,US,OZEMPIC,SEMAGLUTIDE,1,MG,PS,Tooth fracture,OT,2024Q4,Younger Adults (18–64)
24601156,1,48,YR,F,,"",US,US,WEGOVY,SEMAGLUTIDE,1,MG,PS,Pneumonia,OT,2024Q4,Younger Adults (18–64)
24601159,1,68,YR,M,,"",US,US,OZEMPIC,SEMAGLUTIDE,0.5,MG,PS,Weight decreased,OT,2024Q4,Older Adults (≥65)
24601166,1,74,YR,F,,"",US,US,OZEMPIC,SEMAGLUTIDE,0.5,MG,PS,Dyspepsia,OT,2024Q4,Older Adults (≥65)
24601167,1,67,YR,F,,"",US,US,OZEMPIC,SEMAGLUTIDE,,"",PS,Colitis,HO,2024Q4,Older Adults (≥65)
24601180,2,53,YR,M,,"",US,US,WEGOVY,SEMAGLUTIDE,0.25,MG,PS,Myocardial infarction,DE,2024Q4,Younger Adults (18–64)
24601185,1,59,YR,M,,"",US,US,OZEMPIC,SEMAGLUTIDE,0.25,MG,PS,Optic neuritis,OT,2024Q4,Younger Adults (18–64)
24601186,2,87,YR,F,,"",US,US,OZEMPIC,SEMAGLUTIDE,,"",PS,Cataract operation,OT,2024Q4,Older Adults (≥65)
24601187,1,71,YR,F,,"",US,US,OZEMPIC,SEMAGLUTIDE,0.5,MG,PS,Cervical polyp,OT,2024Q4,Older Adults (≥65)
24601302,1,83,YR,F,,"",US,US,WEGOVY,SEMAGLUTIDE,,"",PS,Retching,OT,2024Q4,Older Adults (≥65)
24601303,1,87,YR,F,,"",US,US,OZEMPIC,SEMAGLUTIDE,,"",PS,Wrong technique in product usage process,OT,2024Q4,Older Adults (≥65)
24601305,1,52,YR,F,,"",US,US,OZEMPIC,SEMAGLUTIDE,1,MG,PS,Cataract,OT,2024Q4,Younger Adults (18–64)
24601306,1,62,YR,F,,"",US,US,OZEMPIC,SEMAGLUTIDE,2,MG,PS,Dysgeusia,OT,2024Q4,Younger Adults (18–64)
24603600,1,76,YR,M,110.25,KG,US,,OZEMPIC,SEMAGLUTIDE,,"",PS,Visual impairment,HO,2024Q4,Older Adults (≥65)
24605964,1,59,YR,M,103.8,KG,US,US,RYBELSUS,SEMAGLUTIDE,,"",PS,Pneumonia aspiration,HO,2024Q4,Younger Adults (18–64)
24605965,1,52,YR,F,,"",US,US,OZEMPIC,SEMAGLUTIDE,,"",PS,Retinopathy,OT,2024Q4,Younger Adults (18–64)
24605972,1,68,YR,F,,"",US,US,OZEMPIC,SEMAGLUTIDE,,"",PS,Influenza,OT,2024Q4,Older Adults (≥65)
24606139,1,54,YR,F,,"",US,US,OZEMPIC,SEMAGLUTIDE,2,MG,PS,Diverticulitis,HO,2024Q4,Younger Adults (18–64)
24606141,1,66,YR,F,,"",US,US,WEGOVY,SEMAGLUTIDE,2.4,MG,PS,Medical procedure,OT,2024Q4,Older Adults (≥65)
24606154,1,66,YR,F,,"",US,US,OZEMPIC,SEMAGLUTIDE,,"",PS,Flap surgery,OT,2024Q4,Older Adults (≥65)
24606158,1,76,YR,M,,"",US,US,OZEMPIC,SEMAGLUTIDE,0.25,MG,PS,Pulmonary mass,OT,2024Q4,Older Adults (≥65)
24607083,1,66,YR,M,121,KG,US,,SEMAGLUTIDE,SEMAGLUTIDE,,"",PS,Duodenal obstruction,,2024Q4,Older Adults (≥65)
24607165,1,46,YR,F,103.5,KG,US,,OZEMPIC,SEMAGLUTIDE,,"",PS,Vertigo,DS,2024Q4,Younger Adults (18–64)
24607206,1,40,YR,F,70.65,KG,US,,PYRIDOXINE\SEMAGLUTIDE,PYRIDOXINE\SEMAGLUTIDE,,"",PS,Arthralgia,OT,2024Q4,Younger Adults (18–64)
24608655,1,45,YR,M,96.16,KG,US,,OZEMPIC,SEMAGLUTIDE,,"",PS,Therapy cessation,OT,2024Q4,Younger Adults (18–64)
24609576,1,39,YR,F,99,KG,US,,SEMAGLUTIDE,SEMAGLUTIDE,1,MG,PS,Cholecystitis,HO,2024Q4,Younger Adults (18–64)
24611035,1,55,YR,,,"",US,US,OZEMPIC,SEMAGLUTIDE,,"",PS,Ileus,HO,2024Q4,Younger Adults (18–64)
24611049,1,61,YR,,,"",US,US,OZEMPIC,SEMAGLUTIDE,2,MG,PS,Small intestinal obstruction,HO,2024Q4,Younger Adults (18–64)
24611054,1,61,YR,,,"",US,US,OZEMPIC,SEMAGLUTIDE,,"",PS,Ileus,HO,2024Q4,Younger Adults (18–64)
24611301,1,42,YR,F,,"",US,US,OZEMPIC,SEMAGLUTIDE,,"",PS,Off label use,HO,2024Q4,Younger Adults (18–64)
24611302,1,68,YR,F,,"",US,US,OZEMPIC,SEMAGLUTIDE,,"",PS,Gallbladder disorder,HO,2024Q4,Older Adults (≥65)
24612850,1,52,YR,M,,"",US,,SEMAGLUTIDE,SEMAGLUTIDE,2,MG,PS,Small intestinal obstruction,,2024Q4,Younger Adults (18–64)
24612863,1,64,YR,F,,"",US,,SEMAGLUTIDE,SEMAGLUTIDE,2.4,MG,PS,Diverticulitis,RI,2024Q4,Younger Adults (18–64)
24612868,1,72,YR,M,116,KG,US,,SEMAGLUTIDE,SEMAGLUTIDE,1,MG,PS,Therapy cessation,,2024Q4,Older Adults (≥65)
24613830,1,64,YR,M,63,KG,US,,RYBELSUS,SEMAGLUTIDE,,"",PS,Alopecia,OT,2024Q4,Younger Adults (18–64)
24616209,1,56,YR,F,,"",US,US,OZEMPIC,SEMAGLUTIDE,1,MG,PS,Thrombotic thrombocytopenic purpura,HO,2024Q4,Younger Adults (18–64)
24616481,1,52,YR,,,"",US,US,OZEMPIC,SEMAGLUTIDE,,"",PS,Nausea,OT,2024Q4,Younger Adults (18–64)
24616485,1,71,YR,F,,"",US,US,OZEMPIC,SEMAGLUTIDE,1,MG,PS,Knee operation,HO,2024Q4,Older Adults (≥65)
24616526,1,55,YR,F,,"",US,US,OZEMPIC,SEMAGLUTIDE,,"",PS,Pancreatic carcinoma,OT,2024Q4,Younger Adults (18–64)
24616528,1,67,YR,F,,"",US,US,OZEMPIC,SEMAGLUTIDE,0.25,MG,PS,Vomiting,HO,2024Q4,Older Adults (≥65)
24618491,1,70,YR,M,,"",US,,SEMAGLUTIDE,SEMAGLUTIDE,,"",PS,Hypotension,HO,2024Q4,Older Adults (≥65)
24618913,1,61,YR,F,77.85,KG,US,,OZEMPIC,SEMAGLUTIDE,1,MG,PS,Presyncope,HO,2024Q4,Younger Adults (18–64)
24618920,1,67,YR,F,130.5,KG,US,,OZEMPIC,SEMAGLUTIDE,,"",PS,Chest pain,RI,2024Q4,Older Adults (≥65)
24622219,1,52,YR,,,"",US,US,OZEMPIC,SEMAGLUTIDE,,"",PS,Ileus,HO,2024Q4,Younger Adults (18–64)
24622220,1,64,YR,M,,"",US,US,OZEMPIC,SEMAGLUTIDE,1,MG,PS,Ear tube insertion,OT,2024Q4,Younger Adults (18–64)
24622221,1,56,YR,,,"",US,US,OZEMPIC,SEMAGLUTIDE,,"",PS,Small intestinal obstruction,OT,2024Q4,Younger Adults (18–64)
24622260,1,55,YR,F,,"",US,US,RYBELSUS,SEMAGLUTIDE,3,MG,PS,Autoimmune disorder,HO,2024Q4,Younger Adults (18–64)
24622262,1,50,YR,,,"",US,US,OZEMPIC,SEMAGLUTIDE,,"",PS,Off label use,OT,2024Q4,Younger Adults (18–64)
24622280,2,47,YR,F,,"",US,US,OZEMPIC,SEMAGLUTIDE,,"",PS,Disability,DS,2024Q4,Younger Adults (18–64)
24624139,1,54,YR,M,,"",US,,SEMAGLUTIDE,SEMAGLUTIDE,1,MG,PS,Diarrhoea,HO,2024Q4,Younger Adults (18–64)
24624217,1,69,YR,M,,"",US,,SEMAGLUTIDE,SEMAGLUTIDE,,"",PS,Sinus tachycardia,LT,2024Q4,Older Adults (≥65)
24624362,1,52,YR,F,72.9,KG,US,,OZEMPIC,SEMAGLUTIDE,,"",PS,Myocardial infarction,HO,2024Q4,Younger Adults (18–64)
24624382,1,27,YR,M,117,KG,US,,WEGOVY,SEMAGLUTIDE,,"",PS,Syncope,HO,2024Q4,Younger Adults (18–64)
24626294,1,65,YR,M,104.8,KG,US,US,OZEMPIC,SEMAGLUTIDE,0.5,MG,PS,Diarrhoea,HO,2024Q4,Older Adults (≥65)
24629006,1,66,YR,F,,"",US,US,OZEMPIC,SEMAGLUTIDE,,"",PS,Cataract operation,OT,2024Q4,Older Adults (≥65)
24629014,1,74,YR,M,,"",US,US,OZEMPIC,SEMAGLUTIDE,1,MG,PS,Blood glucose increased,OT,2024Q4,Older Adults (≥65)
24629043,1,69,YR,F,,"",US,US,OZEMPIC,SEMAGLUTIDE,2,MG,PS,Hip fracture,HO,2024Q4,Older Adults (≥65)
24629049,1,59,YR,F,,"",US,US,SEMAGLUTIDE,SEMAGLUTIDE,1,MG,PS,Diabetic ketoacidosis,HO,2024Q4,Younger Adults (18–64)
24629186,1,84,YR,M,,"",US,US,OZEMPIC,SEMAGLUTIDE,0.25,MG,PS,Wrong technique in product usage process,OT,2024Q4,Older Adults (≥65)
24630897,1,53,YR,F,103.5,KG,US,,OZEMPIC,SEMAGLUTIDE,,"",PS,Facial discomfort,OT,2024Q4,Younger Adults (18–64)
24631766,1,52,YR,M,127,KG,US,,SEMAGLUTIDE,SEMAGLUTIDE,2,MG,PS,Pancreatitis,RI,2024Q4,Younger Adults (18–64)
24632319,1,60,YR,M,133,KG,US,,SEMAGLUTIDE,SEMAGLUTIDE,0.5,MG,PS,Hallucination,,2024Q4,Younger Adults (18–64)
24634115,1,65,YR,F,,"",US,US,OZEMPIC,SEMAGLUTIDE,0.5,MG,PS,Product dispensing error,OT,2024Q4,Older Adults (≥65)
24634116,1,61,YR,,,"",US,US,OZEMPIC,SEMAGLUTIDE,0.5,MG,PS,Off label use,HO,2024Q4,Younger Adults (18–64)
24634117,1,46,YR,F,,"",US,US,WEGOVY,SEMAGLUTIDE,0.25,MG,PS,Tongue spasm,OT,2024Q4,Younger Adults (18–64)
24634121,1,73,YR,F,,"",US,US,OZEMPIC,SEMAGLUTIDE,,"",PS,Ileus,HO,2024Q4,Older Adults (≥65)
24634123,2,70,YR,F,71.569,KG,US,US,WEGOVY,SEMAGLUTIDE,,"",PS,Aspiration,OT,2024Q4,Older Adults (≥65)
24634221,1,79,YR,F,,"",US,US,OZEMPIC,SEMAGLUTIDE,0.5,MG,PS,Spinal operation,OT,2024Q4,Older Adults (≥65)
24634226,1,68,YR,F,,"",US,US,OZEMPIC,SEMAGLUTIDE,1,MG,PS,Atrial fibrillation,OT,2024Q4,Older Adults (≥65)
24634359,1,61,YR,F,,"",US,US,OZEMPIC,SEMAGLUTIDE,,"",PS,Intestinal obstruction,HO,2024Q4,Younger Adults (18–64)
24634361,1,66,YR,M,,"",US,US,OZEMPIC,SEMAGLUTIDE,0.5,MG,PS,Surgery,OT,2024Q4,Older Adults (≥65)
24634371,1,54,YR,M,181.41,KG,US,US,RYBELSUS,SEMAGLUTIDE,7,MG,PS,Supraventricular tachycardia,HO,2024Q4,Younger Adults (18–64)
24634379,2,49,YR,F,,"",US,US,OZEMPIC,SEMAGLUTIDE,2,MG,PS,Pancreatitis acute,OT,2024Q4,Younger Adults (18–64)
24634389,2,79,YR,M,,"",US,US,OZEMPIC,SEMAGLUTIDE,0.25,MG,PS,Haematological malignancy,OT,2024Q4,Older Adults (≥65)
24637055,1,31,YR,F,78.75,KG,US,,WEGOVY,SEMAGLUTIDE,,"",PS,Dizziness,OT,2024Q4,Younger Adults (18–64)
24637877,1,60,YR,F,86.18,KG,US,,WEGOVY,SEMAGLUTIDE,1,MG,PS,Optic ischaemic neuropathy,DS,2024Q4,Younger Adults (18–64)
24638314,1,76,YR,M,,"",US,,SEMAGLUTIDE,SEMAGLUTIDE,,"",PS,Suicidal ideation,LT,2024Q4,Older Adults (≥65)
24638479,1,64,YR,M,107,KG,US,,SEMAGLUTIDE,SEMAGLUTIDE,,"",PS,Suicidal ideation,LT,2024Q4,Younger Adults (18–64)
24639707,1,37,YR,F,,"",US,US,WEGOVY,SEMAGLUTIDE,0.5,MG,PS,Pain in extremity,OT,2024Q4,Younger Adults (18–64)
24640129,1,42,YR,F,,"",US,US,WEGOVY,SEMAGLUTIDE,,"",PS,Coeliac disease,OT,2024Q4,Younger Adults (18–64)
24640133,1,57,YR,F,,"",US,US,WEGOVY,SEMAGLUTIDE,1.7,MG,PS,Hiatus hernia,OT,2024Q4,Younger Adults (18–64)
24640142,1,72,YR,F,,"",US,US,OZEMPIC,SEMAGLUTIDE,,"",PS,Cataract,OT,2024Q4,Older Adults (≥65)
24640150,1,59,YR,M,,"",US,US,OZEMPIC,SEMAGLUTIDE,0.25,MG,PS,Accident at work,HO,2024Q4,Younger Adults (18–64)
24640160,1,54,YR,M,,"",US,US,OZEMPIC,SEMAGLUTIDE,0.5,MG,PS,Pyrexia,HO,2024Q4,Younger Adults (18–64)
24641977,1,66,YR,M,97.5,KG,US,,OZEMPIC,SEMAGLUTIDE,,"",PS,Generalised tonic-clonic seizure,OT,2024Q4,Older Adults (≥65)
24642038,1,63,YR,F,67.05,KG,US,,WEGOVY,SEMAGLUTIDE,,"",PS,Alopecia,,2024Q4,Younger Adults (18–64)
24642207,1,33,YR,F,80.1,KG,US,,WEGOVY,SEMAGLUTIDE,,"",PS,Panic attack,HO,2024Q4,Younger Adults (18–64)
24642303,1,50,YR,M,112.5,KG,US,,OZEMPIC,SEMAGLUTIDE,,"",PS,Allodynia,RI,2024Q4,Younger Adults (18–64)
24642311,1,63,YR,F,78.75,KG,US,,WEGOVY,SEMAGLUTIDE,,"",PS,Pruritus,DS,2024Q4,Younger Adults (18–64)
24642620,1,42,YR,F,90,KG,US,,WEGOVY,SEMAGLUTIDE,,"",PS,Anxiety,RI,2024Q4,Younger Adults (18–64)
24642813,1,47,YR,F,69.75,KG,US,,SEMAGLUTIDE,SEMAGLUTIDE,,"",PS,Illness,,2024Q4,Younger Adults (18–64)
24642817,1,62,YR,F,112.5,KG,US,,WEGOVY,SEMAGLUTIDE,,"",PS,Abdominal pain upper,HO,2024Q4,Younger Adults (18–64)
24644711,1,58,YR,M,,"",US,US,OZEMPIC,SEMAGLUTIDE,0.25,MG,PS,Wrong technique in product usage process,OT,2024Q4,Younger Adults (18–64)
24647472,1,76,YR,F,51.75,KG,US,,OZEMPIC,SEMAGLUTIDE,,"",PS,Therapy change,HO,2024Q4,Older Adults (≥65)
24647520,1,64,YR,F,90,KG,US,,OZEMPIC,SEMAGLUTIDE,,"",PS,Arthralgia,OT,2024Q4,Younger Adults (18–64)
24650048,1,51,YR,,,"",US,US,OZEMPIC,SEMAGLUTIDE,,"",PS,Ileus,HO,2024Q4,Younger Adults (18–64)
24650051,1,76,YR,F,,"",US,US,OZEMPIC,SEMAGLUTIDE,1,MG,PS,Tooth extraction,OT,2024Q4,Older Adults (≥65)
24650054,1,46,YR,F,,"",US,US,OZEMPIC,SEMAGLUTIDE,,"",PS,Blindness,OT,2024Q4,Younger Adults (18–64)
24650055,1,73,YR,M,,"",US,US,OZEMPIC,SEMAGLUTIDE,0.5,MG,PS,Colon cancer,OT,2024Q4,Older Adults (≥65)
24650060,1,68,YR,,,"",US,US,OZEMPIC,SEMAGLUTIDE,,"",PS,Pancreatitis necrotising,HO,2024Q4,Older Adults (≥65)
24650085,1,81,YR,F,,"",US,US,OZEMPIC,SEMAGLUTIDE,1,MG,PS,Cardiac pacemaker replacement,HO,2024Q4,Older Adults (≥65)
24650091,2,62,YR,F,81.633,KG,US,US,WEGOVY,SEMAGLUTIDE,1.7,MG,PS,Syncope,HO,2024Q4,Younger Adults (18–64)
24652579,1,78,YR,M,100,KG,US,,SEMAGLUTIDE,SEMAGLUTIDE,3,MG,PS,Vomiting,,2024Q4,Older Adults (≥65)
24653412,1,48,YR,M,85,KG,US,,OZEMPIC,SEMAGLUTIDE,,"",PS,Completed suicide,DE,2024Q4,Younger Adults (18–64)
24653866,1,65,YR,M,97.65,KG,US,,OZEMPIC,SEMAGLUTIDE,,"",PS,Depression,DS,2024Q4,Older Adults (≥65)
24656648,1,41,YR,F,,"",US,US,WEGOVY,SEMAGLUTIDE,,"",PS,Diverticulitis,HO,2024Q4,Younger Adults (18–64)
24656649,1,65,YR,,,"",US,US,OZEMPIC,SEMAGLUTIDE,,"",PS,Abdominal discomfort,OT,2024Q4,Older Adults (≥65)
24656651,1,43,YR,F,,"",US,US,WEGOVY,SEMAGLUTIDE,2.4,MG,PS,Diarrhoea,HO,2024Q4,Younger Adults (18–64)
24656654,1,57,YR,F,,"",US,US,OZEMPIC,SEMAGLUTIDE,0.5,MG,PS,Neoplasm malignant,OT,2024Q4,Younger Adults (18–64)
24656657,1,71,YR,,,"",US,US,WEGOVY,SEMAGLUTIDE,0.25,MG,PS,Faecaloma,HO,2024Q4,Older Adults (≥65)
24656659,2,78,YR,F,86.621,KG,US,US,OZEMPIC,SEMAGLUTIDE,,"",PS,Diarrhoea,OT,2024Q4,Older Adults (≥65)
24656902,1,65,YR,F,,"",US,US,OZEMPIC,SEMAGLUTIDE,0.5,MG,PS,Inappropriate schedule of product administration,OT,2024Q4,Older Adults (≥65)
24658973,1,51,YR,M,146.25,KG,US,,OZEMPIC,SEMAGLUTIDE,,"",PS,Diabetes mellitus,LT,2024Q4,Younger Adults (18–64)
24659154,1,39,YR,F,105.75,KG,US,,WEGOVY,SEMAGLUTIDE,,"",PS,Depression,DS,2024Q4,Younger Adults (18–64)
24659359,1,45,YR,F,69.3,KG,US,,WEGOVY,SEMAGLUTIDE,,"",PS,Gastrointestinal disorder,OT,2024Q4,Younger Adults (18–64)
24660426,1,55,YR,F,,"",US,,OZEMPIC,SEMAGLUTIDE,,"",PS,Splenomegaly,LT,2024Q4,Younger Adults (18–64)
24660638,1,40,YR,M,99.45,KG,US,,SEMAGLUTIDE,SEMAGLUTIDE,,"",PS,Drug ineffective,,2024Q4,Younger Adults (18–64)
24661400,1,49,YR,F,99.9,KG,US,,WEGOVY,SEMAGLUTIDE,,"",PS,Tremor,OT,2024Q4,Younger Adults (18–64)
24661486,1,61,YR,M,138.15,KG,US,,OZEMPIC,SEMAGLUTIDE,1,MG,PS,Pancreatitis,LT,2024Q4,Younger Adults (18–64)
24662490,2,75,YR,F,,"",US,US,OZEMPIC,SEMAGLUTIDE,0.25,MG,PS,Wheezing,HO,2024Q4,Older Adults (≥65)
24662526,1,55,YR,F,,"",US,US,OZEMPIC,SEMAGLUTIDE,,"",PS,Pancreatic carcinoma,OT,2024Q4,Younger Adults (18–64)
24662527,2,72,YR,F,,"",US,US,OZEMPIC,SEMAGLUTIDE,,"",PS,Upper limb fracture,OT,2024Q4,Older Adults (≥65)
24662530,1,44,YR,F,,"",US,US,WEGOVY,SEMAGLUTIDE,,"",PS,Visual impairment,OT,2024Q4,Younger Adults (18–64)
24662535,1,84,YR,F,,"",US,US,OZEMPIC,SEMAGLUTIDE,1,MG,PS,Cataract operation,OT,2024Q4,Older Adults (≥65)
24662536,1,65,YR,M,,"",US,US,OZEMPIC,SEMAGLUTIDE,0.25,MG,PS,Urinary retention,OT,2024Q4,Older Adults (≥65)
24662707,1,59,YR,M,,"",US,US,OZEMPIC,SEMAGLUTIDE,,"",PS,Cerebrovascular accident,HO,2024Q4,Younger Adults (18–64)
24662709,1,68,YR,M,,"",US,US,OZEMPIC,SEMAGLUTIDE,2,MG,PS,Myocardial infarction,DE,2024Q4,Older Adults (≥65)
24662719,1,55,YR,M,,"",US,US,WEGOVY,SEMAGLUTIDE,,"",PS,Intestinal obstruction,HO,2024Q4,Younger Adults (18–64)
24662727,1,65,YR,M,,"",US,US,OZEMPIC,SEMAGLUTIDE,0.5,MG,PS,Optic ischaemic neuropathy,OT,2024Q4,Older Adults (≥65)
24662737,1,51,YR,F,,"",US,US,WEGOVY,SEMAGLUTIDE,0.5,MG,PS,Hypoglycaemia,OT,2024Q4,Younger Adults (18–64)
24664839,1,78,YR,M,105.2,KG,US,,SEMAGLUTIDE,SEMAGLUTIDE,,"",PS,Product prescribing error,OT,2024Q4,Older Adults (≥65)
24665816,1,57,YR,F,56.7,KG,US,,SEMAGLUTIDE,SEMAGLUTIDE,,"",PS,Insomnia,DS,2024Q4,Younger Adults (18–64)
24667909,3,62,YR,F,,"",US,US,OZEMPIC,SEMAGLUTIDE,0.25,MG,PS,Weight loss poor,HO,2024Q4,Younger Adults (18–64)
24667919,1,66,YR,F,,"",US,US,WEGOVY,SEMAGLUTIDE,2.4,MG,PS,Diverticulitis,HO,2024Q4,Older Adults (≥65)
24667920,1,61,YR,F,,"",US,US,SEMAGLUTIDE,SEMAGLUTIDE,,"",PS,Nephropathy toxic,HO,2024Q4,Younger Adults (18–64)
24667924,1,72,YR,F,,"",US,US,OZEMPIC,SEMAGLUTIDE,,"",PS,Dyspnoea,HO,2024Q4,Older Adults (≥65)
24667926,1,76,YR,F,,"",US,US,OZEMPIC,SEMAGLUTIDE,1,MG,PS,Dyspepsia,OT,2024Q4,Older Adults (≥65)
24667930,1,65,YR,F,,"",US,US,OZEMPIC,SEMAGLUTIDE,,"",PS,Surgery,OT,2024Q4,Older Adults (≥65)
24667932,1,54,YR,F,,"",US,US,WEGOVY,SEMAGLUTIDE,2.4,MG,PS,Road traffic accident,OT,2024Q4,Younger Adults (18–64)
24669665,1,59,YR,F,,"",US,,OZEMPIC,SEMAGLUTIDE,,"",PS,Intussusception,LT,2024Q4,Younger Adults (18–64)
24670441,1,55,YR,F,108.72,KG,US,,WEGOVY,SEMAGLUTIDE,,"",PS,Therapy interrupted,HO,2024Q4,Younger Adults (18–64)
24671495,1,68,YR,F,,"",US,US,OZEMPIC,SEMAGLUTIDE,0.5,MG,PS,Nerve compression,OT,2024Q4,Older Adults (≥65)
24680576,1,76,YR,F,,"",US,US,OZEMPIC,SEMAGLUTIDE,0.5,MG,PS,Wrong technique in product usage process,OT,2024Q4,Older Adults (≥65)
24680578,2,73,YR,M,,"",US,US,OZEMPIC,SEMAGLUTIDE,0.25,MG,PS,Depression,OT,2024Q4,Older Adults (≥65)
24683469,1,79,YR,F,,"",US,US,OZEMPIC,SEMAGLUTIDE,0.5,MG,PS,Blood glucose fluctuation,OT,2024Q4,Older Adults (≥65)
24683476,1,81,YR,M,,"",US,US,OZEMPIC,SEMAGLUTIDE,0.5,MG,PS,Death,DE,2024Q4,Older Adults (≥65)
24683588,1,48,YR,F,,"",US,US,WEGOVY,SEMAGLUTIDE,,"",PS,Blood pressure increased,HO,2024Q4,Younger Adults (18–64)
24683591,1,61,YR,M,,"",US,US,OZEMPIC,SEMAGLUTIDE,0.25,MG,PS,Off label use,OT,2024Q4,Younger Adults (18–64)
24683709,1,60,YR,,,"",US,US,OZEMPIC,SEMAGLUTIDE,,"",PS,Intestinal obstruction,HO,2024Q4,Younger Adults (18–64)
24683710,1,59,YR,,,"",US,US,OZEMPIC,SEMAGLUTIDE,,"",PS,Intestinal obstruction,HO,2024Q4,Younger Adults (18–64)
24683733,1,71,YR,M,,"",US,US,OZEMPIC,SEMAGLUTIDE,0.5,MG,PS,Cataract operation,OT,2024Q4,Older Adults (≥65)
24683739,1,57,YR,F,,"",US,US,WEGOVY,SEMAGLUTIDE,1.7,MG,PS,Thrombosis,OT,2024Q4,Younger Adults (18–64)
24684564,1,84,YR,F,,"",US,US,OZEMPIC,SEMAGLUTIDE,,"",PS,Small intestinal obstruction,HO,2024Q4,Older Adults (≥65)
24684565,1,65,YR,F,,"",US,US,OZEMPIC,SEMAGLUTIDE,1,MG,PS,Cataract,OT,2024Q4,Older Adults (≥65)
24684566,1,69,YR,M,,"",US,US,OZEMPIC,SEMAGLUTIDE,,"",PS,Paraesthesia,OT,2024Q4,Older Adults (≥65)
24684568,1,54,YR,M,,"",US,US,OZEMPIC,SEMAGLUTIDE,,"",PS,Loss of consciousness,HO,2024Q4,Younger Adults (18–64)
24686058,1,79,YR,M,61.2,KG,US,,OZEMPIC,SEMAGLUTIDE,,"",PS,Insomnia,DS,2024Q4,Older Adults (≥65)
24686443,1,37,YR,M,,"",US,,WEGOVY,SEMAGLUTIDE,,"",PS,Ill-defined disorder,HO,2024Q4,Younger Adults (18–64)
24686446,1,41,YR,F,64.35,KG,US,,WEGOVY,SEMAGLUTIDE,,"",PS,Large intestinal stenosis,HO,2024Q4,Younger Adults (18–64)
24687130,1,58,YR,F,119.25,KG,US,,RYBELSUS,SEMAGLUTIDE,,"",PS,Vomiting,RI,2024Q4,Younger Adults (18–64)
24687413,1,69,YR,M,86.85,KG,US,,OZEMPIC,SEMAGLUTIDE,,"",PS,Joint range of motion decreased,DS,2024Q4,Older Adults (≥65)
24687419,1,52,YR,F,74.7,KG,US,,OZEMPIC,SEMAGLUTIDE,,"",PS,Fungal infection,OT,2024Q4,Younger Adults (18–64)
24687569,1,43,YR,F,104.85,KG,US,,OZEMPIC,SEMAGLUTIDE,,"",PS,Blood pressure increased,DS,2024Q4,Younger Adults (18–64)
24688691,1,75,YR,M,94.3,KG,US,US,OZEMPIC,SEMAGLUTIDE,,"",PS,Cancer screening abnormal,OT,2024Q4,Older Adults (≥65)
24688693,1,49,YR,F,96.599,KG,US,US,OZEMPIC,SEMAGLUTIDE,0.25,MG,PS,Pancreatitis,HO,2024Q4,Younger Adults (18–64)
24688810,1,73,YR,M,,"",US,US,OZEMPIC,SEMAGLUTIDE,0.25,MG,PS,Cardioversion,OT,2024Q4,Older Adults (≥65)
24688825,1,66,YR,F,,"",US,US,WEGOVY,SEMAGLUTIDE,1,MG,PS,Neuralgia,OT,2024Q4,Older Adults (≥65)
24688828,1,60,YR,M,,"",US,US,WEGOVY,SEMAGLUTIDE,2.4,MG,PS,Hospitalisation,HO,2024Q4,Younger Adults (18–64)
24691624,1,70,YR,F,,"",US,,SEMAGLUTIDE,SEMAGLUTIDE,1,MG,PS,Cholelithiasis,HO,2024Q4,Older Adults (≥65)
24692034,1,36,YR,F,108,KG,US,,OZEMPIC,SEMAGLUTIDE,,"",PS,Palpitations,OT,2024Q4,Younger Adults (18–64)
24692035,1,64,YR,F,,"",US,,RYBELSUS,SEMAGLUTIDE,,"",PS,Therapy cessation,HO,2024Q4,Younger Adults (18–64)
24692510,1,33,YR,M,153,KG,US,,SEMAGLUTIDE,SEMAGLUTIDE,,"",PS,Rash,DE,2024Q4,Younger Adults (18–64)
24692809,1,77,YR,F,,"",US,US,OZEMPIC,SEMAGLUTIDE,,"",PS,Pain,OT,2024Q4,Older Adults (≥65)
24693633,1,62,YR,F,,"",US,US,OZEMPIC,SEMAGLUTIDE,,"",PS,Breast cancer female,HO,2024Q4,Younger Adults (18–64)
24693642,1,39,YR,F,,"",US,US,OZEMPIC,SEMAGLUTIDE,,"",PS,Muscle spasms,HO,2024Q4,Younger Adults (18–64)
24693645,1,57,YR,M,,"",US,US,OZEMPIC,SEMAGLUTIDE,1,MG,PS,Rotator cuff syndrome,OT,2024Q4,Younger Adults (18–64)
24693650,1,64,YR,F,,"",US,US,OZEMPIC,SEMAGLUTIDE,2,MG,PS,Intraocular pressure increased,OT,2024Q4,Younger Adults (18–64)
24693654,1,65,YR,F,126.98,KG,US,US,OZEMPIC,SEMAGLUTIDE,1,MG,PS,Glomerular filtration rate decreased,OT,2024Q4,Older Adults (≥65)
24695212,1,38,YR,F,68.85,KG,US,,OZEMPIC,SEMAGLUTIDE,,"",PS,Herpes zoster,DS,2024Q4,Younger Adults (18–64)
24695220,1,44,YR,F,69.75,KG,US,,WEGOVY,SEMAGLUTIDE,,"",PS,Arthralgia,DS,2024Q4,Younger Adults (18–64)
24701386,1,74,YR,F,60.33,KG,US,,SEMAGLUTIDE,SEMAGLUTIDE,2,ML,PS,Device use confusion,,2024Q4,Older Adults (≥65)
24701482,1,66,YR,F,,"",US,US,OZEMPIC,SEMAGLUTIDE,,"",PS,Glycosylated haemoglobin increased,OT,2024Q4,Older Adults (≥65)
24701487,1,59,YR,F,,"",US,US,OZEMPIC,SEMAGLUTIDE,2.4,MG,PS,Intussusception,OT,2024Q4,Younger Adults (18–64)
24702697,1,63,YR,M,129,KG,US,,SEMAGLUTIDE,SEMAGLUTIDE,0.5,MG,PS,Rash,,2024Q4,Younger Adults (18–64)
24705285,1,68,YR,M,,"",US,,SEMAGLUTIDE,SEMAGLUTIDE,,"",PS,Constipation,,2024Q4,Older Adults (≥65)
24705323,1,87,YR,M,78,KG,US,,SEMAGLUTIDE,SEMAGLUTIDE,1,MG,PS,Vomiting,,2024Q4,Older Adults (≥65)
24705799,1,64,YR,M,96.3,KG,US,,SEMAGLUTIDE,SEMAGLUTIDE,,"",PS,Pain of skin,,2024Q4,Younger Adults (18–64)
24707321,1,45,YR,F,54,KG,US,,WEGOVY,SEMAGLUTIDE,,"",PS,Impaired quality of life,RI,2024Q4,Younger Adults (18–64)
24707575,1,78,YR,M,,"",US,,SEMAGLUTIDE,SEMAGLUTIDE,,"",PS,Depression,OT,2024Q4,Older Adults (≥65)
24707742,1,41,YR,F,94.95,KG,US,,WEGOVY,SEMAGLUTIDE,,"",PS,Dysphagia,DS,2024Q4,Younger Adults (18–64)
24709352,1,84,YR,F,,"",US,US,OZEMPIC,SEMAGLUTIDE,,"",PS,Ischaemic stroke,OT,2024Q4,Older Adults (≥65)
24709430,1,55,YR,M,,"",US,US,OZEMPIC,SEMAGLUTIDE,,"",PS,Device breakage,DS,2024Q4,Younger Adults (18–64)
24709441,1,84,YR,F,,"",US,US,OZEMPIC,SEMAGLUTIDE,0.5,MG,PS,Tooth extraction,OT,2024Q4,Older Adults (≥65)
24709446,1,36,YR,M,,"",US,US,OZEMPIC,SEMAGLUTIDE,,"",PS,Inappropriate schedule of product administration,HO,2024Q4,Younger Adults (18–64)
24709459,1,64,YR,F,,"",US,US,OZEMPIC,SEMAGLUTIDE,1,MG,PS,Illness,OT,2024Q4,Younger Adults (18–64)
24709571,1,61,YR,F,,"",US,US,OZEMPIC,SEMAGLUTIDE,,"",PS,Colitis,HO,2024Q4,Younger Adults (18–64)
24711233,1,82,YR,F,98.9,KG,US,,OZEMPIC,SEMAGLUTIDE,,"",PS,Pancreatitis acute,HO,2024Q4,Older Adults (≥65)
24712848,1,26,YR,F,77.85,KG,US,,SEMAGLUTIDE,SEMAGLUTIDE,,"",PS,Nausea,,2024Q4,Younger Adults (18–64)
24712965,1,55,YR,F,89.1,KG,US,,SEMAGLUTIDE,SEMAGLUTIDE,2.4,MG/M**2,PS,Syncope,OT,2024Q4,Younger Adults (18–64)
24713018,1,44,YR,M,148.5,KG,US,,WEGOVY,SEMAGLUTIDE,,"",PS,Suicidal ideation,,2024Q4,Younger Adults (18–64)
24714231,1,43,YR,F,133.81,KG,US,,WEGOVY,SEMAGLUTIDE,,"",PS,Illness,DS,2024Q4,Younger Adults (18–64)
24714739,1,55,YR,F,,"",US,US,OZEMPIC,SEMAGLUTIDE,1,MG,PS,Disability,HO,2024Q4,Younger Adults (18–64)
24714855,1,65,YR,,,"",US,US,OZEMPIC,SEMAGLUTIDE,0.25,MG,PS,Weight decreased,OT,2024Q4,Older Adults (≥65)
24714859,1,65,YR,,,"",US,US,OZEMPIC,SEMAGLUTIDE,,"",PS,Intestinal obstruction,OT,2024Q4,Older Adults (≥65)
24714866,2,72,YR,M,97.9,KG,US,US,OZEMPIC,SEMAGLUTIDE,0.25,MG,PS,Knee arthroplasty,HO,2024Q4,Older Adults (≥65)
24714867,1,43,YR,F,,"",US,US,OZEMPIC,SEMAGLUTIDE,2,MG,PS,Product use in unapproved indication,OT,2024Q4,Younger Adults (18–64)
24716824,1,63,YR,M,119,KG,US,,OZEMPIC,SEMAGLUTIDE,1,MG,PS,Multiple organ dysfunction syndrome,LT,2024Q4,Younger Adults (18–64)
24717269,1,33,YR,F,76.5,KG,US,,SEMAGLUTIDE,SEMAGLUTIDE,,"",PS,Anxiety,HO,2024Q4,Younger Adults (18–64)
24718137,1,49,YR,M,136.35,KG,US,,WEGOVY,SEMAGLUTIDE,,"",PS,Hypophagia,LT,2024Q4,Younger Adults (18–64)
24718892,1,71,YR,F,,"",US,,RYBELSUS,SEMAGLUTIDE,3,MG,PS,Product after taste,,2024Q4,Older Adults (≥65)
24718893,1,45,YR,M,99,KG,US,,SEMAGLUTIDE,SEMAGLUTIDE,,"",PS,Confusional state,LT,2024Q4,Younger Adults (18–64)
24718937,1,52,YR,F,99.9,KG,US,,SEMAGLUTIDE,SEMAGLUTIDE,,"",PS,Peritonitis,LT,2024Q4,Younger Adults (18–64)
24718938,1,59,YR,F,95.85,KG,US,,OZEMPIC,SEMAGLUTIDE,,"",PS,Diarrhoea,OT,2024Q4,Younger Adults (18–64)
24719529,1,53,YR,F,,"",US,US,WEGOVY,SEMAGLUTIDE,,"",PS,Gastrooesophageal reflux disease,OT,2024Q4,Younger Adults (18–64)
24719537,1,67,YR,F,,"",US,US,OZEMPIC,SEMAGLUTIDE,,"",PS,Carotid endarterectomy,HO,2024Q4,Older Adults (≥65)
24721687,1,51,YR,F,110,KG,US,,OZEMPIC,SEMAGLUTIDE,0.5,MG,PS,Mood altered,OT,2024Q4,Younger Adults (18–64)
24723133,1,53,YR,F,,"",US,,SEMAGLUTIDE,SEMAGLUTIDE,,"",PS,Sphincter of Oddi dysfunction,HO,2024Q4,Younger Adults (18–64)
24724369,1,71,YR,F,,"",US,US,OZEMPIC,SEMAGLUTIDE,0.25,MG,PS,Constipation,OT,2024Q4,Older Adults (≥65)
24724370,1,63,YR,F,,"",US,US,OZEMPIC,SEMAGLUTIDE,,"",PS,Cholecystectomy,HO,2024Q4,Younger Adults (18–64)
24724371,1,64,YR,M,,"",US,US,OZEMPIC,SEMAGLUTIDE,,"",PS,Intestinal obstruction,DE,2024Q4,Younger Adults (18–64)
24724378,1,49,YR,M,,"",US,US,OZEMPIC,SEMAGLUTIDE,,"",PS,Intestinal obstruction,HO,2024Q4,Younger Adults (18–64)
24724381,1,21,YR,F,,"",US,US,WEGOVY,SEMAGLUTIDE,1,MG,PS,Constipation,HO,2024Q4,Younger Adults (18–64)
24726322,1,41,YR,M,156,KG,US,,SEMAGLUTIDE,SEMAGLUTIDE,1,MG,PS,Vomiting,HO,2024Q4,Younger Adults (18–64)
24726471,1,51,YR,F,69,KG,US,,SEMAGLUTIDE,SEMAGLUTIDE,2.4,MG,PS,Nausea,HO,2024Q4,Younger Adults (18–64)
24726473,1,76,YR,M,,"",US,,SEMAGLUTIDE,SEMAGLUTIDE,,"",PS,Pancreatitis acute,,2024Q4,Older Adults (≥65)
24726481,1,66,YR,M,,"",US,,SEMAGLUTIDE,SEMAGLUTIDE,,"",PS,Abdominal pain,,2024Q4,Older Adults (≥65)
24727828,1,35,YR,F,87,KG,US,,SEMAGLUTIDE,SEMAGLUTIDE,0.25,MG,PS,Agitation,HO,2024Q4,Younger Adults (18–64)
24727829,1,73,YR,M,85,KG,US,,SEMAGLUTIDE,SEMAGLUTIDE,0.5,MG,PS,Therapy cessation,HO,2024Q4,Older Adults (≥65)
24728221,2,48,YR,F,,"",US,US,OZEMPIC,SEMAGLUTIDE,,"",PS,Product use in unapproved indication,OT,2024Q4,Younger Adults (18–64)
24728992,1,66,YR,F,,"",US,US,OZEMPIC,SEMAGLUTIDE,2,MG,PS,Postoperative wound complication,HO,2024Q4,Older Adults (≥65)
24731544,1,41,YR,F,82.35,KG,US,,OZEMPIC,SEMAGLUTIDE,,"",PS,Mood swings,RI,2024Q4,Younger Adults (18–64)
24731545,1,60,YR,F,92.25,KG,US,,OZEMPIC,SEMAGLUTIDE,,"",PS,Negative thoughts,DS,2024Q4,Younger Adults (18–64)
24732788,1,55,YR,F,78.75,KG,US,,WEGOVY,SEMAGLUTIDE,,"",PS,Completed suicide,DE,2024Q4,Younger Adults (18–64)
24734696,1,57,YR,M,,"",US,US,SEMAGLUTIDE,SEMAGLUTIDE,,"",PS,Pancreatitis acute,HO,2024Q4,Younger Adults (18–64)
24735811,1,59,YR,M,87.08,KG,US,US,OZEMPIC,SEMAGLUTIDE,0.25,MG,PS,Dyspepsia,HO,2024Q4,Younger Adults (18–64)
24740537,1,77,YR,M,,"",US,US,OZEMPIC,SEMAGLUTIDE,1,MG,PS,Injection site infection,HO,2024Q4,Older Adults (≥65)
24740547,1,69,YR,F,,"",US,US,OZEMPIC,SEMAGLUTIDE,,"",PS,Device occlusion,HO,2024Q4,Older Adults (≥65)
24740551,1,73,YR,M,,"",US,US,OZEMPIC,SEMAGLUTIDE,,"",PS,Off label use,HO,2024Q4,Older Adults (≥65)
24740558,1,65,YR,M,,"",US,US,OZEMPIC,SEMAGLUTIDE,,"",PS,Knee arthroplasty,HO,2024Q4,Older Adults (≥65)
24740559,1,77,YR,M,,"",US,US,OZEMPIC,SEMAGLUTIDE,0.5,MG,PS,Visual impairment,HO,2024Q4,Older Adults (≥65)
24740560,1,73,YR,F,,"",US,US,OZEMPIC,SEMAGLUTIDE,2,MG,PS,Diarrhoea,HO,2024Q4,Older Adults (≥65)
24740565,1,77,YR,M,,"",US,US,OZEMPIC,SEMAGLUTIDE,0.5,MG,PS,Polyp,OT,2024Q4,Older Adults (≥65)
24740569,1,74,YR,F,,"",US,US,OZEMPIC,SEMAGLUTIDE,0.5,MG,PS,Breast cancer,HO,2024Q4,Older Adults (≥65)
24740720,1,60,YR,F,,"",US,US,OZEMPIC,SEMAGLUTIDE,0.25,MG,PS,Small intestinal obstruction,HO,2024Q4,Younger Adults (18–64)
24740733,1,75,YR,M,,"",US,US,OZEMPIC,SEMAGLUTIDE,,"",PS,Thyroid cancer,OT,2024Q4,Older Adults (≥65)
24740737,1,63,YR,F,,"",US,US,OZEMPIC,SEMAGLUTIDE,,"",PS,Urinary tract infection,HO,2024Q4,Younger Adults (18–64)
24740739,1,83,YR,M,,"",US,US,OZEMPIC,SEMAGLUTIDE,0.25,MG,PS,Inappropriate schedule of product administration,OT,2024Q4,Older Adults (≥65)
24740746,1,64,YR,F,113.64,KG,US,US,WEGOVY,SEMAGLUTIDE,,"",PS,Pain,DS,2024Q4,Younger Adults (18–64)
24740749,1,42,YR,M,,"",US,US,OZEMPIC,SEMAGLUTIDE,0.25,MG,PS,Mallory-Weiss syndrome,HO,2024Q4,Younger Adults (18–64)
24740760,1,43,YR,F,98.866,KG,US,US,OZEMPIC,SEMAGLUTIDE,0.25,MG,PS,Impaired gastric emptying,HO,2024Q4,Younger Adults (18–64)
24742031,1,44,YR,F,125,KG,US,,SEMAGLUTIDE,SEMAGLUTIDE,,"",PS,Seizure,LT,2024Q4,Younger Adults (18–64)
24742661,1,41,YR,F,81,KG,US,,CYANOCOBALAMIN\SEMAGLUTIDE,CYANOCOBALAMIN\SEMAGLUTIDE,,"",PS,Contusion,DS,2024Q4,Younger Adults (18–64)
24742668,1,37,YR,F,76.5,KG,US,,SEMAGLUTIDE,SEMAGLUTIDE,,"",PS,Nausea,DS,2024Q4,Younger Adults (18–64)
24743042,1,44,YR,F,99.9,KG,US,,OZEMPIC,SEMAGLUTIDE,,"",PS,Hypoglycaemia,OT,2024Q4,Younger Adults (18–64)
24743079,1,38,YR,M,94.5,KG,US,,WEGOVY,SEMAGLUTIDE,,"",PS,Blindness unilateral,HO,2024Q4,Younger Adults (18–64)
24743084,1,56,YR,M,,"",US,,OZEMPIC,SEMAGLUTIDE,,"",PS,Peripheral coldness,,2024Q4,Younger Adults (18–64)
24745417,1,73,YR,F,,"",US,US,OZEMPIC,SEMAGLUTIDE,,"",PS,Blood pressure fluctuation,OT,2024Q4,Older Adults (≥65)
24745420,1,65,YR,F,,"",US,US,OZEMPIC,SEMAGLUTIDE,0.25,MG,PS,Vomiting,OT,2024Q4,Older Adults (≥65)
24745421,1,74,YR,M,,"",US,US,OZEMPIC,SEMAGLUTIDE,0.5,MG,PS,Myocardial infarction,HO,2024Q4,Older Adults (≥65)
24747573,1,46,YR,F,83.25,KG,US,,SEMAGLUTIDE,SEMAGLUTIDE,,"",PS,Hypoglycaemia,LT,2024Q4,Younger Adults (18–64)
24748127,1,65,YR,F,96.75,KG,US,,OZEMPIC,SEMAGLUTIDE,,"",PS,Constipation,OT,2024Q4,Older Adults (≥65)
24748665,1,73,YR,F,130,KG,US,,OZEMPIC,SEMAGLUTIDE,7,MG,PS,Decreased appetite,DE,2024Q4,Older Adults (≥65)
24749412,1,63,YR,M,123.1,KG,US,,OZEMPIC,SEMAGLUTIDE,,"",PS,Pancreatitis necrotising,LT,2024Q4,Younger Adults (18–64)
24750965,1,75,YR,M,,"",US,US,SEMAGLUTIDE,SEMAGLUTIDE,2,MG,PS,Hyperglycaemia,HO,2024Q4,Older Adults (≥65)
24751018,1,64,YR,F,,"",US,US,OZEMPIC,SEMAGLUTIDE,1,MG,PS,Thrombosis,HO,2024Q4,Younger Adults (18–64)
24751161,1,59,YR,F,89.342,KG,US,US,WEGOVY,SEMAGLUTIDE,0.25,MG,PS,Abdominal pain upper,HO,2024Q4,Younger Adults (18–64)
24754188,1,59,YR,F,60.75,KG,US,,OZEMPIC,SEMAGLUTIDE,,"",PS,Thirst,,2024Q4,Younger Adults (18–64)
24754214,1,59,YR,F,65.25,KG,US,,OZEMPIC,SEMAGLUTIDE,,"",PS,Central vision loss,HO,2024Q4,Younger Adults (18–64)
24754915,1,78,YR,F,54,KG,US,,OZEMPIC,SEMAGLUTIDE,2,MG,PS,Cholecystitis,HO,2024Q4,Older Adults (≥65)
24755216,1,76,YR,M,,"",US,,SEMAGLUTIDE,SEMAGLUTIDE,1,MG,PS,Taste disorder,,2024Q4,Older Adults (≥65)
24755228,1,69,YR,M,,"",US,,SEMAGLUTIDE,SEMAGLUTIDE,0.5,MG,PS,Vomiting,,2024Q4,Older Adults (≥65)
24755263,1,74,YR,M,,"",US,,SEMAGLUTIDE,SEMAGLUTIDE,1,MG,PS,Pancreatitis,HO,2024Q4,Older Adults (≥65)
24756354,1,77,YR,M,,"",US,US,OZEMPIC,SEMAGLUTIDE,,"",PS,Haemoglobin decreased,OT,2024Q4,Older Adults (≥65)
24756366,1,53,YR,M,,"",US,US,OZEMPIC,SEMAGLUTIDE,0.5,MG,PS,Fournier's gangrene,HO,2024Q4,Younger Adults (18–64)
24756689,1,51,YR,M,136.05,KG,US,US,OZEMPIC,SEMAGLUTIDE,0.25,MG,PS,Ileus,OT,2024Q4,Younger Adults (18–64)
24759357,1,68,YR,F,77.4,KG,US,,SEMAGLUTIDE,SEMAGLUTIDE,,"",PS,Gastrointestinal disorder,,2024Q4,Older Adults (≥65)
24760214,1,59,YR,M,157.5,KG,US,,OZEMPIC,SEMAGLUTIDE,,"",PS,Renal impairment,LT,2024Q4,Younger Adults (18–64)
24761151,1,72,YR,M,,"",US,US,WEGOVY,SEMAGLUTIDE,0.5,MG,PS,Road traffic accident,OT,2024Q4,Older Adults (≥65)
24761189,1,79,YR,F,,"",US,US,OZEMPIC,SEMAGLUTIDE,1,MG,PS,Hospitalisation,HO,2024Q4,Older Adults (≥65)
24761266,1,79,YR,F,,"",US,US,OZEMPIC,SEMAGLUTIDE,0.5,MG,PS,Atrial fibrillation,OT,2024Q4,Older Adults (≥65)
24761281,1,64,YR,M,,"",US,US,OZEMPIC,SEMAGLUTIDE,,"",PS,Product communication issue,OT,2024Q4,Younger Adults (18–64)
24761316,1,73,YR,F,,"",US,US,OZEMPIC,SEMAGLUTIDE,,"",PS,Transient ischaemic attack,OT,2024Q4,Older Adults (≥65)
24761317,1,29,YR,M,131,KG,US,US,WEGOVY,SEMAGLUTIDE,,"",PS,Dyspnoea,HO,2024Q4,Younger Adults (18–64)
24761399,1,83,YR,M,,"",US,US,OZEMPIC,SEMAGLUTIDE,,"",PS,Deafness,OT,2024Q4,Older Adults (≥65)
24761474,1,55,YR,F,70.65,KG,US,,SEMAGLUTIDE,SEMAGLUTIDE,,"",PS,Vomiting,LT,2024Q4,Younger Adults (18–64)
24765326,1,64,YR,M,135,KG,US,,SEMAGLUTIDE,SEMAGLUTIDE,0.5,MG,PS,Hypotension,HO,2024Q4,Younger Adults (18–64)
24765327,1,76,YR,M,113,KG,US,,SEMAGLUTIDE,SEMAGLUTIDE,,"",PS,Dizziness,,2024Q4,Older Adults (≥65)
24765328,1,70,YR,M,,"",US,,SEMAGLUTIDE,SEMAGLUTIDE,,"",PS,Small intestinal obstruction,,2024Q4,Older Adults (≥65)
24765331,1,72,YR,M,108,KG,US,,SEMAGLUTIDE,SEMAGLUTIDE,0.5,MG,PS,Dyspnoea,HO,2024Q4,Older Adults (≥65)
24765332,1,64,YR,M,85,KG,US,,SEMAGLUTIDE,SEMAGLUTIDE,1,MG,PS,Nausea,HO,2024Q4,Younger Adults (18–64)
24765333,1,54,YR,M,113,KG,US,,SEMAGLUTIDE,SEMAGLUTIDE,1,MG,PS,Pancreatitis,HO,2024Q4,Younger Adults (18–64)
24765334,1,56,YR,M,100,KG,US,,OZEMPIC,SEMAGLUTIDE,0.5,MG,PS,Pancreatitis,HO,2024Q4,Younger Adults (18–64)
24765338,1,58,YR,M,,"",US,,SEMAGLUTIDE,SEMAGLUTIDE,,"",PS,Pancreatitis,,2024Q4,Younger Adults (18–64)
24766279,1,55,YR,F,72.45,KG,US,,WEGOVY,SEMAGLUTIDE,,"",PS,Hypersensitivity,OT,2024Q4,Younger Adults (18–64)
24766452,1,44,YR,F,129.15,KG,US,,SEMAGLUTIDE,SEMAGLUTIDE,,"",PS,Accidental overdose,,2024Q4,Younger Adults (18–64)
24766774,1,72,YR,M,,"",US,US,OZEMPIC,SEMAGLUTIDE,2,MG,PS,Neuropathy peripheral,OT,2024Q4,Older Adults (≥65)
24766778,1,58,YR,F,,"",US,US,OZEMPIC,SEMAGLUTIDE,,"",PS,Spinal fusion surgery,HO,2024Q4,Younger Adults (18–64)
24766781,1,51,YR,F,,"",US,US,OZEMPIC,SEMAGLUTIDE,2,MG,PS,Gastroenteritis,HO,2024Q4,Younger Adults (18–64)
24767570,1,81,YR,F,,"",US,US,OZEMPIC,SEMAGLUTIDE,0.25,MG,PS,Clostridium difficile infection,HO,2024Q4,Older Adults (≥65)
24767596,1,58,YR,F,60.75,KG,US,,SEMAGLUTIDE,SEMAGLUTIDE,,"",PS,Contraindicated product administered,HO,2024Q4,Younger Adults (18–64)
24768045,1,45,YR,F,,"",US,US,OZEMPIC,SEMAGLUTIDE,0.5,MG,PS,Weight decreased,HO,2024Q4,Younger Adults (18–64)
24768198,1,67,YR,F,81.6,KG,US,,SEMAGLUTIDE,SEMAGLUTIDE,,"",PS,Cholecystitis acute,HO,2024Q4,Older Adults (≥65)
24768207,1,59,YR,M,130.5,KG,US,,WEGOVY,SEMAGLUTIDE,,"",PS,Anhedonia,,2024Q4,Younger Adults (18–64)
24768527,1,62,YR,M,87.982,KG,US,US,OZEMPIC,SEMAGLUTIDE,0.5,MG,PS,Nausea,OT,2024Q4,Younger Adults (18–64)
24768603,1,76,YR,F,,"",US,US,OZEMPIC,SEMAGLUTIDE,1,MG,PS,Alopecia,HO,2024Q4,Older Adults (≥65)
24768613,1,68,YR,F,,"",US,US,OZEMPIC,SEMAGLUTIDE,2,MG,PS,Bladder cancer,HO,2024Q4,Older Adults (≥65)
24768615,1,46,YR,F,,"",US,US,WEGOVY,SEMAGLUTIDE,,"",PS,Papilloedema,OT,2024Q4,Younger Adults (18–64)
24768624,1,31,YR,F,98.8,KG,US,US,OZEMPIC,SEMAGLUTIDE,1,MG,PS,Dehydration,HO,2024Q4,Younger Adults (18–64)
24768625,1,38,YR,F,81.64,KG,US,US,OZEMPIC,SEMAGLUTIDE,0.25,MG,PS,Impaired gastric emptying,HO,2024Q4,Younger Adults (18–64)
24768631,1,40,YR,M,129.7,KG,US,US,OZEMPIC,SEMAGLUTIDE,0.25,MG,PS,Nausea,HO,2024Q4,Younger Adults (18–64)
24768635,1,54,YR,,,"",US,US,OZEMPIC,SEMAGLUTIDE,,"",PS,Ileus,OT,2024Q4,Younger Adults (18–64)
24768639,1,39,YR,F,117.4,KG,US,US,WEGOVY,SEMAGLUTIDE,1.7,MG,PS,Product use issue,HO,2024Q4,Younger Adults (18–64)
24768704,1,66,YR,F,82.5,KG,US,US,OZEMPIC,SEMAGLUTIDE,0.25,MG,PS,Dyspepsia,HO,2024Q4,Older Adults (≥65)
24768712,1,48,YR,F,90.703,KG,US,US,OZEMPIC,SEMAGLUTIDE,0.25,MG,PS,Impaired gastric emptying,HO,2024Q4,Younger Adults (18–64)
24768713,1,51,YR,F,86.168,KG,US,US,OZEMPIC,SEMAGLUTIDE,0.5,MG,PS,Dehydration,HO,2024Q4,Younger Adults (18–64)
24771040,1,62,YR,F,99,KG,US,,OZEMPIC,SEMAGLUTIDE,,"",PS,Nausea,,2024Q4,Younger Adults (18–64)
24774569,1,78,YR,F,,"",US,US,OZEMPIC,SEMAGLUTIDE,,"",PS,Knee operation,HO,2024Q4,Older Adults (≥65)
24774572,1,58,YR,M,,"",US,US,OZEMPIC,SEMAGLUTIDE,0.25,MG,PS,Prostate cancer,OT,2024Q4,Younger Adults (18–64)
24774573,1,68,YR,M,,"",US,US,WEGOVY,SEMAGLUTIDE,,"",PS,Pertussis,HO,2024Q4,Older Adults (≥65)
24774597,1,71,YR,F,,"",US,US,WEGOVY,SEMAGLUTIDE,1,MG,PS,Hyperhidrosis,OT,2024Q4,Older Adults (≥65)
24774606,1,62,YR,F,83.9,KG,US,US,OZEMPIC,SEMAGLUTIDE,0.5,MG,PS,Impaired gastric emptying,HO,2024Q4,Younger Adults (18–64)
24774607,1,41,YR,F,,"",US,US,OZEMPIC,SEMAGLUTIDE,0.25,MG,PS,Dehydration,OT,2024Q4,Younger Adults (18–64)
24774608,1,58,YR,,,"",US,US,OZEMPIC,SEMAGLUTIDE,,"",PS,Obstruction gastric,OT,2024Q4,Younger Adults (18–64)
24778259,1,78,YR,F,,"",US,US,OZEMPIC,SEMAGLUTIDE,0.25,MG,PS,Hypotension,HO,2024Q4,Older Adults (≥65)
24778260,1,66,YR,M,,"",US,US,OZEMPIC,SEMAGLUTIDE,,"",PS,Euphoric mood,OT,2024Q4,Older Adults (≥65)
24778293,1,72,YR,F,,"",US,US,OZEMPIC,SEMAGLUTIDE,,"",PS,Condition aggravated,OT,2024Q4,Older Adults (≥65)
24778315,1,85,YR,F,,"",US,US,OZEMPIC,SEMAGLUTIDE,0.5,MG,PS,Pneumonia,OT,2024Q4,Older Adults (≥65)
24778327,1,80,YR,F,,"",US,US,OZEMPIC,SEMAGLUTIDE,,"",PS,Feeling hot,HO,2024Q4,Older Adults (≥65)
24778328,1,42,YR,M,,"",US,US,WEGOVY,SEMAGLUTIDE,0.25,MG,PS,Syncope,OT,2024Q4,Younger Adults (18–64)
24778873,1,52,YR,F,115.65,KG,US,,OZEMPIC,SEMAGLUTIDE,,"",PS,Thyroid calcification,DS,2024Q4,Younger Adults (18–64)
24780055,1,32,YR,F,90.703,KG,US,US,OZEMPIC,SEMAGLUTIDE,0.5,MG,PS,Nausea,HO,2024Q4,Younger Adults (18–64)
24780058,1,60,YR,F,81.633,KG,US,US,OZEMPIC,SEMAGLUTIDE,1,MG,PS,Product use issue,HO,2024Q4,Younger Adults (18–64)
24780071,1,54,YR,F,95.25,KG,US,US,OZEMPIC,SEMAGLUTIDE,1,MG,PS,Dyspepsia,HO,2024Q4,Younger Adults (18–64)
24782053,1,39,YR,F,94.5,KG,US,,SEMAGLUTIDE,SEMAGLUTIDE,,"",PS,Diarrhoea,,2024Q4,Younger Adults (18–64)
24783214,1,39,YR,F,,"",US,US,OZEMPIC,SEMAGLUTIDE,,"",PS,White blood cell count increased,HO,2024Q4,Younger Adults (18–64)
24784105,1,43,YR,F,77.85,KG,US,,WEGOVY,SEMAGLUTIDE,,"",PS,Injury,OT,2024Q4,Younger Adults (18–64)
24785609,1,36,YR,F,,"",US,,SEMAGLUTIDE,SEMAGLUTIDE,,"",PS,Nausea,RI,2024Q4,Younger Adults (18–64)
24785610,1,58,YR,M,95.4,KG,US,,OZEMPIC,SEMAGLUTIDE,,"",PS,Eye infection,RI,2024Q4,Younger Adults (18–64)
24785615,1,59,YR,F,69.75,KG,US,,SEMAGLUTIDE,SEMAGLUTIDE,,"",PS,Abdominal pain upper,DS,2024Q4,Younger Adults (18–64)
24786490,1,58,YR,M,104,KG,US,US,OZEMPIC,SEMAGLUTIDE,0.5,MG,PS,Dehydration,HO,2024Q4,Younger Adults (18–64)
24786499,1,41,YR,M,,"",US,US,OZEMPIC,SEMAGLUTIDE,,"",PS,Device issue,OT,2024Q4,Younger Adults (18–64)
24786500,1,45,YR,M,97.506,KG,US,US,OZEMPIC,SEMAGLUTIDE,0.5,MG,PS,Dyspepsia,HO,2024Q4,Younger Adults (18–64)
24786501,1,51,YR,F,100,KG,US,US,OZEMPIC,SEMAGLUTIDE,0.5,MG,PS,Dyspepsia,HO,2024Q4,Younger Adults (18–64)
24786502,1,54,YR,F,93.4,KG,US,US,OZEMPIC,SEMAGLUTIDE,0.5,MG,PS,Product use in unapproved indication,OT,2024Q4,Younger Adults (18–64)
24787864,1,68,YR,F,,"",US,US,OZEMPIC,SEMAGLUTIDE,2,MG,PS,Diabetic ketoacidosis,HO,2024Q4,Older Adults (≥65)
24789713,1,66,YR,F,125.1,KG,US,,SEMAGLUTIDE,SEMAGLUTIDE,,"",PS,Blood pressure increased,RI,2024Q4,Older Adults (≥65)
24789724,1,47,YR,M,92.25,KG,US,,SEMAGLUTIDE,SEMAGLUTIDE,,"",PS,Lupus-like syndrome,OT,2024Q4,Younger Adults (18–64)
24789756,1,43,YR,M,128.7,KG,US,,WEGOVY,SEMAGLUTIDE,,"",PS,Middle insomnia,,2024Q4,Younger Adults (18–64)
24789859,1,71,YR,F,,"",US,US,OZEMPIC,SEMAGLUTIDE,0.25,MG,PS,Urinary tract infection,HO,2024Q4,Older Adults (≥65)
24789878,1,70,YR,F,,"",US,US,OZEMPIC,SEMAGLUTIDE,0.5,MG,PS,Dehydration,HO,2024Q4,Older Adults (≥65)
24791219,1,72,YR,M,,"",US,US,OZEMPIC,SEMAGLUTIDE,0.5,MG,PS,Visual impairment,OT,2024Q4,Older Adults (≥65)
24791221,1,69,YR,F,,"",US,US,OZEMPIC,SEMAGLUTIDE,0.5,MG,PS,Inflammatory bowel disease,OT,2024Q4,Older Adults (≥65)
24791231,1,67,YR,F,,"",US,US,OZEMPIC,SEMAGLUTIDE,,"",PS,Product after taste,OT,2024Q4,Older Adults (≥65)
24791234,1,22,YR,F,,"",US,US,OZEMPIC,SEMAGLUTIDE,0.25,MG,PS,Rectal fissure,HO,2024Q4,Younger Adults (18–64)
24791237,1,55,YR,M,,"",US,US,WEGOVY,SEMAGLUTIDE,,"",PS,Optic ischaemic neuropathy,OT,2024Q4,Younger Adults (18–64)
24791243,1,72,YR,F,,"",US,US,OZEMPIC,SEMAGLUTIDE,1,MG,PS,Parkinson's disease,OT,2024Q4,Older Adults (≥65)
24791245,1,59,YR,F,,"",US,US,OZEMPIC,SEMAGLUTIDE,,"",PS,Optic ischaemic neuropathy,OT,2024Q4,Younger Adults (18–64)
24791394,1,74,YR,F,,"",US,US,OZEMPIC,SEMAGLUTIDE,2,MG,PS,Neck mass,OT,2024Q4,Older Adults (≥65)
24794642,1,77,YR,M,,"",US,US,WEGOVY,SEMAGLUTIDE,0.25,MG,PS,Mouth swelling,OT,2024Q4,Older Adults (≥65)
24794663,1,57,YR,F,107.1,KG,US,,WEGOVY,SEMAGLUTIDE,,"",PS,Abdominal pain upper,LT,2024Q4,Younger Adults (18–64)
24794668,1,78,YR,F,,"",US,US,OZEMPIC,SEMAGLUTIDE,,"",PS,Fall,HO,2024Q4,Older Adults (≥65)
24794673,1,70,YR,M,,"",US,US,WEGOVY,SEMAGLUTIDE,0.25,MG,PS,Surgery,OT,2024Q4,Older Adults (≥65)
24795042,1,43,YR,F,72,KG,US,,WEGOVY,SEMAGLUTIDE,,"",PS,Heavy menstrual bleeding,,2024Q4,Younger Adults (18–64)
24799724,1,64,YR,F,99,KG,US,,PYRIDOXINE\SEMAGLUTIDE,PYRIDOXINE\SEMAGLUTIDE,,"",PS,Nausea,,2024Q4,Younger Adults (18–64)
