caseid,primaryid.x,caseversion,i_f_code,event_dt,mfr_dt,init_fda_dt,fda_dt,rept_cod,auth_num,mfr_num,mfr_sndr,lit_ref,age,age_cod,age_grp,sex,e_sub,wt,wt_cod,rept_dt,to_mfr,occp_cod,reporter_country,occr_country,primaryid.y,outc_cod,pt,drug_rec_act,drug_seq,role_cod,drugname,prod_ai,val_vbm,route,dose_vbm,cum_dose_chr,cum_dose_unit,dechal,rechal,lot_num,exp_dt,nda_num,dose_amt,dose_unit,dose_form,dose_freq,rank
15244738,1524473810,10,F,,20240624,20180806,20240626,EXP,"",US-SHIRE-US201829650,TAKEDA,"",,"","",F,Y,97,KG,20240626,"",CN,US,US,1524473810,HO,Application site laceration,"",49,C,OZEMPIC,SEMAGLUTIDE,1,"","",,"","","","",,"",,"","","",3
16962049,169620497,7,F,20191001,20240415,20191025,20240417,EXP,"",US-SHIRE-US201934913,TAKEDA,"",68,YR,"",F,Y,72.562,KG,20240417,"",CN,US,US,169620497,HO,Product dose omission issue,"",13,C,OZEMPIC,SEMAGLUTIDE,1,Unknown,UNK,,"","","","",,"",,"","","",3
17082387,170823878,8,F,,20240429,20191127,20240502,PER,"",US-PFIZER INC-2019512237,PFIZER,"",68,YR,"",F,Y,100,KG,20240502,"",CN,US,US,,,Product prescribing error,"",12,C,OZEMPIC,SEMAGLUTIDE,1,"",UNK,,"","","","",,"",,"","","",
17088928,1708892817,17,F,,20240422,20191128,20240429,EXP,"",US-SHIRE-US201939950,TAKEDA,"",,"","",F,Y,107,KG,20240429,"",MD,US,US,1708892817,HO,Diverticulitis,"",35,C,OZEMPIC,SEMAGLUTIDE,1,"",UNK,,"","","","",,"",,"","","",3
17365019,1736501910,10,F,20200128,20240410,20200204,20240417,EXP,"",US-SHIRE-US202003735,TAKEDA,"",47,YR,"",F,Y,97,KG,20240417,"",HP,US,US,1736501910,HO,Injection site erythema,"",20,C,OZEMPIC,SEMAGLUTIDE,1,Unknown,UNK,,"","","","",,"",,"","","",3
17558948,1755894830,30,F,20140501,20240613,20200318,20240617,EXP,"",US-SHIRE-US202010147,TAKEDA,"",59,YR,"",M,Y,107,KG,20240617,"",CN,US,US,1755894830,HO,Myasthenia gravis,"",27,C,OZEMPIC,SEMAGLUTIDE,1,Unknown,UNK,,"","","","",,"",,"","","",3
17687803,176878037,7,F,20200407,20240513,20200421,20240522,PER,"",US-SA-2020SA097340,SANOFI AVENTIS,"",64,YR,A,F,Y,,"",20240522,"",MD,US,US,,,Burning sensation,"",4,C,OZEMPIC,SEMAGLUTIDE,1,"",UNK,,"",U,"","",,"",,"","","",
17750120,1775012024,24,F,20200608,20240524,20200506,20240529,EXP,"",US-SHIRE-US202015421,TAKEDA,"",41,YR,"",F,Y,69,KG,20240529,"",MD,US,US,1775012024,HO,Hypersomnia,"",16,C,OZEMPIC,SEMAGLUTIDE,1,Unknown,UNK,,"","","","",,"",,"","","",3
17754350,1775435020,20,F,20220901,20240507,20200506,20240513,EXP,"",US-SHIRE-US202015320,TAKEDA,"",69,YR,"",F,Y,76,KG,20240513,"",CN,US,US,1775435020,OT,Blood pressure systolic increased,"",7,C,OZEMPIC,SEMAGLUTIDE,1,"",UNK,,"","","","",,"",,"","","",7
17821372,1782137214,14,F,,20240604,20200525,20240606,EXP,"",US-SHIRE-US202016950,TAKEDA,"",,"","",F,Y,81,KG,20240606,"",HP,US,US,1782137214,OT,Product distribution issue,"",32,C,OZEMPIC,SEMAGLUTIDE,1,Unknown,UNK,,"","","","",,"",,"","","",7
17964982,1796498215,15,F,20231222,20240513,20200630,20240517,EXP,"",US-SHIRE-US202020683,TAKEDA,"",52,YR,"",F,Y,98,KG,20240517,"",CN,US,US,1796498215,HO,Pneumonia influenzal,"",12,C,OZEMPIC,SEMAGLUTIDE,1,"",UNK,,"","","","",,"",,"","","",3
18009330,1800933038,38,F,,20240325,20200710,20240401,EXP,"",US-SHIRE-US202021956,TAKEDA,"",,"","",F,Y,113,KG,20240401,"",HP,US,US,1800933038,HO,Needle issue,"",43,C,OZEMPIC,SEMAGLUTIDE,1,Unknown,UNK,,"","","","",,"",,"","","",3
18013290,180132906,6,F,20200101,20240610,20200713,20240613,PER,"",US-PFIZER INC-2020224738,PFIZER,"",67,YR,"",F,Y,65.32,KG,20240613,"",CN,US,US,180132906,OT,Neoplasm recurrence,"",5,SS,OZEMPIC,SEMAGLUTIDE,1,"",UNK,,"",Y,"","",,"",,"","","",7
18015884,1801588434,34,F,20201213,20240612,20200713,20240614,EXP,"",US-SHIRE-US202022395,TAKEDA,"",72,YR,"",F,Y,63.94,KG,20240614,"",HP,US,US,1801588434,HO,Pneumonia,"",7,C,OZEMPIC,SEMAGLUTIDE,1,Unknown,UNK,,"","","","",,"",,"","","",3
18236769,182367696,6,F,20200819,20240514,20200907,20240517,EXP,"",US-SHIRE-US202028932,TAKEDA,"",52,YR,"",F,Y,134,KG,20240517,"",CN,US,US,182367696,HO,Ear infection,"",10,C,Wegovy fixdose,"",2,Unknown,UNK,,"","","","",,"",,"","","",3
18257951,182579513,3,F,,20240418,20200911,20240423,PER,"",US-PFIZER INC-2020190247,PFIZER,"",69,YR,"",F,Y,94.998,KG,20240423,"",CN,US,US,,,Alopecia,"",5,C,OZEMPIC,SEMAGLUTIDE,1,"",UNK,,"","","","",,"",,"","","",
18259777,1825977723,23,F,,20240618,20200912,20240621,EXP,"",US-SHIRE-US202029725,TAKEDA,"",,"","",F,Y,76,KG,20240621,"",CN,US,US,1825977723,OT,Headache,"",43,C,OZEMPIC,SEMAGLUTIDE,1,Unknown,UNK,,"","","","",,"",,"","","",7
18263300,1826330038,38,F,20211022,20240621,20200914,20240627,EXP,"",US-SHIRE-US202028891,TAKEDA,"",63,YR,"",F,Y,90,KG,20240627,"",MD,US,US,1826330038,OT,Urticaria,"",10,C,OZEMPIC,SEMAGLUTIDE,1,Unknown,UNK,,"","","","",,"",,"","","",7
18321048,1832104845,45,F,20220108,20240618,20200928,20240621,EXP,"",US-SHIRE-US202031165,TAKEDA,"",46,YR,"",F,Y,85,KG,20240621,"",CN,US,US,1832104845,HO,Gastrointestinal infection,"",37,C,OZEMPIC,SEMAGLUTIDE,1,Unknown,UNK,,"","","","",,"",,"","","",3
18336119,1833611918,18,F,20210831,20240408,20201001,20240413,EXP,"",US-SHIRE-US202031356,TAKEDA,"",70,YR,"",F,Y,88,KG,20240413,"",HP,US,US,1833611918,HO,Nasal pruritus,"",40,C,OZEMPIC,SEMAGLUTIDE,1,Unknown,UNK,,"","","","",,"",,"","","",3
18358513,1835851318,18,F,,20240515,20201008,20240520,EXP,"",US-SHIRE-US202032402,TAKEDA,"",,"","",F,Y,88,KG,20240520,"",MD,US,US,1835851318,OT,Sinusitis,"",7,C,OZEMPIC,SEMAGLUTIDE,1,Unknown,UNK,,"","","","",,"",,"","","",7
18361783,183617837,7,F,20170414,20240401,20201008,20240410,EXP,"",US-AstraZeneca-2020SF27234,ASTRAZENECA,"",16070,DY,"",M,Y,,"",20240410,"",LW,US,"",183617837,HO,Renal failure,"",67,C,OZEMPIC,SEMAGLUTIDE,1,"","",,"","","","",,"",,"","","",3
18374370,1837437016,16,F,20240516,20240517,20201013,20240520,EXP,"",US-SHIRE-US202033120,TAKEDA,"",69,YR,"",F,Y,85,KG,20240520,"",CN,US,US,1837437016,HO,Urinary tract infection,"",31,C,OZEMPIC,SEMAGLUTIDE,1,"","",,"","","","",,"",,"","","",3
18444738,1844473825,25,F,20210801,20240604,20201030,20240606,EXP,"",US-SHIRE-US202017087,TAKEDA,"",63,YR,"",F,Y,,"",20240606,"",MD,US,US,1844473825,OT,Fatigue,"",5,C,OZEMPIC,SEMAGLUTIDE,1,Unknown,UNK,,"","","","",,"",,"","","",7
18448996,1844899615,15,F,,20240327,20201030,20240401,EXP,"",US-SHIRE-US202030698,TAKEDA,"",,"","",F,Y,88,KG,20240401,"",CN,US,US,1844899615,OT,Fungal infection,"",27,C,WEGOVY,SEMAGLUTIDE,1,"",UNK,,"","","","",,"",,"","","",7
18629231,1862923131,31,F,20200224,20240613,20201217,20240618,EXP,"",US-SHIRE-US201942724AA,TAKEDA,"",41,YR,"",F,Y,114,KG,20240618,"",MD,US,US,1862923131,OT,Fungal pharyngitis,"",8,SS,OZEMPIC,SEMAGLUTIDE,1,Unknown,UNK,,"",U,U,"",,"",,"",UNK,"",7
18639283,1863928314,14,F,,20240520,20201219,20240523,EXP,"",US-TAKEDA-2020TUS058351,TAKEDA,"",,"","",F,Y,98,KG,20240523,"",HP,US,US,1863928314,OT,Incorrect dose administered,"",20,C,OZEMPIC,SEMAGLUTIDE,1,Unknown,UNK,,"","","","",,"",,"","","",7
18660295,1866029511,11,F,,20240604,20201224,20240611,EXP,"",US-TAKEDA-2018TUS000519,TAKEDA,"",,"","",M,Y,,"",20240611,"",CN,US,US,1866029511,OT,Respiratory tract infection,"",20,C,OZEMPIC,SEMAGLUTIDE,1,Unknown,UNK,,"","","","",,"",,"","","",7
18866038,1886603813,13,F,20230131,20240402,20210208,20240405,EXP,"",US-PFIZER INC-2021116395,PFIZER,"",74,YR,"",F,Y,,"",20240405,"",CN,US,US,1886603813,HO,Depressed mood,"",9,C,OZEMPIC,SEMAGLUTIDE,1,"",UNK,,"","","","",,"",,"","","",3
18886153,1888615324,24,F,20230907,20240619,20210212,20240625,EXP,"",US-KAMADA LIMITED-2021US001022,TAKEDA,"",63,YR,"",F,Y,105,KG,20240625,"",HP,US,US,1888615324,HO,Haemoglobin decreased,"",79,C,OZEMPIC,SEMAGLUTIDE,1,Unknown,UNK,,"","","","",,"",,"","","",3
19086846,1908684613,13,F,20210425,20240405,20210402,20240411,EXP,"",US-TAKEDA-2021TUS018459,TAKEDA,"",60,YR,"",F,Y,66,KG,20240411,"",CN,US,US,1908684613,HO,Seasonal allergy,"",17,C,RYBELSUS,SEMAGLUTIDE,1,Unknown,UNK,,"","","","",,"",,"","","",3
19087675,1908767513,13,F,,20240606,20210402,20240611,EXP,"",US-TAKEDA-2021TUS019116,TAKEDA,"",,"","",F,Y,124,KG,20240611,"",CN,US,US,1908767513,HO,Inappropriate schedule of product administration,"",40,C,OZEMPIC,SEMAGLUTIDE,1,Unknown,UNK,,"","","","",,"",,"","","",3
19114272,1911427214,14,F,20220801,20240613,20210408,20240620,EXP,"",US-AMGEN-USASP2021053335,AMGEN,"",54,YR,A,F,Y,,"",20240619,"",HP,US,US,1911427214,HO,Nausea,"",26,C,OZEMPIC,SEMAGLUTIDE,1,"",2/1.5 ml,,"","","","",,"",,"",Injection,"",3
19140605,191406054,4,F,,20240624,20210415,20240626,PER,"",US-PFIZER INC-2021319927,PFIZER,"",80,YR,"",F,Y,,"",20240626,"",CN,US,US,,,Product dose omission issue,"",2,C,OZEMPIC,SEMAGLUTIDE,1,"","",,"","","","",,"",,"","","",
19163283,191632838,8,F,,20240409,20210421,20240415,EXP,"",US-TAKEDA-2021TUS023937,TAKEDA,"",,"","",F,Y,94,KG,20240415,"",HP,US,US,191632838,HO,Haemoptysis,"",38,C,OZEMPIC,SEMAGLUTIDE,1,Unknown,UNK,,"","","","",,"",,"","","",3
19308695,193086956,6,F,20230614,20240529,20210526,20240531,EXP,"",US-PFIZER INC-2021260091,PFIZER,"",63,YR,"",F,Y,71.65,KG,20240531,"",CN,US,US,193086956,HO,Type 2 diabetes mellitus,"",16,C,OZEMPIC,SEMAGLUTIDE,1,"","",,"","","","",,"",,"","","",3
19454523,1945452310,10,F,20210322,20240425,20210623,20240430,EXP,"",US-TAKEDA-US201900797,TAKEDA,"",61,YR,"",F,Y,84,KG,20240430,"",HP,US,US,1945452310,HO,Neuralgia,"",17,C,OZEMPIC,SEMAGLUTIDE,1,Unknown,UNK,,"","","","",,"",,"","","",3
19635298,196352983,3,F,20211201,20240524,20210729,20240531,EXP,"",US-PFIZER INC-2021498415,PFIZER,"",52,YR,"",F,Y,,"",20240531,"",HP,US,US,196352983,OT,Ear infection,"",7,C,RYBELSUS,SEMAGLUTIDE,1,"",UNK,,"","","","",,"",,"",Tablet,"",7
19707275,1970727513,13,F,,20240410,20210817,20240416,EXP,"",US-TAKEDA-2021TUS042278,TAKEDA,"",,"","",F,Y,88,KG,20240416,"",HP,US,US,1970727513,HO,Pulmonary pain,"",27,C,OZEMPIC,SEMAGLUTIDE,1,"","",,"","","","",,"",,"","","",3
19944154,199441543,3,F,20210101,20240503,20211012,20240515,PER,"",US-SA-2021SA334768,SANOFI AVENTIS,"",37,YR,A,F,Y,190,KG,20240515,"",MD,US,US,,,Sinus disorder,"",18,C,OZEMPIC,SEMAGLUTIDE,1,"",UNK,,"",U,"","",,"",,"",Injection,"",
20024320,200243204,4,F,20210101,20240619,20211102,20240624,EXP,"",US-AMGEN-USASP2021168672,AMGEN,"",51,YR,A,F,Y,,"",20240624,"",HP,US,US,200243204,HO,Psoriasis,"",17,C,OZEMPIC,SEMAGLUTIDE,1,"",UNK (2mg/3ml),,"","","","",,"",,"",Injection,"",3
20206348,202063482,2,F,20200523,20240412,20211220,20240424,PER,"",US-SA-2021SA418706,SANOFI AVENTIS,"",41,YR,A,F,Y,,"",20240424,"",MD,US,US,,,Quality of life decreased,"",9,C,OZEMPIC,SEMAGLUTIDE,1,"","",,"",U,"","",,"",,"","","",
20228062,2022806210,10,F,20210623,20240604,20211224,20240607,EXP,"",US-INCYTE CORPORATION-2021IN011785,INCYTE,"",,"","","",Y,,"",20240607,"",CN,US,US,2022806210,HO,Amnesia,"",24,C,OZEMPIC,SEMAGLUTIDE,1,Unknown,0.2 SOP 2mg/1.5M,,"","","","",,"",,"","","",3
20492435,204924359,9,F,20200101,20220923,20220219,20240401,EXP,"",US-ABBVIE-21K-163-4209117-00,ABBVIE,"",,"","",F,Y,104.33,KG,20240330,"",CN,US,US,204924359,HO,Cardiomegaly,"",23,C,OZEMPIC,SEMAGLUTIDE,1,"","",,"","","","",,"",,"","","",3
20551436,205514369,9,F,20220101,20240523,20220304,20240530,EXP,"",US-AMGEN-USASP2022037548,AMGEN,"",41,YR,A,F,Y,,"",20240529,"",HP,US,US,205514369,OT,Stress,"",20,C,WEGOVY,SEMAGLUTIDE,1,Unknown,0.25 milligram,,"","","","",,"",0.25,MG,Injection,"",7
20551721,205517213,3,F,,20240614,20220304,20240617,PER,"",US-JAZZ-2022-US-005906,JAZZ,"",,"","",F,Y,,"",20240617,"",MD,US,US,,,No adverse event,"",15,C,OZEMPIC,SEMAGLUTIDE,1,"",UNK,,"","","","",,"",,"","","",
20570130,205701303,3,F,20170101,20240404,20220309,20240412,PER,"",US-JNJFOC-20220302894,JOHNSON AND JOHNSON,"",,"",E,F,Y,,"",20240412,"",LW,US,US,205701303,OT,Incorrect dose administered,"",5,C,OZEMPIC,SEMAGLUTIDE,1,"","",,"","","","",,"",,"","","",7
20654073,206540732,2,F,,20240326,20220330,20240403,PER,"",US-SA-2022SA107170,SANOFI AVENTIS,"",55,YR,A,M,Y,,"",20240403,"",MD,US,US,,,Skin irritation,"",5,C,RYBELSUS,SEMAGLUTIDE,1,"",UNK,,"",U,"","",,"",,"","","",
20689381,2068938110,10,F,20200917,20240513,20220408,20240516,EXP,"",US-TAKEDA-2022TUS023025,TAKEDA,"",52,YR,"",F,Y,122,KG,20240516,"",HP,US,US,2068938110,HO,COVID-19,"",21,C,OZEMPIC,SEMAGLUTIDE,1,Unknown,UNK,,"","","","",,"",,"","","",3
20702349,207023492,2,F,20190401,20240402,20220412,20240412,PER,"",US-009507513-2203USA008219,MERCK,"",,"","",F,Y,,"",20240412,"",CN,US,US,,,Hyperhidrosis,"",7,SS,OZEMPIC,SEMAGLUTIDE,1,"",UNK,,"",Y,"","",,"",,"","","",
20703470,207034705,5,F,20231101,20240521,20220413,20240527,EXP,"",US-AMGEN-USASP2022061809,AMGEN,"",73,YR,E,M,Y,,"",20240527,"",HP,US,US,207034705,OT,Product dose omission issue,"",3,C,OZEMPIC,SEMAGLUTIDE,1,"","1 MG/DOSE, 4MG PEN 3-1",,"","","","",,"",,"","","",7
20712135,207121355,5,F,20210301,20240401,20220414,20240415,EXP,"",US-ACADIA PHARMACEUTICALS INC.-ACA-2022-PIM-001029,ACADIA PHARMACEUTICALS,"",66,YR,"",M,Y,64,KG,20240415,"",CN,US,US,207121355,DE,Product dose omission issue,"",15,C,RYBELSUS,SEMAGLUTIDE,1,"",2 milligram per day,,"","","","",,"",2,MG,"","",1
20726742,207267424,4,F,20220217,20240411,20220419,20240416,EXP,"",US-JAZZ-2021-US-023309,JAZZ,"",49,YR,"",F,Y,,"",20240416,"",HP,US,US,207267424,OT,Dry throat,"",25,C,OZEMPIC,SEMAGLUTIDE,1,"",0.25-0.5 MG/DOSE PEN,,"","","","",,"",,"","","",7
20761052,2076105214,14,F,20220209,20240501,20220428,20240508,EXP,"",US-TAKEDA-2021TUS022373,TAKEDA,"",45,YR,"",F,Y,80,KG,20240508,"",HP,US,US,2076105214,HO,Sinusitis,"",39,C,OZEMPIC,SEMAGLUTIDE,1,Unknown,UNK,,"","","","",,"",,"","","",3
20791165,207911655,5,F,20220429,20240510,20220505,20240514,EXP,"",US-TAKEDA-US201927236,TAKEDA,"",67,YR,"",M,Y,,"",20240514,"",CN,US,US,207911655,OT,Fall,"",4,SS,OZEMPIC,SEMAGLUTIDE,1,Unknown,UNK,,"",U,U,"",,"",,"",UNK,"",7
20815616,208156166,6,F,20210808,20240409,20220511,20240415,PER,"",US-PFIZER INC-202200650016,PFIZER,"",58,YR,"",M,Y,107.95,KG,20240415,"",CN,US,US,208156166,HO,Myocardial infarction,"",9,C,RYBELSUS,SEMAGLUTIDE,1,"",UNK,,"","","","",,"",,"","","",3
20849699,208496999,9,F,20230101,20240412,20220519,20240412,PER,"",US-PFIZER INC-202200132552,PFIZER,"",65,YR,"",F,Y,85.73,KG,20240412,"",MD,US,US,,,Injection site pain,"",5,C,OZEMPIC,SEMAGLUTIDE,1,"",UNK (take 0.5 of Ozempic),,"","","","",,"",,"","","",
20902739,2090273915,15,F,20220522,20240411,20220601,20240415,EXP,"",NVSC2022US126141,NOVARTIS,"",52,YR,"",F,Y,,"",20240415,"",CN,US,US,2090273915,HO,Memory impairment,"",6,C,SEMAGLUTIDE,SEMAGLUTIDE,1,Unknown,UNK,,"",U,"","",,"",,"","","",3
20922352,209223529,9,F,,20240412,20220607,20240419,EXP,"",US-TAKEDA-2022TUS007462,TAKEDA,"",,"","",F,Y,60,KG,20240419,"",HP,US,US,209223529,HO,Fatigue,"",7,C,OZEMPIC,SEMAGLUTIDE,1,Unknown,UNK,,"","","","",,"",,"","","",3
21019926,210199266,6,F,20220503,20240514,20220628,20240517,EXP,"",US-JAZZ-2022-US-007657,JAZZ,"",59,YR,"",F,Y,,"",20240517,"",HP,US,US,210199266,HO,Middle insomnia,"",23,C,WEGOVY,SEMAGLUTIDE,1,"",UNK,,"","","","",,"",,"","","",3
21061071,210610712,2,F,20220101,20240509,20220709,20240521,PER,"",US-SA-2022SA261991,SANOFI AVENTIS,"",57,YR,A,F,Y,,"",20240521,"",MD,US,US,,,Viral infection,"",2,C,OZEMPIC,SEMAGLUTIDE,1,"",UNK,,"",U,"","",,"",,"","","",
21180492,211804923,3,F,20220722,20240321,20220806,20240401,PER,"",US-SA-2022SA302871,SANOFI AVENTIS,"",51,YR,A,M,Y,,"",20240401,"",MD,US,US,,,Product dose omission issue,"",11,C,OZEMPIC,SEMAGLUTIDE,1,"","",,"",U,"","",,"",,"","","",
21188811,211888114,4,F,20221201,20240423,20220809,20240508,EXP,"",US-AVEO ONCOLOGY-2022-AVEO-US000325,PAREXEL,"",,"","","",Y,,"",20240508,"",HP,US,US,211888114,HO,COVID-19,"",21,C,SEMAGLUTIDE,SEMAGLUTIDE,1,Subcutaneous,"0.5 mg, once a week",,"","","","",,"",0.5,MG,"","",3
21194092,211940925,5,F,20200113,20240502,20220810,20240507,EXP,"",US-TAKEDA-US202004645,TAKEDA,"",63,YR,"",M,Y,,"",20240507,"",CN,US,US,211940925,HO,Glycosylated haemoglobin increased,"",3,SS,OZEMPIC,SEMAGLUTIDE,1,Unknown,UNK,,"",Y,"","",,"",,"","","",3
21197247,211972476,6,F,,20240605,20220810,20240607,EXP,"",US-TAKEDA-2022TUS054190,TAKEDA,"",,"","",F,Y,88,KG,20240607,"",CN,US,US,211972476,HO,Drug hypersensitivity,"",45,C,RYBELSUS,SEMAGLUTIDE,1,Unknown,UNK,,"","","","",,"",,"","","",3
21199652,211996524,4,F,20220101,20240515,20220811,20240527,EXP,"",US-NOVOPROD-945859,NOVO NORDISK,"",61,YR,"",F,Y,,"",20240527,"",CN,US,US,211996524,HO,Spinal operation,"",1,PS,WEGOVY,SEMAGLUTIDE,1,Subcutaneous,"0.5 mg, qw",,"",U,"",LZFX233,,215256,0.5,MG,Solution for injection,/WK,3
21210081,212100817,7,F,20220802,20240403,20220814,20240412,PER,"",US-SA-2022SA330125,SANOFI AVENTIS,"",64,YR,A,F,Y,,"",20240412,"",MD,US,US,,,Injection site pain,"",3,SS,OZEMPIC,SEMAGLUTIDE,1,"","0.25mg,QW",,"",U,"","",,"",0.25,MG,"",/WK,
21282354,212823543,3,F,20220101,20221005,20220901,20240406,PER,"",US-ABBVIE-22K-163-4474339-00,ABBVIE,"",,"","",F,Y,135,KG,20240406,"",HP,US,US,212823543,OT,Wound,"",5,C,OZEMPIC,SEMAGLUTIDE,1,Subcutaneous,"2 mg/1.5 mL (1 mg dose) , 1 mg, Subcutaneous, qWeek,",,"","","","",,"",,"","",/WK,7
21361208,2136120812,12,F,20230107,20240618,20220921,20240621,EXP,"",US-TAKEDA-2022TUS059155,TAKEDA,"",47,YR,"",F,Y,77,KG,20240621,"",HP,US,US,2136120812,HO,Blood potassium decreased,"",43,C,RYBELSUS,SEMAGLUTIDE,1,Unknown,UNK,,"","","","",,"",,"","","",3
21389573,2138957314,14,F,20220917,20240425,20220929,20240501,EXP,"",US-TAKEDA-2022TUS006800,TAKEDA,"",58,YR,"",M,Y,131.5,KG,20240501,"",HP,US,US,2138957314,HO,Seasonal allergy,"",27,C,OZEMPIC,SEMAGLUTIDE,1,"",UNK,,"","","","",,"",,"","","",3
21412707,214127073,3,F,20220701,20240516,20221005,20240528,PER,"",US-SA-2022SA401878,SANOFI AVENTIS,"",68,YR,E,M,Y,80.726,KG,20240528,"",MD,US,US,,,Ageusia,"",4,C,OZEMPIC,SEMAGLUTIDE,1,"",unk,,"",U,"","",,"",,"","","",
21481734,214817342,2,F,,20240423,20221020,20240426,PER,"",US-ELI_LILLY_AND_COMPANY-US202210006421,ELI LILLY AND CO,"",69,YR,E,F,Y,,"",20240426,"",CN,US,US,,,Vomiting,"",5,C,OZEMPIC,SEMAGLUTIDE,1,"","",,"","","","",,"",,"","","",
21485537,2148553716,16,F,20220101,20240521,20221020,20240523,PER,"",US-PFIZER INC-PV202200085977,PFIZER,"",63,YR,"",F,Y,,"",20240523,"",CN,US,US,2148553716,OT,Nerve injury,"",27,C,OZEMPIC,SEMAGLUTIDE,1,"",2mg/3ml,,"","","","",,"",,"",Injection,"",7
21510255,215102557,7,F,20220627,20240513,20221026,20240515,EXP,"",US-JAZZ-2022-US-026596,JAZZ,"",51,YR,"",F,Y,178,KG,20240515,"",HP,US,US,215102557,OT,Lichen sclerosus,"",17,C,WEGOVY,SEMAGLUTIDE,1,"",0.25 mg/0.5 ml,,"","","","",,"",,"","","",7
21574694,215746944,4,F,,20240415,20221109,20240423,EXP,"",US-UNITED THERAPEUTICS-UNT-2022-024148,UNITED THERAPEUTICS,"",,"","",M,Y,77.098,KG,20240423,"",HP,US,US,215746944,OT,Inappropriate schedule of product administration,"",9,C,OZEMPIC,SEMAGLUTIDE,1,Unknown,UNK,,"","","","",,"",,"","","",7
21577711,215777112,2,F,20220101,20220928,20221110,20240412,PER,"",US-ABBVIE-22K-163-4492891-00,ABBVIE,"",,"","",F,Y,,"",20240412,"",CN,US,US,,,Glucose tolerance impaired,"",3,C,OZEMPIC,SEMAGLUTIDE,1,"","",,"","","","",,"",,"","","",
21622624,2162262417,17,F,,20240524,20221121,20240527,EXP,"",US-JAZZ-2022-US-015513,JAZZ,"",,"","",F,Y,,"",20240527,"",HP,US,US,2162262417,OT,Asthenia,"",54,C,RYBELSUS,SEMAGLUTIDE,1,"","",,"","","","",,"",,"",Tablet,"",7
21638691,2163869112,12,F,,20240614,20221124,20240619,EXP,"",US-TAKEDA-2022TUS088358,TAKEDA,"",,"","",F,Y,84,KG,20240619,"",HP,US,US,2163869112,HO,Pneumonia aspiration,"",16,C,OZEMPIC,SEMAGLUTIDE,1,Unknown,UNK,,"","","","",,"",,"","","",3
21656280,216562803,3,F,,20240612,20221129,20240613,EXP,"",US-PFIZER INC-202201333009,PFIZER,"",53,YR,"",F,Y,124.72,KG,20240613,"",HP,US,US,216562803,OT,Migraine,"",83,C,SEMAGLUTIDE,SEMAGLUTIDE,1,"",1 ml 40 units 1 x week,,"","","","",,"",1,ML,"",/WK,7
21674858,216748582,2,F,,20240408,20221202,20240417,PER,"",US-SA-2022SA491889,SANOFI AVENTIS,"",,"",A,F,Y,,"",20240417,"",MD,US,US,,,Dermatitis atopic,"",2,C,OZEMPIC,SEMAGLUTIDE,1,"","",,"",U,"","",,"",,"","","",
21689717,216897174,4,F,20220101,20240418,20221206,20240426,EXP,"",US-ABBVIE-4188973,ABBVIE,"",45,YR,"",F,Y,113,KG,20240426,"",CN,US,US,,,Discomfort,"",6,SS,OZEMPIC,SEMAGLUTIDE,1,Unknown,"",,"",U,"","",,"",,"","","",
21703619,217036198,8,F,20221102,20240618,20221209,20240619,EXP,"",US-TAKEDA-2022TUS084132,TAKEDA,"",42,YR,"",F,Y,,"",20240619,"",HP,US,US,217036198,OT,Hereditary angioedema,"",4,SS,OZEMPIC,SEMAGLUTIDE,1,Unknown,UNK,,"",Y,"","",,"",,"",UNK,"",7
21732518,217325183,3,F,,20240514,20221215,20240529,EXP,"",US-SUN PHARMACEUTICAL INDUSTRIES LTD-2022R1-368870,RANBAXY,Schumacher C. Severe Hypotension With Concomitant Sodium-Glucose Co-Transporter-2 Inhibitor and Angiotensin Receptor-Neprilysin Inhibitor Therapy in a Patient With Heart Failure Reduced Ejection Fraction: A Case Report. J Pharm Pract. 2024;37 (2):495-499,64,YR,"",F,Y,85,KG,20240529,"",PH,US,US,217325183,HO,Dehydration,"",6,C,SEMAGLUTIDE,SEMAGLUTIDE,1,Unknown,"1 milligram, Weekly",,"","","","",,"",1,MG,"","",3
21825198,218251986,6,F,20220501,20240524,20230105,20240529,EXP,"",US-JAZZ-2022-US-016665,JAZZ,"",35,YR,"",F,Y,,"",20240529,"",CN,US,US,218251986,OT,Pre-existing condition improved,"",4,SS,WEGOVY,SEMAGLUTIDE,1,"",2.4mg weekly,,"",U,"","",,"",,"","","",7
21827647,218276473,3,F,20220101,20240610,20230106,20240619,PER,"",US-SA-2023SA004439,SANOFI AVENTIS,"",67,YR,E,F,Y,,"",20240619,"",MD,US,US,,,Psoriasis,"",28,C,WEGOVY,SEMAGLUTIDE,1,"","",,"",U,"","",,"",,"",Injection,"",
21840641,218406412,2,F,20220919,20230104,20230110,20240418,PER,"",US-ABBVIE-4260165,ABBVIE,"",57,YR,"",F,Y,127,KG,20240418,"",CN,US,US,,,Pain,"",6,C,OZEMPIC,SEMAGLUTIDE,1,"",0.25 OR .5 PEN INJCTR,,"","","","",,"",,"","","",
21886419,218864195,5,F,20220221,20240621,20230119,20240627,EXP,"",US-ABBVIE-4239744,ABBVIE,"",21,YR,"",F,Y,132,KG,20240627,"",CN,US,US,218864195,OT,Migraine,"",6,C,OZEMPIC,SEMAGLUTIDE,1,Subcutaneous,"",,"","","","",,"",0.5,MG,Solution for injection in pre-filled pen,QD,7
21910847,2191084713,13,F,20230530,20240514,20230125,20240522,EXP,"",US-BRISTOL-MYERS SQUIBB COMPANY-2023-010446,BRISTOL MYERS SQUIBB,"",56,YR,A,F,Y,99.3,KG,20240522,"",CN,US,US,2191084713,OT,White blood cell count decreased,"",22,C,OZEMPIC,SEMAGLUTIDE,1,"","",,"",U,"","",,"",,"","","",7
21930409,2193040910,10,F,20231101,20240327,20230131,20240403,EXP,"",US-BIOGEN-2023BI01184547,BIOGEN,"",65,YR,"",F,Y,,"",20240403,"",CN,US,US,2193040910,OT,Product dose omission issue,"",18,C,OZEMPIC,SEMAGLUTIDE,1,Other,2MG/1.5ML PEN,,"","","","",,"",,"",Unknown,"",7
21933193,219331933,3,F,20230127,20230424,20230131,20240614,EXP,"",US-ABBVIE-4288446,ABBVIE,"",49,YR,"",M,Y,113.39,KG,20240614,"",CN,US,US,219331933,OT,Blood cholesterol increased,"",3,C,OZEMPIC,SEMAGLUTIDE,1,"","",,"","","","",,"",,"","","",7
21952128,2195212813,13,F,,20240518,20230203,20240530,EXP,"",US-AMRYT PHARMACEUTICALS DAC-AEGR006243,AEGERION,"",,"","",F,Y,58.957,KG,20240530,"",CN,US,US,2195212813,HO,Blood triglycerides increased,"",30,C,RYBELSUS,SEMAGLUTIDE,1,"","",,"","","","",,"",,"",Tablet,"",3
21968063,219680632,2,F,20220101,20240417,20230208,20240501,EXP,"",US-ROCHE-3276235,ROCHE,"",57,YR,"",F,Y,104.42,KG,20240501,"",CN,US,"",219680632,HO,Intestinal obstruction,"",20,C,OZEMPIC,SEMAGLUTIDE,1,"","",,"","","","",,"",,"","","",3
22013009,2201300916,16,F,20230209,20240607,20230220,20240613,EXP,"",NVSC2023US031901,NOVARTIS,"",51,YR,"",F,Y,,"",20240613,"",CN,US,US,2201300916,OT,Hypersensitivity,"",3,C,SEMAGLUTIDE,SEMAGLUTIDE,1,Unknown,UNK,,"",U,"","",,"",,"","","",7
22035735,220357355,5,F,20230215,20240429,20230224,20240501,EXP,"",US-JAZZ PHARMACEUTICALS-2022-US-004762,JAZZ,"",57,YR,"",F,Y,,"",20240501,"",CN,US,US,220357355,OT,Intentional product use issue,"",15,C,RYBELSUS,SEMAGLUTIDE,1,"",UNK,,"","","","",,"",,"","","",7
22049124,2204912410,10,F,20221216,20240403,20230301,20240407,EXP,"",US-JAZZ-2022-US-017602,JAZZ,"",48,YR,"",F,Y,103.9,KG,20240408,"",HP,US,US,2204912410,OT,Nasopharyngitis,"",23,C,OZEMPIC,SEMAGLUTIDE,1,"",UNK,,"","","","",,"",,"",Injection,"",7
22057579,220575794,4,F,20220628,20240327,20230303,20240402,EXP,"",US-TAKEDA-2022TUS062719,TAKEDA,"",47,YR,"",F,Y,154.19,KG,20240402,"",HP,US,US,220575794,OT,Product use in unapproved indication,"",38,C,OZEMPIC,SEMAGLUTIDE,1,Unknown,UNK,,"","","","",,"",,"","","",7
22063295,220632952,2,F,20230101,20240503,20230306,20240508,EXP,"",US-ABBVIE-4328344,ABBVIE,"",,"","",M,Y,,"",20240508,"",CN,US,US,220632952,OT,Weight decreased,"",8,C,OZEMPIC,SEMAGLUTIDE,1,"",1/0.75 (3) PEN INJCTR,,"","","","",,"",,"","","",7
22070477,220704774,4,F,20230601,20240610,20230307,20240613,EXP,"",US-JAZZ PHARMACEUTICALS-2023-US-005249,JAZZ,"",51,YR,"",M,Y,,"",20240613,"",CN,US,US,220704774,OT,Ligamentitis,"",8,C,OZEMPIC,SEMAGLUTIDE,1,"",UNK,,"","","","",,"",,"","","",7
22074310,220743106,6,F,,20240410,20230308,20240412,PER,"",US-PFIZER INC-PV202300040431,PFIZER,"",40,YR,"",F,Y,,"",20240412,"",CN,US,US,,,Diarrhoea,"",15,C,OZEMPIC,SEMAGLUTIDE,1,"",4mg/3ml,,"","","","",,"",,"",Injection,"",
22078544,220785443,3,F,20221101,20240613,20230309,20240625,PER,"",US-SA-2023SA076992,SANOFI AVENTIS,"",74,YR,E,F,Y,,"",20240625,"",CN,US,US,,,Product use in unapproved indication,"",4,C,OZEMPIC,SEMAGLUTIDE,1,"","",,"",U,"","",,"",,"","","",
22104787,221047878,8,F,20240201,20240429,20230316,20240503,EXP,"",US-JAZZ PHARMACEUTICALS-2022-US-009174,JAZZ,"",76,YR,"",F,Y,,"",20240503,"",CN,US,US,221047878,HO,Product administration interrupted,"",5,SS,OZEMPIC,SEMAGLUTIDE,1,"","",,"",U,"","",,"",,"","","",3
22105070,221050704,4,F,20221101,20240618,20230316,20240624,EXP,"",US-ABBVIE-4341554,ABBVIE,"",59,YR,"",F,Y,117.93,KG,20240624,"",CN,US,US,221050704,OT,Joint swelling,"",6,C,OZEMPIC,SEMAGLUTIDE,1,Unknown,"",,"","","","",,"",,"","","",7
22110317,221103172,2,F,,20240401,20230317,20240404,PER,"",US-PFIZER INC-PV202300048709,PFIZER,"",78,YR,"",F,Y,,"",20240404,"",CN,US,US,,,Illness,"",5,C,OZEMPIC,SEMAGLUTIDE,1,"",UNK,,"","","","",,"",,"","","",
22127525,221275257,7,F,20230901,20240413,20230323,20240425,30DAY,"",US-VIIV HEALTHCARE LIMITED-US2023AMR041864,VIIV,"",37,YR,"","",Y,,"",20240424,"",CN,US,US,,,Migraine,"",5,C,WEGOVY,SEMAGLUTIDE,1,"",UNK,,"",U,"","",,"",,"","","",
22129447,221294475,5,F,20230221,20240607,20230323,20240627,PER,"",US-THERATECHNOLOGIES INC.-2023-THE-TES-000074,Unknown Manufacturer,"",,"","","",Y,,"",20240626,"",CN,US,US,,,Product prescribing error,"",6,C,OZEMPIC,SEMAGLUTIDE,1,Unknown,UNK,,"","","","",,"",,"","","",
22132079,221320797,7,F,20230901,20240413,20230323,20240426,PER,"",US-JNJFOC-20230357803,JOHNSON AND JOHNSON,"",37,YR,A,"",Y,,"",20240426,"",CN,US,US,,,Injection site pain,"",4,C,WEGOVY,SEMAGLUTIDE,1,"",UNK,,"","","","",,"",,"","","",
22153395,221533952,2,F,20230301,20230327,20230329,20240613,EXP,"",US-ABBVIE-4709236,ABBVIE,"",66,YR,"",F,Y,,"",20240613,"",CN,US,US,221533952,OT,Platelet count decreased,"",2,SS,OZEMPIC,SEMAGLUTIDE,1,Unknown,"",,"",U,"","",,"",,"","","",7
22167453,2216745310,10,F,20230101,20240621,20230403,20240627,EXP,"",US-SA-2023SA102713,SANOFI AVENTIS,"",20,YR,A,M,Y,90.7,KG,20240627,"",MD,US,US,2216745310,HO,Haematoma,"",9,SS,OZEMPIC,SEMAGLUTIDE,1,"",UNK,,"",U,"","",,"",,"","","",3
22186405,221864054,4,F,20210101,20230526,20230407,20240530,EXP,"",US-TORRENT-00012590,TORRENT,"",30,YR,A,M,Y,113,KG,20240530,"",CN,US,US,221864054,HO,Confusional state,"",12,C,semaglutide 0.25 mg or 0.5 mg(2 mg/1.5 mL) Pnij,"",2,Intradermal,Inject 0.25 mg under the skin every seven (7) days.,,"",U,"","",,"",0.25,MG,Injection,"",3
22203723,222037238,8,F,,20240415,20230412,20240419,EXP,"",US-Taiho Oncology Inc-2023-001018,TAIHO ONCOLOGY INC,"",67,YR,E,M,Y,,"",20240419,"",CN,US,US,222037238,HO,Pain,"",11,C,RYBELSUS,SEMAGLUTIDE,1,"","",,"","","","",,"",,"",Tablet,"",3
22217312,222173122,2,F,,20230413,20230417,20240502,PER,"",US-UCBSA-2023019178,UCB,"",,"","",F,Y,,"",20240502,"",HP,US,US,222173122,OT,Pneumonia,"",14,C,OZEMPIC,SEMAGLUTIDE,1,"",0.2 SOP 2MG/1.5M,,"",U,"","",,"",,"","","",7
22236165,222361653,3,F,,20240418,20230420,20240429,PER,"",US-SA-2023SA123242,SANOFI AVENTIS,"",,"",E,M,Y,71,KG,20240429,"",MD,US,US,,,Eczema,"",5,C,OZEMPIC,SEMAGLUTIDE,1,"","",,"",U,"","",,"",,"","","",
22240545,222405453,3,F,,20240420,20230421,20240429,PER,"",US-SA-2023SA124010,SANOFI AVENTIS,"",36,YR,A,F,Y,,"",20240429,"",MD,US,US,,,Vomiting,"",2,SS,OZEMPIC,SEMAGLUTIDE,1,"",UNK,,"",U,"","",,"",,"","","",
22270544,222705444,4,F,,20240523,20230501,20240527,PER,"",US-PFIZER INC-PV202300076310,PFIZER,"",46,YR,"",F,Y,,"",20240527,"",HP,US,US,,,Alopecia,"",2,C,OZEMPIC,SEMAGLUTIDE,1,"",UNK,,"","","","",,"",,"","","",
22284158,222841587,7,F,20230101,20240415,20230504,20240424,PER,"",US-SA-2023SA137007,SANOFI AVENTIS,"",60,YR,A,F,Y,,"",20240424,"",HP,US,US,,,Toothache,"",23,C,OZEMPIC,SEMAGLUTIDE,1,Subcutaneous,2mg,,"",U,"","",,"",2,MG,Solution for injection,"",
22285637,222856372,2,F,20230401,20240401,20230504,20240410,EXP,"",US-EMD Serono-9400115,EMD SERONO INC,"",56,YR,A,F,Y,,"",20240410,"",CN,US,US,222856372,OT,Postmenopausal haemorrhage,"",6,C,OZEMPIC,SEMAGLUTIDE,1,"","",,"","","","",,"",,"","","",7
22300467,223004673,3,F,20230405,20240219,20230509,20240528,PER,"",US-THERATECHNOLOGIES INC.-2023-THE-TES-000113,Unknown Manufacturer,"",,"","","",Y,,"",20240528,"",CN,US,US,,,Insulin-like growth factor increased,"",2,C,OZEMPIC,SEMAGLUTIDE,1,Unknown,UNK,,"","","","",,"",,"","","",
22322941,223229412,2,F,,20230505,20230516,20240513,EXP,"",US-NOVOPROD-1063113,NOVO NORDISK,"",,"","",F,Y,,"",20240513,"",HP,US,US,223229412,DE,Death,"",1,PS,OZEMPIC,SEMAGLUTIDE,1,Subcutaneous,UNK,,"",D,"","",,209637,,"",Solution for injection,"",1
22327987,223279872,2,F,20230401,20230804,20230516,20240531,EXP,"",US-RADIUS HEALTH INC.-2023US001942,RADIUS PHARM,"",71,YR,"",F,Y,,"",20240531,"",CN,US,US,,,Gastritis,"",2,SS,OZEMPIC,SEMAGLUTIDE,1,Subcutaneous,"UNK, qd",,"",N,"","",,"",,"","","",
22328032,223280322,2,F,20230401,20230512,20230516,20240531,EXP,"",US-RADIUS HEALTH INC.-2023US001741,RADIUS PHARM,"",64,YR,"",F,Y,,"",20240531,"",MD,US,US,,,Arthritis,"",4,C,OZEMPIC,SEMAGLUTIDE,1,"",UNK,,"","","","",,"",,"","","",
22328652,223286522,2,F,,20230502,20230517,20240531,EXP,"",US-RADIUS HEALTH INC.-2023US001163,RADIUS PHARM,"",,"","",F,Y,,"",20240531,"",MD,US,US,,,Alopecia,"",4,C,OZEMPIC,SEMAGLUTIDE,1,"","",,"","","","",,"",,"","","",
22338469,223384692,2,F,,20230816,20230518,20240524,EXP,"",US-ROCHE-3253674,ROCHE,"",,"",E,F,Y,,"",20240524,"",CN,US,"",,,Pain,"",5,C,RYBELSUS,SEMAGLUTIDE,1,"","",,"","","","",,"",,"","","",
22340124,223401249,9,F,,20240603,20230518,20240607,EXP,"",US-JAZZ PHARMACEUTICALS-2023-US-006719,JAZZ,"",,"","",M,Y,,"",20240607,"",CN,US,US,223401249,HO,Post procedural complication,"",10,C,OZEMPIC,SEMAGLUTIDE,1,"",UNK,,"","","","",,"",,"","","",3
22340409,223404096,6,F,20210301,20240415,20230518,20240417,EXP,"",US-JAZZ-2023-US-003064,JAZZ,"",64,YR,"",M,Y,,"",20240418,"",MD,US,US,223404096,HO,Drug hypersensitivity,"",4,SS,OZEMPIC,SEMAGLUTIDE,1,"",UNK,,"",Y,"","",,"",,"","","",3
22352821,223528214,4,F,20230301,20240403,20230523,20240409,EXP,"",US-ABBVIE-4772137,ABBVIE,"",66,YR,"",M,Y,,"",20240409,"",CN,US,US,223528214,OT,Blood pressure abnormal,"",25,C,OZEMPIC,SEMAGLUTIDE,1,Unknown,"",,"","","","",,"",,"","","",7
22355893,223558934,4,F,,20240624,20230523,20240627,EXP,"",US-PFIZER INC-PV202300089508,PFIZER,"",50,YR,"",F,Y,,"",20240627,"",HP,US,US,223558934,OT,Fatigue,"",6,C,OZEMPIC,SEMAGLUTIDE,1,"",UNK,,"","","","",,"",,"","","",7
22356788,223567882,2,F,,20240516,20230523,20240522,EXP,"",US-BAUSCH-BL-2023-007837,BAUSCH AND LOMB,"",68,YR,"",F,Y,,"",20240522,"",CN,US,US,223567882,HO,Product use issue,"",4,C,OZEMPIC,SEMAGLUTIDE,1,"","",,"","","","",,"",,"","","",3
22360823,223608232,2,F,,20230517,20230524,20240510,PER,"",US-UCBSA-2022016990,UCB,"",,"","",F,Y,,"",20240510,"",CN,US,US,,,Condition aggravated,"",3,C,WEGOVY,SEMAGLUTIDE,1,"","",,"",U,"","",,"",,"","","",
22363141,223631412,2,F,20220501,20230324,20230525,20240510,PER,"",US-UCBSA-2022040956,UCB,"",36,YR,"",F,Y,,"",20240510,"",HP,US,US,,,Therapeutic product effect incomplete,"",18,C,OZEMPIC,SEMAGLUTIDE,1,"",0.25 OR,,"","","","",,"",,"","","",
22368456,223684562,2,F,20220801,20230518,20230525,20240510,PER,"",US-UCBSA-2022065400,UCB,"",45,YR,"",F,Y,160.68,KG,20240510,"",HP,US,US,,,Stress,"",24,C,OZEMPIC,SEMAGLUTIDE,1,"",UNK,,"",U,"","",,"",,"","","",
22369818,223698182,2,F,20230101,20230404,20230526,20240510,PER,"",US-UCBSA-2023008634,UCB,"",,"","",F,Y,71.655,KG,20240510,"",CN,US,US,,,COVID-19,"",14,C,OZEMPIC,SEMAGLUTIDE,1,"",UNK,,"",U,"","",,"",,"","","",
22535664,225356647,7,F,20230101,20240514,20230608,20240523,PER,"",US-SA-2023SA172313,SANOFI AVENTIS,"",55,YR,A,F,Y,,"",20240523,"",MD,US,US,,,Infection,"",39,C,RYBELSUS,SEMAGLUTIDE,1,"","",,"",U,"","",,"",,"",Tablet,"",
22541447,225414475,5,F,20230101,20240426,20230609,20240503,EXP,"","US-CATALYST PHARMACEUTICALS, INC-US-CATA-23-00303",CATALYST PHARMA,"",,"","",F,Y,92.063,KG,20240503,"",CN,US,US,225414475,HO,Lower limb fracture,"",8,C,OZEMPIC,SEMAGLUTIDE,1,Unknown,0.5 mg every week,,"","","",UNKNOWN,,"",0.5,MG,"",/WK,3
22629866,226298667,7,F,20230101,20240424,20230622,20240508,PER,"",US-XERIS PHARMACEUTICALS-2023XER01941,XERIS PHARMACEUTICALS,"",,"","",F,Y,134.24,KG,20240503,"",CN,US,US,226298667,OT,Headache,"",4,C,OZEMPIC,SEMAGLUTIDE,1,"","",,"","","","",,"",,"","","",7
22632635,226326352,2,F,20230530,20230613,20230623,20240626,EXP,"",US-NOVOPROD-1079798,NOVO NORDISK,"",,"","",M,Y,,"",20240626,"",CN,US,US,226326352,OT,Myocardial infarction,"",1,PS,OZEMPIC,SEMAGLUTIDE,1,Subcutaneous,UNK,,"","","","",,209637,,"",Solution for injection,"",7
22645441,226454412,2,F,,20240408,20230627,20240417,PER,"",US-SA-2023SA195420,SANOFI AVENTIS,"",,"",A,F,Y,122,KG,20240417,"",MD,US,US,,,Therapeutic response decreased,"",4,C,OZEMPIC,SEMAGLUTIDE,1,"",UNK,,"",U,"","",,"",,"","","",
22645980,226459803,3,F,,20230616,20230627,20240403,EXP,"",US-NOVOPROD-1081647,NOVO NORDISK,"",,"",A,F,Y,,"",20240403,"",CN,US,US,226459803,OT,Abdominal pain upper,"",1,PS,OZEMPIC,SEMAGLUTIDE,1,Subcutaneous,0.25mg,,"","","","",,209637,,"",Solution for injection,"",7
22666487,226664876,6,F,20230619,20240221,20230703,20240528,PER,"",US-THERATECHNOLOGIES INC.-2023-THE-TES-000241,Unknown Manufacturer,"",,"","","",Y,,"",20240528,"",CN,US,US,,,Injection site discomfort,"",2,SS,SEMAGLUTIDE,SEMAGLUTIDE,1,Unknown,UNK,,"",U,"","",,"",,"","","",
22670504,226705042,2,F,,20230625,20230705,20240606,EXP,"",US-NOVOPROD-1086081,NOVO NORDISK,"",37,YR,"","",Y,,"",20240606,"",CN,US,US,226705042,OT,Cardiac failure,"",1,PS,OZEMPIC,SEMAGLUTIDE,1,Subcutaneous,UNK,,"",U,"","",,209637,,"",Solution for injection,"",7
22675640,226756405,5,F,20220318,20240604,20230706,20240613,EXP,"",US-NOVOPROD-1085650,NOVO NORDISK,"",69,YR,"",F,Y,,"",20240614,"",HP,US,US,226756405,HO,Nightmare,"",1,PS,OZEMPIC,SEMAGLUTIDE,1,Subcutaneous,UNK,,"",Y,"","",,209637,,"",Solution for injection,"",3
22682394,226823943,3,F,20200101,20230628,20230707,20240408,EXP,"",US-NOVOPROD-1086703,NOVO NORDISK,"",,"",A,M,Y,,"",20240408,"",CN,US,US,226823943,OT,Muscle strain,"",1,PS,OZEMPIC,SEMAGLUTIDE,1,Subcutaneous,UNK,,"",Y,"","",,209637,,"",Solution for injection,"",7
22694820,226948204,4,F,20230801,20240618,20230712,20240625,EXP,"",US-SA-2023SA209833,SANOFI AVENTIS,"",63,YR,A,F,Y,100,KG,20240625,"",MD,US,US,226948204,HO,Infection,"",29,C,OZEMPIC,SEMAGLUTIDE,1,"","",,"",U,"","",,"",,"","","",3
22697621,226976214,4,F,,20240617,20230712,20240620,EXP,"",US-TAKEDA-2021TUS076364,TAKEDA,"",,"","",F,Y,86,KG,20240620,"",CN,US,US,226976214,OT,Diabetes mellitus,"",6,C,RYBELSUS,SEMAGLUTIDE,1,Unknown,UNK,,"","","","",,"",,"","","",7
22698062,226980622,2,F,20230401,20240328,20230712,20240403,EXP,"",US-PFIZER INC-202300039936,PFIZER,"",58,YR,"",F,Y,,"",20240403,"",HP,US,US,226980622,OT,Sinus disorder,"",13,C,OZEMPIC,SEMAGLUTIDE,1,"",0.25 OR,,"","","","",,"",,"","","",7
22699108,226991084,4,F,20230601,20240510,20230713,20240517,EXP,"",US-SA-2023SA211594,SANOFI AVENTIS,"",56,YR,A,F,Y,,"",20240517,"",MD,US,US,226991084,OT,Nervous system disorder,"",20,C,OZEMPIC,SEMAGLUTIDE,1,"",UNK,,"",U,"","",,"",,"","","",7
22714710,227147103,3,F,20221001,20230707,20230718,20240626,EXP,"",US-NOVOPROD-1089679,NOVO NORDISK,"",64,YR,"",F,Y,,"",20240626,"",CN,US,US,227147103,OT,Product use in unapproved indication,"",1,SS,SEMAGLUTIDE,SEMAGLUTIDE,1,Subcutaneous,UNK,,"",D,"","",,"",,"","","",7
22722883,227228832,2,F,20230101,20240606,20230719,20240620,PER,"",US-SA-2023SA217819,SANOFI AVENTIS,"",49,YR,A,M,Y,102,KG,20240620,"",MD,US,US,,,Product dose omission issue,"",8,C,WEGOVY,SEMAGLUTIDE,1,"","",,"",U,"","",,"",,"","","",
22728239,227282393,3,F,20230716,20240520,20230720,20240528,PER,"",US-SA-2023SA219691,SANOFI AVENTIS,"",52,YR,A,F,Y,,"",20240528,"",MD,US,US,,,Rash,"",6,C,SEMAGLUTIDE,SEMAGLUTIDE,1,"",UNK,,"",U,"","",,"",,"","","",
22729680,227296804,4,F,20240302,20240417,20230720,20240422,EXP,"",US-PFIZER INC-PV202300124279,PFIZER,"",54,YR,"",F,Y,,"",20240422,"",CN,US,US,227296804,DE,Diabetes mellitus,"",2,C,OZEMPIC,SEMAGLUTIDE,1,"",UNK,,"","","","",,"",,"","","",1
22734989,227349892,2,F,20230101,20230712,20230721,20240606,EXP,"",US-NOVOPROD-1093866,NOVO NORDISK,"",,"","",F,Y,,"",20240606,"",CN,US,US,227349892,DS,Weight increased,"",1,PS,OZEMPIC,SEMAGLUTIDE,1,Subcutaneous,0.25 mg,,"",U,"","",,209637,0.25,MG,Solution for injection,"",4
22754830,2275483010,10,F,20230721,20240627,20230727,20240628,EXP,"",US-TAKEDA-2023TUS072873,TAKEDA,"",48,YR,"",F,Y,86,KG,20240628,"",HP,US,US,2275483010,OT,Malaise,"",13,C,OZEMPIC,SEMAGLUTIDE,1,Unknown,UNK,,"","","","",,"",,"","","",7
22761930,227619304,4,F,20220101,20240605,20230728,20240612,EXP,"",US-UCBSA-2022043986,UCB,"",,"","",M,Y,,"",20240612,"",CN,US,US,227619304,HO,Transient ischaemic attack,"",4,SS,OZEMPIC,SEMAGLUTIDE,1,"",2MG/0.75ML PEN INJCTR,,"",Y,U,"",,"",,"",Solution for injection in pre-filled pen,"",3
22766552,227665525,5,F,,20240320,20230731,20240528,PER,"",US-THERATECHNOLOGIES INC.-2023-THE-TES-000303,Unknown Manufacturer,"",,"","","",Y,,"",20240528,"",MD,US,US,,,Drug ineffective,"",4,C,OZEMPIC,SEMAGLUTIDE,1,Unknown,UNK,,"","","","",,"",,"","","",
22766995,227669953,3,F,20240318,20240415,20230731,20240419,EXP,"",US-JAZZ PHARMACEUTICALS-2023-US-004817,JAZZ,"",55,YR,"",F,Y,,"",20240419,"",CN,US,US,227669953,OT,Muscle rupture,"",22,C,OZEMPIC,SEMAGLUTIDE,1,"","",,"","","","",,"",,"","","",7
22768543,227685433,3,F,20230701,20240401,20230731,20240408,PER,"",US-ELI_LILLY_AND_COMPANY-US202307017727,ELI LILLY AND CO,"",52,YR,A,M,Y,,"",20240408,"",CN,US,US,,,Glycosylated haemoglobin increased,"",51,C,OZEMPIC,SEMAGLUTIDE,1,"","",,"","","","",,"",,"","","",
22774972,227749722,2,F,20230721,20230724,20230802,20240415,EXP,"",US-NOVOPROD-1097178,NOVO NORDISK,"",62,YR,"",M,Y,,"",20240415,"",CN,US,US,227749722,HO,Dyspepsia,"",1,PS,OZEMPIC,SEMAGLUTIDE,1,Subcutaneous,1 mg,,"",U,"","",,209637,,"",Solution for injection,"",3
22780202,227802022,2,F,20230719,20230724,20230803,20240415,EXP,"",US-NOVOPROD-1096369,NOVO NORDISK,"",59,YR,"",M,Y,,"",20240415,"",CN,US,US,227802022,HO,Product storage error,"",1,PS,OZEMPIC,SEMAGLUTIDE,1,Subcutaneous,UNK,,"",U,"",NZF5J43,,209637,0.25,MG,Solution for injection,/WK,3
22784977,227849772,2,F,20200801,20240621,20230804,20240627,EXP,"",US-JAZZ PHARMACEUTICALS-2023-US-016449,JAZZ,"",48,YR,"",F,Y,,"",20240627,"",MD,US,US,227849772,OT,Nephrolithiasis,"",8,C,RYBELSUS,SEMAGLUTIDE,1,"",UNK,,"","","","",,"",,"",Tablet,"",7
22786065,227860652,2,F,20230601,20230809,20230804,20240626,EXP,"",US-NOVOPROD-1097462,NOVO NORDISK,"",79,YR,"",F,Y,,"",20240626,"",CN,US,US,227860652,HO,Weight decreased,"",1,PS,RYBELSUS,SEMAGLUTIDE,1,Oral,UNK,,"",U,"","",,"",,"",Tablet,"",3
22801599,228015992,2,F,20220908,20230728,20230809,20240516,EXP,"",US-NOVOPROD-1099183,NOVO NORDISK,"",92,YR,"",M,Y,,"",20240516,"",CN,US,US,228015992,OT,Loss of consciousness,"",1,PS,OZEMPIC,SEMAGLUTIDE,1,Subcutaneous,UNK,,"",U,"","",,209637,,"",Solution for injection,"",7
22806476,228064762,2,F,,20230807,20230810,20240621,EXP,"",US-ABBVIE-5359274,ABBVIE,"",,"","",F,Y,,"",20240621,"",CN,US,US,228064762,OT,Knee arthroplasty,"",2,SS,OZEMPIC,SEMAGLUTIDE,1,Unknown,"",,"",U,"","",,"",,"","",/WK,7
22807351,228073512,2,F,,20230802,20230810,20240606,EXP,"",US-NOVOPROD-1100547,NOVO NORDISK,"",,"","","",Y,,"",20240606,"",CN,US,US,228073512,OT,Suicidal ideation,"",1,PS,OZEMPIC,SEMAGLUTIDE,1,Subcutaneous,0.25 mg,,"","","","",,209637,0.25,MG,Solution for injection,"",7
22819395,228193954,4,F,20230101,20240414,20230814,20240422,EXP,"",US-PHARMAESSENTIA CORPORATION-US-2023-PEC-001741,PHARMAESSENTIA,"",,"","",M,Y,,"",20240422,"",CN,US,US,228193954,OT,Dysgeusia,"",13,C,OZEMPIC,SEMAGLUTIDE,1,Unknown,"",,"",D,"","",,"",,"","","",7
22825293,228252936,6,F,20230706,20230804,20230816,20240429,EXP,"",US-NOVOPROD-1101333,NOVO NORDISK,"",66,YR,"",M,Y,173.85,KG,20240429,"",HP,US,US,228252936,HO,Inappropriate schedule of product administration,"",1,PS,OZEMPIC,SEMAGLUTIDE,1,Subcutaneous,"0.5 mg, qw",,"",Y,"",MP5E193,,209637,0.5,MG,Solution for injection,/WK,3
22832803,228328037,7,F,,20240624,20230817,20240626,EXP,"",US-TAKEDA-2023TUS019386,TAKEDA,"",,"","",F,Y,70,KG,20240626,"",HP,US,US,228328037,HO,Product dose omission issue,"",4,C,WEGOVY,SEMAGLUTIDE,1,"",UNK,,"","","","",,"",,"","","",3
22839347,228393473,3,F,20240311,20240619,20230818,20240621,EXP,"",US-PFIZER INC-PV202300141787,PFIZER,"",78,YR,"",F,Y,,"",20240621,"",CN,US,US,228393473,LT,Decreased appetite,"",21,C,OZEMPIC,SEMAGLUTIDE,1,"","",,"","","","",,"",,"","","",2
22845531,228455312,2,F,20230817,20240409,20230821,20240412,PER,"",US-PFIZER INC-PV202300142216,PFIZER,"",42,YR,"",F,Y,,"",20240412,"",CN,US,US,,,Condition aggravated,"",5,C,OZEMPIC,SEMAGLUTIDE,1,"","",,"","","","",,"",,"","","",
22846799,228467992,2,F,20230801,20230811,20230822,20240429,EXP,"",US-NOVOPROD-1104629,NOVO NORDISK,"",56,YR,"",F,Y,,"",20240429,"",HP,US,US,228467992,HO,Hospitalisation,"",1,PS,OZEMPIC,SEMAGLUTIDE,1,Subcutaneous,"2 mg, qw",,"",D,"","",,209637,2,MG,Solution for injection,/WK,3
22852509,228525092,2,F,,20230814,20230823,20240606,EXP,"",US-NOVOPROD-1105209,NOVO NORDISK,"",,"",A,F,Y,,"",20240606,"",CN,US,US,228525092,OT,Blood cholesterol increased,"",1,PS,OZEMPIC,SEMAGLUTIDE,1,Subcutaneous,UNK,,"",U,"","",,209637,,"",Solution for injection,"",7
22862242,228622422,2,F,,20230815,20230824,20240516,EXP,"",US-NOVOPROD-1105147,NOVO NORDISK,"",,"","",F,Y,,"",20240516,"",CN,US,US,228622422,HO,Muscle spasms,"",1,SS,SEMAGLUTIDE,SEMAGLUTIDE,1,Subcutaneous,UNK,,"",U,"","",,"",,"","","",3
22891565,228915652,2,F,,20230824,20230901,20240429,EXP,"",US-NOVOPROD-1108853,NOVO NORDISK,"",,"","",F,Y,,"",20240429,"",CN,US,US,228915652,OT,Diarrhoea,"",1,PS,OZEMPIC,SEMAGLUTIDE,1,Subcutaneous,0.25 mg,,"","","","",,209637,0.25,MG,Solution for injection,"",7
22899323,228993237,7,F,20230801,20240417,20230904,20240423,EXP,"",US-GSK-US2023AMR117817,GLAXOSMITHKLINE,"",,"","","",Y,,"",20240423,"",CN,US,US,228993237,OT,Brain fog,"",14,C,OZEMPIC,SEMAGLUTIDE,1,"",UNK,,"",U,"","",,"",,"","","",7
22913760,229137602,2,F,,20230823,20230906,20240502,EXP,"",US-NOVOPROD-1108456,NOVO NORDISK,"",,"",A,F,Y,,"",20240502,"",CN,US,US,229137602,OT,Liver disorder,"",1,PS,OZEMPIC,SEMAGLUTIDE,1,Subcutaneous,UNK,,"",U,"","",,209637,,"",Solution for injection,"",7
22915140,229151402,2,F,,20230825,20230907,20240426,EXP,"",US-NOVOPROD-1109496,NOVO NORDISK,"",,"",A,F,Y,,"",20240426,"",CN,US,US,229151402,OT,Paralysis,"",4,PS,OZEMPIC,SEMAGLUTIDE,1,Subcutaneous,"0.5 mg, qw",,"",U,"","",,209637,0.5,MG,Solution for injection,/WK,7
22917498,229174984,4,F,20230502,20240423,20230907,20240511,PER,"",US-TRAVERE-2023TVT00181,TRAVERE THERAPEUTICS,"",49,YR,A,M,Y,106.59,KG,20240511,"",CN,US,US,,,Product dose omission issue,"",7,C,OZEMPIC 1/0.75 (3) PEN INJCTR,"",2,"","",,"","","","",,"",,"","","",
22917538,229175388,8,F,20231001,20240510,20230907,20240516,PER,"",US-TRAVERE-2023TVT00194,TRAVERE THERAPEUTICS,"",47,YR,A,F,Y,123.38,KG,20240516,"",CN,US,US,229175388,OT,Drug effect less than expected,"",11,C,OZEMPIC,SEMAGLUTIDE,1,"","",,"","","","",,"",,"","","",7
22919551,229195512,2,F,20230724,20230829,20230908,20240626,EXP,"",US-NOVOPROD-1111328,NOVO NORDISK,"",33,YR,"",F,Y,,"",20240626,"",CN,US,US,229195512,OT,Maternal exposure during pregnancy,"",1,PS,WEGOVY,SEMAGLUTIDE,1,Subcutaneous,"0.25 mg, qw",,"",Y,"",NZF5R27,,215256,0.25,MG,Solution for injection,/WK,7
22930798,2293079810,10,F,20230828,20240530,20230911,20240603,EXP,"",US-TAKEDA-2023TUS085085,TAKEDA,"",58,YR,"",F,Y,91,KG,20240603,"",MD,US,US,2293079810,HO,Syncope,"",28,C,RYBELSUS,SEMAGLUTIDE,1,Unknown,UNK,,"","","","",,"",,"","","",3
22932983,229329832,2,F,20230825,20240507,20230912,20240516,EXP,"",US-NOVOPROD-1111025,NOVO NORDISK,"",,"","",F,Y,,"",20240516,"",CN,US,US,229329832,OT,Steroid therapy,"",1,PS,WEGOVY,SEMAGLUTIDE,1,Subcutaneous,2.4 mg,,"","","",NZF5G35,,215256,,"",Solution for injection,"",7
22932998,229329984,4,F,20230731,20230901,20230912,20240626,EXP,"",US-NOVOPROD-1112719,NOVO NORDISK,"",47,YR,"",F,Y,,"",20240626,"",CN,US,US,229329984,OT,Wisdom teeth removal,"",1,PS,OZEMPIC,SEMAGLUTIDE,1,Subcutaneous,UNK,,"","","","",,209637,,"",Solution for injection,"",7
22955924,229559242,2,F,,20230907,20230919,20240626,EXP,"",US-NOVOPROD-1111807,NOVO NORDISK,"",,"",A,M,Y,,"",20240626,"",CN,US,US,229559242,DS,Disability,"",1,PS,OZEMPIC,SEMAGLUTIDE,1,Subcutaneous,UNK,,"",U,"","",,209637,,"",Solution for injection,"",4
22960918,229609183,3,F,20220101,20240520,20230920,20240530,EXP,"",US-BEH-2023163274,CSL BEHRING,"",,"",E,F,Y,,"",20240530,"",HP,US,US,229609183,OT,Infusion site swelling,"",5,C,OZEMPIC,SEMAGLUTIDE,1,"",UNK,,"","","","",,"",,"","","",7
22969024,229690248,8,F,,20240411,20230922,20240417,EXP,"",US-TAKEDA-2023TUS024478,TAKEDA,"",,"","",F,Y,94,KG,20240417,"",HP,US,US,229690248,OT,COVID-19,"",15,C,OZEMPIC,SEMAGLUTIDE,1,Unknown,UNK,,"","","","",,"",,"","","",7
22969166,229691662,2,F,,20230912,20230922,20240508,EXP,"",US-NOVOPROD-1117039,NOVO NORDISK,"",,"",A,M,Y,,"",20240508,"",CN,US,US,229691662,OT,Irregular breathing,"",1,PS,OZEMPIC,SEMAGLUTIDE,1,Subcutaneous,UNK,,"",U,"","",,209637,,"",Solution for injection,"",7
22974089,229740894,4,F,20230901,20240325,20230923,20240401,PER,"",US-BRISTOL-MYERS SQUIBB COMPANY-2023-134596,BRISTOL MYERS SQUIBB,"",58,YR,A,M,Y,80.74,KG,20240401,"",PH,US,US,229740894,HO,Rash,"",9,C,OZEMPIC,SEMAGLUTIDE,1,"",0.25 OR 0.5 MG/DOS 1x2 MG 3 ML,,"",U,"","",,"",,"","","",3
22979363,2297936317,17,F,20230701,20240612,20230925,20240620,EXP,"",US-UNITED THERAPEUTICS-UNT-2023-019224,UNITED THERAPEUTICS,"",41,YR,"",F,Y,118.82,KG,20240620,"","",US,US,2297936317,HO,Dizziness,Dizziness,38,C,RYBELSUS,SEMAGLUTIDE,1,"","",,"","","","",,"",,"","","",3
23018956,230189562,2,F,,20230922,20231003,20240502,EXP,"",US-NOVOPROD-1122069,NOVO NORDISK,"",,"","",F,Y,,"",20240502,"",CN,US,US,230189562,LT,Blood pressure decreased,"",1,PS,OZEMPIC,SEMAGLUTIDE,1,Subcutaneous,"0.25 mg, qw",,"",U,"","",,209637,0.25,MG,Solution for injection,/WK,2
23024177,230241772,2,F,20230715,20230926,20231004,20240521,EXP,"",US-NOVOPROD-1122124,NOVO NORDISK,"",66,YR,"",F,Y,,"",20240521,"",CN,US,US,230241772,HO,Decreased appetite,"",1,PS,OZEMPIC,SEMAGLUTIDE,1,Subcutaneous,1 mg,,"",U,"","",,209637,,"",Solution for injection,"",3
23028863,230288632,2,F,20230801,20230915,20231004,20240510,EXP,"",US-NOVOPROD-1120114,NOVO NORDISK,"",,"",A,F,Y,,"",20240510,"",CN,US,US,230288632,HO,Bladder operation,"",1,PS,OZEMPIC,SEMAGLUTIDE,1,Subcutaneous,0.25 mg,,"","","","",,209637,,"",Solution for injection,"",3
23039489,230394899,9,F,20230405,20240605,20231006,20240611,EXP,"",US-OTSUKA-2023_009110,OTSUKA,"",30,YR,"",M,Y,,"",20240611,"",MD,US,US,230394899,HO,Pancreatitis,"",3,SS,OZEMPIC,SEMAGLUTIDE,1,Unknown,UNK,,"",U,"","",,"",,"","","",3
23051348,230513482,2,F,,20240417,20231010,20240419,EXP,"",US-ANIPHARMA-2023-US-026059,ANI,"",50,YR,"",F,Y,,"",20240419,"",HP,US,US,230513482,OT,Arthralgia,"",17,C,WEGOVY,SEMAGLUTIDE,1,Unknown,"",,"","",N,"",,"",,"","","",7
23057363,230573632,2,F,,20231002,20231012,20240521,EXP,"",US-NOVOPROD-1125820,NOVO NORDISK,"",,"",A,F,Y,,"",20240521,"",CN,US,US,230573632,OT,Abdominal discomfort,"",1,PS,OZEMPIC,SEMAGLUTIDE,1,Subcutaneous,"0.25 mg, qw",,"",U,"","",,209637,0.25,MG,Solution for injection,/WK,7
23067469,230674692,2,F,,20231004,20231016,20240626,EXP,"",US-NOVOPROD-1125398,NOVO NORDISK,"",,"","",F,Y,,"",20240626,"",MD,US,US,230674692,OT,Intestinal obstruction,"",1,PS,OZEMPIC,SEMAGLUTIDE,1,Subcutaneous,UNK,,"",U,"","",,209637,,"",Solution for injection,"",7
23075728,230757288,8,F,20230603,20240606,20231017,20240612,EXP,"",US-JAZZ PHARMACEUTICALS-2023-US-009937,JAZZ,"",40,YR,"",F,Y,,"",20240612,"",CN,US,US,230757288,OT,Intentional dose omission,"",8,C,OZEMPIC,SEMAGLUTIDE,1,"",UNK,,"","","","",,"",,"",Tablet,"",7
23093653,230936535,5,F,20231019,20240425,20231023,20240429,EXP,"",US-AstraZeneca-2023A238935,ASTRAZENECA,"",38,YR,"",F,Y,,"",20240429,"",HP,US,"",230936535,LT,Malaise,"",18,C,SEMAGLUTIDE,SEMAGLUTIDE,1,"",1 mg/0.5 ml,,"","","","",,"",,"",Injection,"",2
23106876,231068762,2,F,20211201,20240515,20231026,20240517,EXP,"",US-JAZZ PHARMACEUTICALS-2023-US-009659,JAZZ,"",43,YR,"",M,Y,,"",20240517,"",MD,US,US,231068762,HO,Muscle spasms,"",8,C,OZEMPIC,SEMAGLUTIDE,1,"",UNK,,"","","","",,"",,"","","",3
23109822,231098222,2,F,,20240405,20231026,20240425,PER,"",US-BRISTOL-MYERS SQUIBB COMPANY-2023-151865,BRISTOL MYERS SQUIBB,"",68,YR,E,F,Y,,"",20240425,"",CN,US,US,,,Off label use,"",5,C,OZEMPIC,SEMAGLUTIDE,1,Subcutaneous,(0.25 or 0.5 mg) 2mg/1.5ml sol once weekly sub,,"",U,"","",,"",50,MG,Solution for injection,"",
23135013,231350132,2,F,20211007,20240508,20231101,20240513,EXP,"",US-INCYTE CORPORATION-2023IN011223,INCYTE,"",,"","","",Y,,"",20240513,"",CN,US,US,,,Asthenia,"",3,SS,OZEMPIC,SEMAGLUTIDE,1,Unknown,UNK,,"",U,U,"",,"",,"","","",
23140151,231401513,3,F,20230901,20240425,20231102,20240430,EXP,"",US-JAZZ PHARMACEUTICALS-2023-US-022085,JAZZ,"",50,YR,"",F,Y,,"",20240430,"",CN,US,US,231401513,OT,Spinal stenosis,"",9,C,OZEMPIC,SEMAGLUTIDE,1,"",1 MG/DOSE,,"","","","",,"",,"","","",7
23149049,231490494,4,F,20230101,20240408,20231106,20240416,EXP,"",US-NOVOPROD-1121241,NOVO NORDISK,"",72,YR,"",F,Y,206,KG,20240416,"",MD,US,US,231490494,OT,Abdominal discomfort,"",6,PS,OZEMPIC,SEMAGLUTIDE,1,Subcutaneous,0.25 mg,,"",Y,"",NZF5V36,,209637,,"",Solution for injection,"",7
23154234,231542343,3,F,20231022,20240327,20231107,20240402,PER,"",US-BRISTOL-MYERS SQUIBB COMPANY-2023-156179,BRISTOL MYERS SQUIBB,"",55,YR,A,M,Y,77.11,KG,20240402,"",CN,US,US,,,Off label use,"",3,C,OZEMPIC,SEMAGLUTIDE,1,Subcutaneous,1MG/DOSE,,"",U,"","",,"",,"","","",
23156830,231568304,4,F,,20240617,20231108,20240625,PER,"",US-AMGEN-USASP2023198069,AMGEN,"",,"",A,F,Y,,"",20240624,"",HP,US,US,,,Pain,"",11,C,OZEMPIC,SEMAGLUTIDE,1,"",2/1.5ML,,"","","","",,"",,"",Injection,"",
23160750,231607507,7,F,20230101,20240605,20231108,20240610,EXP,"",US-SA-2023SA336003,SANOFI AVENTIS,"",53,YR,A,F,Y,,"",20240610,"",MD,US,US,231607507,OT,Product use in unapproved indication,"",7,C,WEGOVY,SEMAGLUTIDE,1,"","",,"",U,"","",,"",,"","","",7
23162320,231623202,2,F,,20230915,20231109,20240429,EXP,"",US-NOVOPROD-1136446,NOVO NORDISK,"",,"",A,F,Y,,"",20240429,"",CN,US,US,231623202,OT,Fatigue,"",1,PS,OZEMPIC,SEMAGLUTIDE,1,Subcutaneous,0.5 mg,,"",U,"",NZF6L49,,209637,,"",Solution for injection,"",7
23170281,231702817,7,F,20231012,20240509,20231110,20240521,EXP,"",US-BRISTOL-MYERS SQUIBB COMPANY-2023-160922,BRISTOL MYERS SQUIBB,"",77,YR,E,F,Y,,"",20240521,"",HP,US,US,231702817,HO,Rash,"",19,C,OZEMPIC,SEMAGLUTIDE,1,"",4mg/3ml,,"",U,"","",,"",,"",Injection,"",3
23180728,231807283,3,F,20220701,20240413,20231114,20240413,PER,"",US-ALXN-202311USA000516US,ALEXION PHARMACEUTICALS,"",71,YR,"",M,Y,,"",20240413,"",CN,US,US,,,Vomiting,"",2,SS,RYBELSUS,SEMAGLUTIDE,1,Unknown,UNK,,"",U,U,"",,"",,"",Unknown,"",
23180940,231809406,6,F,20231006,20240424,20231114,20240503,PER,"",US-Blueprint Medicines Corporation-SP-US-2023-001787,BLUEPRINT MEDICINES,"",42,YR,A,M,Y,99.426,KG,20240503,"",MD,US,US,,,Musculoskeletal stiffness,"",3,C,OZEMPIC,SEMAGLUTIDE,1,Unknown,"",,"","","","",,"",,"",Unknown,"",
23186806,231868063,3,F,20231106,20231106,20231115,20240526,PER,"",US-MYLANLABS-2023M1119173,BIOCON,"",,"","",M,Y,,"",20240526,"","",US,US,,,Device mechanical issue,"",3,C,OZEMPIC,SEMAGLUTIDE,1,Unknown,"20 international unit, qd",,"","","","",,"",20,IU,Unknown,QD,
23192764,231927644,4,F,20230101,20240520,20231116,20240524,EXP,"",US-SA-2023SA354438,SANOFI AVENTIS,"",78,YR,E,F,Y,,"",20240524,"",CN,US,US,231927644,HO,Pain,"",3,C,OZEMPIC,SEMAGLUTIDE,1,"",unk,,"",U,"","",,"",,"","","",3
23211277,232112776,6,F,20230101,20240529,20231121,20240606,PER,"",US-SA-2023SA360113,SANOFI AVENTIS,"",53,YR,A,F,Y,,"",20240606,"",MD,US,US,,,Injection site pain,"",3,C,OZEMPIC,SEMAGLUTIDE,1,"",UNK,,"",U,"","",,"",,"","","",
23215507,232155072,2,F,20231101,20240419,20231122,20240429,PER,"",US-SA-2023SA357923,SANOFI AVENTIS,"",59,YR,A,M,Y,95.2,KG,20240429,"",MD,US,US,,,Injection site pain,"",3,C,WEGOVY,SEMAGLUTIDE,1,"",UNK,,"",U,"","",,"",,"","","",
23218855,232188552,2,F,20231105,20240424,20231122,20240512,PER,"",US-TRAVERE-2023TVT00752,TRAVERE THERAPEUTICS,"",65,YR,E,F,Y,,"",20240512,"",CN,US,US,,,Peripheral swelling,"",8,C,OZEMPIC,SEMAGLUTIDE,1,"","",,"","","","",,"",,"","","",
23222824,232228247,7,F,20231101,20240419,20231123,20240424,PER,"",US-BIOGEN-2023BI01237298,BIOGEN,"",54,YR,"",F,Y,,"",20240424,"",CN,US,US,,,Abdominal pain,"",25,C,OZEMPIC,SEMAGLUTIDE,1,Other,"",,"","","","",,"",,"",Unknown,"",
23224004,232240044,4,F,20231001,20240322,20231124,20240402,EXP,"",US-NOVOPROD-1142397,NOVO NORDISK,"",79,YR,"",F,Y,,"",20240402,"",CN,US,US,232240044,HO,Influenza,"",1,PS,OZEMPIC,SEMAGLUTIDE,1,Subcutaneous,"0.5 mg, qw",,"",Y,"",NZF7P60,,209637,0.5,MG,Solution for injection,/WK,3
23231378,232313782,2,F,20230101,20240307,20231127,20240528,PER,"","US-AVADEL CNS PHARMACEUTICALS, LLC-2023AVA00332",AVADEL CNS PHARMA,"",,"","",F,Y,107.48,KG,20240524,"",CN,US,US,,,Intentional dose omission,"",11,C,OZEMPIC,SEMAGLUTIDE,1,"",UNK,,"","","","",,"",,"","","",
23233069,232330692,2,F,,20240624,20231128,20240628,EXP,"",US-ABBVIE-5510301,ABBVIE,"",,"","",M,Y,,"",20240628,"",CN,US,US,232330692,OT,Nail injury,"",2,SS,OZEMPIC,SEMAGLUTIDE,1,Unknown,"",,"",U,"","",,"",,"","","",7
23238293,232382933,3,F,20231107,20240415,20231129,20240425,EXP,"",US-NOVOPROD-1143045,NOVO NORDISK,"",71,YR,"",F,Y,104.31,KG,20240425,"",MD,US,US,232382933,HO,Sialoadenitis,"",1,PS,OZEMPIC,SEMAGLUTIDE,1,Subcutaneous,1 mg qw,,"",Y,"","",,209637,1,MG,Solution for injection,/WK,3
23240124,232401243,3,F,20240508,20240508,20231129,20240627,PER,"",US-THERATECHNOLOGIES INC.-2023-THE-TES-000409,Unknown Manufacturer,"",,"","","",Y,,"",20240626,"",CN,US,US,,,Stress,"",5,C,OZEMPIC,SEMAGLUTIDE,1,Unknown,"",,"","","","",,"",,"","","",
23241803,232418035,5,F,20230101,20240528,20231129,20240603,EXP,"",US-CIPLA LTD.-2023US05895,CIPLA,"",,"","","",Y,,"",20240603,"",HP,US,US,232418035,OT,Adverse event,"",27,C,OZEMPIC,SEMAGLUTIDE,1,Unknown,UNK (OR PEN INJCTR),,"",D,"","",,"",,"","","",7
23242739,232427392,2,F,20231101,20231127,20231129,20240522,EXP,"","US-BIOCRYST PHARMACEUTICALS, INC.-2023BCR01047",BIOCRYST PHARMACEUTICALS,"",,"","","",Y,,"",20240522,"",CN,US,US,232427392,HO,Renal failure,"",21,C,OZEMPIC,SEMAGLUTIDE,1,"",UNK,,"","","","",,"",,"","","",3
23263952,232639522,2,F,,20240327,20231205,20240404,PER,"",US-SA-2023SA375884,SANOFI AVENTIS,"",46,YR,A,F,Y,81.6,KG,20240404,"",MD,US,US,,,Drug ineffective,"",6,C,OZEMPIC,SEMAGLUTIDE,1,"","",,"",U,"","",,"",,"","","",
23284655,232846555,5,F,20231001,20240516,20231211,20240524,EXP,"",US-Calliditas-2023CAL01567,CALLIDITAS THERAPEUTICS,"",31,YR,A,F,Y,,"",20240524,"",CN,US,US,232846555,OT,Nausea,"",3,SS,RYBELSUS,SEMAGLUTIDE,1,"","",,"","","","",,"",,"","","",7
23311428,233114285,5,F,20221021,20240526,20231219,20240605,EXP,"",US-NOVOPROD-1150507,NOVO NORDISK,"",48,YR,"",M,Y,,"",20240605,"",CN,US,US,233114285,LT,Constipation,"",1,PS,OZEMPIC,SEMAGLUTIDE,1,Subcutaneous,"0.5 mg, qw",,"",Y,"","",,209637,0.5,MG,Solution for injection,/WK,2
23314469,2331446912,12,F,20230101,20240426,20231219,20240429,30DAY,"",US-PFIZER INC-202300435630,PFIZER,"",55,YR,"",F,Y,145.15,KG,20240429,"",CN,US,US,,,Drug dose omission by device,"",8,C,OZEMPIC,SEMAGLUTIDE,1,"",UNK,,"","","","",,"",,"","","",
23318448,233184485,5,F,20200904,20240520,20231220,20240531,EXP,"",US-NOVOPROD-1151624,NOVO NORDISK,"",75,YR,"",F,Y,,"",20240531,"",CN,US,US,233184485,OT,Hyperchlorhydria,"",1,PS,OZEMPIC,SEMAGLUTIDE,1,Subcutaneous,0.25 mg,,"",Y,"",NZF7K28,,209637,0.25,MG,Solution for injection,"",7
23329510,233295103,3,F,,20240404,20231222,20240411,EXP,"",US-BIOGEN-2023BI01241659,BIOGEN,"",,"","",F,Y,,"",20240411,"",CN,US,US,233295103,OT,Cardiac failure congestive,"",6,C,OZEMPIC,SEMAGLUTIDE,1,Other,"",,"","","","",,"",,"",Unknown,"",7
23335841,233358413,3,F,,20240419,20231225,20240429,PER,"",US-SA-2023SA398679,SANOFI AVENTIS,"",50,YR,A,F,Y,122.47,KG,20240429,"",MD,US,US,,,Bronchitis,"",4,C,OZEMPIC,SEMAGLUTIDE,1,"",1/0.75 (3) PEN INJCTR,,"",U,"","",,"",,"","","",
23362073,233620733,3,F,,20240610,20240103,20240611,PER,"",US-PFIZER INC-PV202300083312,PFIZER,"",69,YR,"",F,Y,,"",20240611,"",CN,US,US,,,COVID-19,"",2,C,OZEMPIC,SEMAGLUTIDE,1,"","",,"","","","",,"",,"","","",
23366469,233664692,2,F,20231213,20240105,20240104,20240404,PER,"",US-TG THERAPEUTICS INC.-TGT003167,TG THERAPEUTICS,"",49,YR,"",F,Y,104.31,KG,20240404,"",CN,US,US,,,Infusion related reaction,"",8,C,OZEMPIC,SEMAGLUTIDE,1,"","500 milligram, once a week",,"","","","",,"",500,MG,"","",
23368186,233681863,3,F,20231013,20240429,20240105,20240502,PER,"",US-AMGEN-USASP2024001513,AMGEN,"",62,YR,A,F,Y,,"",20240502,"",HP,US,US,,,Nausea,"",3,C,WEGOVY,SEMAGLUTIDE,1,"",0.25MG/0.5ML PF PEN,,"","","","",,"",,"",Injection,"",
23369507,233695074,4,F,20231201,20240204,20240105,20240404,PER,"",US-AstraZeneca-2024A002201,ASTRAZENECA,"",849,MON,"",F,Y,,"",20240404,"",CN,US,"",,,Incorrect dose administered by device,"",2,SS,OZEMPIC,SEMAGLUTIDE,1,"","",,"",U,"","",,"",,"","","",
23370858,233708582,2,F,20230101,20240508,20240105,20240516,PER,"",US-SA-2024SA002519,SANOFI AVENTIS,"",53,YR,A,M,Y,109.7,KG,20240516,"",CN,US,US,,,Nasopharyngitis,"",8,C,RYBELSUS,SEMAGLUTIDE,1,"","",,"",U,"","",,"",,"",Tablet,"",
23371255,233712555,5,F,20230101,20240402,20240105,20240405,PER,"",US-KARYOPHARM-2024KPT000001,KARYOPHARM THERAPEUTICS,"",,"","","",Y,,"",20240405,"",CN,US,US,233712555,HO,Influenza,"",16,C,OZEMPIC,SEMAGLUTIDE,1,"","",,"","","","",,"",,"","","",3
23380953,233809532,2,F,,20240617,20240109,20240620,EXP,"",US-AMGEN-USASP2023234092,AMGEN,"",34,YR,A,F,Y,,"",20240620,"",HP,US,US,233809532,OT,Psoriatic arthropathy,"",6,C,OZEMPIC,SEMAGLUTIDE,1,Unknown,2MG/3ML,,"","","","",,"",,"",Injection,"",7
23381323,233813232,2,F,20231229,20240321,20240109,20240401,EXP,"",US-NOVOPROD-1159545,NOVO NORDISK,"",82,YR,"",F,Y,,"",20240401,"",CN,US,US,233813232,OT,Cataract,"",1,PS,OZEMPIC,SEMAGLUTIDE,1,Subcutaneous,UNK,,"","","","",,209637,,"",Solution for injection,"",7
23381905,233819052,2,F,,20240520,20240109,20240603,PER,"",US-BRISTOL-MYERS SQUIBB COMPANY-2024-004076,BRISTOL MYERS SQUIBB,"",81,YR,E,M,Y,73.94,KG,20240603,"",CN,US,US,,,Foreign body sensation in eyes,"",9,C,OZEMPIC,SEMAGLUTIDE,1,"",.25 OR 0.5 PEN INJCTR,,"",U,"","",,"",,"","","",
23382811,233828114,4,F,20240301,20240425,20240109,20240502,PER,"",US-BRISTOL-MYERS SQUIBB COMPANY-2024-004046,BRISTOL MYERS SQUIBB,"",64,YR,A,F,Y,,"",20240502,"",PH,US,US,,,Off label use,"",23,C,OZEMPIC,SEMAGLUTIDE,1,"",1MG PER DOSE(4MG/3ML) PFP,,"",U,"","",,"",,"","","",
23385377,233853774,4,F,,20240618,20240110,20240627,EXP,"",US-NOVOPROD-1159963,NOVO NORDISK,"",,"",A,F,Y,,"",20240627,"",CN,US,US,233853774,DS,Dysphemia,"",1,PS,RYBELSUS,SEMAGLUTIDE,1,Oral,"14 mg, qd",,"",U,"","",,213051,14,MG,Tablet,QD,4
23389975,233899755,5,F,20231020,20240610,20240111,20240619,EXP,"",US-NOVOPROD-1160603,NOVO NORDISK,"",67,YR,"",F,Y,,"",20240619,"",CN,US,US,233899755,OT,Vomiting,"",1,PS,OZEMPIC,SEMAGLUTIDE,1,Subcutaneous,"1 mg, qw",,"",Y,"",NAR0056,,209637,1,MG,Solution for injection,/WK,7
23390841,233908412,2,F,20231201,20240621,20240111,20240625,PER,"",US-BRISTOL-MYERS SQUIBB COMPANY-2024-005365,BRISTOL MYERS SQUIBB,"",77,YR,E,F,Y,83.91,KG,20240625,"",CN,US,US,,,Arthropathy,"",2,C,OZEMPIC,SEMAGLUTIDE,1,"","",,"",U,"","",,"",,"","","",
23407342,234073422,2,F,20240101,20240415,20240116,20240419,EXP,"",US-SA-2024SA016157,SANOFI AVENTIS,"",65,YR,E,F,Y,,"",20240419,"",MD,US,US,234073422,OT,Fatigue,"",2,C,OZEMPIC,SEMAGLUTIDE,1,"",OZEMPIC (0.2 SOP 2MG/3ML),,"",U,"","",,"",,"","","",7
23412181,234121812,2,F,20230614,20230619,20240117,20240417,EXP,"",US-NOVOPROD-1083511,NOVO NORDISK,"",81,YR,"",M,Y,,"",20240417,"",CN,US,US,234121812,OT,Abdominal pain upper,"",1,PS,OZEMPIC,SEMAGLUTIDE,1,Subcutaneous,0.25 mg,,"","","","",,209637,,"",Solution for injection,"",7
23412234,234122342,2,F,,20230620,20240117,20240522,EXP,"",US-NOVOPROD-1084544,NOVO NORDISK,"",,"","","",Y,,"",20240522,"",CN,US,US,234122342,OT,Chills,"",1,PS,OZEMPIC,SEMAGLUTIDE,1,Subcutaneous,0.25 mg,,"",U,"","",,209637,,"",Solution for injection,"",7
23412497,234124972,2,F,20230811,20230823,20240117,20240510,EXP,"",US-NOVOPROD-1097008,NOVO NORDISK,"",83,YR,"",F,Y,160,KG,20240510,"",CN,US,US,234124972,HO,Off label use,"",1,PS,OZEMPIC,SEMAGLUTIDE,1,Subcutaneous,0.5mg,,"","","",NZF5Y76,,209637,,"",Solution for injection,"",3
23412498,234124982,2,F,,20230719,20240117,20240502,EXP,"",US-NOVOPROD-1097013,NOVO NORDISK,"",,"",A,F,Y,,"",20240502,"",HP,US,US,234124982,OT,Blood glucose increased,"",1,PS,OZEMPIC,SEMAGLUTIDE,1,Subcutaneous,0.25,,"","","",NZF5M34,,209637,,"",Solution for injection,"",7
23412974,234129742,2,F,20230401,20230925,20240117,20240521,EXP,"",US-NOVOPROD-1124288,NOVO NORDISK,"",69,YR,"",F,Y,,"",20240521,"",CN,US,US,234129742,OT,Rash,"",1,PS,OZEMPIC,SEMAGLUTIDE,1,Subcutaneous,0.50 mg,,"",U,"","",,209637,,"",Solution for injection,"",7
23413075,234130752,2,F,,20231002,20240117,20240516,EXP,"",US-NOVOPROD-1131204,NOVO NORDISK,"",,"","",F,Y,,"",20240516,"",CN,US,US,234130752,OT,Intentional product misuse,"",1,PS,OZEMPIC,SEMAGLUTIDE,1,Subcutaneous,UNK,,"",U,"","",,209637,,"",Solution for injection,"",7
23413437,234134372,2,F,20221101,20230710,20240117,20240506,EXP,"",US-NOVOPROD-1142089,NOVO NORDISK,"",,"","","",Y,,"",20240506,"",CN,US,US,234134372,HO,Spinal operation,"",1,PS,OZEMPIC,SEMAGLUTIDE,1,Subcutaneous,UNK,,"",U,"",MP5C787,,209637,,"",Solution for injection,"",3
23413594,234135942,2,F,20230716,20240322,20240117,20240402,EXP,"",US-NOVOPROD-1146032,NOVO NORDISK,"",61,YR,"",M,Y,,"",20240402,"",CN,US,US,234135942,HO,Large intestinal obstruction,"",1,PS,OZEMPIC,SEMAGLUTIDE,1,Subcutaneous,"0.25 mg, qw",,"",Y,"",NZF7R75,,209637,0.25,MG,Solution for injection,/WK,3
23413774,234137742,2,F,,20230913,20240117,20240513,EXP,"",US-NOVOPROD-1117931,NOVO NORDISK,"",,"",A,F,Y,,"",20240513,"",CN,US,US,234137742,OT,Product use in unapproved indication,"",1,PS,OZEMPIC,SEMAGLUTIDE,1,Subcutaneous,UNK,,"",U,"","",,209637,,"",Solution for injection,"",7
23413775,234137752,2,F,20230801,20240503,20240117,20240522,EXP,"",US-NOVOPROD-1117132,NOVO NORDISK,"",57,YR,"",M,Y,,"",20240522,"",CN,US,US,234137752,OT,Palpitations,"",1,PS,OZEMPIC,SEMAGLUTIDE,1,Subcutaneous,0.5 mg,,"","","","",,209637,0.5,MG,Solution for injection,"",7
23414790,234147906,6,F,20230101,20240412,20240118,20240417,PER,"",US-UNITED THERAPEUTICS-UNT-2023-032568,UNITED THERAPEUTICS,"",,"","",M,Y,90.703,KG,20240417,"",CN,US,US,,,Vomiting,"",24,C,OZEMPIC,SEMAGLUTIDE,1,Unknown,0.25 or 0.5 pen injector,,"","","","",,"",,"","","",
23416527,234165274,4,F,,20240510,20240118,20240514,EXP,"",US-TAKEDA-US201921657,TAKEDA,"",,"","",M,Y,170,KG,20240514,"",CN,US,US,234165274,OT,Type 2 diabetes mellitus,"",16,C,OZEMPIC,SEMAGLUTIDE,1,Unknown,UNK,,"","","","",,"",,"","","",7
23416556,234165563,3,F,20240530,20240530,20240118,20240606,PER,"",US-AMGEN-USASP2024009849,AMGEN,"",68,YR,E,F,Y,,"",20240606,"",CN,US,US,,,Injection site mass,"",4,C,OZEMPIC,SEMAGLUTIDE,1,Unknown,UNK,,"","","","",,"",,"","","",
23422890,234228904,4,F,,20240419,20240119,20240429,PER,"",US-SA-2024SA016538,SANOFI AVENTIS,"",43,YR,A,M,Y,106,KG,20240429,"",MD,US,US,,,Dermatitis atopic,"",6,C,WEGOVY,SEMAGLUTIDE,1,"","",,"",U,"","",,"",,"","","",
23429187,234291872,2,F,,20240517,20240122,20240531,EXP,"",US-NOVOPROD-1162692,NOVO NORDISK,"",,"",A,F,Y,,"",20240531,"",CN,US,US,234291872,OT,Tendon rupture,"",2,PS,OZEMPIC,SEMAGLUTIDE,1,Subcutaneous,0.5 mg ( dose decreased),,"",N,"","",,"",,"",Solution for injection,"",7
23429986,234299864,4,F,,20240515,20240122,20240523,PER,"",US-ALXN-202401USA001172US,ALEXION PHARMACEUTICALS,"",,"",A,M,Y,107.03,KG,20240523,"",CN,US,US,,,Nasopharyngitis,"",4,C,OZEMPIC,SEMAGLUTIDE,1,Unknown,UNK,,"","","","",,"",,"","","",
23434166,234341662,2,F,,20240405,20240123,20240410,EXP,"",US-JAZZ PHARMACEUTICALS-2023-US-012015,JAZZ,"",,"","",F,Y,,"",20240410,"",CN,US,US,234341662,OT,Nausea,"",6,C,OZEMPIC,SEMAGLUTIDE,1,"",0.25-0.5 MG/DOSE PEN,,"","","","",,"",,"","","",7
23434380,234343802,2,F,20230823,20230908,20240123,20240603,EXP,"",US-NOVOPROD-1114848,NOVO NORDISK,"",51,YR,"",M,Y,,"",20240603,"",CN,US,US,234343802,HO,Vomiting,"",1,PS,WEGOVY,SEMAGLUTIDE,1,Subcutaneous,1.7 mg,,"",Y,"",NZF5L84,,215256,1.7,MG,Solution for injection,"",3
23435723,234357232,2,F,20230101,20240415,20240124,20240425,EXP,"",US-NOVOPROD-1158696,NOVO NORDISK,"",23,YR,"",F,Y,,"",20240425,"",CN,US,US,234357232,HO,Off label use,"",1,PS,OZEMPIC,SEMAGLUTIDE,1,"","",,"",N,"","",,209637,,"",Solution for injection,"",3
23444717,234447172,2,F,20240101,20240327,20240125,20240409,PER,"",US-KARYOPHARM-2024KPT000026,KARYOPHARM THERAPEUTICS,"",,"","","",Y,,"",20240409,"",CN,US,US,,,Nausea,"",6,C,RYBELSUS,SEMAGLUTIDE,1,"","",,"","","","",,"",,"","","",
23447690,234476902,2,F,20231101,20240322,20240126,20240402,EXP,"",US-NOVOPROD-1165580,NOVO NORDISK,"",76,YR,"",F,Y,,"",20240402,"",CN,US,US,234476902,OT,Memory impairment,"",1,PS,OZEMPIC,SEMAGLUTIDE,1,Subcutaneous,"2 mg, qw",,"",Y,"","",,209637,2,MG,Solution for injection,/WK,7
23448551,234485518,8,F,20240101,20240429,20240127,20240504,PER,"",US-UNITED THERAPEUTICS-UNT-2024-002296,UNITED THERAPEUTICS,"",70,YR,"",F,Y,105.22,KG,20240504,"",CN,US,US,,,Frequent bowel movements,"",31,C,OZEMPIC,SEMAGLUTIDE,1,Unknown,UNK [0.25 OR],,"","","","",,"",,"","","",
23458654,234586543,3,F,,20240517,20240130,20240527,PER,"",US-SA-2024SA030568,SANOFI AVENTIS,"",,"",E,F,Y,,"",20240527,"",MD,US,US,,,Abdominal pain upper,"",9,C,OZEMPIC,SEMAGLUTIDE,1,"",UNK,,"",U,"","",,"",,"","","",
23459388,234593884,4,F,,20240403,20240131,20240410,EXP,"",US-NOVOPROD-1168486,NOVO NORDISK,"",,"","",F,Y,,"",20240410,"",CN,US,US,234593884,OT,Dizziness,"",1,PS,OZEMPIC,SEMAGLUTIDE,1,Subcutaneous,"0.25 mg, qw",,"","","",NP5E799,,209637,0.25,MG,Solution for injection,/WK,7
23459423,234594232,2,F,20231211,20240214,20240131,20240515,PER,"",US-TARSUS PHARMACEUTICALS-TSP-US-2024-000033,Tarsus Pharmaceuticals,"",41,YR,"",F,Y,,"",20240510,"",MD,US,US,,,Formication,"",3,C,WEGOVY,SEMAGLUTIDE,1,Unknown,UNK,,"","","","",,"",,"","","",
23465500,234655003,3,F,20230501,20240607,20240201,20240621,PER,"",US-SA-2023SA338566,SANOFI AVENTIS,"",47,YR,A,F,Y,90.71,KG,20240621,"",MD,US,US,,,Ulcer,"",2,C,WEGOVY,SEMAGLUTIDE,1,"","",,"",U,"","",,"",,"","","",
23470066,234700662,2,F,20230131,20240319,20240202,20240401,EXP,"",US-NOVOPROD-1166201,NOVO NORDISK,"",67,YR,"",M,Y,,"",20240401,"",CN,US,US,234700662,OT,Product use in unapproved indication,"",1,PS,RYBELSUS,SEMAGLUTIDE,1,Oral,UNK,,"","","","",,213051,,"",Tablet,"",7
23470139,234701392,2,F,20231201,20240613,20240202,20240624,EXP,"",US-NOVOPROD-1168804,NOVO NORDISK,"",,"",A,F,Y,,"",20240624,"",CN,US,US,234701392,OT,Ankle fracture,"",1,SS,OZEMPIC,SEMAGLUTIDE,1,Subcutaneous,2 mg,,"","","",NP5H021,,"",2,MG,Solution for injection,"",7
23471828,234718282,2,F,,20240422,20240202,20240502,EXP,"",US-VIIV HEALTHCARE LIMITED-US2024010804,VIIV,"",,"","",M,Y,117.93,KG,20240502,"",MD,US,US,,,Chest pain,"",4,C,OZEMPIC,SEMAGLUTIDE,1,"","UNK UNK, WE, Injection",,"",U,"","",,"",,"","",/WK,
23479021,234790212,2,F,20240130,20240509,20240205,20240511,PER,"",US-AMGEN-USASP2024021544,AMGEN,"",75,YR,E,M,Y,,"",20240511,"",CN,US,US,,,Product preparation error,"",3,C,OZEMPIC,SEMAGLUTIDE,1,"",UNK,,"","","","",,"",,"","","",
23479477,234794772,2,F,20230101,20240426,20240205,20240507,EXP,"",US-NOVOPROD-1169641,NOVO NORDISK,"",79,YR,"",F,Y,,"",20240507,"",MD,US,US,234794772,HO,Cerebral haemorrhage,"",1,PS,OZEMPIC,SEMAGLUTIDE,1,Subcutaneous,UNK,,"",Y,"","",,209637,,"",Solution for injection,"",3
23482296,234822962,2,F,,20240508,20240205,20240510,PER,"",US-PFIZER INC-202400032685,PFIZER,"",72,YR,"",F,Y,,"",20240510,"",CN,US,US,,,Blood test abnormal,"",5,C,OZEMPIC,SEMAGLUTIDE,1,"","",,"","","","",,"",,"","","",
23487993,234879932,2,F,20240123,20240326,20240206,20240403,PER,"",US-TAKEDA-2024TUS009669,TAKEDA,"",77,YR,"",F,Y,73,KG,20240403,"",MD,US,US,,,Depressed mood,"",7,C,OZEMPIC,SEMAGLUTIDE,1,"",UNK,,"","","","",,"",,"","","",
23488532,234885323,3,F,,20240422,20240206,20240506,PER,"",US-SA-2024SA038474,SANOFI AVENTIS,"",33,YR,A,F,Y,,"",20240506,"",MD,US,US,,,Upper respiratory tract infection,"",11,C,OZEMPIC,SEMAGLUTIDE,1,"",UNK,,"",U,"","",,"",,"",Injection,"",
23491056,234910562,2,F,,20240605,20240206,20240614,PER,"",US-SA-2024SA040118,SANOFI AVENTIS,"",27,YR,A,F,Y,,"",20240614,"",MD,US,US,,,Sleep disorder due to a general medical condition,"",4,C,OZEMPIC,SEMAGLUTIDE,1,"","",,"",U,"","",,"",,"",Injection,"",
23495956,234959562,2,F,,20240514,20240207,20240522,EXP,"",US-AstraZeneca-2024A027819,ASTRAZENECA,"",,"","","",Y,170.1,KG,20240522,"",MD,US,"",234959562,OT,Obstructive sleep apnoea syndrome,"",13,C,OZEMPIC,SEMAGLUTIDE,1,"",APPLY TOPICALLY TO AFFECTED AREA ONCE DAILY,,"","","","",,"",,"","","",7
23503981,235039812,2,F,,20240322,20240209,20240402,EXP,"",US-NOVOPROD-1172553,NOVO NORDISK,"",60,YR,"",F,Y,108.39,KG,20240402,"",MD,US,US,235039812,HO,Ulcer,"",1,PS,RYBELSUS,SEMAGLUTIDE,1,Oral,14 mg,,"",N,"","",,213051,14,MG,Tablet,"",3
23505138,235051383,3,F,20231207,20240514,20240209,20240521,EXP,"",US-ASTELLAS-2024US002918,ASTELLAS,"",66,YR,"",F,Y,,"",20240521,"",CN,US,US,235051383,DE,Toxic epidermal necrolysis,"",16,C,OZEMPIC,SEMAGLUTIDE,1,Unknown,"0.5 mg and 0.25 mg, once weekly (2mg/3ml) every 7 days) pen",,"","","","",,"",,"",Formulation unknown,/WK,1
23507530,235075302,2,F,,20240523,20240209,20240529,PER,"",US-SA-2024SA042735,SANOFI AVENTIS,"",,"",A,F,Y,,"",20240529,"",MD,US,US,,,Fatigue,"",4,C,OZEMPIC,SEMAGLUTIDE,1,"",UNK,,"",U,"","",,"",,"","","",
23517679,235176794,4,F,20240101,20240506,20240213,20240510,PER,"",US-BRISTOL-MYERS SQUIBB COMPANY-2024-021829,BRISTOL MYERS SQUIBB,"",61,YR,A,F,Y,,"",20240510,"",PH,US,US,235176794,HO,Pneumonia,"",14,C,OZEMPIC,SEMAGLUTIDE,1,"",0.25 MG OR 0.5 MG?DOSE 1X2MG 3ML,,"",U,"","",,"",,"","","",3
23524995,235249953,3,F,20230608,20240401,20240215,20240411,EXP,"",US-NOVOPROD-1175427,NOVO NORDISK,"",71,YR,"",M,Y,,"",20240411,"",CN,US,US,235249953,HO,Pancreatitis,"",1,PS,OZEMPIC,SEMAGLUTIDE,1,Subcutaneous,"0.25 mg, qw",0.094,MG,Y,"","",,209637,0.25,MG,Solution for injection,/WK,3
23524998,235249982,2,F,20230501,20240322,20240215,20240402,EXP,"",US-NOVOPROD-1173527,NOVO NORDISK,"",69,YR,"",M,Y,,"",20240402,"",CN,US,US,235249982,HO,Intestinal obstruction,"",1,PS,OZEMPIC,SEMAGLUTIDE,1,Subcutaneous,decreased to 0.5mg,,"",U,"","",,209637,,"",Solution for injection,"",3
23526626,235266264,4,F,,20240424,20240215,20240429,PER,"",US-AMGEN-USASP2024031123,AMGEN,"",59,YR,A,F,Y,98.866,KG,20240429,"",MD,US,US,,,Drug hypersensitivity,"",5,C,OZEMPIC,SEMAGLUTIDE,1,Unknown,UNK,,"","","","",,"",,"","","",
23527142,235271422,2,F,,20240414,20240215,20240418,PER,"",US-ALXN-202402USA000646US,ALEXION PHARMACEUTICALS,"",,"","",F,Y,,"",20240418,"",CN,US,US,,,Weight decreased,"",2,C,WEGOVY,SEMAGLUTIDE,1,Unknown,UNK,,"","","","",,"",,"","","",
23529533,235295334,4,F,20210901,20240404,20240216,20240411,EXP,"",US-NOVOPROD-1173884,NOVO NORDISK,"",71,YR,"",F,Y,67.574,KG,20240411,"",CN,US,US,235295334,LT,Glycosylated haemoglobin decreased,"",1,PS,OZEMPIC,SEMAGLUTIDE,1,Subcutaneous,1 mg,,"",Y,"","",,209637,,"",Solution for injection,"",2
23530111,235301113,3,F,,20240509,20240216,20240514,EXP,"",US-TAKEDA-2021TUS021353,TAKEDA,"",,"","",F,Y,84,KG,20240514,"",HP,US,US,235301113,OT,Seasonal allergy,"",31,C,OZEMPIC,SEMAGLUTIDE,1,Unknown,UNK,,"","","","",,"",,"","","",7
23533683,235336832,2,F,20230101,20240404,20240216,20240407,EXP,"",US-ABBVIE-5375124,ABBVIE,"",,"","",F,Y,93,KG,20240407,"",CN,US,US,235336832,OT,Renal impairment,"",4,SS,OZEMPIC,SEMAGLUTIDE,1,Unknown,"",,"",U,"","",,"",,"","","",7
23538764,235387642,2,F,,20240403,20240219,20240429,PER,"",US-AstraZeneca-2024A029709,ASTRAZENECA,"",,"","",F,Y,,"",20240429,"",CN,US,"",,,Injection site pruritus,"",2,C,OZEMPIC,SEMAGLUTIDE,1,"","",,"","","","",,"",,"","","",
23538911,235389114,4,F,20240507,20240515,20240219,20240520,EXP,"",US-SA-2024SA055877,SANOFI AVENTIS,"",65,YR,E,F,Y,,"",20240520,"",MD,US,US,235389114,HO,Respiration abnormal,"",2,C,OZEMPIC,SEMAGLUTIDE,1,"","",,"",U,"","",,"",,"","","",3
23542063,235420632,2,F,20220329,20240329,20240220,20240408,EXP,"",US-NOVOPROD-1175919,NOVO NORDISK,"",66,YR,"",F,Y,73.923,KG,20240408,"",MD,US,US,235420632,OT,Hyperthyroidism,"",1,PS,RYBELSUS,SEMAGLUTIDE,1,Oral,"3 mg, qd",,"","","","",,213051,3,MG,Tablet,QD,7
23544150,235441502,2,F,,20240617,20240220,20240619,PER,"",US-BRISTOL-MYERS SQUIBB COMPANY-2024-026868,BRISTOL MYERS SQUIBB,"",49,YR,A,F,Y,,"",20240618,"",HP,US,US,,,General physical health deterioration,"",3,SS,OZEMPIC,SEMAGLUTIDE,1,"","",,"",U,"",Unknown,,"",,"","","",
23546338,235463382,2,F,20230721,20240327,20240220,20240403,EXP,"",US-ABBVIE-5641939,ABBVIE,"",70,YR,"",M,Y,135,KG,20240403,"",HP,US,US,235463382,OT,Knee arthroplasty,"",10,C,OZEMPIC,SEMAGLUTIDE,1,"","",,"","","","",,"",,"","","",7
23546408,235464082,2,F,,20240517,20240220,20240521,EXP,"",US-SANDOZ INC.-SDZ2024US016087,SANDOZ,"",,"","",F,Y,,"",20240521,"",CN,US,US,,,Drug hypersensitivity,"",5,C,OZEMPIC,SEMAGLUTIDE,1,Unknown,UNK,,"","","","",,"",,"","","",
23546914,235469142,2,F,20240101,20240322,20240221,20240402,EXP,"",US-NOVOPROD-1177243,NOVO NORDISK,"",48,YR,"",M,Y,132.88,KG,20240402,"",CN,US,US,235469142,HO,Loss of consciousness,"",1,PS,OZEMPIC,SEMAGLUTIDE,1,"","",,"","","","",,209637,,"",Solution for injection,"",3
23547795,235477952,2,F,,20240415,20240221,20240418,PER,"",US-BRISTOL-MYERS SQUIBB COMPANY-2024-026841,BRISTOL MYERS SQUIBB,"",53,YR,A,F,Y,,"",20240418,"",HP,US,US,,,Acne,"",2,C,WEGOVY,SEMAGLUTIDE,1,"","",,"",U,"","",,"",,"","","",
23551340,235513403,3,F,20230508,20240618,20240222,20240627,EXP,"",US-NOVOPROD-1177024,NOVO NORDISK,"",55,YR,"",F,Y,90.703,KG,20240627,"",CN,US,US,235513403,HO,Illness,"",6,SS,OZEMPIC,SEMAGLUTIDE,1,Subcutaneous,UNK,,"",U,"","",,"",,"",Solution for injection,"",3
23551357,235513572,2,F,20230501,20240417,20240222,20240429,EXP,"",US-NOVOPROD-1178577,NOVO NORDISK,"",75,YR,"",F,Y,,"",20240429,"",MD,US,US,235513572,HO,Acute cholecystitis necrotic,"",1,PS,OZEMPIC,SEMAGLUTIDE,1,Subcutaneous,1 mg,,"",Y,"",NZF7X24,,209637,1,MG,Solution for injection,"",3
23556271,235562712,2,F,20230101,20240506,20240223,20240517,EXP,"",US-NOVOPROD-1176053,NOVO NORDISK,"",51,YR,"",F,Y,,"",20240517,"",CN,US,US,235562712,HO,Vomiting,"",1,PS,OZEMPIC,SEMAGLUTIDE,1,Subcutaneous,2mg,,"",U,Y,NP5J249,,209637,,"",Solution for injection,"",3
23556598,235565982,2,F,20230901,20240405,20240223,20240416,EXP,"",US-NOVOPROD-1178685,NOVO NORDISK,"",74,YR,"",F,Y,,"",20240416,"",MD,US,US,235565982,OT,Blood glucose decreased,"",1,PS,OZEMPIC,SEMAGLUTIDE,1,Subcutaneous,0.5 mg,,"",Y,"",NZF7P60,,209637,0.5,MG,Solution for injection,"",7
23557743,235577432,2,F,,20231218,20240223,20240524,PER,"",US-BIOCON BIOLOGICS LIMITED-BBL2023001640,BIOCON,"",,"","","",Y,,"",20240524,"",CN,US,US,,,Device breakage,"",3,C,OZEMPIC,SEMAGLUTIDE,1,Unknown,UNK,,"","","","",,"",,"",Unknown,"",
23558956,235589562,2,F,,20231109,20240223,20240523,PER,"",US-BIOCON BIOLOGICS LIMITED-2023M1121461,BIOCON,"",,"","",M,Y,92.98,KG,20240523,"","",US,US,,,Device delivery system issue,"",3,C,OZEMPIC,SEMAGLUTIDE,1,Unknown,UNK,,"","","","",,"",,"",Unknown,"",
23559916,235599163,3,F,20230912,20240402,20240223,20240408,PER,"",US-AMGEN-USASP2024032180,AMGEN,"",59,YR,A,M,Y,,"",20240408,"",CN,US,US,,,Migraine,"",6,C,OZEMPIC,SEMAGLUTIDE,1,Unknown,"UNK UNK, UNK",,"","","","",,"",,"",Unknown formulation,"",
23562158,235621583,3,F,20240201,20240510,20240226,20240521,30DAY,"",US-NOVOPROD-1176629,NOVO NORDISK,"",,"","",F,Y,,"",20240521,"",CN,US,US,235621583,HO,Feeling abnormal,"",1,PS,OZEMPIC,SEMAGLUTIDE,1,"",1 mg,,"",U,"","",,209637,,"",Solution for injection,"",3
23562160,235621602,2,F,,20240409,20240226,20240422,30DAY,"",US-NOVOPROD-1177479,NOVO NORDISK,"",,"","",F,Y,,"",20240422,"",CN,US,US,235621602,HO,Cerebral haemorrhage,"",1,PS,OZEMPIC,SEMAGLUTIDE,1,Subcutaneous,UNK,,"",U,"","",,209637,,"",Solution for injection,"",3
23562185,235621853,3,F,20230821,20240402,20240226,20240412,EXP,"",US-NOVOPROD-1179310,NOVO NORDISK,"",57,YR,"",F,Y,,"",20240412,"",CN,US,US,235621853,OT,Off label use,"",1,PS,OZEMPIC,SEMAGLUTIDE,1,Subcutaneous,"0.5 mg, qw",,"","","",NZF7K64,,209637,0.5,MG,Solution for injection,/WK,7
23562829,235628294,4,F,20240101,20240410,20240226,20240418,EXP,"",US-SA-2024SA056716,SANOFI AVENTIS,"",60,YR,A,F,Y,117.9,KG,20240418,"",MD,US,US,235628294,HO,Eczema,"",13,C,OZEMPIC,SEMAGLUTIDE,1,"","",,"",U,"","",,"",,"","","",3
23564119,235641193,3,F,20240101,20240322,20240226,20240402,EXP,"",US-ORPHANEU-2024001273,RECORDATI,"",,"","","",Y,,"",20240402,"",CN,US,US,235641193,HO,Constipation,"",11,C,OZEMPIC,SEMAGLUTIDE,1,"","",,"",D,"","",,"",,"","","",3
23565460,235654602,2,F,20240215,20240416,20240226,20240418,PER,"",US-PFIZER INC-202400047530,PFIZER,"",51,YR,"",F,Y,71.202,KG,20240418,"",CN,US,US,,,COVID-19,"",19,C,OZEMPIC,SEMAGLUTIDE,1,"",UNK,,"","","","",,"",,"","","",
23567824,235678244,4,F,20240101,20240618,20240226,20240625,PER,"",US-SA-2024SA057739,SANOFI AVENTIS,"",77,YR,E,F,Y,,"",20240625,"",HP,US,US,235678244,HO,Fall,"",3,C,OZEMPIC,SEMAGLUTIDE,1,"",UNK,,"",U,"","",,"",,"","","",3
23568555,235685552,2,F,,20240403,20240227,20240410,EXP,"",US-NOVOPROD-1178680,NOVO NORDISK,"",78,YR,"",M,Y,,"",20240410,"",CN,US,US,235685552,OT,Off label use,"",1,PS,OZEMPIC,SEMAGLUTIDE,1,Subcutaneous,1 mg,,"",U,"",NAR0272,,209637,,"",Solution for injection,"",7
23568562,235685623,3,F,20210301,20240610,20240227,20240619,EXP,"",US-NOVOPROD-1180481,NOVO NORDISK,"",80,YR,"",F,Y,,"",20240619,"",CN,US,US,235685623,OT,Constipation,"",1,PS,OZEMPIC,SEMAGLUTIDE,1,Subcutaneous,1 mg,,"",U,"",NZF7H97,,209637,1,MG,Solution for injection,"",7
23568574,235685742,2,F,20210727,20240415,20240227,20240425,EXP,"",US-NOVOPROD-1179814,NOVO NORDISK,"",57,YR,"",F,Y,103.4,KG,20240425,"",MD,US,US,235685742,HO,Hyperhidrosis,"",1,PS,OZEMPIC,SEMAGLUTIDE,1,Subcutaneous,1.0 mg,,"",Y,"","",,209637,,"",Solution for injection,"",3
23568580,235685802,2,F,20230204,20240405,20240227,20240416,EXP,"",US-NOVOPROD-1179676,NOVO NORDISK,"",65,YR,"",M,Y,,"",20240416,"",CN,US,US,235685802,HO,Fall,"",1,PS,OZEMPIC,SEMAGLUTIDE,1,Subcutaneous,"1 mg, qw",,"",U,"",NAR0271,,209637,1,MG,Solution for injection,/WK,3
23569119,235691192,2,F,20240204,20240430,20240227,20240508,EXP,"",US-UNITED THERAPEUTICS-UNT-2024-003836,UNITED THERAPEUTICS,"",66,YR,"",F,Y,64.853,KG,20240508,"",CN,US,US,235691192,HO,Pneumonia,"",5,C,OZEMPIC,SEMAGLUTIDE,1,Unknown,UNK,,"","","","",,"",,"","","",3
23572395,235723953,3,F,20240505,20240506,20240227,20240611,PER,"",US-BEH-2024168791,CSL BEHRING,"",65,YR,E,F,Y,,"",20240611,"",HP,US,US,,,Nausea,"",5,SS,OZEMPIC,SEMAGLUTIDE,1,"","",,"","","","",,"",,"","","",
23577941,235779412,2,F,20220101,20240415,20240228,20240425,EXP,"",US-NOVOPROD-1180517,NOVO NORDISK,"",81,YR,"",M,Y,,"",20240425,"",CN,US,US,235779412,OT,Dementia,"",1,PS,OZEMPIC,SEMAGLUTIDE,1,Subcutaneous,0.5 mg,,"",U,"",NZF7S21,,209637,,"",Solution for injection,"",7
23577943,235779432,2,F,,20240513,20240228,20240523,EXP,"",US-NOVOPROD-1181838,NOVO NORDISK,"",77,YR,"",F,Y,116.55,KG,20240523,"",HP,US,US,235779432,OT,Impaired gastric emptying,"",1,PS,RYBELSUS,SEMAGLUTIDE,1,Oral,7 mg,,"","","","",,213051,,"",Tablet,"",7
23577948,235779482,2,F,20240201,20240415,20240228,20240424,EXP,"",US-NOVOPROD-1181033,NOVO NORDISK,"",69,YR,"",F,Y,69.85,KG,20240424,"",CN,US,US,235779482,OT,Tooth extraction,"",1,PS,OZEMPIC,SEMAGLUTIDE,1,Subcutaneous,0.5 mg,,"",U,"",NZF7K13,,209637,,"",Solution for injection,"",7
23577949,235779492,2,F,20240121,20240327,20240228,20240408,EXP,"",US-NOVOPROD-1180516,NOVO NORDISK,"",29,YR,"",F,Y,106.9,KG,20240408,"",CN,US,US,235779492,HO,Obstructive pancreatitis,"",1,SS,SEMAGLUTIDE,SEMAGLUTIDE,1,"",UNK,,"",Y,"","",,"",,"","","",3
23579380,235793805,5,F,20240201,20240328,20240229,20240406,EXP,"",US-UNITED THERAPEUTICS-UNT-2024-006059,UNITED THERAPEUTICS,"",67,YR,"",F,Y,102.04,KG,20240406,"",CN,US,US,235793805,OT,Dyspnoea,"",20,C,OZEMPIC,SEMAGLUTIDE,1,Unknown,UNK,,"","","","",,"",,"","","",7
23583905,235839052,2,F,,20240523,20240301,20240603,EXP,"",US-NOVOPROD-1181871,NOVO NORDISK,"",,"",A,M,Y,,"",20240603,"",MD,US,US,235839052,OT,Thyroid cancer,"",1,PS,RYBELSUS,SEMAGLUTIDE,1,Oral,"7 mg, qd",,"",Y,"","",,213051,7,MG,Tablet,QD,7
23584917,235849173,3,F,20240216,20240404,20240301,20240411,EXP,"",US-UNITED THERAPEUTICS-UNT-2024-005717,UNITED THERAPEUTICS,"",73,YR,"",M,Y,124.26,KG,20240411,"",CN,US,US,235849173,HO,Renal failure,"",4,C,OZEMPIC,SEMAGLUTIDE,1,Unknown,UNK,,"","","","",,"",,"","","",3
23584932,235849322,2,F,20240226,20240501,20240301,20240507,PER,"",US-BRISTOL-MYERS SQUIBB COMPANY-2024-032246,BRISTOL MYERS SQUIBB,"",59,YR,A,M,Y,,"",20240508,"",CN,US,US,235849322,HO,Coronary artery disease,"",7,C,OZEMPIC,SEMAGLUTIDE,1,"","",,"",U,"","",,"",,"","","",3
23586834,235868342,2,F,,20240418,20240301,20240424,PER,"",US-PFIZER INC-202400053600,PFIZER,"",59,YR,"",F,Y,98.866,KG,20240424,"",CN,US,US,,,Hepatic enzyme increased,"",4,C,OZEMPIC,SEMAGLUTIDE,1,"",UNK,,"","","","",,"",,"","","",
23586850,235868503,3,F,,20240424,20240301,20240426,PER,"",US-PFIZER INC-202400036316,PFIZER,"",59,YR,"",F,Y,98.866,KG,20240426,"",MD,US,US,,,Drug hypersensitivity,"",5,C,OZEMPIC,SEMAGLUTIDE,1,"",UNK,,"","","","",,"",,"","","",
23590012,235900122,2,F,,20240403,20240304,20240408,EXP,"",US-NOVOPROD-1182648,NOVO NORDISK,"",72,YR,"",F,Y,,"",20240408,"",CN,US,US,235900122,OT,Myocardial infarction,"",1,PS,OZEMPIC,SEMAGLUTIDE,1,Subcutaneous,0.25mg,,"",U,"",NZF7T43,,209637,,"",Solution for injection,"",7
23592001,235920012,2,F,20240217,20240515,20240304,20240522,EXP,"",US-OTSUKA-2024_005602,OTSUKA,"",69,YR,"",F,Y,61.5,KG,20240522,"",MD,US,US,235920012,OT,Hallucination,"",14,C,OZEMPIC,SEMAGLUTIDE,1,Subcutaneous,"0.25 mg, qw for 4 weeks",,"","","","",,"",0.25,MG,Solution for injection in pre-filled injector,/WK,7
23594842,235948422,2,F,20240211,20240516,20240305,20240524,EXP,"",US-PADAGIS-2024PAD00291,PADAGIS,"",,"","","",Y,,"",20240524,"",CN,US,US,,,Blood glucose abnormal,"",3,SS,OZEMPIC,SEMAGLUTIDE,1,Unknown,UNK,,"",U,U,"",,"",,"","","",
23598631,235986312,2,F,,20240411,20240306,20240422,EXP,"",US-NOVOPROD-1184146,NOVO NORDISK,"",,"","",F,Y,,"",20240422,"",MD,US,US,235986312,HO,Gastrointestinal inflammation,"",1,PS,WEGOVY,SEMAGLUTIDE,1,Subcutaneous,"2.4 mg, qw",,"","","","",,215256,2.4,MG,Solution for injection,/WK,3
23598657,235986572,2,F,20240101,20240415,20240306,20240424,EXP,"",US-NOVOPROD-1182296,NOVO NORDISK,"",66,YR,"",F,Y,80.726,KG,20240424,"",CN,US,US,235986572,HO,Hepatic enzyme increased,"",1,PS,OZEMPIC,SEMAGLUTIDE,1,Subcutaneous,0.25 mg,,"",U,"","",,209637,,"",Solution for injection,"",3
23603401,236034012,2,F,20231126,20240418,20240307,20240502,EXP,"",US-NOVOPROD-1184159,NOVO NORDISK,"",67,YR,"",F,Y,,"",20240502,"",CN,US,US,236034012,HO,Thyroid disorder,"",1,PS,OZEMPIC,SEMAGLUTIDE,1,Subcutaneous,0.5 mg,,"","","","",,209637,,"",Solution for injection,"",3
23604635,236046355,5,F,20240216,20240418,20240307,20240427,EXP,"",US-UNITED THERAPEUTICS-UNT-2024-006487,UNITED THERAPEUTICS,"",68,YR,"",F,Y,72.562,KG,20240427,"",CN,US,US,236046355,HO,Chest pain,"",15,C,OZEMPIC,SEMAGLUTIDE,1,Unknown,UNK,,"","","","",,"",,"","","",3
23605709,236057092,2,F,,20240528,20240307,20240604,PER,"",US-SA-2024SA073538,SANOFI AVENTIS,"",63,YR,A,F,Y,,"",20240604,"",MD,US,US,,,Drug ineffective,"",2,SS,WEGOVY,SEMAGLUTIDE,1,"","",,"",U,"","",,"",,"","","",
23608680,236086804,4,F,20230101,20240517,20240308,20240529,EXP,"",US-NOVOPROD-1184672,NOVO NORDISK,"",72,YR,"",M,Y,,"",20240529,"",CN,US,US,236086804,OT,Limb injury,"",1,PS,OZEMPIC,SEMAGLUTIDE,1,Subcutaneous,"2 mg, qw",,"",U,"",NAR0215,,209637,2,MG,Solution for injection,/WK,7
23608764,236087644,4,F,,20240522,20240308,20240527,EXP,"",US-GSK-US2024AMR025964,GLAXOSMITHKLINE,"",,"","",F,Y,,"",20240527,"",CN,US,US,,,Vomiting,"",4,C,OZEMPIC,SEMAGLUTIDE,1,"",UNK,,"",U,"","",,"",,"","","",
23611321,236113212,2,F,20240104,20240422,20240308,20240430,EXP,"",US-MYOVANT SCIENCES GMBH-2024MYSCI0100112,MYOVANT SCIENCES,"",71,YR,"",M,Y,,"",20240430,"",CN,US,US,236113212,OT,Diabetes mellitus inadequate control,"",14,C,SEMAGLUTIDE,SEMAGLUTIDE,1,Subcutaneous,UNK,,"","","","",,"",,"","","",7
23612218,236122187,7,F,20240228,20240408,20240308,20240417,EXP,"",US-UNITED THERAPEUTICS-UNT-2024-006372,UNITED THERAPEUTICS,"",75,YR,"",F,Y,47.619,KG,20240417,"",CN,US,US,236122187,HO,Chest discomfort,"",4,C,RYBELSUS,SEMAGLUTIDE,1,Unknown,UNK,,"","","","",,"",,"","","",3
23614697,236146973,3,F,20240221,20240515,20240311,20240527,30DAY,"",US-NOVOPROD-1182905,NOVO NORDISK,"",41,YR,"",M,Y,,"",20240527,"",CN,US,US,236146973,OT,Dizziness,"",1,PS,OZEMPIC,SEMAGLUTIDE,1,Subcutaneous,"0.25 mg, qw",,"",Y,"",NZF7Y88,,209637,0.25,MG,Solution for injection,/WK,7
23614701,236147012,2,F,20240213,20240427,20240311,20240507,EXP,"",US-NOVOPROD-1184685,NOVO NORDISK,"",,"","",F,Y,,"",20240507,"",CN,US,US,236147012,HO,Fall,"",1,PS,OZEMPIC,SEMAGLUTIDE,1,Subcutaneous,"0.5 mg, qw",,"",U,"",NZF8E60,,209637,0.5,MG,Solution for injection,/WK,3
23614703,236147032,2,F,20231201,20240408,20240311,20240419,EXP,"",US-NOVOPROD-1184701,NOVO NORDISK,"",48,YR,"",M,Y,,"",20240419,"",MD,US,US,236147032,HO,Procedural haemorrhage,"",1,PS,OZEMPIC,SEMAGLUTIDE,1,Subcutaneous,"0.5 mg, qw",,"","","","",,209637,0.5,MG,Solution for injection,/WK,3
23616558,236165582,2,F,,20240411,20240311,20240415,EXP,"",US-BAYER-2024A036462,BAYER,"",67,YR,E,F,Y,120.64,KG,20240415,"",CN,US,US,236165582,DE,Respiratory failure,"",13,C,OZEMPIC,SEMAGLUTIDE,1,"","",,"","","","",,"",,"","","",1
23618245,236182452,2,F,,20240417,20240311,20240424,EXP,"",US-BRISTOL-MYERS SQUIBB COMPANY-2024-038281,BRISTOL MYERS SQUIBB,"",71,YR,E,M,Y,,"",20240424,"",MD,US,US,236182452,OT,Diabetic nephropathy,"",20,C,OZEMPIC,SEMAGLUTIDE,1,Subcutaneous,"pen injector, 1 mg/dose (4mg/3ml)",,"",U,"","",,"",1,MG,"",/WK,7
23618738,236187384,4,F,,20240425,20240311,20240507,PER,"",US-PFIZER INC-PV202400032645,PFIZER,"",69,YR,"",F,Y,,"",20240507,"",CN,US,US,,,Arthralgia,"",3,C,OZEMPIC,SEMAGLUTIDE,1,"",UNK,,"","","","",,"",,"","","",
23619251,236192512,2,F,20240113,20240401,20240311,20240411,EXP,"",US-AMRYT PHARMACEUTICALS DAC-AEGR006961,AEGERION,"",66,YR,"",F,Y,158.73,KG,20240411,"",MD,US,US,236192512,OT,Meningioma,"",7,C,SEMAGLUTIDE,SEMAGLUTIDE,1,"",injection,,"","","","",,"",,"","","",7
23619719,236197192,2,F,20240205,20240408,20240312,20240419,EXP,"",US-NOVOPROD-1184705,NOVO NORDISK,"",20,YR,"",F,Y,,"",20240419,"",MD,US,US,236197192,OT,Haematemesis,"",1,PS,WEGOVY,SEMAGLUTIDE,1,Subcutaneous,UNK,,"",Y,"",NZF5V64,,215256,,"",Solution for injection,"",7
23620254,236202544,4,F,20240311,20240401,20240312,20240408,PER,"",US-ALXN-202403USA000503US,ALEXION PHARMACEUTICALS,"",,"",E,F,Y,,"",20240408,"",HP,US,US,,,Dizziness,"",2,SS,SEMAGLUTIDE,SEMAGLUTIDE,1,Unknown,UNK,,"",Y,U,"",,"",,"",Unknown,"",
23622031,236220313,3,F,20240131,20240612,20240312,20240614,30DAY,"",US-PFIZER INC-202400044657,PFIZER,"",75,YR,"",F,Y,60.15,KG,20240614,"",CN,US,US,,,Device use issue,"",3,C,OZEMPIC,SEMAGLUTIDE,1,"",.25mg a week for 4 weeks,,"","","","",,"",0.25,MG,"",/WK,
23624772,236247723,3,F,20240201,20240507,20240313,20240517,EXP,"",US-NOVOPROD-1187817,NOVO NORDISK,"",54,YR,"",M,Y,69,KG,20240517,"",HP,US,US,236247723,HO,Small intestinal obstruction,"",1,PS,OZEMPIC,SEMAGLUTIDE,1,Subcutaneous,"0.25 mg, qw",,"",Y,"","",,209637,0.25,MG,Solution for injection,/WK,3
23626094,236260942,2,F,20240101,20240514,20240313,20240528,EXP,"",US-CORCEPT THERAPEUTICS INC.-US-2024CRT000579,CORCEPT,"",,"","","",Y,,"",20240528,"",MD,US,US,236260942,HO,Dizziness,"",11,C,OZEMPIC,SEMAGLUTIDE,1,"","",,"",D,"","",,"",,"","","",3
23630482,236304822,2,F,20230101,20240410,20240314,20240417,EXP,"",US-SA-2024SA081161,SANOFI AVENTIS,"",66,YR,E,M,Y,,"",20240417,"",MD,US,US,236304822,HO,Depression,"",16,C,OZEMPIC,SEMAGLUTIDE,1,"",UNK,,"",U,"","",,"",,"","","",3
23632829,236328293,3,F,20231220,20240523,20240314,20240530,EXP,"",US-ARGENX-2023-ARGX-US004658,ARGENX BVBA,"",,"","","",Y,,"",20240530,"",CN,US,US,236328293,HO,Contusion,"",21,C,WEGOVY,SEMAGLUTIDE,1,Unknown,pen injector,,"","","","",,"",,"","","",3
23633339,236333396,6,F,20240201,20240516,20240314,20240523,EXP,"",US-UNITED THERAPEUTICS-UNT-2024-005511,UNITED THERAPEUTICS,"",69,YR,"",F,Y,59.41,KG,20240523,"",MD,US,US,236333396,HO,Anaemia of chronic disease,"",5,C,OZEMPIC,SEMAGLUTIDE,1,Unknown,UNK,,"","","","",,"",,"","","",3
23634728,236347282,2,F,20240220,20240507,20240315,20240521,EXP,"",US-NOVOPROD-1188495,NOVO NORDISK,"",62,YR,"","",Y,,"",20240521,"",CN,US,US,236347282,HO,Diverticulitis,"",1,PS,OZEMPIC,SEMAGLUTIDE,1,Subcutaneous,2 mg,,"",U,"","",,209637,,"",Solution for injection,"",3
23634729,236347292,2,F,,20240408,20240315,20240418,EXP,"",US-NOVOPROD-1187253,NOVO NORDISK,"",70,YR,"",F,Y,,"",20240418,"",CN,US,US,,,Off label use,"",1,PS,OZEMPIC,SEMAGLUTIDE,1,Subcutaneous,"2 mg, qw",,"",U,"",NAR0222,,209637,2,MG,Solution for injection,/WK,
23634740,236347402,2,F,20240220,20240327,20240315,20240405,EXP,"",US-NOVOPROD-1189421,NOVO NORDISK,"",40,YR,"",F,Y,,"",20240405,"",CN,US,US,236347402,OT,Maternal exposure during pregnancy,"",1,PS,WEGOVY,SEMAGLUTIDE,1,"","",,"",D,"","",,215256,,"",Solution for injection,"",7
23637805,236378052,2,F,20231201,20240613,20240315,20240620,EXP,"",US-ABBVIE-5648879,ABBVIE,"",62,YR,"",F,Y,91,KG,20240620,"",CN,US,US,236378052,HO,Weight increased,"",3,C,OZEMPIC,SEMAGLUTIDE,1,Unknown,"",,"","","","",,"",,"","","",3
23638707,236387074,4,F,20240318,20240503,20240315,20240515,EXP,"",US-PHARMING-PHAUS2024000231,PHARMING GROUP,"",,"","","",Y,,"",20240515,"",CN,US,US,236387074,HO,Intentional product use issue,"",6,C,OZEMPIC,SEMAGLUTIDE,1,"","",,"","","","",,"",,"","","",3
23640756,236407562,2,F,20220301,20240507,20240318,20240517,EXP,"",US-NOVOPROD-1187477,NOVO NORDISK,"",63,YR,"",F,Y,70.295,KG,20240517,"",MD,US,US,236407562,HO,Off label use,"",1,PS,OZEMPIC,SEMAGLUTIDE,1,Subcutaneous,0.5 mg (Dose decreased)(Used in clicks to get 0.5 mg),,"",Y,"",NAR0102,,209637,0.5,MG,Solution for injection,"",3
23640757,236407572,2,F,20240301,20240527,20240318,20240605,30DAY,"",US-NOVOPROD-1187396,NOVO NORDISK,"",42,YR,"",F,Y,,"",20240605,"",CN,US,US,236407572,HO,Blood pressure increased,"",1,PS,WEGOVY,SEMAGLUTIDE,1,Subcutaneous,given themselves 2 consecutive injections,,"","","",NZF7T96,,215256,,"",Solution for injection,"",3
23643841,236438413,3,F,20240301,20240424,20240318,20240506,PER,"",US-Calliditas-2024CAL00409,CALLIDITAS THERAPEUTICS,"",52,YR,A,F,Y,,"",20240506,"",CN,US,US,,,Infrequent bowel movements,"",2,SS,OZEMPIC,SEMAGLUTIDE,1,"","",,"",U,"","",,"",,"","","",
23645632,236456322,2,F,20240201,20240506,20240319,20240515,EXP,"",US-NOVOPROD-1190442,NOVO NORDISK,"",78,YR,"",M,Y,,"",20240515,"",CN,US,US,236456322,OT,Heart transplant,"",1,PS,OZEMPIC,SEMAGLUTIDE,1,Subcutaneous,0.25mg,,"","","","",,209637,,"",Solution for injection,"",7
23645648,236456482,2,F,20240201,20240502,20240319,20240510,EXP,"",US-NOVOPROD-1188274,NOVO NORDISK,"",80,YR,"",M,Y,,"",20240510,"",MD,US,US,236456482,OT,Skin neoplasm excision,"",1,PS,OZEMPIC,SEMAGLUTIDE,1,Subcutaneous,UNK,,"",U,"","",,209637,,"",Solution for injection,"",7
23646833,236468333,3,F,20230701,20240531,20240319,20240607,EXP,"",US-UCBSA-2024004739,UCB,"",72,YR,"",F,Y,85.7,KG,20240607,"",HP,US,US,236468333,OT,Constipation,"",13,C,OZEMPIC,SEMAGLUTIDE,1,"",UNK,,"",U,"","",,"",,"","","",7
23651203,236512033,3,F,20240101,20240410,20240320,20240422,EXP,"",US-NOVOPROD-1190134,NOVO NORDISK,"",68,YR,"",M,Y,,"",20240422,"",CN,US,US,236512033,HO,Diabetic ketoacidosis,"",1,PS,OZEMPIC,SEMAGLUTIDE,1,Subcutaneous,0.25 mg(restarted),,"",Y,N,"",,209637,,"",Solution for injection,"",3
23656534,236565343,3,F,20240306,20240605,20240321,20240613,EXP,"",US-NOVOPROD-1189156,NOVO NORDISK,"",74,YR,"",M,Y,95.238,KG,20240614,"",CN,US,US,236565343,HO,Loss of consciousness,"",1,PS,OZEMPIC,SEMAGLUTIDE,1,Subcutaneous,"0.25 mg, qw",,"",Y,"",NZF8B14,,209637,0.25,MG,Solution for injection,/WK,3
23660615,236606154,4,F,,20240503,20240322,20240506,EXP,"",US-Taiho Oncology Inc-2023-001265,TAIHO ONCOLOGY INC,"",72,YR,E,F,Y,,"",20240506,"",CN,US,US,236606154,HO,Fatigue,"",17,C,OZEMPIC,SEMAGLUTIDE,1,"",2mg/3ml,,"","","","",,"",,"",Injection,"",3
23660751,236607513,3,F,20240501,20240517,20240322,20240524,EXP,"",US-UNITED THERAPEUTICS-UNT-2024-008029,UNITED THERAPEUTICS,"",36,YR,"",F,Y,95.238,KG,20240524,"",HP,US,US,236607513,HO,Tinnitus,"",15,C,OZEMPIC,SEMAGLUTIDE,1,Unknown,UNK,,"","","","",,"",,"","","",3
23661186,236611862,2,F,,20240422,20240322,20240506,EXP,"",US-NOVOPROD-1191122,NOVO NORDISK,"",64,YR,"",M,Y,,"",20240506,"",CN,US,US,236611862,OT,Gastrooesophageal reflux disease,"",1,PS,OZEMPIC,SEMAGLUTIDE,1,Subcutaneous,1mg,,"","","","",,209637,,"",Solution for injection,"",7
23661187,236611872,2,F,20231001,20240529,20240322,20240606,EXP,"",US-NOVOPROD-1190479,NOVO NORDISK,"",70,YR,"",F,Y,,"",20240606,"",CN,US,US,236611872,OT,Colon cancer stage IV,"",1,PS,OZEMPIC,SEMAGLUTIDE,1,Subcutaneous,1 mg,,"","","",NAR0102,,209637,,"",Solution for injection,"",7
23661198,236611982,2,F,20231001,20240404,20240322,20240415,EXP,"",US-NOVOPROD-1191305,NOVO NORDISK,"",,"",A,F,Y,,"",20240415,"",CN,US,US,236611982,OT,Renal failure,"",1,PS,RYBELSUS,SEMAGLUTIDE,1,Oral,"3 mg, qd",,"",U,"","",,"",3,MG,Tablet,QD,7
23663712,236637124,4,F,20240101,20240509,20240322,20240513,EXP,"",US-PFIZER INC-PV202400028568,PFIZER,"",46,YR,"",F,Y,,"",20240513,"",CN,US,US,236637124,HO,Dehydration,"",6,C,OZEMPIC,SEMAGLUTIDE,1,"",2mg/3ml,,"","","","",,"",,"",Injection,"",3
23664200,236642003,3,F,,20240620,20240322,20240625,EXP,"",US-TAKEDA-US201721679,TAKEDA,"",,"","",F,Y,53,KG,20240625,"",HP,US,US,236642003,HO,Weight decreased,"",31,C,OZEMPIC,SEMAGLUTIDE,1,Unknown,UNK,,"","","","",,"",,"","","",3
23665535,236655352,2,F,20240101,20240611,20240323,20240619,PER,"",US-ABBVIE-5685742,ABBVIE,"",,"","",M,Y,105.23,KG,20240619,"",CN,US,US,,,Drug ineffective,"",6,C,OZEMPIC,SEMAGLUTIDE,1,"","",,"","","","",,"",,"","","",
23666995,236669952,2,F,20231201,20240416,20240325,20240429,EXP,"",US-NOVOPROD-1191752,NOVO NORDISK,"",64,YR,"",F,Y,,"",20240429,"",MD,US,US,236669952,OT,Leukaemia,"",2,SS,OZEMPIC,SEMAGLUTIDE,1,Subcutaneous,"1 mg, qw",,"","","","",,"",1,MG,Solution for injection,/WK,7
23668412,236684122,2,F,20240212,20240510,20240325,20240520,EXP,"",US-009507513-2403USA007060,MERCK,"",57,YR,"",F,Y,70,KG,20240520,"",MD,US,US,236684122,OT,Hypoxia,"",3,C,RYBELSUS,SEMAGLUTIDE,1,Subcutaneous,UNK,,"","","","",,"",,"","","",7
23670023,236700234,4,F,20240311,20240325,20240325,20240401,EXP,"",US-SANDOZ INC.-SDZ2024US029071,SANDOZ,"",65,YR,"",F,Y,,"",20240401,"",HP,US,US,236700234,OT,Psoriasis,"",17,C,OZEMPIC,SEMAGLUTIDE,1,Unknown,0.25 mg,,"",U,"","",,"",0.25,MG,"","",7
23670799,236707992,2,F,,20240514,20240326,20240523,EXP,"",US-NOVOPROD-1193689,NOVO NORDISK,"",66,YR,"",F,Y,,"",20240523,"",CN,US,US,236707992,OT,Phaeochromocytoma,"",1,PS,OZEMPIC,SEMAGLUTIDE,1,"","",,"",Y,"","",,209637,,"",Solution for injection,"",7
23670814,236708142,2,F,20240313,20240515,20240326,20240524,30DAY,"",US-NOVOPROD-1191219,NOVO NORDISK,"",,"","",M,Y,,"",20240524,"",CN,US,US,236708142,OT,Blood glucose increased,"",2,C,OZEMPIC,SEMAGLUTIDE,1,Subcutaneous,UNK,,"","","","",,"",,"",Solution for injection,"",7
23673629,236736292,2,F,20231227,20240403,20240326,20240408,EXP,"",US-PFIZER INC-PV202400039385,PFIZER,"",74,YR,"",F,Y,,"",20240408,"",CN,US,US,236736292,OT,Nausea,"",2,SS,OZEMPIC,SEMAGLUTIDE,1,Subcutaneous,18 clicks for 2 weeks,,"",Y,"",NAR0102,,"",0.25,MG,"","",7
23674796,236747962,2,F,,20240328,20240326,20240429,PER,"",US-TRAVERE-2024TVT00289,TRAVERE THERAPEUTICS,"",,"","",F,Y,,"",20240429,"",CN,US,US,,,Protein urine present,"",2,SS,OZEMPIC,SEMAGLUTIDE,1,"","",,"",D,U,"",,"",,"","","",
23674813,236748133,3,F,20240301,20240416,20240326,20240512,PER,"",US-TRAVERE-2024TVT00272,TRAVERE THERAPEUTICS,"",63,YR,A,F,Y,,"",20240512,"",CN,US,US,,,Peripheral swelling,"",4,C,OZEMPIC,SEMAGLUTIDE,1,"","",,"","","","",,"",,"","","",
23675240,236752402,2,F,20240301,20240412,20240327,20240417,PER,"",US-JNJFOC-20240369278,JOHNSON AND JOHNSON,"",26,YR,A,F,Y,78.996,KG,20240417,"",HP,US,US,,,Adverse event,"",6,C,OZEMPIC,SEMAGLUTIDE,1,"",injector pen,,"","","","",,"",1,MG,"","",
23675480,236754802,2,F,20240217,20240322,20240327,20240402,EXP,"",US-NOVOPROD-1193360,NOVO NORDISK,"",59,YR,"",F,Y,,"",20240402,"",CN,US,US,236754802,OT,Chest discomfort,"",1,PS,RYBELSUS,SEMAGLUTIDE,1,Oral,"14 mg, qd",14,MG,Y,"",PA42013,,213051,14,MG,Tablet,QD,7
23675481,236754812,2,F,20231201,20240613,20240327,20240624,EXP,"",US-NOVOPROD-1193713,NOVO NORDISK,"",50,YR,"",M,Y,,"",20240624,"",CN,US,US,236754812,HO,Glycosylated haemoglobin decreased,"",1,PS,OZEMPIC,SEMAGLUTIDE,1,Subcutaneous,2 mg,,"",Y,"",NP5J254,,209637,2,MG,Solution for injection,"",3
23679833,236798333,3,F,20230101,20240325,20240327,20240405,EXP,"",US-ELI_LILLY_AND_COMPANY-US202403014272,ELI LILLY AND CO,"",,"","",F,Y,,"",20240405,"",CN,US,US,236798333,OT,Nausea,"",3,C,RYBELSUS,SEMAGLUTIDE,1,Unknown,"UNK UNK, unknown",,"","","","",,"",,"","","",7
23680467,236804672,2,F,20231201,20240322,20240328,20240402,EXP,"",US-NOVOPROD-1195153,NOVO NORDISK,"",56,YR,"",F,Y,,"",20240402,"",CN,US,US,236804672,OT,Constipation,"",1,PS,OZEMPIC,SEMAGLUTIDE,1,Subcutaneous,1 mg,,"",U,"","",,209637,,"",Solution for injection,"",7
23680793,236807932,2,F,20240101,20240418,20240328,20240420,PER,"",US-AMGEN-USASP2024061822,AMGEN,"",74,YR,E,F,Y,,"",20240419,"",CN,US,US,,,Wrong technique in product usage process,"",5,C,OZEMPIC,SEMAGLUTIDE,1,"",once a week,,"","","","",,"",,"",Unknown formulation,"",
23682459,236824592,2,F,20240125,20240529,20240328,20240603,EXP,"",US-BRISTOL-MYERS SQUIBB COMPANY-2024-048720,BRISTOL MYERS SQUIBB,"",80,YR,E,F,Y,83,KG,20240604,"",CN,US,US,236824592,HO,Melaena,"",2,SS,OZEMPIC,SEMAGLUTIDE,1,Subcutaneous,0.25/0.5 mg,,"",Y,"",Unknown,,"",0.25,MG,Solution for injection,/WK,3
23683348,236833483,3,F,20240325,20240410,20240328,20240412,PER,"",US-AMGEN-USASP2024062904,AMGEN,"",65,YR,E,F,Y,,"",20240411,"",CN,US,US,,,Incorrect dose administered by device,"",2,C,OZEMPIC,SEMAGLUTIDE,1,"",UNK,,"","","","",,"",,"","","",
23684861,236848613,3,F,,20240606,20240328,20240614,PER,"",US-ALXN-202403USA001392US,ALEXION PHARMACEUTICALS,"",,"","",M,Y,,"",20240614,"",HP,US,US,,,Red blood cell count decreased,"",7,C,OZEMPIC,SEMAGLUTIDE,1,Subcutaneous,"4mg/3ml, qw",,"","","","",,"",,"","",/WK,
23685111,236851112,2,F,20240222,20240514,20240329,20240517,EXP,"",US-JAZZ PHARMACEUTICALS-2024-US-003336,JAZZ,"",64,YR,"",M,Y,,"",20240517,"",CN,US,US,236851112,HO,Lymphadenitis,"",4,SS,OZEMPIC,SEMAGLUTIDE,1,"","",,"",U,"","",,"",,"","","",3
23685390,236853902,2,F,20240306,20240327,20240329,20240403,EXP,"",US-UNITED THERAPEUTICS-UNT-2024-008596,UNITED THERAPEUTICS,"",56,YR,"",M,Y,126.98,KG,20240403,"",HP,US,US,236853902,HO,Arrhythmia,"",14,C,OZEMPIC,SEMAGLUTIDE,1,Unknown,UNK,,"","","","",,"",,"","","",3
23685622,236856224,4,F,20240211,20240621,20240329,20240629,EXP,"",US-UNITED THERAPEUTICS-UNT-2024-005680,UNITED THERAPEUTICS,"",77,YR,"",M,Y,156.46,KG,20240629,"","",US,US,236856224,HO,Heart rate increased,"",4,C,OZEMPIC,SEMAGLUTIDE,1,"",UNK,,"","","","",,"",,"","","",3
23690065,236900652,2,F,20230701,20240416,20240401,20240420,PER,"",US-ELI_LILLY_AND_COMPANY-US202403009692,ELI LILLY AND CO,"",81,YR,E,M,Y,,"",20240420,"",CN,US,US,,,Blood glucose increased,"",28,C,OZEMPIC,SEMAGLUTIDE,1,"","",,"","","","",,"",,"","","",
23690190,236901901,1,I,,20240320,20240401,20240401,EXP,"",US-NOVOPROD-1194329,NOVO NORDISK,"",,"","","",Y,,"",20240401,"",CN,US,US,236901901,HO,Infection,"",1,PS,OZEMPIC,SEMAGLUTIDE,1,Subcutaneous,unk,,"","","","",,209637,,"",Solution for injection,"",3
23690192,236901921,1,I,20240213,20240321,20240401,20240401,EXP,"",US-NOVOPROD-1194279,NOVO NORDISK,"",65,YR,"",F,Y,,"",20240401,"",CN,US,US,236901921,OT,Fall,"",1,PS,WEGOVY,SEMAGLUTIDE,1,Subcutaneous,"1.7 mg, qw",,"","","","",,215256,1.7,MG,Solution for injection,/WK,7
23690193,236901931,1,I,,20240319,20240401,20240401,EXP,"",US-NOVOPROD-1193852,NOVO NORDISK,"",,"","",F,Y,,"",20240401,"",MD,US,US,236901931,OT,Depression suicidal,"",1,PS,OZEMPIC,SEMAGLUTIDE,1,Subcutaneous,2 mg,,"",Y,"","",,209637,,"",Solution for injection,"",7
23690194,236901941,1,I,,20240320,20240401,20240401,EXP,"",US-NOVOPROD-1194503,NOVO NORDISK,"",,"","","",Y,,"",20240401,"",MD,US,US,236901941,OT,Amnesia,"",1,PS,OZEMPIC,SEMAGLUTIDE,1,Subcutaneous,"0.5 mg, qw",,"",N,"","",,209637,0.5,MG,Solution for injection,/WK,7
23690197,236901971,1,I,,20240321,20240401,20240401,EXP,"",US-NOVOPROD-1196108,NOVO NORDISK,"",,"",A,F,Y,,"",20240401,"",CN,US,US,236901971,HO,Ketoacidosis,"",1,PS,OZEMPIC,SEMAGLUTIDE,1,Subcutaneous,UNK,,"",U,"","",,209637,,"",Solution for injection,"",3
23690200,236902001,1,I,20240318,20240320,20240401,20240401,EXP,"",US-NOVOPROD-1194955,NOVO NORDISK,"",76,YR,"",M,Y,,"",20240401,"",CN,US,US,236902001,OT,Hernia repair,"",1,PS,OZEMPIC,SEMAGLUTIDE,1,Subcutaneous,"1 mg, qw",,"","","",NAR0344,,209637,1,MG,Solution for injection,/WK,7
23690205,236902051,1,I,,20240321,20240401,20240401,EXP,"",US-NOVOPROD-1194337,NOVO NORDISK,"",,"","",F,Y,,"",20240401,"",CN,US,US,236902051,HO,Illness,"",1,PS,OZEMPIC,SEMAGLUTIDE,1,Subcutaneous,0.25 mg,,"",U,"","",,209637,,"",Solution for injection,"",3
23690206,236902061,1,I,20231001,20240320,20240401,20240401,EXP,"",US-NOVOPROD-1175268,NOVO NORDISK,"",67,YR,"",F,Y,,"",20240401,"",CN,US,US,236902061,OT,Cancer surgery,"",1,PS,OZEMPIC,SEMAGLUTIDE,1,Subcutaneous,"2 mg, qw",,"",Y,"","",,209637,2,MG,Solution for injection,/WK,7
23690214,236902141,1,I,,20240321,20240401,20240401,EXP,"",US-NOVOPROD-1196823,NOVO NORDISK,"",,"",A,F,Y,,"",20240401,"",CN,US,US,236902141,OT,Road traffic accident,"",1,PS,OZEMPIC,SEMAGLUTIDE,1,Subcutaneous,UNK,,"",U,"","",,209637,,"",Solution for injection,"",7
23690732,236907322,2,F,20180801,20240515,20240401,20240523,EXP,"",US-UCBSA-2024015155,UCB,"",54,YR,"",M,Y,108.84,KG,20240523,"",HP,US,US,236907322,DS,Pain,"",15,C,OZEMPIC,SEMAGLUTIDE,1,"",0.25 OR .5 PEN INJCTR,,"",U,"","",,"",,"","","",4
23691731,236917311,1,I,20240322,20240328,20240401,20240401,PER,"",US-AMGEN-USASP2024064397,AMGEN,"",,"","",F,Y,,"",20240401,"",CN,US,US,,,Device difficult to use,"",3,C,OZEMPIC,SEMAGLUTIDE,1,Unknown,UNK,,"","","","",,"",,"","","",
23693078,236930781,1,I,20240301,20240325,20240401,20240401,EXP,"",US-OTSUKA-2024_008266,OTSUKA,"",43,YR,"",M,Y,,"",20240401,"",CN,US,US,236930781,OT,Laboratory test abnormal,"",11,C,OZEMPIC,SEMAGLUTIDE,1,Unknown,2/1.5 ml,,"","","","",,"",,"",Injection,"",7
23694092,236940923,3,F,,20240618,20240401,20240620,PER,"",US-PFIZER INC-PV202400042313,PFIZER,"",67,YR,"",F,Y,,"",20240620,"",HP,US,US,,,Blood cholesterol increased,"",8,C,OZEMPIC,SEMAGLUTIDE,1,"","0.25 mg, weekly",,"","","","",,"",0.25,MG,Injection,/WK,
23694374,236943742,2,F,20240324,20240328,20240401,20240403,PER,"",US-ELI_LILLY_AND_COMPANY-US202403016791,ELI LILLY AND CO,"",36,YR,A,F,Y,,"",20240403,"",CN,US,US,,,Accidental underdose,"",2,SS,WEGOVY,SEMAGLUTIDE,1,Unknown,"UNK UNK, unknown",,"",U,"","",,"",,"","","",
23694509,236945091,1,I,,20240325,20240401,20240401,PER,"",US-JNJFOC-20240372523,JOHNSON AND JOHNSON,"",,"","",F,Y,,"",20240402,"",CN,US,US,,,Migraine,"",8,C,OZEMPIC,SEMAGLUTIDE,1,"","",,"","","","",,"",2,ML,Injection,/WK,
23695067,236950671,1,I,20240216,20240321,20240402,20240402,EXP,"",US-NOVOPROD-1195896,NOVO NORDISK,"",42,YR,"",M,Y,,"",20240402,"",CN,US,US,236950671,HO,Loss of consciousness,"",1,PS,OZEMPIC,SEMAGLUTIDE,1,Subcutaneous,UNK,,"",Y,"","",,209637,,"",Solution for injection,"",3
23695068,236950681,1,I,,20240319,20240402,20240402,EXP,"",US-NOVOPROD-1197952,NOVO NORDISK,"",,"",A,F,Y,,"",20240402,"",MD,US,US,236950681,OT,Pancreatic carcinoma,"",1,PS,OZEMPIC,SEMAGLUTIDE,1,Subcutaneous,UNK,,"",N,"","",,209637,,"",Solution for injection,"",7
23695075,236950752,2,F,20230101,20240415,20240402,20240425,EXP,"",US-NOVOPROD-1195712,NOVO NORDISK,"",81,YR,"",F,Y,,"",20240425,"",CN,US,US,236950752,HO,Balance disorder,"",1,PS,OZEMPIC,SEMAGLUTIDE,1,Subcutaneous,UNK,,"",U,"","",,209637,,"",Solution for injection,"",3
23695097,236950971,1,I,20230919,20240322,20240402,20240402,EXP,"",US-NOVOPROD-1194972,NOVO NORDISK,"",67,YR,"",M,Y,90.245,KG,20240402,"",CN,US,US,236950971,HO,Hypothyroidism,"",1,PS,OZEMPIC,SEMAGLUTIDE,1,Subcutaneous,"0.5 mg, qw",,"",Y,"",NZF5Y76,,209637,0.5,MG,Solution for injection,/WK,3
23695100,236951001,1,I,20240321,20240321,20240402,20240402,EXP,"",US-NOVOPROD-1195669,NOVO NORDISK,"",,"","",F,Y,,"",20240402,"",CN,US,US,236951001,OT,Product communication issue,"",1,PS,OZEMPIC,SEMAGLUTIDE,1,Subcutaneous,UNK,,"",U,"","",,209637,,"",Solution for injection,"",7
23695101,236951011,1,I,20220101,20240321,20240402,20240402,EXP,"",US-NOVOPROD-1195673,NOVO NORDISK,"",57,YR,"",F,Y,,"",20240402,"",CN,US,US,236951011,OT,Foot operation,"",1,PS,WEGOVY,SEMAGLUTIDE,1,Subcutaneous,2.4 mg,,"",U,"",NZF7X69,,215256,,"",Solution for injection,"",7
23695104,236951041,1,I,20240318,20240321,20240402,20240402,EXP,"",US-NOVOPROD-1195681,NOVO NORDISK,"",,"",A,F,Y,,"",20240402,"",CN,US,US,236951041,OT,Dizziness,"",1,PS,WEGOVY,SEMAGLUTIDE,1,Subcutaneous,1.7mg,,"",U,"",PZF8L44,,215256,,"",Solution for injection,"",7
23695116,236951162,2,F,,20240425,20240402,20240506,EXP,"",US-NOVOPROD-1195716,NOVO NORDISK,"",75,YR,"",F,Y,,"",20240506,"",HP,US,US,236951162,HO,Rotator cuff syndrome,"",1,PS,OZEMPIC,SEMAGLUTIDE,1,Subcutaneous,UNK,,"",N,"","",,209637,,"",Solution for injection,"",3
23695119,236951191,1,I,20231027,20240323,20240402,20240402,EXP,"",US-NOVOPROD-1196618,NOVO NORDISK,"",36,YR,"",M,Y,,"",20240402,"",CN,US,US,236951191,OT,Cholelithiasis,"",1,PS,WEGOVY,SEMAGLUTIDE,1,Subcutaneous,"1 mg, qw",20,MG,N,"","",,215256,1,MG,Solution for injection,/WK,7
23695120,236951201,1,I,,20240322,20240402,20240402,EXP,"",US-NOVOPROD-1196585,NOVO NORDISK,"",,"",A,F,Y,,"",20240402,"",CN,US,US,236951201,OT,Wrong technique in product usage process,"",1,PS,OZEMPIC,SEMAGLUTIDE,1,Subcutaneous,0.50 mg,,"",U,"","",,209637,,"",Solution for injection,"",7
23695123,236951231,1,I,20240214,20240323,20240402,20240402,EXP,"",US-NOVOPROD-1197730,NOVO NORDISK,"",75,YR,"",F,Y,,"",20240402,"",CN,US,US,236951231,OT,Decreased appetite,"",1,PS,OZEMPIC,SEMAGLUTIDE,1,Subcutaneous,"0.5 mg, qw(once)",,"",N,"","",,209637,0.5,MG,Solution for injection,/WK,7
23695298,236952981,1,I,,20240322,20240402,20240402,EXP,"",US-NOVOPROD-1196672,NOVO NORDISK,"",,"","","",Y,,"",20240402,"",HP,US,US,236952981,HO,Hospitalisation,"",1,PS,RYBELSUS,SEMAGLUTIDE,1,Oral,7 mg,,"",U,"","",,213051,,"",Tablet,"",3
23695342,236953422,2,F,20240401,20240402,20240402,20240403,PER,"",US-AMGEN-USASP2024066207,AMGEN,"",65,YR,E,M,Y,,"",20240403,"",CN,US,US,,,Device difficult to use,"",2,C,OZEMPIC,SEMAGLUTIDE,1,Unknown,"UNK UNK, qwk (takes weekly and similar injection device as Repatha)",,"","","","",,"",,"","",/WK,
23695385,236953851,1,I,,20240327,20240402,20240402,PER,"",US-ELI_LILLY_AND_COMPANY-US202404000516,ELI LILLY AND CO,"",,"","","",Y,,"",20240402,"",CN,US,US,,,Injection site pain,"",2,C,OZEMPIC,SEMAGLUTIDE,1,Unknown,"UNK UNK, unknown",,"","","","",,"",,"","","",
23695991,236959911,1,I,20230101,20240328,20240402,20240402,EXP,"",US-ABBVIE-5700677,ABBVIE,"",,"","",F,Y,,"",20240402,"",CN,US,US,236959911,OT,Gastrointestinal haemorrhage,"",2,SS,OZEMPIC,SEMAGLUTIDE,1,Unknown,"",,"",Y,"","",,"",,"","","",7
23696099,236960991,1,I,20230701,20240328,20240402,20240402,EXP,"",US-JAZZ PHARMACEUTICALS-2023-US-008838,JAZZ,"",63,YR,"",F,Y,,"",20240402,"",MD,US,US,236960991,HO,Anxiety,"",13,C,RYBELSUS,SEMAGLUTIDE,1,"",UNK,,"","","","",,"",,"",Tablet,"",3
23696134,236961341,1,I,,20240401,20240401,20240401,DIR,FDA-CDER-CTU-2024-23795,"",FDA-CTU,"",,"","",F,N,,"",20240401,N,HP,US,"",236961341,OT,Shoulder arthroplasty,"",5,C,OZEMPIC INJ 8MG/3ML,"",2,"","",,"","","","",,"",,"","","",7
23696678,236966781,1,I,20240329,20240401,20240401,20240401,DIR,697810,"",FDA-CTU,"",50,YR,"",F,N,114.3,KG,20240401,Y,CN,US,"",,,Palpitations,"",11,C,OZEMPIC,"",1,"","",,"","","","",,"",,"","","",
23696843,236968431,1,I,,20240322,20240402,20240402,EXP,"","US-B.I. Pharmaceuticals,Inc./Ridgefield-2024-BI-019405",BOEHRINGER INGELHEIM,"",50,YR,A,M,Y,,"",20240402,"",HP,US,US,236968431,OT,Intentional product use issue,"",4,C,OZEMPIC,SEMAGLUTIDE,1,Unknown,"",,"",U,"","",,"",,"","","",7
23696932,236969321,1,I,20231202,20240401,20240401,20240401,DIR,697782,"",FDA-CTU,"",56,YR,"",M,N,96.75,KG,20240401,"",CN,US,"",236969321,DS,Impaired work ability,"",1,PS,OZEMPIC,SEMAGLUTIDE,1,Other,Frequency : Daily?OTHER ROUTE : injection into the skin and not mussel?,,"",Y,D,"",,"",,"","",QD,4
23696937,236969371,1,I,20240322,20240401,20240401,20240401,DIR,697754,"",FDA-CTU,"",49,YR,"",M,N,73.35,KG,20240401,N,CN,US,"",,,Abdominal pain,"",1,PS,OZEMPIC,SEMAGLUTIDE,1,Subcutaneous,OTHER FREQUENCY : Once weekly subq;?,,"",Y,D,"",,99,,"","",999,
23696976,236969761,1,I,,20240326,20240402,20240402,EXP,"",US-MYLANLABS-2024M1028860,MYLAN,"",,"","",F,Y,92.08,KG,20240402,"",HP,US,US,236969761,OT,Neuropathy peripheral,"",11,C,OZEMPIC,SEMAGLUTIDE,1,Unknown,UNK (2 MG/1.5ML Subcutaneous Solution Pen-injector),,"","","","",,"",,"",Solution for injection,"",7
23697028,236970281,1,I,20240320,20240401,20240401,20240401,DIR,697762,"",FDA-CTU,"",45,YR,"",F,N,,"",20240401,N,HP,US,"",,,Nausea,"",1,PS,CYANOCOBALAMIN\SEMAGLUTIDE,CYANOCOBALAMIN\SEMAGLUTIDE,1,Subcutaneous,0.5 ML WEEKLY SUBCUTANEOUS,,"",D,N,LG5060656,20240602,99,0.5,ML,"INJECTION, SUSPENSION",QW,
23697030,236970301,1,I,20221210,20240401,20240401,20240401,DIR,697706,"",FDA-CTU,"",37,YR,"",F,N,94.5,KG,20240401,N,CN,US,"",,,Depression,"",1,PS,RYBELSUS,SEMAGLUTIDE,1,"","",,"",Y,D,"",,99,,"","","",
23697836,236978361,1,I,20240301,20240325,20240402,20240402,EXP,"",US-AMGEN-USASL2024050975,AMGEN,"",66,YR,E,F,Y,,"",20240402,"",CN,US,US,236978361,OT,Asthenia,"",2,C,OZEMPIC,SEMAGLUTIDE,1,"","",,"","","","",,"",,"","","",7
23698132,236981321,1,I,,20240325,20240402,20240402,EXP,"",US-AstraZeneca-2024A077715,ASTRAZENECA,"",,"","",F,Y,,"",20240402,"",CN,US,"",236981321,HO,Haematuria,"",11,C,WEGOVY SOA,"",2,"",0.25 MGL/0.5 ML,,"","","","",,"",,"","","",3
23698175,236981751,1,I,,20240401,20240402,20240402,PER,"",US-ELI_LILLY_AND_COMPANY-US202404001177,ELI LILLY AND CO,"",,"","",F,Y,,"",20240402,"",CN,US,US,,,Dyspepsia,"",2,C,OZEMPIC,SEMAGLUTIDE,1,"","",,"","","","",,"",,"","","",
23698218,236982181,1,I,20240201,20240402,20240402,20240402,DIR,697856,"",FDA-CTU,"",72,YR,"",F,N,65.7,KG,20240402,N,CN,US,"",,,Sensitive skin,"",1,PS,OZEMPIC,SEMAGLUTIDE,1,"","",,"",Y,D,"",,"",,"","","",
23698302,236983022,2,F,20240301,20240514,20240402,20240515,EXP,"",US-PFIZER INC-202400076840,PFIZER,"",65,YR,"",M,Y,,"",20240515,"",HP,US,US,236983022,OT,Rheumatoid arthritis,"",2,C,OZEMPIC,SEMAGLUTIDE,1,"",UNK,,"","","","",,"",,"","","",7
23698346,236983461,1,I,20240305,20240402,20240402,20240402,DIR,697863,"",FDA-CTU,"",41,YR,"",F,N,67.5,KG,20240402,N,CN,US,"",236983461,DS,Nervousness,"",1,PS,OZEMPIC,SEMAGLUTIDE,1,Other,OTHER QUANTITY : 0.25 mg;?OTHER FREQUENCY : once a week;?OTHER ROUTE : Subcutaneously;?,,"",Y,D,"",,"",,"","",999,4
23699755,236997551,1,I,,20240329,20240403,20240403,PER,"",US-ELI_LILLY_AND_COMPANY-US202404000115,ELI LILLY AND CO,"",66,YR,E,M,Y,,"",20240403,"",CN,US,US,,,Accidental underdose,"",2,C,OZEMPIC,SEMAGLUTIDE,1,Unknown,"UNK UNK, unknown",,"","","","",,"",,"","","",
23699891,236998911,1,I,,20240326,20240403,20240403,EXP,"",US-NOVOPROD-1198042,NOVO NORDISK,"",,"","",M,Y,,"",20240403,"",CN,US,US,236998911,OT,Electrocardiogram abnormal,"",1,PS,OZEMPIC,SEMAGLUTIDE,1,Subcutaneous,0.25 mg,,"",U,"","",,209637,,"",Solution for injection,"",7
23699893,236998931,1,I,20240318,20240325,20240403,20240403,EXP,"",US-NOVOPROD-1196926,NOVO NORDISK,"",72,YR,"","",Y,,"",20240403,"",CN,US,US,236998931,HO,Appendicitis,"",1,PS,OZEMPIC,SEMAGLUTIDE,1,Subcutaneous,0.5 mg,,"",U,"","",,209637,,"",Solution for injection,"",3
23699895,236998952,2,F,20240320,20240403,20240403,20240415,EXP,"",US-NOVOPROD-1198509,NOVO NORDISK,"",69,YR,"",M,Y,,"",20240415,"",CN,US,US,236998952,HO,Intervertebral disc compression,"",1,PS,OZEMPIC,SEMAGLUTIDE,1,Subcutaneous,"1 mg, qw",,"",U,"","",,209637,1,MG,Solution for injection,/WK,3
23699896,236998963,3,F,20231027,20240419,20240403,20240429,EXP,"",US-NOVOPROD-1197357,NOVO NORDISK,"",32,YR,"",M,Y,124.72,KG,20240429,"",CN,US,US,236998963,DE,Palpitations,"",1,PS,SEMAGLUTIDE,SEMAGLUTIDE,1,"",0.5 mg (20 units- 2.5 mg bottle compounded with sodium),,"","","",LG257650,,209637,0.5,MG,"","",1
23699899,236998992,2,F,,20240524,20240403,20240604,EXP,"",US-NOVOPROD-1197041,NOVO NORDISK,"",,"","",F,Y,,"",20240604,"",HP,US,US,236998992,OT,Volvulus of small bowel,"",1,PS,WEGOVY,SEMAGLUTIDE,1,Subcutaneous,2.4 mg,,"",Y,"","",,215256,2.4,MG,Solution for injection,"",7
23699900,236999001,1,I,20240318,20240325,20240403,20240403,EXP,"",US-NOVOPROD-1197243,NOVO NORDISK,"",,"","",M,Y,,"",20240403,"",CN,US,US,236999001,OT,Off label use,"",1,PS,OZEMPIC,SEMAGLUTIDE,1,Subcutaneous,0.5 mg dose,,"",U,"","",,209637,,"",Solution for injection,"",7
23699902,236999024,4,F,20240312,20240429,20240403,20240510,EXP,"",US-NOVOPROD-1198053,NOVO NORDISK,"",77,YR,"",F,Y,,"",20240510,"",CN,US,US,236999024,HO,Blood glucose decreased,"",1,PS,OZEMPIC,SEMAGLUTIDE,1,Subcutaneous,"0.5 mg, qw",,"","","","",,209637,0.5,MG,Solution for injection,/WK,3
23699904,236999041,1,I,,20240325,20240403,20240403,EXP,"",US-NOVOPROD-1197467,NOVO NORDISK,"",,"","",M,Y,,"",20240403,"",CN,US,US,236999041,OT,Adverse reaction,"",1,PS,OZEMPIC,SEMAGLUTIDE,1,Subcutaneous,1.0 mg,,"",N,"","",,209637,,"",Solution for injection,"",7
23699906,236999061,1,I,20230101,20240326,20240403,20240403,EXP,"",US-NOVOPROD-1198054,NOVO NORDISK,"",,"",A,F,Y,,"",20240403,"",CN,US,US,236999061,HO,Intestinal obstruction,"",1,PS,OZEMPIC,SEMAGLUTIDE,1,Subcutaneous,"1 mg, qw",,"",Y,"","",,209637,1,MG,Solution for injection,/WK,3
23700119,237001191,1,I,,20240325,20240403,20240403,PER,"",US-SA-2024SA097363,SANOFI AVENTIS,"",,"",A,F,Y,,"",20240403,"",MD,US,US,,,Product use in unapproved indication,"",9,C,OZEMPIC,SEMAGLUTIDE,1,"",UNK,,"",U,"","",,"",,"","","",
23700297,237002971,1,I,20240301,20240401,20240403,20240403,PER,"",US-ELI_LILLY_AND_COMPANY-US202404001069,ELI LILLY AND CO,"",,"","",F,Y,,"",20240403,"",CN,US,US,,,Pruritus,"",5,SS,SEMAGLUTIDE,SEMAGLUTIDE,1,Unknown,"UNK UNK, unknown",,"",U,"","",,"",,"","","",
23700325,237003251,1,I,,20240305,20240403,20240403,PER,"",US-TEVA-VS-3167093,TEVA,"",41,YR,"",F,Y,,"",20240403,"",CN,US,US,,,Pruritus,"",3,C,OZEMPIC,SEMAGLUTIDE,1,"","",,"","","","",,"",,"","","",
23700405,237004053,3,F,20240101,20240430,20240403,20240507,EXP,"",US-ABBVIE-5654427,ABBVIE,"",,"","",M,Y,101,KG,20240507,"",CN,US,US,237004053,OT,Procedural pain,"",38,C,OZEMPIC,SEMAGLUTIDE,1,"",Pen Inj. 1.0 mg every Friday	WG + ES,,"","","","",,"",1,MG,Injection,"",7
23700721,237007213,3,F,20240301,20240520,20240403,20240524,EXP,"",US-AMGEN-USASP2024064994,AMGEN,"",55,YR,A,M,Y,,"",20240524,"",HP,US,US,237007213,OT,Upper respiratory tract infection,"",5,C,OZEMPIC,SEMAGLUTIDE,1,"",UNK (4 mg/3ml),,"","","","",,"",,"",Injection,"",7
23701118,237011185,5,F,20240401,20240514,20240403,20240516,PER,"",US-AMGEN-USASP2024066876,AMGEN,"",57,YR,A,F,Y,,"",20240516,"",CN,US,US,,,Injection site discomfort,"",6,C,OZEMPIC,SEMAGLUTIDE,1,"",UNK,,"","","","",,"",,"","","",
23701592,237015921,1,I,20240329,20240402,20240402,20240402,DIR,697960,"",FDA-CTU,"",71,MON,"",F,N,,"",20240402,N,CN,US,"",,,Intentional dose omission,"",1,PS,WEGOVY,SEMAGLUTIDE,1,Subcutaneous,"",,"","","","",,"",,"","","",
23702275,237022751,1,I,,20240326,20240403,20240403,PER,"",US-SA-2024SA098059,SANOFI AVENTIS,"",73,YR,E,M,Y,,"",20240403,"",CN,US,US,,,Off label use,"",2,C,OZEMPIC,SEMAGLUTIDE,1,"","",,"",U,"","",,"",,"","","",
23702850,237028501,1,I,20240401,20240403,20240403,20240403,DIR,698031,"",FDA-CTU,"",64,YR,"",F,N,115,KG,20240403,N,PH,US,"",237028501,LT,Vomiting,"",1,PS,OZEMPIC,SEMAGLUTIDE,1,Subcutaneous,OTHER FREQUENCY : weekly;?,,"",Y,D,"",,"",0.25,MG,"",999,2
23702924,237029241,1,I,20240307,20240403,20240403,20240403,DIR,698038,"",FDA-CTU,"",72,YR,"",F,N,81.5,KG,20240403,N,PH,US,"",237029241,OT,Pancreatitis,"",1,PS,SEMAGLUTIDE,SEMAGLUTIDE,1,Subcutaneous,OTHER FREQUENCY : Weekly;?,,"",Y,D,"",,"",1,MG,"",999,7
23703123,237031233,3,F,20240101,20240406,20240403,20240408,PER,"",US-AMGEN-USASP2024066361,AMGEN,"",38,YR,A,F,Y,,"",20240408,"",HP,US,US,,,Nausea,"",11,C,OZEMPIC,SEMAGLUTIDE,1,"",2 mg/ 3 ML,,"","","","",,"",,"",Injection,"",
23703313,237033131,1,I,,20240401,20240403,20240403,PER,"",US-BIOMARINAP-US-2024-156942,BIOMARIN,"",,"","","",Y,,"",20240403,"",CN,US,US,,,Cough,"",2,C,OZEMPIC,SEMAGLUTIDE,1,Subcutaneous,2 milligram,,"","","","",,"",2,MG,"","",
23704536,237045361,1,I,20240101,20240325,20240404,20240404,EXP,"",US-NOVOPROD-1196987,NOVO NORDISK,"",,"","",F,Y,,"",20240404,"",HP,US,US,237045361,OT,Pancreatic carcinoma,"",1,PS,OZEMPIC,SEMAGLUTIDE,1,Subcutaneous,"0.5 mg, qw",,"","","","",,209637,0.5,MG,Solution for injection,/WK,7
23704537,237045371,1,I,,20240325,20240404,20240404,EXP,"",US-NOVOPROD-1180731,NOVO NORDISK,"",71,YR,"",F,Y,,"",20240404,"",CN,US,US,237045371,OT,Intestinal obstruction,"",1,PS,OZEMPIC,SEMAGLUTIDE,1,Subcutaneous,1.0 mg 3.0 mL,,"",Y,"","",,209637,,"",Solution for injection,"",7
23704540,237045401,1,I,20240325,20240325,20240404,20240404,EXP,"",US-NOVOPROD-1197196,NOVO NORDISK,"",65,YR,"",F,Y,,"",20240404,"",CN,US,US,237045401,OT,Retinal tear,"",1,PS,OZEMPIC,SEMAGLUTIDE,1,Subcutaneous,0.5,,"",U,"",NZF8E60,,209637,,"",Solution for injection,"",7
23704541,237045411,1,I,20240314,20240325,20240404,20240404,EXP,"",US-NOVOPROD-1197367,NOVO NORDISK,"",69,YR,"",F,Y,,"",20240404,"",CN,US,US,237045411,OT,Cataract,"",1,PS,OZEMPIC,SEMAGLUTIDE,1,Subcutaneous,"1 mg, qw",,"",U,"","",,209637,1,MG,Solution for injection,/WK,7
23704542,237045421,1,I,,20240325,20240404,20240404,EXP,"",US-NOVOPROD-1178143,NOVO NORDISK,"",64,YR,"",M,Y,141,KG,20240404,"",CN,US,US,237045421,HO,Pruritus,"",2,C,OZEMPIC,SEMAGLUTIDE,1,Subcutaneous,2 mg,,"",U,"","",,"",,"",Solution for injection,"",3
23704544,237045441,1,I,20220601,20240325,20240404,20240404,EXP,"",US-NOVOPROD-1169694,NOVO NORDISK,"",61,YR,"",F,Y,,"",20240404,"",CN,US,US,237045441,HO,Pseudostroke,"",1,PS,OZEMPIC,SEMAGLUTIDE,1,Subcutaneous,UNK,,"",Y,"",NZF7K13,,209637,,"",Solution for injection,"",3
23704556,237045564,4,F,20240216,20240604,20240404,20240612,EXP,"",US-NOVOPROD-1198031,NOVO NORDISK,"",64,YR,"",F,Y,70.8,KG,20240612,"",HP,US,US,237045564,HO,Condition aggravated,"",1,PS,OZEMPIC,SEMAGLUTIDE,1,Subcutaneous,"0.25 mg, qw",49,MG,Y,"","",,209637,0.25,MG,Solution for injection,/WK,3
23704564,237045641,1,I,,20240328,20240404,20240404,EXP,"",US-NOVOPROD-1198794,NOVO NORDISK,"",41,YR,"","",Y,,"",20240404,"",MD,US,US,237045641,OT,Rectal haemorrhage,"",1,PS,OZEMPIC,SEMAGLUTIDE,1,Subcutaneous,2 mg,,"",N,"","",,209637,,"",Solution for injection,"",7
23704567,237045671,1,I,20240301,20240328,20240404,20240404,EXP,"",US-NOVOPROD-1198792,NOVO NORDISK,"",,"","",M,Y,,"",20240404,"",HP,US,US,237045671,OT,Gallbladder disorder,"",1,PS,OZEMPIC,SEMAGLUTIDE,1,Subcutaneous,1.0 mg,,"","","","",,209637,,"",Solution for injection,"",7
23704569,237045691,1,I,,20240327,20240404,20240404,EXP,"",US-NOVOPROD-1198653,NOVO NORDISK,"",,"","",M,Y,,"",20240404,"",CN,US,US,237045691,DE,Death,"",1,PS,OZEMPIC,SEMAGLUTIDE,1,Subcutaneous,UNK,,"",D,"","",,209637,,"",Solution for injection,"",1
23704572,237045721,1,I,20220101,20240327,20240404,20240404,EXP,"",US-NOVOPROD-1198040,NOVO NORDISK,"",,"","",F,Y,,"",20240404,"",CN,US,US,237045721,HO,Abdominal pain upper,"",1,PS,OZEMPIC,SEMAGLUTIDE,1,Subcutaneous,UNK,,"",U,"","",,209637,,"",Solution for injection,"",3
23704573,237045732,2,F,20220701,20240515,20240404,20240522,EXP,"",US-NOVOPROD-1197671,NOVO NORDISK,"",72,YR,"",F,Y,,"",20240522,"",CN,US,US,237045732,HO,Hip surgery,"",1,PS,OZEMPIC,SEMAGLUTIDE,1,Subcutaneous,0.25 mg,,"","","",NAR0217,,209637,,"",Solution for injection,"",3
23704574,237045741,1,I,,20240326,20240404,20240404,EXP,"",US-NOVOPROD-1198668,NOVO NORDISK,"",,"","",F,Y,,"",20240404,"",CN,US,US,237045741,DS,Glycosylated haemoglobin abnormal,"",1,PS,OZEMPIC,SEMAGLUTIDE,1,Subcutaneous,UNK,,"",U,"","",,209637,,"",Solution for injection,"",4
23704943,237049432,2,F,20240319,20240531,20240404,20240611,EXP,"",US-RECORDATI-2021003984,RECORDATI,"",,"","","",Y,,"",20240611,"",CN,US,US,237049432,LT,Blood glucose increased,"",6,SS,OZEMPIC,SEMAGLUTIDE,1,Unknown,"0.25 milligram, qw",,"",D,"","",,"",0.25,MG,"",/WK,2
23706236,237062361,1,I,20231020,20240403,20240403,20240403,DIR,698070,"",FDA-CTU,"",42,YR,"",M,N,91.8,KG,20240403,N,CN,US,"",,,Arthralgia,"",1,PS,WEGOVY,SEMAGLUTIDE,1,"","",,"","","","",,"",,"","","",
23706259,237062592,2,F,20240101,20240606,20240404,20240611,PER,"",US-SA-2024SA102622,SANOFI AVENTIS,"",72,YR,E,M,Y,,"",20240611,"",MD,US,US,237062592,HO,Hypotension,"",3,C,OZEMPIC,SEMAGLUTIDE,1,Unknown,UNK,,"",U,"","",,"",,"","","",3
23706428,237064281,1,I,,20240326,20240404,20240404,PER,"",US-SA-2024SA098976,SANOFI AVENTIS,"",,"",E,F,Y,78.92,KG,20240404,"",MD,US,US,,,Skin exfoliation,"",2,C,WEGOVY,SEMAGLUTIDE,1,"","",,"",U,"","",,"",,"",Injection,"",
23706802,237068021,1,I,20240101,20240328,20240404,20240404,PER,"",US-SA-2024SA101529,SANOFI AVENTIS,"",51,YR,A,F,Y,74.8,KG,20240404,"",MD,US,US,,,Nasopharyngitis,"",8,C,OZEMPIC,SEMAGLUTIDE,1,"",UNK,,"",U,"","",,"",,"","","",
23707524,237075241,1,I,,20240320,20240404,20240404,PER,"",US-ELI_LILLY_AND_COMPANY-US202403017411,ELI LILLY AND CO,"",74,YR,E,F,Y,,"",20240404,"",CN,US,US,,,Urinary tract infection,"",9,SS,RYBELSUS,SEMAGLUTIDE,1,Unknown,"UNK UNK, unknown",,"",U,"","",,"",,"","","",
23708483,237084831,1,I,20240312,20240403,20240403,20240403,DIR,FDA-CDER-CTU-2024-24657,"",FDA-CTU,"",77,YR,"",F,N,138,LBS,20240403,N,MD,US,"",237084831,OT,Bile duct stone,"",1,PS,OZEMPIC,SEMAGLUTIDE,1,Subcutaneous,Frequency : Daily;?,,"","","","",,"",0.75,MG,"",QD,7
23708509,237085091,1,I,20240331,20240403,20240403,20240403,DIR,FDA-CDER-CTU-2024-24656,"",FDA-CTU,"",21,YR,"",F,N,63.5,KG,20240403,Y,CN,US,"",237085091,HO,Vomiting,"",1,PS,SEMAGLUTIDE,SEMAGLUTIDE,1,"","",,"","","","",,"",,"","","",3
23708718,237087181,1,I,20240101,20240318,20240404,20240404,PER,"",US-LUNDBECK-DKLU3075704,LUNDBECK,"",56,YR,"",F,Y,94.1,KG,20240404,"",HP,US,US,,,Abdominal pain,"",18,C,OZEMPIC,SEMAGLUTIDE,1,Subcutaneous,0.25 mg or 0.5 mg (2 mg/3 mL),,"","","",Unknown,,"",,"",Injection,"",
23708894,237088942,2,F,,20240613,20240404,20240625,PER,"",US-SA-2024SA101094,SANOFI AVENTIS,"",38,YR,A,F,Y,,"",20240626,"",MD,US,US,,,Sleep disorder,"",3,C,WEGOVY,SEMAGLUTIDE,1,"",UNK,,"",U,"","",,"",,"","","",
23708917,237089172,2,F,20240316,20240425,20240404,20240430,EXP,"",NVSC2024US069187,NOVARTIS,"",48,YR,"",F,Y,,"",20240430,"",CN,US,US,237089172,HO,Muscle spasms,"",2,C,SEMAGLUTIDE,SEMAGLUTIDE,1,Unknown,"",,"",U,"","",,"",,"","","",3
23709027,237090272,2,F,20240101,20240405,20240404,20240412,PER,"",US-PFIZER INC-PV202400043081,PFIZER,"",72,YR,"",F,Y,,"",20240412,"",MD,US,US,,,Fatigue,"",18,C,OZEMPIC,SEMAGLUTIDE,1,"",4 mg/3mL,,"","","","",,"",,"",Injection,"",
23709172,237091721,1,I,,20240313,20240404,20240404,PER,"",US-AstraZeneca-2024A063003,ASTRAZENECA,"",,"","",F,Y,,"",20240404,"",CN,US,"",,,Blood glucose decreased,"",4,C,RYBELSUS,SEMAGLUTIDE,1,"","",,"",U,"","",,"",,"","","",
23710009,237100092,2,F,,20240516,20240405,20240522,EXP,"",US-NOVOPROD-1199889,NOVO NORDISK,"",,"","",F,Y,,"",20240522,"",CN,US,US,237100092,OT,Haemorrhoids,"",1,PS,OZEMPIC,SEMAGLUTIDE,1,Subcutaneous,"0.5 mg, qw",,"","","",NZF8B07,,209637,0.5,MG,Solution for injection,/WK,7
23710013,237100133,3,F,20240201,20240426,20240405,20240507,EXP,"",US-NOVOPROD-1182275,NOVO NORDISK,"",61,YR,"",F,Y,162,KG,20240507,"",HP,US,US,237100133,OT,Constipation,"",1,PS,RYBELSUS,SEMAGLUTIDE,1,Oral,"3 mg, qd",,"",Y,"",NA41849,,213051,3,MG,Tablet,QD,7
23710014,237100141,1,I,,20240326,20240405,20240405,EXP,"",US-NOVOPROD-1197189,NOVO NORDISK,"",,"","",F,Y,,"",20240405,"",CN,US,US,237100141,HO,Off label use,"",1,PS,OZEMPIC,SEMAGLUTIDE,1,Subcutaneous,UNK,,"",U,"","",,209637,,"",Solution for injection,"",3
23710015,237100151,1,I,20240219,20240326,20240405,20240405,EXP,"",US-NOVOPROD-1197669,NOVO NORDISK,"",71,YR,"",F,Y,,"",20240405,"",CN,US,US,237100151,OT,Dizziness,"",1,PS,OZEMPIC,SEMAGLUTIDE,1,Subcutaneous,0.25mg (Dose decreased),,"","","","",,209637,,"",Solution for injection,"",7
23710022,237100221,1,I,,20240327,20240405,20240405,EXP,"",US-NOVOPROD-1198660,NOVO NORDISK,"",,"","",M,Y,,"",20240405,"",CN,US,US,237100221,DE,Death,"",1,PS,OZEMPIC,SEMAGLUTIDE,1,Subcutaneous,UNK,,"",D,"","",,209637,,"",Solution for injection,"",1
23710028,237100281,1,I,,20240327,20240405,20240405,EXP,"",US-NOVOPROD-1198658,NOVO NORDISK,"",54,YR,"",F,Y,,"",20240405,"",MD,US,US,237100281,OT,Anaplastic thyroid cancer,"",1,PS,OZEMPIC,SEMAGLUTIDE,1,Subcutaneous,"0.25 mg, qw",,"",N,"","",,209637,0.25,MG,Solution for injection,/WK,7
23710029,237100291,1,I,20240101,20240328,20240405,20240405,EXP,"",US-NOVOPROD-1198808,NOVO NORDISK,"",56,YR,"",M,Y,,"",20240405,"",CN,US,US,237100291,OT,Inappropriate schedule of product administration,"",1,PS,OZEMPIC,SEMAGLUTIDE,1,Subcutaneous,0.5 mg,,"","","","",,209637,0.5,MG,Solution for injection,"",7
23710033,237100331,1,I,,20240327,20240405,20240405,EXP,"",US-NOVOPROD-1199338,NOVO NORDISK,"",,"","",F,Y,,"",20240405,"",CN,US,US,237100331,OT,Migraine,"",1,PS,WEGOVY,SEMAGLUTIDE,1,Subcutaneous,0.5 mg,,"","","",NZF6J23,,215256,0.5,MG,Solution for injection,"",7
23710458,237104581,1,I,20240301,20240329,20240405,20240405,EXP,"",US-UNITED THERAPEUTICS-UNT-2024-009585,UNITED THERAPEUTICS,"",82,YR,"",M,Y,92.971,KG,20240405,"",CN,US,US,237104581,HO,Lower limb fracture,"",4,C,OZEMPIC,SEMAGLUTIDE,1,Unknown,UNK,,"","","","",,"",,"","","",3
23711257,237112572,2,F,20221001,20240605,20240405,20240607,EXP,"",US-BRISTOL-MYERS SQUIBB COMPANY-2024-053801,BRISTOL MYERS SQUIBB,"",67,YR,E,F,Y,,"",20240607,"",CN,US,US,237112572,OT,Cardiac disorder,"",2,C,OZEMPIC,SEMAGLUTIDE,1,"",Pen,,"",U,"","",,"",,"","","",7
23711505,237115051,1,I,20240228,20240301,20240405,20240405,EXP,"",US-RECORDATI RARE DISEASE INC.-2024001518,RECORDATI,"",,"","","",Y,,"",20240405,"",CN,US,US,,,Hypersensitivity,"",4,C,OZEMPIC,SEMAGLUTIDE,1,"","",,"",D,"","",,"",,"","","",
23711832,237118326,6,F,20240301,20240427,20240405,20240504,PER,"",US-UNITED THERAPEUTICS-UNT-2024-007211,UNITED THERAPEUTICS,"",61,YR,"",F,Y,107.03,KG,20240504,"",CN,US,US,,,Infusion site mass,"",31,C,OZEMPIC,SEMAGLUTIDE,1,Unknown,0.25,,"","","","",,"",,"","","",
23711854,237118541,1,I,,20240402,20240405,20240405,PER,"",US-ELI_LILLY_AND_COMPANY-US202404002786,ELI LILLY AND CO,"",,"","",F,Y,,"",20240405,"",CN,US,US,,,Drug ineffective,"",17,C,OZEMPIC,SEMAGLUTIDE,1,"","",,"","","","",,"",,"","","",
23711907,237119072,2,F,20240201,20240502,20240405,20240515,30DAY,"",US-VIIV HEALTHCARE LIMITED-US2024039993,VIIV,"",42,YR,"",M,Y,112,KG,20240515,"",HP,US,US,,,Viral load increased,"",4,C,OZEMPIC,SEMAGLUTIDE,1,"",UNK,,"",U,"","",,"",,"","","",
23712112,237121121,1,I,20240401,20240404,20240404,20240404,DIR,698264,"",FDA-CTU,"",63,YR,"",F,N,99,KG,20240404,N,CN,US,"",,,Ventricular extrasystoles,"",1,PS,OZEMPIC,SEMAGLUTIDE,1,Subcutaneous,OTHER QUANTITY : 1 Injection(s);?OTHER FREQUENCY : Weekly;?,,"","","","",,99,,"","",999,
23712200,237122001,1,I,20240326,20240404,20240404,20240404,DIR,698256,"",FDA-CTU,"",56,YR,"",F,N,64.35,KG,20240404,N,CN,US,"",237122001,RI,Abdominal pain upper,"",1,PS,OZEMPIC,SEMAGLUTIDE,1,Subcutaneous,"",,"",Y,D,"",,"",,"","","",6
23712231,237122311,1,I,20221201,20240404,20240404,20240404,DIR,698277,"",FDA-CTU,"",70,YR,"",F,N,80.1,KG,20240404,N,CN,US,"",,,Dysaesthesia,"",1,PS,SEMAGLUTIDE,SEMAGLUTIDE,1,Subcutaneous,SUBCUTANEOUS,,"","","","",,"",,"","","",
23712297,237122972,2,F,20240301,20240422,20240405,20240521,PER,"",US-Eisai-EC-2024-161366,EISAI,"",70,YR,E,M,Y,78.93,KG,20240521,"",CN,US,US,,,Back injury,"",12,C,OZEMPIC,SEMAGLUTIDE,1,"","",,"","","","",,"",,"","","",
23712758,237127581,1,I,20240401,20240405,20240405,20240405,DIR,698321,"",FDA-CTU,"",43,YR,"",M,N,93.6,KG,20240405,N,CN,US,"",,,Anxiety,"",1,PS,OZEMPIC,SEMAGLUTIDE,1,"","",,"",Y,D,"",,"",,"","","",
23713891,237138912,2,F,20240201,20240502,20240405,20240517,PER,"",US-JNJFOC-20240417305,JOHNSON AND JOHNSON,"",42,YR,A,M,Y,,"",20240517,"",HP,US,US,,,Viral load increased,"",3,C,OZEMPIC,SEMAGLUTIDE,1,Unknown,"",,"","","","",,"",,"",Unknown,"",
23714137,237141371,1,I,,20240326,20240405,20240405,PER,"",US-SA-2024SA097923,SANOFI AVENTIS,"",,"",A,F,Y,,"",20240406,"",MD,US,US,,,Depression,"",5,C,OZEMPIC,SEMAGLUTIDE,1,"","",,"",U,"","",,"",,"","","",
23714183,237141831,1,I,20230701,20240328,20240405,20240405,PER,"",US-SA-2024SA101701,SANOFI AVENTIS,"",66,YR,E,F,Y,77.098,KG,20240406,"",MD,US,US,,,Injection site pain,"",18,C,OZEMPIC,SEMAGLUTIDE,1,"",UNK,,"",U,"","",,"",,"","","",
23715241,237152413,3,F,20230401,20240429,20240407,20240502,EXP,"",US-JAZZ-2022-US-037736,JAZZ,"",53,YR,"",F,Y,,"",20240502,"",CN,US,US,237152413,OT,Product administration interrupted,"",8,C,WEGOVY,SEMAGLUTIDE,1,"",2.45 mg/ 0.75,,"","","","",,"",,"","","",7
23715487,237154871,1,I,20240101,20240404,20240407,20240407,EXP,"",US-ABBVIE-5708284,ABBVIE,"",,"","",F,Y,,"",20240407,"",CN,US,US,237154871,OT,Systemic lupus erythematosus,"",2,C,OZEMPIC,SEMAGLUTIDE,1,"","",,"","","","",,"",,"","","",7
23715561,237155611,1,I,,20240328,20240408,20240408,PER,"",US-SA-2024SA103004,SANOFI AVENTIS,"",65,YR,E,F,Y,57.6,KG,20240408,"",MD,US,US,,,Injection site pain,"",4,C,OZEMPIC,SEMAGLUTIDE,1,"",UNK,,"",U,"","",,"",,"","","",
23715987,237159871,1,I,,20240327,20240408,20240408,EXP,"",US-NOVOPROD-1197694,NOVO NORDISK,"",,"","",M,Y,,"",20240408,"",CN,US,US,237159871,OT,Off label use,"",1,PS,OZEMPIC,SEMAGLUTIDE,1,Subcutaneous,0.50 mg,,"",U,"","",,209637,,"",Solution for injection,"",7
23715998,237159981,1,I,20240301,20240327,20240408,20240408,EXP,"",US-NOVOPROD-1198664,NOVO NORDISK,"",73,YR,"",M,Y,,"",20240408,"",CN,US,US,237159981,HO,Swelling,"",1,PS,OZEMPIC,SEMAGLUTIDE,1,"","0.50 mg, qw",,"",N,"","",,209637,0.5,MG,Solution for injection,/WK,3
23715999,237159991,1,I,,20240327,20240408,20240408,EXP,"",US-NOVOPROD-1198680,NOVO NORDISK,"",,"","",F,Y,,"",20240408,"",MD,US,US,237159991,OT,Mental disorder,"",1,PS,WEGOVY,SEMAGLUTIDE,1,Subcutaneous,"2.4 mg, qw",,"","","","",,215256,2.4,MG,Solution for injection,/WK,7
23716007,237160071,1,I,20231201,20240328,20240408,20240408,EXP,"",US-NOVOPROD-1198673,NOVO NORDISK,"",54,YR,"",F,Y,88.4,KG,20240408,"",HP,US,US,237160071,OT,Nausea,"",1,PS,OZEMPIC,SEMAGLUTIDE,1,Subcutaneous,UNK,,"",U,"","",,209637,,"",Solution for injection,"",7
23716008,237160081,1,I,20240101,20240328,20240408,20240408,EXP,"",US-NOVOPROD-1199187,NOVO NORDISK,"",66,YR,"",F,Y,,"",20240408,"",CN,US,US,237160081,OT,Constipation,"",1,PS,OZEMPIC,SEMAGLUTIDE,1,Subcutaneous,"0.75 mg, qw",,"",U,"",PAR0017,,209637,0.75,MG,Solution for injection,/WK,7
23716010,237160101,1,I,,20240328,20240408,20240408,EXP,"",US-NOVOPROD-1198665,NOVO NORDISK,"",51,YR,"",F,Y,,"",20240408,"",MD,US,US,237160101,OT,Adenocarcinoma of colon,"",1,PS,RYBELSUS,SEMAGLUTIDE,1,Oral,"7 mg, qd",,"",N,"","",,213051,7,MG,Tablet,QD,7
23716013,237160131,1,I,,20240328,20240408,20240408,EXP,"",US-NOVOPROD-1199353,NOVO NORDISK,"",,"","",F,Y,,"",20240408,"",CN,US,US,237160131,OT,Nephrolithiasis,"",1,PS,WEGOVY,SEMAGLUTIDE,1,Subcutaneous,1.7 mg,,"","","","",,215256,1.7,MG,Solution for injection,"",7
23716021,237160211,1,I,,20240329,20240408,20240408,EXP,"",US-NOVOPROD-1199959,NOVO NORDISK,"",,"",A,M,Y,,"",20240408,"",MD,US,US,237160211,OT,Retinopathy,"",1,PS,OZEMPIC,SEMAGLUTIDE,1,Subcutaneous,UNK,,"","","","",,209637,,"",Solution for injection,"",7
23716023,237160231,1,I,20240323,20240329,20240408,20240408,EXP,"",US-NOVOPROD-1198663,NOVO NORDISK,"",75,YR,"",F,Y,,"",20240408,"",CN,US,US,237160231,HO,Product use in unapproved indication,"",1,PS,OZEMPIC,SEMAGLUTIDE,1,Subcutaneous,0.25 mg weekly,,"","","",NZF8C27,,209637,0.25,MG,Solution for injection,/WK,3
23716024,237160242,2,F,,20240514,20240408,20240522,EXP,"",US-NOVOPROD-1199813,NOVO NORDISK,"",,"",A,M,Y,,"",20240522,"",CN,US,US,237160242,OT,Pneumonia,"",1,PS,OZEMPIC,SEMAGLUTIDE,1,Subcutaneous,0.5 mg,,"",U,"",NZF8C27,,209637,,"",Solution for injection,"",7
23716025,237160251,1,I,,20240329,20240408,20240408,EXP,"",US-NOVOPROD-1199768,NOVO NORDISK,"",,"","",M,Y,,"",20240408,"",CN,US,US,237160251,DE,Product use in unapproved indication,"",1,PS,OZEMPIC,SEMAGLUTIDE,1,Subcutaneous,UNK,,"",U,"","",,209637,,"",Solution for injection,"",1
23716028,237160281,1,I,20230901,20240328,20240408,20240408,EXP,"",US-NOVOPROD-1199964,NOVO NORDISK,"",64,YR,"",F,Y,68.027,KG,20240408,"",CN,US,US,237160281,OT,Anaemia,"",1,PS,OZEMPIC,SEMAGLUTIDE,1,Subcutaneous,"0.5 mg, qd",,"",Y,"","",,209637,0.5,MG,Solution for injection,QD,7
23716591,237165914,4,F,20210803,20240606,20240408,20240612,EXP,"",US-TEVA-VS-3178685,TEVA,"",59,YR,"",F,Y,67.132,KG,20240612,"",LW,US,US,237165914,OT,Pancreatic carcinoma,"",22,C,OZEMPIC,SEMAGLUTIDE,1,"","",,"","","","",,"",,"","","",7
23716822,237168221,1,I,20240401,20240405,20240408,20240408,PER,"",US-AMGEN-USASP2024070139,AMGEN,"",55,YR,A,M,Y,,"",20240408,"",CN,US,US,,,Wrong technique in product usage process,"",2,C,OZEMPIC,SEMAGLUTIDE,1,Unknown,"",,"","","","",,"",,"","","",
23717021,237170211,1,I,,20240404,20240408,20240408,PER,"",US-ELI_LILLY_AND_COMPANY-US202404003595,ELI LILLY AND CO,"",,"","","",Y,,"",20240408,"",CN,US,US,,,Alopecia,"",5,SS,WEGOVY,SEMAGLUTIDE,1,Unknown,"UNK UNK, unknown",,"",U,"","",,"",,"","","",
23717362,237173622,2,F,20240105,20240425,20240408,20240430,PER,"",US-AMGEN-USASP2024070246,AMGEN,"",60,YR,A,M,Y,238,KG,20240430,"",MD,US,US,,,Drug dose omission by device,"",10,C,OZEMPIC,SEMAGLUTIDE,1,Subcutaneous,"2 milligram/ 1.5 ml, qwk",,"","","","",,"",2,MG,"",/WK,
23717457,237174573,3,F,20240323,20240502,20240408,20240509,PER,"",US-SA-2024SA099035,SANOFI AVENTIS,"",69,YR,E,M,Y,,"",20240509,"",MD,US,US,237174573,HO,White blood cell count increased,"",2,SS,OZEMPIC,SEMAGLUTIDE,1,"","",,"",D,"","",,"",,"",Injection,"",3
23717681,237176811,1,I,20240301,20240328,20240408,20240408,PER,"",US-SA-2024SA100758,SANOFI AVENTIS,"",43,YR,A,F,Y,,"",20240408,"",MD,US,US,,,Cough,"",3,C,OZEMPIC,SEMAGLUTIDE,1,"",2 M SOP,,"",U,"","",,"",,"","","",
23717806,237178061,1,I,20230323,20240405,20240405,20240405,DIR,698423,"",FDA-CTU,"",44,YR,"",F,N,81,KG,20240405,N,CN,US,"",237178061,HO,Diarrhoea,"",1,PS,CYANOCOBALAMIN\SEMAGLUTIDE,CYANOCOBALAMIN\SEMAGLUTIDE,1,Other,OTHER QUANTITY : 0.05 ml?OTHER FREQUENCY : weekly?OTHER ROUTE : injection?,,"",N,D,02022315A1,20230602,99,0.05,ML,"",999,3
23718297,237182971,1,I,20240313,20240406,20240406,20240406,DIR,698462,"",FDA-CTU,"",28,YR,"",F,N,58,KG,20240406,N,MD,US,"",237182971,LT,Intussusception,"",1,PS,WEGOVY,SEMAGLUTIDE,1,Subcutaneous,OTHER FREQUENCY : Weekly;?,,"",Y,D,"",,"",1.7,MG,"",999,2
23719120,237191202,2,F,20240101,20240404,20240408,20240412,PER,"",US-SA-2024SA102091,SANOFI AVENTIS,"",63,YR,A,F,Y,,"",20240412,"",MD,US,US,,,Laryngitis,"",11,C,OZEMPIC,SEMAGLUTIDE,1,"","",,"",U,"","",,"",,"","","",
23719712,237197121,1,I,,20240205,20240408,20240408,DIR,FDA-CDER-CTU-2024-25414,"",FDA-CTU,"",,"","","",N,,"",20240205,N,"",US,"",,,Product dispensing error,"",1,PS,OZEMPIC,SEMAGLUTIDE,1,"","",,"","","","",,"",,"","","",
23719714,237197141,1,I,,20240205,20240408,20240408,DIR,FDA-CDER-CTU-2024-25412,"",FDA-CTU,"",,"","","",N,,"",20240205,N,"",US,"",,,Incorrect dose administered,"",1,PS,SEMAGLUTIDE,SEMAGLUTIDE,1,"","",,"","","","",,"",,"","","",
23719745,237197451,1,I,,20240328,20240408,20240408,PER,"",US-SA-2024SA101688,SANOFI AVENTIS,"",,"",A,M,Y,,"",20240408,"",MD,US,US,,,Rash,"",6,C,OZEMPIC,SEMAGLUTIDE,1,"",UNK,,"",U,"","",,"",,"","","",
23719790,237197901,1,I,,20230707,20240408,20240408,EXP,"",US-NOVOPROD-1193309,NOVO NORDISK,"",,"","",F,Y,,"",20240408,"",CN,US,US,237197901,DS,Disability,"",1,PS,OZEMPIC,SEMAGLUTIDE,1,Subcutaneous,UNK,,"",U,"","",,209637,,"",Solution for injection,"",4
23719795,237197951,1,I,,20230614,20240408,20240408,EXP,"",US-NOVOPROD-1191779,NOVO NORDISK,"",,"","","",Y,,"",20240408,"",CN,US,US,237197951,OT,Syncope,"",1,PS,OZEMPIC,SEMAGLUTIDE,1,Subcutaneous,0.25 mg,,"",U,"","",,209637,,"",Solution for injection,"",7
23719807,237198071,1,I,,20230728,20240408,20240408,EXP,"",US-NOVOPROD-1185684,NOVO NORDISK,"",,"","","",Y,,"",20240408,"",CN,US,US,237198071,OT,Neoplasm malignant,"",1,PS,OZEMPIC,SEMAGLUTIDE,1,Subcutaneous,UNK,,"",U,"","",,209637,,"",Solution for injection,"",7
23719808,237198081,1,I,,20230721,20240408,20240408,EXP,"",US-NOVOPROD-1196465,NOVO NORDISK,"",,"","","",Y,,"",20240408,"",CN,US,US,237198081,OT,Surgery,"",1,PS,OZEMPIC,SEMAGLUTIDE,1,Subcutaneous,0.25 mg,,"",U,"","",,209637,,"",Solution for injection,"",7
23719809,237198091,1,I,,20230725,20240408,20240408,EXP,"",US-NOVOPROD-1184135,NOVO NORDISK,"",,"","","",Y,,"",20240408,"",CN,US,US,237198091,OT,Nausea,"",1,PS,RYBELSUS,SEMAGLUTIDE,1,Oral,UNK,,"",U,"","",,213051,,"",Tablet,"",7
23719957,237199571,1,I,,20240329,20240408,20240408,EXP,"",US-ELI_LILLY_AND_COMPANY-US202404000599,ELI LILLY AND CO,"",,"",A,F,Y,,"",20240408,"",CN,US,US,237199571,HO,Colitis,"",3,C,OZEMPIC,SEMAGLUTIDE,1,"","",,"","","","",,"",,"","","",3
23720303,237203032,2,F,20230101,20240405,20240408,20240411,PER,"",US-PURDUE PHARMA-USA-2024-0308889,PURDUE,"",,"","",M,Y,76.2,KG,20240411,"",CN,US,US,,,Product adhesion issue,"",4,C,OZEMPIC,SEMAGLUTIDE,1,Unknown,"1 milligram, weekly",,"",U,U,"",,"",1,MG,"",/WK,
23721326,237213261,1,I,20240131,20240404,20240409,20240409,EXP,"",US-ABBVIE-5709997,ABBVIE,"",53,YR,"",F,Y,60,KG,20240409,"",HP,US,US,237213261,OT,Basal cell carcinoma,"",4,C,WEGOVY,SEMAGLUTIDE,1,"","",,"","","","",,"",,"","","",7
23721411,237214111,1,I,20240404,20240405,20240409,20240409,EXP,"",US-AMGEN-USASP2024070232,AMGEN,"",77,YR,E,M,Y,,"",20240409,"",HP,US,US,237214111,DE,Death,"",8,C,RYBELSUS,SEMAGLUTIDE,1,"",7 milligram,,"","","","",,"",7,MG,"","",1
23722310,237223101,1,I,,20240408,20240408,20240408,DIR,698586,"",FDA-CTU,"",41,YR,"",F,N,,"",20240408,N,HP,US,"",237223101,OT,Blood urine present,"",9,C,RYBELSUS,SEMAGLUTIDE,1,"","",,"","","","",,"",,"","","",7
23722313,237223131,1,I,20240408,20240408,20240408,20240408,DIR,698648,"",FDA-CTU,"",52,YR,"",M,N,,"",20240408,N,HP,US,"",,,Nausea,"",1,PS,CYANOCOBALAMIN\SEMAGLUTIDE,CYANOCOBALAMIN\SEMAGLUTIDE,1,Subcutaneous,0.05 ML WEEKLY SUBCUTANEOUS?,,"",Y,N,LG5061421,20240611,99,0.05,ML,"",999,
23722314,237223141,1,I,20240408,20240408,20240408,20240408,DIR,698646,"",FDA-CTU,"",68,YR,"",M,N,,"",20240408,N,HP,US,"",,,Diarrhoea,"",1,PS,CYANOCOBALAMIN\SEMAGLUTIDE,CYANOCOBALAMIN\SEMAGLUTIDE,1,Subcutaneous,0.3 ml weekly subcutaneous?,,"",D,D,LG5061662,20240616,99,0.3,ML,"",999,
23722461,237224611,1,I,20240404,20240408,20240408,20240408,DIR,698558,"",FDA-CTU,"",45,YR,"",F,N,51.75,KG,20240408,N,CN,US,"",237224611,HO,Pulmonary thrombosis,"",1,PS,SEMAGLUTIDE,SEMAGLUTIDE,1,Intramuscular,1 INJECTION WEEKLY INTRAMUSCULAR?,,"",Y,Y,"",20240317,99,,"","",999,3
23722632,237226322,2,F,,20240530,20240409,20240611,PER,"",US-INCYTE CORPORATION-2024IN000039,INCYTE,"",,"","","",Y,,"",20240611,"",MD,US,US,,,Fatigue,"",21,C,OZEMPIC,SEMAGLUTIDE,1,Unknown,2 M SOP 8MG/3 ML),,"","","","",,"",,"","","",
23722703,2372270310,10,F,,20240605,20240409,20240607,EXP,"",US-PFIZER INC-PV202200124939,PFIZER,"",72,YR,"",F,Y,80.74,KG,20240607,"",CN,US,US,2372270310,HO,Hip arthroplasty,"",10,C,OZEMPIC,SEMAGLUTIDE,1,"",UNK,,"","","","",,"",,"","","",3
23722768,237227681,1,I,20210623,20240402,20240409,20240409,EXP,"",US-PFIZER INC-PV202400044515,PFIZER,"",57,YR,"",M,Y,123.38,KG,20240409,"",HP,US,US,237227681,HO,Constipation,"",23,C,OZEMPIC,SEMAGLUTIDE,1,"","",,"","","","",,"",,"","","",3
23722937,237229371,1,I,20240317,20240408,20240408,20240408,DIR,FDA-CDER-CTU-2024-25708,"",FDA-CTU,"",81,YR,"",M,N,179,LBS,20240408,Y,"",US,"",,,Dizziness,"",1,PS,OZEMPIC,SEMAGLUTIDE,1,Subcutaneous,Frequency : Weekly;?,,"","","",N2F 7X42,20250831,"",0.5,MG,"",QW,
23723171,237231711,1,I,,20240328,20240409,20240409,EXP,"",US-ELI_LILLY_AND_COMPANY-US202403018037,ELI LILLY AND CO,"",,"","","",Y,,"",20240409,"",CN,US,US,237231711,HO,Diabetes mellitus inadequate control,"",3,SS,OZEMPIC,SEMAGLUTIDE,1,Unknown,"UNK UNK, unknown",,"",U,"","",,"",,"","","",3
23723300,237233001,1,I,20221120,20240403,20240403,20240403,DIR,698094,"",FDA-CTU,"",75,YR,"",M,N,112.5,KG,20240403,N,CN,US,"",237233001,DS,Gait inability,"",4,C,OZEMPIC,SEMAGLUTIDE,1,"","",,"","","","",,"",,"","","",4
23723408,237234081,1,I,,20240402,20240409,20240409,EXP,"",US-SA-2023SA254648,SANOFI AVENTIS,"",,"",E,F,Y,,"",20240409,"",MD,US,US,237234081,OT,Arthralgia,"",11,C,OZEMPIC,SEMAGLUTIDE,1,"",(0.2 2MG/3ML,,"",U,"","",,"",,"","","",7
23723618,237236181,1,I,,20240223,20240409,20240409,DIR,FDA-CDER-CTU-2024-25468,"",FDA-CTU,"",,"","","",N,,"",20240223,N,PH,US,"",,,Incorrect dose administered,"",1,PS,OZEMPIC,SEMAGLUTIDE,1,"","",,"","","","",,"",,"","","",
23724163,237241631,1,I,,20240401,20240409,20240409,PER,"",US-INCYTE CORPORATION-2024IN003447,INCYTE,"",,"","","",Y,,"",20240409,"",CN,US,US,,,Off label use,"",8,C,OZEMPIC,SEMAGLUTIDE,1,Unknown,(2M SOP 8MG/3ML,,"","","","",,"",,"","","",
23724690,237246902,2,F,20240327,20240423,20240409,20240425,EXP,"",US-BRISTOL-MYERS SQUIBB COMPANY-2024-050895,BRISTOL MYERS SQUIBB,"",76,YR,E,F,Y,82.55,KG,20240425,"",CN,US,US,237246902,OT,Device safety feature issue,"",16,C,OZEMPIC,SEMAGLUTIDE,1,"",1 mg-dose 4mg/3ml SOPIN - once a week,,"",U,"","",,"",,"","",/WK,7
23724694,237246941,1,I,20240404,20240405,20240409,20240409,PER,"",US-ELI_LILLY_AND_COMPANY-US202404005935,ELI LILLY AND CO,"",61,YR,A,F,Y,,"",20240409,"",CN,US,US,,,Incorrect dose administered,"",2,C,OZEMPIC,SEMAGLUTIDE,1,"","",,"","","","",,"",,"","","",
23725136,237251361,1,I,,20240329,20240410,20240410,EXP,"",US-NOVOPROD-1199941,NOVO NORDISK,"",,"",A,M,Y,,"",20240410,"",CN,US,US,237251361,OT,Gastrointestinal disorder,"",1,PS,OZEMPIC,SEMAGLUTIDE,1,Subcutaneous,UNK,,"",U,"","",,209637,,"",Solution for injection,"",7
23725140,237251401,1,I,,20240329,20240410,20240410,EXP,"",US-NOVOPROD-1199960,NOVO NORDISK,"",,"","","",Y,,"",20240410,"",CN,US,US,237251401,OT,Gastrointestinal disorder,"",1,PS,OZEMPIC,SEMAGLUTIDE,1,Subcutaneous,UNK,,"",U,"","",,209637,,"",Solution for injection,"",7
23725141,237251411,1,I,20240201,20240329,20240410,20240410,EXP,"",US-NOVOPROD-1160475,NOVO NORDISK,"",68,YR,"",M,Y,,"",20240410,"",CN,US,US,237251411,HO,Cholelithiasis,"",1,PS,OZEMPIC,SEMAGLUTIDE,1,Subcutaneous,"0.25 mg, qw",,"",U,"","",,209637,0.25,MG,Solution for injection,/WK,3
23725153,237251531,1,I,20231201,20240401,20240410,20240410,EXP,"",US-NOVOPROD-1200683,NOVO NORDISK,"",71,YR,"",M,Y,,"",20240410,"",CN,US,US,237251531,OT,Colon cancer,"",1,PS,OZEMPIC,SEMAGLUTIDE,1,Subcutaneous,UNK,,"",N,"",NZF8D38,,209637,,"",Solution for injection,"",7
23725158,237251581,1,I,,20240401,20240410,20240410,EXP,"",US-NOVOPROD-1199346,NOVO NORDISK,"",33,YR,"",F,Y,,"",20240410,"",CN,US,US,237251581,OT,Abortion spontaneous,"",1,PS,WEGOVY,SEMAGLUTIDE,1,Subcutaneous,1mg,,"",D,"","",,215256,1,MG,Solution for injection,"",7
23725159,237251591,1,I,,20240401,20240410,20240410,EXP,"",US-NOVOPROD-1199235,NOVO NORDISK,"",,"","",M,Y,,"",20240410,"",CN,US,US,237251591,HO,Hypoglycaemic unconsciousness,"",1,PS,OZEMPIC,SEMAGLUTIDE,1,Sublingual,"2 mg, qw",,"","","","",,209637,2,MG,Solution for injection,/WK,3
23725160,237251601,1,I,,20240401,20240410,20240410,EXP,"",US-NOVOPROD-1200674,NOVO NORDISK,"",,"",A,F,Y,,"",20240410,"",CN,US,US,237251601,OT,Device use error,"",1,PS,WEGOVY,SEMAGLUTIDE,1,Subcutaneous,"0.5 mg, qw",,"",U,"","",,215256,0.5,MG,Solution for injection,/WK,7
23725181,237251811,1,I,20231101,20240328,20240410,20240410,EXP,"",US-NOVOPROD-1199803,NOVO NORDISK,"",63,YR,"",F,Y,,"",20240410,"",CN,US,US,237251811,OT,Flatulence,"",1,PS,OZEMPIC,SEMAGLUTIDE,1,Subcutaneous,"0.75 mg, qw",3,MG,U,"",NZF7R75,,209637,0.75,MG,Solution for injection,/WK,7
23725214,237252142,2,F,20240327,20240424,20240410,20240502,EXP,"",US-BRISTOL-MYERS SQUIBB COMPANY-2024-056117,BRISTOL MYERS SQUIBB,"",76,YR,E,F,Y,82.55,KG,20240502,"",CN,US,US,237252142,OT,Arthropathy,"",16,C,OZEMPIC,SEMAGLUTIDE,1,"",1 mg-dose 4mg/3ml SOPIN - once a week,,"",U,"","",,"",,"","",/WK,7
23725480,237254801,1,I,,20240403,20240410,20240410,EXP,"",US-SANDOZ INC.-SDZ2024US037076,SANDOZ,"",33,YR,"",M,Y,,"",20240410,"",CN,US,US,237254801,HO,COVID-19,"",5,SS,OZEMPIC,SEMAGLUTIDE,1,Unknown,"",,"",U,"","",,"",,"","","",3
23725859,237258591,1,I,,20240408,20240410,20240410,EXP,"",US-ABBVIE-5711978,ABBVIE,"",,"","",M,Y,,"",20240410,"",CN,US,US,237258591,DE,Death,"",9,C,OZEMPIC,SEMAGLUTIDE,1,"","",,"","","","",,"",,"","","",1
23726557,237265571,1,I,,20240409,20240410,20240410,PER,"",US-ELI_LILLY_AND_COMPANY-US202404006092,ELI LILLY AND CO,"",,"","",M,Y,,"",20240410,"",CN,US,US,,,Weight decreased,"",2,C,OZEMPIC,SEMAGLUTIDE,1,Unknown,"UNK, unknown",,"","","","",,"",,"","","",
23726837,237268371,1,I,,20240322,20240410,20240410,PER,"",US-TEVA-VS-3175103,TEVA,"",40,YR,"",F,Y,120,KG,20240410,"",MD,US,US,,,Injection site swelling,"",12,C,WEGOVY,SEMAGLUTIDE,1,"","",,"","","","",,"",,"","","",
23726863,237268631,1,I,20240406,20240409,20240409,20240409,DIR,FDA-CDER-CTU-2024-25842,"",FDA-CTU,"",59,YR,"",M,N,,"",20240409,N,PH,US,"",,,Intracranial aneurysm,"",2,SS,OZEMPIC,SEMAGLUTIDE,1,"","",,"","","","",,"",,"","","",
23726904,237269041,1,I,,20240329,20240410,20240410,PER,"",US-SA-2024SA103966,SANOFI AVENTIS,"",67,YR,E,F,Y,,"",20240410,"",MD,US,US,,,Muscle spasms,"",10,C,OZEMPIC,SEMAGLUTIDE,1,"","",,"",U,"","",,"",,"","","",
23727045,237270451,1,I,20240301,20240401,20240410,20240410,PER,"",US-SA-2024SA104225,SANOFI AVENTIS,"",44,YR,A,F,Y,92.98,KG,20240410,"",MD,US,US,,,Dry skin,"",8,C,OZEMPIC,SEMAGLUTIDE,1,"",UNK,,"",U,"","",,"",,"","","",
23727439,237274392,2,F,,20240416,20240410,20240425,EXP,US-MACLEODS PHARMACEUTICALS US LTD-MAC2024046799,US-MACLEODS PHARMACEUTICALS US LTD-MAC2024046799,MACLEODS,"Price MZ, Price RL.Treating Schizophrenia and Bipolar I Disorder in the Real-World Setting: Effectiveness and Safety of Olanzapine/Samidorphan Combination.The primary care companion for CNS disorders..2024;26(2):23cr03666",,"","","",Y,,"",20240425,"",MD,US,US,237274392,HO,Suicidal ideation,"",6,SS,SEMAGLUTIDE,SEMAGLUTIDE,1,Unknown,UNK,,"",U,"","",,"",,"","","",3
23727714,237277141,1,I,,20240409,20240409,20240409,DIR,698754,"",FDA-CTU,"",,"","",UNK,N,,"",20240409,"",CN,US,"",,,Constipation,"",1,PS,OZEMPIC,SEMAGLUTIDE,1,"","",,"","","","",,"",,"","","",
23727975,237279751,1,I,20240409,20240409,20240409,20240409,DIR,698778,"",FDA-CTU,"",56,YR,"",F,N,,"",20240409,N,HP,US,"",,,Vomiting,"",1,PS,CYANOCOBALAMIN\SEMAGLUTIDE,CYANOCOBALAMIN\SEMAGLUTIDE,1,Subcutaneous,OTHER FREQUENCY : weekly;?,,"",D,D,LG5060975,20240605,99,0.05,ML,"INJECTION, SOLUTION",999,
23727977,237279771,1,I,20240402,20240409,20240409,20240409,DIR,698796,"",FDA-CTU,"",75,YR,"",F,N,,"",20240409,N,PH,US,"",,,Dysphonia,"",1,PS,SEMAGLUTIDE,SEMAGLUTIDE,1,Subcutaneous,"",,"","",D,"",,"",,"","","",
23728320,237283201,1,I,20220601,20240404,20240410,20240410,EXP,"",US-PFIZER INC-202400081371,PFIZER,"",77,YR,"",M,Y,,"",20240410,"",HP,US,US,237283201,OT,Constipation,"",13,C,OZEMPIC,SEMAGLUTIDE,1,"",UNK,,"","","","",,"",,"","","",7
23728721,237287212,2,F,,20240415,20240410,20240418,PER,"",US-AMGEN-USASP2024069954,AMGEN,"",,"",A,M,Y,,"",20240417,"",HP,US,US,,,Sinusitis,"",15,C,OZEMPIC,SEMAGLUTIDE,1,"",2/1.5 ML,,"","","","",,"",,"",Injection,"",
23728763,237287631,1,I,20240408,20240410,20240410,20240410,DIR,698834,"",FDA-CTU,"",28,YR,"",F,N,91.35,KG,20240410,N,CN,US,"",,,Anaphylactic reaction,"",1,PS,WEGOVY,SEMAGLUTIDE,1,"","",,"","",D,"",,"",,"","","",
23728882,237288821,1,I,,20230719,20240410,20240410,EXP,"",US-NOVOPROD-1183676,NOVO NORDISK,"",,"","",F,Y,,"",20240410,"",CN,US,US,237288821,OT,Intussusception,"",1,PS,OZEMPIC,SEMAGLUTIDE,1,Subcutaneous,1MG,,"",U,"","",,209637,,"",Solution for injection,"",7
23729578,237295781,1,I,,20240405,20240410,20240410,EXP,"",US-ABBVIE-5712395,ABBVIE,"",,"","",M,Y,,"",20240410,"",CN,US,US,237295781,OT,Lithiasis,"",3,C,OZEMPIC,SEMAGLUTIDE,1,"",1/0.75 (3) PEN INJCTR,,"","","","",,"",,"","","",7
23729811,237298111,1,I,20240101,20240403,20240411,20240411,PER,"",US-SA-2024SA107212,SANOFI AVENTIS,"",56,YR,A,F,Y,70.3,KG,20240411,"",MD,US,US,,,Sinus disorder,"",9,C,OZEMPIC,SEMAGLUTIDE,1,"",25 OR 0.5 PEN INJCTR,,"",U,"","",,"",,"","","",
23729877,237298771,1,I,20240326,20240401,20240411,20240411,EXP,"",US-NOVOPROD-1200686,NOVO NORDISK,"",,"","",M,Y,,"",20240411,"",CN,US,US,237298771,OT,Product dispensing error,"",1,PS,OZEMPIC,SEMAGLUTIDE,1,Subcutaneous,"2 mg, qw",,"",N,"","",,209637,2,MG,Solution for injection,/WK,7
23729881,237298811,1,I,,20240402,20240411,20240411,EXP,"",US-NOVOPROD-1202341,NOVO NORDISK,"",,"","",F,Y,168.89,KG,20240411,"",CN,US,US,237298811,DS,Disability,"",1,PS,WEGOVY,SEMAGLUTIDE,1,Subcutaneous,UNK,,"",U,"","",,215256,,"",Solution for injection,"",4
23729883,237298831,1,I,,20240402,20240411,20240411,EXP,"",US-NOVOPROD-1193240,NOVO NORDISK,"",,"",A,F,Y,,"",20240411,"",CN,US,US,237298831,OT,Off label use,"",1,PS,OZEMPIC,SEMAGLUTIDE,1,Subcutaneous,"2 mg, qw",,"",U,"","",,209637,2,MG,Solution for injection,/WK,7
23729886,237298861,1,I,,20240402,20240411,20240411,EXP,"",US-NOVOPROD-1201485,NOVO NORDISK,"",,"",A,F,Y,,"",20240411,"",CN,US,US,237298861,OT,Fibromuscular dysplasia,"",1,PS,OZEMPIC,SEMAGLUTIDE,1,Subcutaneous,UNK,,"",U,"","",,209637,,"",Solution for injection,"",7
23729888,237298881,1,I,,20240328,20240411,20240411,EXP,"",US-NOVOPROD-1199185,NOVO NORDISK,"",62,YR,"",F,Y,,"",20240411,"",CN,US,US,237298881,OT,Endometriosis,"",1,PS,OZEMPIC,SEMAGLUTIDE,1,Subcutaneous,0.5mg,,"","","",NZF4R99,,209637,,"",Solution for injection,"",7
23729891,237298911,1,I,20240211,20240401,20240411,20240411,EXP,"",US-NOVOPROD-1187538,NOVO NORDISK,"",77,YR,"",F,Y,93.44,KG,20240411,"",MD,US,US,237298911,OT,Insomnia,"",1,PS,OZEMPIC,SEMAGLUTIDE,1,Subcutaneous,2 mg,,"",Y,"","",,209637,,"",Solution for injection,"",7
23729897,237298972,2,F,,20240419,20240411,20240430,EXP,"",US-NOVOPROD-1202336,NOVO NORDISK,"",77,YR,"",F,Y,,"",20240430,"",CN,US,US,,,Tinnitus,"",1,PS,OZEMPIC,SEMAGLUTIDE,1,Subcutaneous,0.25 mg,,"",U,"",NZF8B09,,209637,,"",Solution for injection,"",
23729900,237299002,2,F,20240119,20240524,20240411,20240604,EXP,"",US-NOVOPROD-1201498,NOVO NORDISK,"",77,YR,"",F,Y,,"",20240604,"",MD,US,US,237299002,OT,Colonoscopy,"",1,PS,OZEMPIC,SEMAGLUTIDE,1,Subcutaneous,0.5 mg,,"",D,"",NZF7W30,,209637,0.5,MG,Solution for injection,"",7
23729901,237299013,3,F,20240331,20240429,20240411,20240508,EXP,"",US-NOVOPROD-1201446,NOVO NORDISK,"",26,YR,"",F,Y,,"",20240508,"",CN,US,US,237299013,OT,Chills,"",1,PS,OZEMPIC,SEMAGLUTIDE,1,Subcutaneous,1 mg,,"",Y,"",NAR0344,,209637,,"",Solution for injection,"",7
23729902,237299021,1,I,20240201,20240402,20240411,20240411,EXP,"",US-NOVOPROD-1201447,NOVO NORDISK,"",,"","",F,Y,,"",20240411,"",CN,US,US,237299021,OT,Dementia,"",1,PS,OZEMPIC,SEMAGLUTIDE,1,Subcutaneous,0.25 mg for 3 months,,"",U,"","",,209637,,"",Solution for injection,"",7
23729903,237299031,1,I,,20240404,20240411,20240411,EXP,"",US-NOVOPROD-1202493,NOVO NORDISK,"",,"",A,M,Y,,"",20240411,"",CN,US,US,237299031,OT,Surgery,"",1,PS,OZEMPIC,SEMAGLUTIDE,1,Subcutaneous,"0.25 mg, qw",,"","","","",,209637,0.25,MG,Solution for injection,/WK,7
23729904,237299041,1,I,,20240402,20240411,20240411,EXP,"",US-NOVOPROD-1200689,NOVO NORDISK,"",,"","",M,Y,,"",20240411,"",CN,US,US,237299041,OT,Vomiting,"",1,PS,OZEMPIC,SEMAGLUTIDE,1,Subcutaneous,UNK,,"",U,"","",,209637,,"",Solution for injection,"",7
23729912,237299121,1,I,,20240405,20240411,20240411,EXP,"",US-NOVOPROD-1202251,NOVO NORDISK,"",,"",A,M,Y,,"",20240411,"",MD,US,US,237299121,OT,Abdominal pain upper,"",1,PS,OZEMPIC,SEMAGLUTIDE,1,Subcutaneous,0.25 mg,,"",U,"","",,209637,0.25,MG,Solution for injection,"",7
23729962,237299622,2,F,20240407,20240411,20240411,20240416,PER,"",US-AMGEN-USASP2024071802,AMGEN,"",57,YR,A,F,Y,,"",20240416,"",CN,US,US,,,Device difficult to use,"",2,C,OZEMPIC,SEMAGLUTIDE,1,Unknown,"",,"","","","",,"",,"","","",
23731092,237310922,2,F,20240101,20240415,20240411,20240419,EXP,"",US-SA-2024SA110200,SANOFI AVENTIS,"",36,YR,A,M,Y,138,KG,20240419,"",MD,US,US,237310922,OT,Peripheral embolism,"",10,C,WEGOVY,SEMAGLUTIDE,1,"","",,"",U,"","",,"",,"","","",7
23732117,237321171,1,I,20240405,20240409,20240411,20240411,PER,"",US-AMGEN-USASP2024071631,AMGEN,"",55,YR,A,F,Y,,"",20240411,"",CN,US,US,,,Device difficult to use,"",2,C,OZEMPIC,SEMAGLUTIDE,1,"",UNK,,"","","","",,"",,"","","",
23732172,237321721,1,I,20240328,20240410,20240410,20240410,DIR,698967,"",FDA-CTU,"",38,YR,"",F,N,72,KG,20240410,N,MD,US,"",237321721,LT,Drug level increased,"",1,PS,WEGOVY,SEMAGLUTIDE,1,Subcutaneous,Frequency : Weekly;?,,"",Y,Y,"",,"",0.25,MG,"",QW,2
23732179,237321791,1,I,20240312,20240410,20240410,20240410,DIR,698894,"",FDA-CTU,"",48,YR,"",F,N,81.45,KG,20240410,N,"",US,"",,,Liver function test increased,"",8,C,OZEMPIC,SEMAGLUTIDE,1,"","",,"","","","",,"",,"","","",
23732214,237322141,1,I,20240321,20240410,20240410,20240410,DIR,698897,"",FDA-CTU,"",70,YR,"",F,N,,"",20240410,N,CN,US,"",237322141,DE,General physical health deterioration,"",1,PS,OZEMPIC,SEMAGLUTIDE,1,"","",,"",N,Y,"",,"",,"","","",1
23732217,237322171,1,I,,20240320,20240411,20240411,PER,"","US-B.I. Pharmaceuticals,Inc./Ridgefield-2024-BI-021357",BOEHRINGER INGELHEIM,"",74,YR,E,F,Y,,"",20240411,"",CN,US,US,,,Constipation,"",5,SS,RYBELSUS,SEMAGLUTIDE,1,"",Unknown,,"",U,"",Unknown,,"",,"","","",
23732654,237326541,1,I,20230801,20240404,20240411,20240411,PER,"",US-SA-2024SA108156,SANOFI AVENTIS,"",58,YR,A,M,Y,,"",20240411,"",MD,US,US,,,Glucose tolerance impaired,"",7,C,OZEMPIC,SEMAGLUTIDE,1,"","",,"",U,"","",,"",,"","","",
23732695,237326951,1,I,,20240405,20240411,20240411,PER,"",US-SA-2024SA109240,SANOFI AVENTIS,"",76,YR,E,F,Y,,"",20240411,"",CN,US,US,,,Nausea,"",3,SS,OZEMPIC,SEMAGLUTIDE,1,"",unk,,"",U,"","",,"",,"","","",
23732771,237327711,1,I,,20240411,20240411,20240411,DIR,FDA-CDER-CTU-2024-26412,"",FDA-CTU,"",53,YR,"",F,N,,"",20240411,N,CN,US,"",,,Pancreatitis,"",1,PS,OZEMPIC,SEMAGLUTIDE,1,"","",,"","","","",,"",,"","","",
23732953,237329531,1,I,20240331,20240408,20240411,20240411,PER,"",US-AMGEN-USASP2024072323,AMGEN,"",62,YR,A,M,Y,,"",20240411,"",CN,US,US,,,Drug dose omission by device,"",3,C,OZEMPIC,SEMAGLUTIDE,1,"",UNK,,"","","","",,"",,"","","",
23732965,237329655,5,F,20240321,20240528,20240411,20240605,EXP,"",US-Calliditas-2024CAL00558,CALLIDITAS THERAPEUTICS,"",56,YR,A,F,Y,91.7,KG,20240605,"",CN,US,US,237329655,OT,Vomiting,"",2,C,OZEMPIC,SEMAGLUTIDE,1,"","",,"","","","",,"",,"","","",7
23733469,237334692,2,F,,20240624,20240411,20240626,PER,"",US-PFIZER INC-202400053567,PFIZER,"",71,YR,"",F,Y,,"",20240626,"",CN,US,US,,,COVID-19,"",3,C,OZEMPIC,SEMAGLUTIDE,1,"",UNK,,"","","","",,"",,"","","",
23733661,237336611,1,I,,20240319,20240411,20240411,PER,"",US-SA-2024SA109831,SANOFI AVENTIS,"",,"",A,F,Y,83,KG,20240412,"",MD,US,US,,,Injection site pruritus,"",3,SS,OZEMPIC,SEMAGLUTIDE,1,"",UNK,,"",U,"","",,"",,"","","",
23733773,237337731,1,I,20230101,20231120,20240411,20240411,PER,"",US-CORCEPT THERAPEUTICS INC.-US-2023CRT001627,CORCEPT,"",,"","",F,Y,,"",20240412,"",MD,US,US,,,Ankle fracture,"",2,SS,OZEMPIC,SEMAGLUTIDE,1,Unknown,UNK,,"",U,"",Unknown,,"",,"","","",
23733895,237338951,1,I,20210501,20240329,20240412,20240412,EXP,"",US-NOVOPROD-1199221,NOVO NORDISK,"",55,YR,"","",Y,,"",20240412,"",CN,US,US,237338951,HO,Infrequent bowel movements,"",1,PS,OZEMPIC,SEMAGLUTIDE,1,Subcutaneous,"2 mg, qw",,"",Y,"","",,209637,2,MG,Solution for injection,/WK,3
23733896,237338962,2,F,,20240524,20240412,20240604,EXP,"",US-NOVOPROD-1201210,NOVO NORDISK,"",,"","",M,Y,,"",20240604,"",CN,US,US,237338962,OT,Wrist fracture,"",1,PS,RYBELSUS,SEMAGLUTIDE,1,Oral,"7 mg, qd",,"","","",NA41813,,213051,7,MG,Tablet,QD,7
23733900,237339001,1,I,20240401,20240401,20240412,20240412,EXP,"",US-NOVOPROD-1201093,NOVO NORDISK,"",,"","",M,Y,,"",20240412,"",CN,US,US,237339001,OT,Tooth extraction,"",1,PS,OZEMPIC,SEMAGLUTIDE,1,Subcutaneous,UNK,,"",U,"","",,209637,,"",Solution for injection,"",7
23733905,237339051,1,I,20240201,20240401,20240412,20240412,EXP,"",US-NOVOPROD-1200392,NOVO NORDISK,"",,"","",M,Y,,"",20240412,"",CN,US,US,237339051,HO,Gastrooesophageal reflux disease,"",1,PS,OZEMPIC,SEMAGLUTIDE,1,Subcutaneous,.50 mg,,"","","","",,209637,,"",Solution for injection,"",3
23733911,237339111,1,I,20240320,20240402,20240412,20240412,EXP,"",US-NOVOPROD-1201171,NOVO NORDISK,"",51,YR,"",F,Y,,"",20240412,"",CN,US,US,237339111,HO,Hysterectomy,"",1,PS,WEGOVY,SEMAGLUTIDE,1,Subcutaneous,UNK,,"",Y,"","",,215256,,"",Solution for injection,"",3
23733914,237339141,1,I,,20240402,20240412,20240412,EXP,"",US-NOVOPROD-1201337,NOVO NORDISK,"",,"",A,F,Y,,"",20240412,"",CN,US,US,237339141,OT,Pneumonia,"",1,PS,WEGOVY,SEMAGLUTIDE,1,Subcutaneous,UNK,,"",U,"","",,215256,,"",Solution for injection,"",7
23733915,237339151,1,I,,20240402,20240412,20240412,EXP,"",US-NOVOPROD-1200367,NOVO NORDISK,"",,"",A,F,Y,,"",20240412,"",CN,US,US,237339151,HO,Wrong technique in product usage process,"",1,PS,WEGOVY,SEMAGLUTIDE,1,Subcutaneous,"0.25 mg, qw",,"",U,"",NZF6G64,,215256,0.25,MG,Solution for injection,/WK,3
23733917,237339171,1,I,20240402,20240404,20240412,20240412,EXP,"",US-NOVOPROD-1202502,NOVO NORDISK,"",,"",A,F,Y,,"",20240412,"",CN,US,US,237339171,OT,Increased appetite,"",1,PS,WEGOVY,SEMAGLUTIDE,1,Subcutaneous,UNK,,"",U,"","",,215256,,"",Solution for injection,"",7
23733918,237339182,2,F,20240301,20240510,20240412,20240521,EXP,"",US-NOVOPROD-1200465,NOVO NORDISK,"",,"",A,F,Y,97.052,KG,20240521,"",MD,US,US,237339182,OT,Deafness unilateral,"",1,PS,OZEMPIC,SEMAGLUTIDE,1,Subcutaneous,Unk,,"","","","",,209637,,"",Solution for injection,"",7
23733921,237339212,2,F,20231001,20240509,20240412,20240520,EXP,"",US-NOVOPROD-1200365,NOVO NORDISK,"",65,YR,"",F,Y,129.9,KG,20240520,"",MD,US,US,237339212,OT,Impaired healing,"",1,PS,OZEMPIC,SEMAGLUTIDE,1,Subcutaneous,1 mg(dose deceased),,"",N,"","",,209637,,"",Solution for injection,"",7
23733922,237339221,1,I,20190710,20240402,20240412,20240412,EXP,"",US-NOVOPROD-1200471,NOVO NORDISK,"",55,YR,"",F,Y,,"",20240412,"",CN,US,US,237339221,OT,Skin cosmetic procedure,"",1,PS,OZEMPIC,SEMAGLUTIDE,1,Subcutaneous,UNK,,"","","","",,209637,,"",Solution for injection,"",7
23733923,237339231,1,I,,20240404,20240412,20240412,EXP,"",US-NOVOPROD-1202500,NOVO NORDISK,"",,"","",F,Y,,"",20240412,"",CN,US,US,237339231,OT,Shoulder arthroplasty,"",1,PS,OZEMPIC,SEMAGLUTIDE,1,Subcutaneous,"0.5 mg, qw",,"","","","",,209637,0.5,MG,Solution for injection,/WK,7
23733924,237339241,1,I,20231129,20240402,20240412,20240412,EXP,"",US-NOVOPROD-1203008,NOVO NORDISK,"",65,YR,"",M,Y,,"",20240412,"",CN,US,US,237339241,HO,Aortic valve replacement,"",1,PS,OZEMPIC,SEMAGLUTIDE,1,Subcutaneous,UNK,,"","","","",,209637,,"",Solution for injection,"",3
23733925,237339251,1,I,20240224,20240402,20240412,20240412,EXP,"",US-NOVOPROD-1199807,NOVO NORDISK,"",75,YR,"",M,Y,,"",20240412,"",CN,US,US,237339251,OT,Constipation,"",1,PS,OZEMPIC,SEMAGLUTIDE,1,Subcutaneous,0.5mg once weekly,,"",Y,"",NZF8B14,,209637,0.5,MG,Solution for injection,/WK,7
23733981,237339812,2,F,20240326,20240419,20240412,20240426,EXP,"","US-TOLMAR, INC.-24US048217",TOLMAR,"",62,YR,"",M,Y,,"",20240426,"",HP,US,US,237339812,OT,Inflammation,"",7,C,OZEMPIC,SEMAGLUTIDE,1,"",1 milligram,,"","","","",,"",1,MG,"","",7
23734172,237341721,1,I,20230101,20240408,20240412,20240412,PER,"",US-009507513-2404USA005825,MERCK,"",54,YR,"",M,Y,240,KG,20240412,"",CN,US,US,237341721,OT,Pancreatitis,"",2,SS,OZEMPIC,SEMAGLUTIDE,1,Subcutaneous,strength: 0.25/0.5 mg,,"","","","",,"",,"",Solution for injection,"",7
23735045,237350451,1,I,20240404,20240404,20240412,20240412,PER,"",US-UNITED THERAPEUTICS-UNT-2024-009868,UNITED THERAPEUTICS,"",66,YR,"",F,Y,80.726,KG,20240412,"",CN,US,US,,,Device physical property issue,"",12,C,OZEMPIC,SEMAGLUTIDE,1,Unknown,UNK,,"","","","",,"",,"","","",
23735068,237350681,1,I,,20230428,20240412,20240412,PER,"",US-CORCEPT THERAPEUTICS INC.-US-2023CRT000762,CORCEPT,"",,"","",M,Y,133.79,KG,20240412,"",CN,US,US,,,Rash erythematous,"",9,C,OZEMPIC,SEMAGLUTIDE,1,"","",,"",D,"","",,"",,"","","",
23735313,237353131,1,I,,20240131,20240412,20240412,PER,"",US-CORCEPT THERAPEUTICS INC.-US-2024CRT000316,CORCEPT,"",64,YR,"",F,Y,79.365,KG,20240412,"",MD,US,US,,,Weight decreased,"",7,C,SEMAGLUTIDE,SEMAGLUTIDE,1,"","",,"",D,"","",,"",,"","","",
23735468,237354682,2,F,20240101,20240402,20240412,20240412,EXP,"",US-ASTELLAS-2024US010112,ASTELLAS,"",57,YR,"",M,Y,123.38,KG,20240412,"",CN,US,US,237354682,HO,Dizziness postural,"",23,C,OZEMPIC,SEMAGLUTIDE,1,Unknown,"UNK UNK, unknown freq.",,"","","","",,"",,"",Formulation unknown,"",3
23735667,237356671,1,I,20240329,20240411,20240411,20240411,DIR,699009,"",FDA-CTU,"",35,YR,"",F,N,109.35,KG,20240411,N,CN,US,"",,,Vomiting,"",1,PS,SEMAGLUTIDE,SEMAGLUTIDE,1,"","",,"",N,"","",,99,,"","","",
23736058,237360581,1,I,20230208,20240411,20240411,20240411,DIR,699087,"",FDA-CTU,"",49,YR,"",M,N,138.6,KG,20240411,N,CN,US,"",,,Dyspnoea,"",1,PS,WEGOVY,SEMAGLUTIDE,1,"","",,"",Y,D,"",,99,,"","","",
23736141,237361411,1,I,20240310,20240411,20240411,20240411,DIR,699147,"",FDA-CTU,"",35,YR,"",F,N,111.6,KG,20240411,N,CN,US,"",,,Fatigue,"",1,PS,OZEMPIC,SEMAGLUTIDE,1,Subcutaneous,OTHER QUANTITY : 1 Injection(s);?OTHER FREQUENCY : Once a week;?,,"",Y,D,"",,"",,"","",999,
23736153,237361531,1,I,20190601,20240411,20240411,20240411,DIR,699115,"",FDA-CTU,"",68,YR,"",F,N,90,KG,20240411,Y,CN,US,"",,,Abdominal pain upper,"",1,PS,OZEMPIC,SEMAGLUTIDE,1,"",OTHER QUANTITY : 1 Injection(s);?,,"",Y,D,"",,"",,"","","",
23736175,237361751,1,I,20240201,20240203,20240412,20240412,PER,"",US-CORCEPT THERAPEUTICS INC.-US-2024CRT000283,CORCEPT,"",70,YR,"",M,Y,,"",20240412,"",MD,US,US,,,Hypoglycaemia,"",7,C,OZEMPIC,SEMAGLUTIDE,1,"","",,"",D,"","",,"",,"","","",
23736298,237362983,3,F,20240401,20240620,20240412,20240627,EXP,"",US-ROCHE-3541771,ROCHE,"",68,YR,E,F,Y,63.5,KG,20240627,"",CN,US,US,237362983,HO,Concussion,"",3,C,OZEMPIC,SEMAGLUTIDE,1,"",Either 50mg or 0.5 mg; Patient unsure,,"","","","",,"",,"","",/WK,3
23736438,237364381,1,I,,20240405,20240412,20240412,EXP,"",US-SA-2024SA110215,SANOFI AVENTIS,"",,"",E,F,Y,94.785,KG,20240412,"",MD,US,US,237364381,OT,Injection site bruising,"",4,C,RYBELSUS,SEMAGLUTIDE,1,"","",,"",U,"","",,"",,"",Tablet,"",7
23737115,237371151,1,I,,20240405,20240412,20240412,EXP,"",US-ELI_LILLY_AND_COMPANY-US202404004773,ELI LILLY AND CO,"",,"","",F,Y,,"",20240412,"",CN,US,US,237371151,OT,Counterfeit product administered,"",2,SS,OZEMPIC,SEMAGLUTIDE,1,Unknown,"UNK UNK, unknown",,"",U,"","",,"",,"","","",7
23737395,237373952,2,F,,20240509,20240412,20240517,PER,"",US-Blueprint Medicines Corporation-SP-US-2024-000740,BLUEPRINT MEDICINES,"",,"","",F,Y,,"",20240517,"",CN,US,US,,,Nausea,"",5,C,OZEMPIC,SEMAGLUTIDE,1,Unknown,"",,"","","","",,"",,"",Unknown,"",
23737844,237378441,1,I,20240402,20240412,20240412,20240412,DIR,699164,"",FDA-CTU,"",58,YR,"",F,N,145.35,KG,20240412,N,CN,US,"",237378441,OT,Vomiting,"",1,PS,WEGOVY,SEMAGLUTIDE,1,Intramuscular,"",,"","","","",,99,,"","","",7
23738240,237382402,2,F,20231005,20240529,20240412,20240531,EXP,"",US-PFIZER INC-PV202400048628,PFIZER,"",23,YR,"",F,Y,106.58,KG,20240531,"",CN,US,US,237382402,OT,Off label use,"",4,C,OZEMPIC,SEMAGLUTIDE,1,"","UNK, daily (Dose: 0.5, Unit: 1, every 7 day)",,"","","","",,"",,"","","",7
23739021,237390212,2,F,20240409,20240411,20240413,20240417,EXP,"",US-ABBVIE-5715106,ABBVIE,"",55,YR,"",F,Y,104,KG,20240417,"",CN,US,US,237390212,HO,Wheezing,"",3,C,OZEMPIC,SEMAGLUTIDE,1,"","",,"","","","",,"",,"","","",3
23739106,237391063,3,F,20231025,20240528,20240413,20240530,EXP,"",US-ABBVIE-5716856,ABBVIE,"",54,YR,"",M,Y,115,KG,20240530,"",CN,US,US,237391063,LT,Light chain analysis abnormal,"",15,C,WEGOVY,SEMAGLUTIDE,1,Subcutaneous,Weekly on Sunday,,"","","","",,"",2.4,MG,"",/WK,2
23739227,237392271,1,I,20231030,20240409,20240413,20240413,EXP,"",US-ABBVIE-5705739,ABBVIE,"",58,YR,"",F,Y,104,KG,20240413,"",CN,US,US,237392271,HO,Skin infection,"",5,C,OZEMPIC,SEMAGLUTIDE,1,"","",,"","","","",,"",,"","","",3
23739597,237395971,1,I,,20240403,20240413,20240413,PER,"",US-SA-2024SA107065,SANOFI AVENTIS,"",,"",A,F,Y,,"",20240413,"",MD,US,US,,,Lethargy,"",6,C,OZEMPIC,SEMAGLUTIDE,1,"",UNK,,"",U,"","",,"",,"",Injection,"",
23739847,237398471,1,I,,20240409,20240414,20240414,PER,"",US-SA-2024SA110399,SANOFI AVENTIS,"",,"","",F,Y,,"",20240414,"",CN,US,US,237398471,HO,Blood glucose decreased,"",2,SS,OZEMPIC,SEMAGLUTIDE,1,Subcutaneous,unk,,"",U,"","",,"",2,MG,Solution for injection,"",3
23739924,237399241,1,I,,20240408,20240414,20240414,PER,"",US-SA-2024SA109457,SANOFI AVENTIS,"",,"",E,M,Y,108,KG,20240414,"",MD,US,US,,,Radiotherapy,"",4,C,RYBELSUS,SEMAGLUTIDE,1,"",UNK,,"",U,"","",,"",,"",Tablet,"",
23740542,237405421,1,I,,20240402,20240415,20240415,EXP,"",US-NOVOPROD-1200720,NOVO NORDISK,"",90,YR,"",F,Y,,"",20240415,"",CN,US,US,237405421,HO,Hospitalisation,"",1,PS,OZEMPIC,SEMAGLUTIDE,1,Subcutaneous,UNK,,"",U,"","",,209637,,"",Solution for injection,"",3
23740543,237405431,1,I,,20240402,20240415,20240415,EXP,"",US-NOVOPROD-1201096,NOVO NORDISK,"",49,YR,"",M,Y,,"",20240415,"",MD,US,US,237405431,HO,Nausea,"",1,PS,OZEMPIC,SEMAGLUTIDE,1,Subcutaneous,"0.25 mg, qw",,"","","","",,209637,0.25,MG,Solution for injection,/WK,3
23740547,237405471,1,I,,20240403,20240415,20240415,EXP,"",US-NOVOPROD-1201209,NOVO NORDISK,"",,"",A,F,Y,,"",20240415,"",CN,US,US,237405471,OT,Diabetic retinopathy,"",1,PS,OZEMPIC,SEMAGLUTIDE,1,Subcutaneous,UNK,,"",U,"","",,209637,,"",Solution for injection,"",7
23740551,237405511,1,I,20240327,20240403,20240415,20240415,EXP,"",US-NOVOPROD-1200339,NOVO NORDISK,"",79,YR,"",M,Y,,"",20240415,"",HP,US,US,237405511,HO,Blood pressure decreased,"",1,PS,OZEMPIC,SEMAGLUTIDE,1,Subcutaneous,1 mg,,"",U,"","",,209637,,"",Solution for injection,"",3
23740563,237405631,1,I,,20240404,20240415,20240415,EXP,"",US-NOVOPROD-1202840,NOVO NORDISK,"",,"",A,F,Y,,"",20240415,"",CN,US,US,237405631,OT,Abdominal hernia repair,"",1,PS,OZEMPIC,SEMAGLUTIDE,1,Subcutaneous,1mg,,"",N,"","",,209637,,"",Solution for injection,"",7
23740565,237405651,1,I,,20240405,20240415,20240415,EXP,"",US-NOVOPROD-1203277,NOVO NORDISK,"",,"",A,F,Y,,"",20240415,"",CN,US,US,237405651,OT,Thrombosis,"",1,PS,WEGOVY,SEMAGLUTIDE,1,Subcutaneous,UNK,,"",U,"","",,215256,,"",Solution for injection,"",7
23740568,237405681,1,I,20230901,20240403,20240415,20240415,EXP,"",US-NOVOPROD-1201312,NOVO NORDISK,"",48,YR,"",F,Y,,"",20240415,"",CN,US,US,237405681,HO,Gastrointestinal pain,"",1,PS,OZEMPIC,SEMAGLUTIDE,1,Subcutaneous,1 mg,,"",U,"","",,209637,,"",Solution for injection,"",3
23740571,237405711,1,I,20230601,20240404,20240415,20240415,EXP,"",US-NOVOPROD-1202491,NOVO NORDISK,"",64,YR,"",F,Y,,"",20240415,"",CN,US,US,237405711,HO,Gallbladder disorder,"",1,PS,OZEMPIC,SEMAGLUTIDE,1,Subcutaneous,"0.5 mg, qd",,"","","",NZF7N71,,209637,0.5,MG,Solution for injection,QD,3
23740574,237405742,2,F,20240329,20240606,20240415,20240617,EXP,"",US-NOVOPROD-1202027,NOVO NORDISK,"",44,YR,"",F,Y,,"",20240617,"",CN,US,US,237405742,OT,Fall,"",1,PS,OZEMPIC,SEMAGLUTIDE,1,Subcutaneous,"2 mg, qw",,"",U,"",NP5J255,,209637,2,MG,Solution for injection,/WK,7
23741020,237410205,5,F,20230714,20240521,20240415,20240619,EXP,"",US-ABBVIE-5715502,ABBVIE,"",60,YR,"",F,Y,83,KG,20240619,"",HP,US,US,237410205,OT,Rotator cuff repair,"",14,C,WEGOVY,SEMAGLUTIDE,1,"","",,"","","","",,"",,"","","",7
23741468,237414682,2,F,20240201,20240416,20240415,20240419,EXP,"",US-ABBVIE-5717737,ABBVIE,"",75,YR,"",M,Y,104.32,KG,20240419,"",CN,US,US,237414682,OT,Nephrolithiasis,"",7,C,OZEMPIC,SEMAGLUTIDE,1,"","",,"","","","",,"",,"","",/WK,7
23742425,237424251,1,I,20240310,20240412,20240412,20240412,DIR,699255,"",FDA-CTU,"",64,YR,"",F,N,72,KG,20240412,N,CN,US,"",,,Diarrhoea,"",1,PS,OZEMPIC,SEMAGLUTIDE,1,Intramuscular,OTHER QUANTITY : 1 Injection(s);?OTHER FREQUENCY : each week;?,,"",Y,D,"",,99,,"","",999,
23742986,237429861,1,I,20240116,20240412,20240412,20240412,DIR,699285,"",FDA-CTU,"",67,YR,"",F,N,85.5,KG,20240412,Y,CN,US,"",,,Taste disorder,"",1,PS,SEMAGLUTIDE,SEMAGLUTIDE,1,Subcutaneous,ONCE A WEEK  SUBCUTANEOUS,,"",N,D,"",,99,,"","",QW,
23743291,237432911,1,I,20240409,20240413,20240413,20240413,DIR,698988,"",FDA-CTU,"",40,YR,"",M,N,99,KG,20240413,N,CN,US,"",237432911,RI,Self-injurious ideation,"",1,PS,WEGOVY,SEMAGLUTIDE,1,Subcutaneous,1 X WEEKK SUBCUTANEOUS?,,"",Y,Y,"",,"",,"","",QW,6
23743391,237433911,1,I,20240212,20240413,20240413,20240413,DIR,699389,"",FDA-CTU,"",68,YR,"",F,N,72.45,KG,20240413,N,CN,US,"",237433911,DS,Abdominal distension,"",1,PS,LEVOCARNITINE\SEMAGLUTIDE,LEVOCARNITINE\SEMAGLUTIDE,1,Subcutaneous,5 units weekly subcutaneous,,"",Y,D,"",,99,5,IU,"",999,4
23743453,237434531,1,I,,20240410,20240415,20240415,EXP,"",US-PFIZER INC-PV202400048160,PFIZER,"",49,YR,"",F,Y,,"",20240415,"",CN,US,US,237434531,OT,Drug ineffective,"",16,C,OZEMPIC,SEMAGLUTIDE,1,"",UNK,,"","","","",,"",,"","","",7
23743504,237435041,1,I,20230703,20240413,20240413,20240413,DIR,699384,"",FDA-CTU,"",58,YR,"",F,N,110.25,KG,20240413,N,CN,US,"",,,Cholecystectomy,"",1,PS,OZEMPIC,SEMAGLUTIDE,1,Subcutaneous,Frequency : Weekly;?,,"",N,N,"",,"",,"","",QW,
23743505,237435051,1,I,20240412,20240413,20240413,20240413,DIR,699398,"",FDA-CTU,"",56,YR,"",M,N,,"",20240413,N,CN,US,"",237435051,OT,Chills,"",1,PS,OZEMPIC,SEMAGLUTIDE,1,"","",,"","","","",,"",,"","","",7
23743748,237437483,3,F,,20240531,20240415,20240604,EXP,"",US-SANDOZ INC.-SDZ2024US038985,SANDOZ,"",,"","",F,Y,,"",20240604,"",CN,US,US,,,Back pain,"",9,C,OZEMPIC,SEMAGLUTIDE,1,Unknown,"",,"","","","",,"",,"","","",
23743787,237437871,1,I,20240407,20240410,20240415,20240415,DIR,FDA-CDER-CTU-2024-27272,"",FDA-CTU,"",40,YR,"",M,N,385,LBS,20240410,N,"",US,"",,,Pyrexia,"",1,PS,WEGOVY,SEMAGLUTIDE,1,"","",,"",N,D,NZF6A82,20250228,"",2,ML,"","",
23743826,237438261,1,I,,20230609,20240415,20240415,EXP,"",US-NOVOPROD-1191852,NOVO NORDISK,"",,"","","",Y,,"",20240415,"",CN,US,US,237438261,OT,Peripheral swelling,"",1,PS,OZEMPIC,SEMAGLUTIDE,1,Subcutaneous,0.25 mg,,"",U,"",NZF4574,,209637,,"",Solution for injection,"",7
23743829,237438291,1,I,,20230619,20240415,20240415,EXP,"",US-NOVOPROD-1194384,NOVO NORDISK,"",,"","","",Y,,"",20240415,"",CN,US,US,237438291,HO,Blood glucose increased,"",1,SS,OZEMPIC,SEMAGLUTIDE,1,Subcutaneous,0.25mg,,"",U,"","",,"",,"",Solution for injection,"",3
23743843,237438431,1,I,,20230803,20240415,20240415,EXP,"",US-NOVOPROD-1097153,NOVO NORDISK,"",,"",E,F,Y,,"",20240415,"",CN,US,US,237438431,OT,Tooth loss,"",1,PS,OZEMPIC,SEMAGLUTIDE,1,Subcutaneous,UNK,,"",U,"","",,209637,,"",Solution for injection,"",7
23744044,237440441,1,I,,20240408,20240415,20240415,PER,"",US-SA-2024SA112081,SANOFI AVENTIS,"",53,YR,A,F,Y,71.21,KG,20240415,"",MD,US,US,,,Tanning,"",2,C,OZEMPIC,SEMAGLUTIDE,1,"",UNK,,"",U,"","",,"",,"","","",
23744314,237443141,1,I,20240414,20240414,20240414,20240414,DIR,699421,"",FDA-CTU,"",60,YR,"",F,N,76.5,KG,20240414,N,CN,US,"",,,Diarrhoea,"",1,PS,SEMAGLUTIDE,SEMAGLUTIDE,1,Subcutaneous,"",,"",N,Y,"",,99,,"","","",
23745255,237452553,3,F,20230401,20240503,20240416,20240514,EXP,"",US-NOVOPROD-1201901,NOVO NORDISK,"",38,YR,"",F,Y,108.4,KG,20240514,"",HP,US,US,237452553,HO,Abdominal pain,"",1,SS,SEMAGLUTIDE,SEMAGLUTIDE,1,Subcutaneous,"0.25 mg, qw",,"",Y,"","",,"",0.25,MG,Solution for injection,/WK,3
23745257,237452571,1,I,20240401,20240403,20240416,20240416,EXP,"",US-NOVOPROD-1201988,NOVO NORDISK,"",64,YR,"",M,Y,,"",20240416,"",MD,US,US,237452571,HO,Inappropriate schedule of product administration,"",1,PS,OZEMPIC,SEMAGLUTIDE,1,Subcutaneous,"0.5 mg, qw",,"",Y,"","",,209637,0.5,MG,Solution for injection,/WK,3
23745269,237452691,1,I,20220901,20240405,20240416,20240416,EXP,"",US-NOVOPROD-1202873,NOVO NORDISK,"",,"",A,F,Y,,"",20240416,"",CN,US,US,237452691,OT,Neuroendocrine tumour,"",1,PS,OZEMPIC,SEMAGLUTIDE,1,Subcutaneous,1.0 mg,,"",U,"","",,209637,,"",Solution for injection,"",7
23745274,237452741,1,I,20240402,20240404,20240416,20240416,EXP,"",US-NOVOPROD-1202650,NOVO NORDISK,"",63,YR,"",M,Y,,"",20240416,"",CN,US,US,237452741,DE,Product availability issue,"",1,PS,OZEMPIC,SEMAGLUTIDE,1,Subcutaneous,UNK,,"",U,"","",,209637,,"",Solution for injection,"",1
23745279,237452791,1,I,,20240408,20240416,20240416,EXP,"",US-NOVOPROD-1204757,NOVO NORDISK,"",,"","",F,Y,,"",20240416,"",CN,US,US,237452791,HO,Cardiac disorder,"",1,PS,WEGOVY,SEMAGLUTIDE,1,Subcutaneous,UNK,,"",U,"","",,215256,,"",Solution for injection,"",3
23745280,237452801,1,I,20240101,20240409,20240416,20240416,EXP,"",US-NOVOPROD-1203955,NOVO NORDISK,"",63,YR,"",F,Y,,"",20240416,"",CN,US,US,237452801,OT,Nephrolithiasis,"",1,PS,OZEMPIC,SEMAGLUTIDE,1,Subcutaneous,0.25 mg,,"",Y,"",NZF7X42,,209637,0.25,MG,Solution for injection,"",7
23745281,237452811,1,I,20200101,20240408,20240416,20240416,EXP,"",US-NOVOPROD-1203901,NOVO NORDISK,"",,"","",F,Y,,"",20240416,"",CN,US,US,237452811,OT,Diabetic neuropathy,"",1,PS,OZEMPIC,SEMAGLUTIDE,1,Subcutaneous,"1 mg, qw",,"","","",PAR0022,,209637,1,MG,Solution for injection,/WK,7
23745282,237452821,1,I,20230214,20240410,20240416,20240416,EXP,"",US-NOVOPROD-1203967,NOVO NORDISK,"",,"","",M,Y,,"",20240416,"",CN,US,US,237452821,HO,Lymphoma,"",1,PS,OZEMPIC,SEMAGLUTIDE,1,Subcutaneous,UNK,,"",N,"","",,209637,,"",Solution for injection,"",3
23746558,237465581,1,I,20240411,20240412,20240416,20240416,PER,"",US-AMGEN-USASP2024074534,AMGEN,"",71,YR,E,F,Y,,"",20240416,"",HP,US,US,,,Product dose omission issue,"",4,C,OZEMPIC,SEMAGLUTIDE,1,"",UNK,,"","","","",,"",,"","","",
23747804,237478041,1,I,20230801,20240415,20240415,20240415,DIR,699552,"",FDA-CTU,"",15,YR,"",F,N,,"",20240415,N,CN,US,"",237478041,LT,Weight gain poor,"",1,PS,OZEMPIC,SEMAGLUTIDE,1,"","",,"",N,D,"",,"",,"","","",2
23747856,237478561,1,I,20240412,20240415,20240415,20240415,DIR,699615,"",FDA-CTU,"",62,YR,"",F,N,74.25,KG,20240415,N,CN,US,"",237478561,HO,Depression,"",1,PS,SEMAGLUTIDE,SEMAGLUTIDE,1,Subcutaneous,Frequency : Weekly;?,,"",N,Y,"",,99,,"",Injection,QW,3
23748022,237480221,1,I,20231008,20240415,20240415,20240415,DIR,699568,"",FDA-CTU,"",42,YR,"",F,N,63,KG,20240415,N,PH,US,"",237480221,DE,Pancreatitis necrotising,"",1,PS,SEMAGLUTIDE,SEMAGLUTIDE,1,Subcutaneous,Frequency : Weekly;?,,"",D,D,"",,"",1,MG,"",QW,1
23748187,237481871,1,I,20240101,20240404,20240416,20240416,PER,"",US-SA-2024SA109661,SANOFI AVENTIS,"",68,YR,E,F,Y,,"",20240416,"",MD,US,US,,,Chest pain,"",5,C,OZEMPIC,SEMAGLUTIDE,1,"",UNK,,"",U,"","",,"",,"","","",
23748522,237485221,1,I,20240410,20240411,20240416,20240416,PER,"",US-ELI_LILLY_AND_COMPANY-US202404007961,ELI LILLY AND CO,"",63,YR,A,F,Y,,"",20240416,"",CN,US,US,,,Blood glucose increased,"",6,C,OZEMPIC,SEMAGLUTIDE,1,"","",,"","","","",,"",,"","","",
23748653,237486534,4,F,20231011,20240621,20240416,20240627,EXP,"",US-TAKEDA-2023TUS100169,TAKEDA,"",38,YR,"",F,Y,107,KG,20240627,"",HP,US,US,237486534,HO,Tooth infection,"",43,C,OZEMPIC,SEMAGLUTIDE,1,Unknown,UNK,,"","","","",,"",,"","","",3
23748842,237488422,2,F,20240123,20240418,20240416,20240426,EXP,"",US-NOVOPROD-1201856,NOVO NORDISK,"",29,YR,"",F,Y,106.9,KG,20240426,"",HP,US,US,237488422,HO,Obstructive pancreatitis,"",1,SS,SEMAGLUTIDE,SEMAGLUTIDE,1,Subcutaneous,UNK (Weekly once),,"",Y,"","",,"",,"","","",3
23749335,237493351,1,I,20240401,20240416,20240416,20240416,DIR,699674,"",FDA-CTU,"",66,YR,"",F,N,103.5,KG,20240416,N,CN,US,"",237493351,OT,Fatigue,"",1,PS,PYRIDOXINE\SEMAGLUTIDE,PYRIDOXINE\SEMAGLUTIDE,1,Subcutaneous,OTHER QUANTITY : 1 Injection(s)?OTHER FREQUENCY : Once per week?,,"",Y,D,935811,20240902,99,,"","",999,7
23749616,237496162,2,F,,20240513,20240416,20240516,PER,"",US-TRAVERE-2024TVT00360,TRAVERE THERAPEUTICS,"",65,YR,E,F,Y,,"",20240516,"",CN,US,US,237496162,HO,Respiration abnormal,"",12,C,OZEMPIC,SEMAGLUTIDE,1,"","",,"","","","",,"",,"","","",3
23749951,237499512,2,F,20240408,20240517,20240417,20240523,PER,"",US-JNJFOC-20240428240,JOHNSON AND JOHNSON,"",57,YR,A,F,Y,75.364,KG,20240523,"",CN,US,US,,,Accidental exposure to product,"",3,C,OZEMPIC,SEMAGLUTIDE,1,"","",,"","","","",,"",,"","","",
23749994,237499941,1,I,,20240405,20240417,20240417,EXP,"",US-NOVOPROD-1203232,NOVO NORDISK,"",,"","","",Y,,"",20240417,"",MD,US,US,237499941,OT,Thyroid mass,"",1,PS,WEGOVY,SEMAGLUTIDE,1,Subcutaneous,UNK,,"",Y,"","",,215256,,"",Solution for injection,"",7
23749997,237499971,1,I,,20240405,20240417,20240417,EXP,"",US-NOVOPROD-1203536,NOVO NORDISK,"",,"","","",Y,,"",20240417,"",CN,US,US,237499971,OT,Shoulder operation,"",1,PS,RYBELSUS,SEMAGLUTIDE,1,Oral,UNK,,"",U,"","",,213051,,"",Tablet,"",7
23749999,237499991,1,I,20231101,20240405,20240417,20240417,EXP,"",US-NOVOPROD-1202700,NOVO NORDISK,"",,"","",F,Y,,"",20240417,"",CN,US,US,237499991,OT,Knee arthroplasty,"",1,PS,OZEMPIC,SEMAGLUTIDE,1,Subcutaneous,2.0 mg,,"","","","",,209637,,"",Solution for injection,"",7
23750018,237500181,1,I,20240325,20240408,20240417,20240417,EXP,"",US-NOVOPROD-1202736,NOVO NORDISK,"",67,YR,"",F,Y,,"",20240417,"",CN,US,US,237500181,HO,Cerebrovascular accident,"",1,PS,OZEMPIC,SEMAGLUTIDE,1,Subcutaneous,0.25 mg,,"","","","",,209637,,"",Solution for injection,"",3
23750019,237500191,1,I,,20240408,20240417,20240417,EXP,"",US-NOVOPROD-1203736,NOVO NORDISK,"",,"",A,F,Y,,"",20240417,"",CN,US,US,237500191,OT,Off label use,"",1,PS,OZEMPIC,SEMAGLUTIDE,1,Subcutaneous,Unk,,"","","","",,209637,,"",Solution for injection,"",7
23750027,237500271,1,I,,20240408,20240417,20240417,EXP,"",US-NOVOPROD-1203979,NOVO NORDISK,"",57,YR,"",F,Y,,"",20240417,"",MD,US,US,237500271,HO,Deep vein thrombosis,"",1,PS,WEGOVY,SEMAGLUTIDE,1,Subcutaneous,"0.5 mg, qw",,"","","","",,215256,0.5,MG,Solution for injection,/WK,3
23750029,237500291,1,I,20230601,20240410,20240417,20240417,EXP,"",US-NOVOPROD-1204814,NOVO NORDISK,"",69,YR,"",F,Y,,"",20240417,"",CN,US,US,237500291,OT,Blood glucose increased,"",1,PS,OZEMPIC,SEMAGLUTIDE,1,Subcutaneous,UNK,,"",U,"","",,209637,,"",Solution for injection,"",7
23750030,237500301,1,I,,20240408,20240417,20240417,EXP,"",US-NOVOPROD-1203953,NOVO NORDISK,"",,"","",F,Y,,"",20240417,"",MD,US,US,237500301,OT,Intestinal obstruction,"",1,PS,OZEMPIC,SEMAGLUTIDE,1,"","1 mg, qw",,"",Y,"","",,209637,1,MG,Solution for injection,/WK,7
23750601,237506011,1,I,20240101,20240408,20240417,20240417,EXP,"",US-ORPHANEU-2024002610,RECORDATI,"",,"","","",Y,,"",20240417,"",CN,US,US,237506011,OT,Glaucoma,"",5,C,OZEMPIC,SEMAGLUTIDE,1,"","",,"",D,"","",,"",,"","","",7
23751130,237511301,1,I,20230101,20240412,20240417,20240417,EXP,"","US-REGENERON PHARMACEUTICALS, INC.-2024-058369",REGENERON,"",,"","",F,Y,,"",20240417,"",CN,US,US,237511301,OT,Ocular hyperaemia,"",4,C,OZEMPIC,SEMAGLUTIDE,1,"","",,"",U,"","",,"",,"","","",7
23751484,237514841,1,I,20240401,20240411,20240417,20240417,EXP,"","US-AVEO PHARMACEUTICALS, INC.-2024-AVEO-US000312",AVEO PHARMACEUTICALS,"",,"","","",Y,,"",20240417,"",CN,US,US,237514841,HO,Platelet count decreased,"",10,C,OZEMPIC,SEMAGLUTIDE,1,"","",,"","","","",,"",,"","","",3
23751496,237514961,1,I,20240408,20240416,20240416,20240416,DIR,699721,"",FDA-CTU,"",62,YR,"",F,N,61.65,KG,20240416,N,CN,US,"",,,Diarrhoea,"",2,C,OZEMPIC,SEMAGLUTIDE,1,"","",,"","","","",,"",,"","","",
23751678,237516781,1,I,20240401,20240413,20240417,20240417,PER,"",US-AMGEN-USASP2024075686,AMGEN,"",60,YR,A,F,Y,,"",20240417,"",CN,US,US,,,Device difficult to use,"",3,C,OZEMPIC,SEMAGLUTIDE,1,Unknown,UNK,,"","","","",,"",,"","","",
23751713,237517131,1,I,20240327,20240416,20240416,20240416,DIR,699704,"",FDA-CTU,"",70,YR,"",F,N,98.1,KG,20240416,N,PH,US,"",,,Vomiting,"",1,PS,OZEMPIC,SEMAGLUTIDE,1,Subcutaneous,OTHER FREQUENCY : weekly;?,,"",Y,D,"",,"",2,MG,"",999,
23751977,237519771,1,I,20240407,20240417,20240417,20240417,DIR,699757,"",FDA-CTU,"",47,YR,"",F,N,92.7,KG,20240417,N,CN,US,"",,,Dehydration,"",1,PS,OZEMPIC,SEMAGLUTIDE,1,Subcutaneous,OTHER FREQUENCY : Once a week;?,,"",Y,D,"",,"",,"","",999,
23751978,237519781,1,I,20240401,20240417,20240417,20240417,DIR,699751,"",FDA-CTU,"",55,YR,"",F,N,67.5,KG,20240417,N,CN,US,"",237519781,OT,Gastrointestinal disorder,"",1,PS,RYBELSUS,SEMAGLUTIDE,1,Oral,OTHER QUANTITY : 1 Tablet(s);?,,"",Y,D,NA41852,20280228,"",,"","","",7
23752459,237524591,1,I,20240327,20240416,20240416,20240416,DIR,FDA-CDER-CTU-2024-27827,"",FDA-CTU,"",50,YR,"",M,N,,"",20240416,N,"",US,"",237524591,DE,Completed suicide,"",1,PS,OZEMPIC,SEMAGLUTIDE,1,"","",,"",D,D,"",,"",,"","","",1
23752790,237527901,1,I,,20230622,20240417,20240417,EXP,"",US-NOVOPROD-1193345,NOVO NORDISK,"",,"","","",Y,,"",20240417,"",CN,US,US,237527901,HO,Hospitalisation,"",1,PS,OZEMPIC,SEMAGLUTIDE,1,Subcutaneous,"2 mg, qw",,"",U,"","",,209637,2,MG,Solution for injection,/WK,3
23752792,237527921,1,I,,20230606,20240417,20240417,EXP,"",US-NOVOPROD-1181208,NOVO NORDISK,"",,"","","",Y,,"",20240417,"",CN,US,US,237527921,OT,Deafness,"",1,PS,OZEMPIC,SEMAGLUTIDE,1,Subcutaneous,0.25 mg,,"",U,"","",,209637,,"",Solution for injection,"",7
23752795,237527951,1,I,,20230726,20240417,20240417,EXP,"",US-NOVOPROD-1183639,NOVO NORDISK,"",,"","","",Y,,"",20240417,"",CN,US,US,237527951,OT,Colonoscopy,"",1,PS,RYBELSUS,SEMAGLUTIDE,1,Subcutaneous,UNK,,"","","","",,213051,,"",Tablet,"",7
23752797,237527971,1,I,,20230703,20240417,20240417,EXP,"",US-NOVOPROD-1193251,NOVO NORDISK,"",,"","",F,Y,,"",20240417,"",CN,US,US,237527971,OT,Cerebrovascular accident,"",1,PS,OZEMPIC,SEMAGLUTIDE,1,Subcutaneous,0.5mg,,"",U,"","",,209637,,"",Solution for injection,"",7
23752799,237527991,1,I,,20230621,20240417,20240417,EXP,"",US-NOVOPROD-1191236,NOVO NORDISK,"",,"","",F,Y,,"",20240417,"",CN,US,US,237527991,HO,Hospitalisation,"",1,PS,WEGOVY,SEMAGLUTIDE,1,Subcutaneous,2.4 mg,,"",U,"",NZF4M07,,215256,,"",Solution for injection,"",3
23753433,237534332,2,F,,20240514,20240417,20240516,PER,"",US-BRISTOL-MYERS SQUIBB COMPANY-2024-059309,BRISTOL MYERS SQUIBB,"",70,YR,E,M,Y,,"",20240516,"",CN,US,US,,,Illness,"",2,SS,OZEMPIC,SEMAGLUTIDE,1,"","",,"",U,"",Unknown,,"",,"","","",
23753484,237534841,1,I,20230718,20230718,20240417,20240417,EXP,"",US-NOVOPROD-1194919,NOVO NORDISK,"",55,YR,"","",Y,,"",20240417,"",CN,US,US,237534841,HO,Hospitalisation,"",1,PS,OZEMPIC,SEMAGLUTIDE,1,Subcutaneous,UNK,,"",U,"","",,209637,,"",Solution for injection,"",3
23753525,237535251,1,I,20240412,20240417,20240417,20240417,DIR,699805,"",FDA-CTU,"",51,YR,"",M,N,94.5,KG,20240417,N,CN,US,"",,,Arthralgia,"",1,PS,OZEMPIC,SEMAGLUTIDE,1,Subcutaneous,OTHER QUANTITY : 1 Injection(s);?OTHER FREQUENCY : 1/week;?,,"",N,"",003016947721202,20260531,"",,"","",999,
23753605,237536051,1,I,,20240409,20240417,20240417,EXP,"",US-AstraZeneca-2024A088951,ASTRAZENECA,"",57,YR,"",M,Y,123.4,KG,20240417,"",CN,US,"",237536051,HO,Blood uric acid increased,"",23,C,OZEMPIC,SEMAGLUTIDE,1,"","",,"","","","",,"",,"","","",3
23754386,237543861,1,I,20220715,20240406,20240418,20240418,EXP,"",US-NOVOPROD-1204399,NOVO NORDISK,"",50,YR,"",M,Y,,"",20240418,"",CN,US,US,237543861,OT,Renal cell carcinoma,"",1,PS,OZEMPIC,SEMAGLUTIDE,1,Subcutaneous,UNK(highest dose) weekly,,"",N,"","",,209637,,"",Solution for injection,"",7
23754395,237543951,1,I,20240201,20240408,20240418,20240418,EXP,"",US-NOVOPROD-1195968,NOVO NORDISK,"",,"",E,"",Y,,"",20240418,"",HP,US,US,237543951,OT,Nausea,"",1,PS,OZEMPIC,SEMAGLUTIDE,1,Subcutaneous,"0.5 mg, qw",,"",Y,"",NZF8D65,,209637,0.5,MG,Solution for injection,/WK,7
23754405,237544051,1,I,,20240408,20240418,20240418,EXP,"",US-NOVOPROD-1203272,NOVO NORDISK,"",,"","",F,Y,,"",20240418,"",CN,US,US,237544051,OT,Hysterectomy,"",1,PS,RYBELSUS,SEMAGLUTIDE,1,Oral,14 mg,,"","","","",,213051,,"",Tablet,"",7
23754407,237544071,1,I,,20240408,20240418,20240418,EXP,"",US-NOVOPROD-1203942,NOVO NORDISK,"",,"","",F,Y,,"",20240418,"",CN,US,US,237544071,OT,Off label use,"",1,PS,OZEMPIC,SEMAGLUTIDE,1,Subcutaneous,0.5 mg,,"",U,"",NZF7871,,209637,,"",Solution for injection,"",7
23754408,237544082,2,F,20240407,20240611,20240418,20240624,30DAY,"",US-NOVOPROD-1203037,NOVO NORDISK,"",54,YR,"",M,Y,,"",20240624,"",CN,US,US,237544082,OT,Device breakage,"",1,PS,OZEMPIC,SEMAGLUTIDE,1,Subcutaneous,2mg,,"","","",NAR0328,,209637,,"",Solution for injection,"",7
23754409,237544091,1,I,20231123,20240408,20240418,20240418,EXP,"",US-NOVOPROD-1203806,NOVO NORDISK,"",70,YR,"",F,Y,,"",20240418,"",CN,US,US,237544091,OT,Constipation,"",1,PS,OZEMPIC,SEMAGLUTIDE,1,Subcutaneous,2 mg,,"","","","",,209637,,"",Solution for injection,"",7
23754412,237544121,1,I,20240204,20240408,20240418,20240418,EXP,"",US-NOVOPROD-1203347,NOVO NORDISK,"",72,YR,"",M,Y,,"",20240418,"",CN,US,US,237544121,OT,Eye haemorrhage,"",1,PS,OZEMPIC,SEMAGLUTIDE,1,Subcutaneous,"0.5 mg, qw",,"",U,"",NZF8C27,,209637,0.5,MG,Solution for injection,/WK,7
23754417,237544171,1,I,20231220,20240408,20240418,20240418,EXP,"",US-NOVOPROD-1203767,NOVO NORDISK,"",71,YR,"",F,Y,,"",20240418,"",CN,US,US,237544171,OT,Memory impairment,"",1,PS,OZEMPIC,SEMAGLUTIDE,1,Subcutaneous,0.25 mg,,"",N,"","",,209637,,"",Solution for injection,"",7
23754434,237544341,1,I,20240406,20240409,20240418,20240418,EXP,"",US-NOVOPROD-1203970,NOVO NORDISK,"",67,YR,"",M,Y,,"",20240418,"",CN,US,US,237544341,OT,Dehydration,"",1,PS,OZEMPIC,SEMAGLUTIDE,1,Subcutaneous,0.5 mg,,"","","",NZF7X85,,209637,,"",Solution for injection,"",7
23754435,237544351,1,I,,20240410,20240418,20240418,EXP,"",US-NOVOPROD-1204807,NOVO NORDISK,"",,"","",F,Y,,"",20240418,"",CN,US,US,237544351,OT,Cataract operation,"",1,PS,OZEMPIC,SEMAGLUTIDE,1,Subcutaneous,"0.5 mg, qw",,"",U,"",NZF8B09,,209637,0.5,MG,Solution for injection,/WK,7
23754436,237544362,2,F,20240101,20240530,20240418,20240607,EXP,"",US-NOVOPROD-1199093,NOVO NORDISK,"",,"",A,F,Y,,"",20240607,"",CN,US,US,237544362,OT,Wrong technique in product usage process,"",1,PS,OZEMPIC,SEMAGLUTIDE,1,Subcutaneous,"0.25 mg, qw",,"",U,"",NZF8B09,,209637,0.25,MG,Solution for injection,/WK,7
23754438,237544381,1,I,20240101,20240409,20240418,20240418,EXP,"",US-NOVOPROD-1205690,NOVO NORDISK,"",,"",A,F,Y,,"",20240418,"",CN,US,US,237544381,OT,Product availability issue,"",1,PS,OZEMPIC,SEMAGLUTIDE,1,Subcutaneous,1 mg,,"",N,"","",,209637,1,MG,Solution for injection,"",7
23754440,237544401,1,I,20230901,20240410,20240418,20240418,EXP,"",US-NOVOPROD-1204813,NOVO NORDISK,"",32,YR,"",F,Y,,"",20240418,"",CN,US,US,237544401,OT,Maternal exposure during pregnancy,"",1,PS,WEGOVY,SEMAGLUTIDE,1,Subcutaneous,"2.4 mg, qw",,"",D,"","",,215256,2.4,MG,Solution for injection,/WK,7
23754486,237544861,1,I,20230801,20240415,20240418,20240418,PER,"",US-AMGEN-USASP2024075732,AMGEN,"",64,YR,A,F,Y,,"",20240417,"",CN,US,US,,,Drug dose omission by device,"",2,C,RYBELSUS,SEMAGLUTIDE,1,"",UNK,,"","","","",,"",,"","","",
23755012,237550121,1,I,,20240408,20240418,20240418,PER,"",US-AstraZeneca-2024A089872,ASTRAZENECA,"",,"","","",Y,,"",20240418,"",CN,US,"",,,Abdominal discomfort,"",2,SS,OZEMPIC,SEMAGLUTIDE,1,"",0.25/0.50,,"",U,"","",,"",,"","","",
23755361,237553611,1,I,,20240415,20240418,20240418,PER,"",US-BRISTOL-MYERS SQUIBB COMPANY-2024-059868,BRISTOL MYERS SQUIBB,"",53,YR,A,F,Y,,"",20240418,"",MD,US,US,,,Drug ineffective,"",4,C,OZEMPIC,SEMAGLUTIDE,1,"","",,"",U,"","",,"",,"","","",
23755394,237553942,2,F,,20240424,20240418,20240502,EXP,"",US-AstraZeneca-2024A087118,ASTRAZENECA,"",66,YR,"",M,Y,,"",20240502,"",HP,US,"",237553942,OT,Glycosylated haemoglobin increased,"",2,SS,OZEMPIC,SEMAGLUTIDE,1,"","",,"","","","",,"",25,MG,"",/WK,7
23756300,237563001,1,I,20240101,20240417,20240417,20240417,DIR,699848,"",FDA-CTU,"",38,YR,"",F,N,71.55,KG,20240417,N,CN,US,"",237563001,DS,Anxiety,"",1,PS,OZEMPIC,SEMAGLUTIDE,1,Subcutaneous,?1 INJECTION ONCE WEEKLY SUBCUTNEOUS,,"",Y,D,NZF7M10,20250630,"",,"","",999,4
23756325,237563251,1,I,,20240409,20240418,20240418,PER,"",US-SA-2024SA113259,SANOFI AVENTIS,"",,"",A,F,Y,85,KG,20240418,"",MD,US,US,,,Injection site pain,"",2,C,OZEMPIC,SEMAGLUTIDE,1,"","",,"",U,"","",,"",,"",Injection,"",
23756554,237565541,1,I,20240405,20240417,20240417,20240417,DIR,699870,"",FDA-CTU,"",44,YR,"",F,N,99,KG,20240417,N,CN,US,"",237565541,OT,Symptom recurrence,"",1,PS,SEMAGLUTIDE,SEMAGLUTIDE,1,"","",,"",Y,Y,"",,99,,"","","",7
23756617,237566173,3,F,20240401,20240618,20240418,20240625,EXP,"",US-MYOVANT SCIENCES GMBH-2024MYSCI0400476,MYOVANT SCIENCES,"",64,YR,"",M,Y,,"",20240625,"",CN,US,US,237566173,OT,Anxiety,"",5,C,SEMAGLUTIDE,SEMAGLUTIDE,1,Unknown,UNK,,"","","","",,"",,"","","",7
23756854,237568541,1,I,,20240411,20240418,20240418,PER,"",US-SA-2024SA115625,SANOFI AVENTIS,"",,"",A,F,Y,,"",20240418,"",MD,US,US,,,Insomnia,"",2,C,OZEMPIC,SEMAGLUTIDE,1,"",unk,,"",U,"","",,"",,"","","",
23757315,237573151,1,I,20231029,20240418,20240418,20240418,DIR,699927,"",FDA-CTU,"",65,YR,"",F,N,99,KG,20240418,N,CN,US,"",237573151,DS,Therapy cessation,"",1,PS,OZEMPIC,SEMAGLUTIDE,1,Intramuscular,OTHER QUANTITY : 1 Injection(s);?OTHER FREQUENCY : Once Weekly;?,,"",N,D,N2F7H97,20260531,"",,"","",999,4
23757422,237574221,1,I,,20240417,20240417,20240417,DIR,FDA-CDER-CTU-2024-28160,"",FDA-CTU,"",62,YR,"",F,N,180,LBS,20240417,N,CN,US,"",237574221,DE,Gastrointestinal necrosis,"",1,PS,OZEMPIC,SEMAGLUTIDE,1,"","",,"","","","",,"",,"","","",1
23757672,237576721,1,I,,20240410,20240418,20240418,PER,"",US-SA-2024SA114845,SANOFI AVENTIS,"",,"",A,F,Y,122,KG,20240418,"",MD,US,US,,,Arthropathy,"",10,C,OZEMPIC,SEMAGLUTIDE,1,"","",,"",U,"","",,"",,"","","",
23757798,237577981,1,I,20231201,20240314,20240418,20240418,DIR,FDA-CDER-CTU-2024-28139,"",FDA-CTU,"",68,YR,"",F,N,104.33,KG,20240314,N,CN,US,"",237577981,LT,Blood calcium increased,"",1,PS,OZEMPIC,SEMAGLUTIDE,1,"",1 MG ONCE A WEEK INJECTION,,"",Y,D,00301694130135,20231101,"",1,MG,"INJECTION, SOLUTION",QW,2
23757819,237578191,1,I,20240416,20240416,20240418,20240418,PER,"",US-BRISTOL-MYERS SQUIBB COMPANY-2024-060951,BRISTOL MYERS SQUIBB,"",73,YR,E,M,Y,,"",20240418,"",CN,US,US,,,Therapeutic product effect delayed,"",2,C,OZEMPIC,SEMAGLUTIDE,1,"","",,"",U,"","",,"",,"",Injection,"",
23758206,237582062,2,F,20240301,20240614,20240418,20240621,EXP,"","US-CATALYST PHARMACEUTICALS, INC-US-CATA-24-00240",CATALYST PHARMA,"",56,YR,"",M,Y,108.84,KG,20240621,"",CN,US,US,237582062,HO,Bronchitis,"",15,C,OZEMPIC,SEMAGLUTIDE,1,Unknown,1 mg weekly,,"","","",UNKNOWN,,"",1,MG,"",/WK,3
23759363,237593631,1,I,,20230504,20240418,20240418,EXP,"",US-ROCHE-3325227,ROCHE,"",76,YR,"",F,Y,,"",20240419,"",CN,US,"",,,Diarrhoea,"",2,SS,RYBELSUS,SEMAGLUTIDE,1,Unknown,"",,"",U,"",UNKNOWN,,"",,"","","",
23759792,237597921,1,I,20240101,20240325,20240419,20240419,EXP,"",US-ACADIA PHARMACEUTICALS INC.-ACA-2024-PIM-001472,ACADIA PHARMACEUTICALS,"",56,YR,"",M,Y,,"",20240419,"",CN,US,US,237597921,HO,Bladder catheterisation,"",3,C,OZEMPIC,SEMAGLUTIDE,1,"","",,"","","","",,"",,"","","",3
23760063,237600631,1,I,,20240408,20240419,20240419,PER,"",US-ELI_LILLY_AND_COMPANY-US202404005221,ELI LILLY AND CO,"",26,YR,A,"",Y,,"",20240419,"",CN,US,US,237600631,OT,Impaired gastric emptying,"",2,SS,OZEMPIC,SEMAGLUTIDE,1,Subcutaneous,"UNK UNK, unknown",,"",N,"","",,"",,"",Solution for injection,"",7
23760071,237600711,1,I,20230101,20240405,20240419,20240419,EXP,"",US-NOVOPROD-1201940,NOVO NORDISK,"",80,YR,"",F,Y,,"",20240419,"",CN,US,US,237600711,HO,Fall,"",1,PS,OZEMPIC,SEMAGLUTIDE,1,Subcutaneous,0.50 mg,,"",U,"","",,209637,,"",Solution for injection,"",3
23760081,237600811,1,I,20240101,20240408,20240419,20240419,EXP,"",US-NOVOPROD-1204474,NOVO NORDISK,"",,"","",M,Y,,"",20240419,"",CN,US,US,237600811,HO,Cough,"",1,PS,RYBELSUS,SEMAGLUTIDE,1,Oral,"3 mg, qd",,"",U,"","",,213051,3,MG,Tablet,QD,3
23760084,237600841,1,I,,20240408,20240419,20240419,EXP,"",US-NOVOPROD-1203771,NOVO NORDISK,Vanessa Castellanos et al.. Semaglutide-Induced Lupus Erythematosus With Multiorgan Involvement. Cureus. 2024;16(3):1-4,76,YR,"",F,Y,,"",20240419,"",HP,US,US,237600841,HO,Nausea,"",1,PS,WEGOVY,SEMAGLUTIDE,1,Subcutaneous,"0.5 mg, qw",,"","","","",,215256,0.5,MG,Solution for injection,/WK,3
23760095,237600951,1,I,,20240409,20240419,20240419,EXP,"",US-NOVOPROD-1206310,NOVO NORDISK,"",60,YR,"",M,Y,,"",20240419,"",CN,US,US,237600951,OT,Intestinal obstruction,"",1,PS,OZEMPIC,SEMAGLUTIDE,1,Subcutaneous,UNK,,"","","","",,209637,,"",Solution for injection,"",7
23760096,237600961,1,I,,20240409,20240419,20240419,EXP,"",US-NOVOPROD-1204299,NOVO NORDISK,"",,"",A,F,Y,,"",20240419,"",CN,US,US,237600961,OT,Carcinoembryonic antigen increased,"",1,PS,WEGOVY,SEMAGLUTIDE,1,Subcutaneous,UNK,,"",U,"","",,215256,,"",Solution for injection,"",7
23760097,237600971,1,I,,20240409,20240419,20240419,EXP,"",US-NOVOPROD-1204077,NOVO NORDISK,"",,"",A,"",Y,,"",20240419,"",HP,US,US,237600971,DS,Disability,"",1,PS,RYBELSUS,SEMAGLUTIDE,1,Oral,7mg,,"",U,"","",,213051,,"",Tablet,"",4
23760102,237601021,1,I,20240220,20240410,20240419,20240419,EXP,"",US-NOVOPROD-1190306,NOVO NORDISK,"",72,YR,"",F,Y,,"",20240419,"",MD,US,US,237601021,OT,Pupil dilation procedure,"",1,PS,RYBELSUS,SEMAGLUTIDE,1,Oral,14mg,,"","","","",,213051,,"",Tablet,"",7
23760106,237601061,1,I,20240218,20240409,20240419,20240419,EXP,"",US-NOVOPROD-1199667,NOVO NORDISK,"",61,YR,"",M,Y,,"",20240419,"",MD,US,US,237601061,OT,Vomiting,"",1,PS,WEGOVY,SEMAGLUTIDE,1,Subcutaneous,"0.25 mg, qw",2,MG,"","","",,215256,0.25,MG,Solution for injection,/WK,7
23760112,237601121,1,I,20231001,20240410,20240419,20240419,EXP,"",US-NOVOPROD-1204226,NOVO NORDISK,"",78,YR,"",F,Y,,"",20240419,"",CN,US,US,237601121,HO,Vomiting,"",1,PS,OZEMPIC,SEMAGLUTIDE,1,Subcutaneous,"2 mg, qw",,"",U,"",NAR0213,,209637,2,MG,Solution for injection,/WK,3
23760115,237601151,1,I,,20240409,20240419,20240419,EXP,"",US-NOVOPROD-1203721,NOVO NORDISK,"",46,YR,"",F,Y,,"",20240419,"",MD,US,US,237601151,HO,Intestinal obstruction,"",1,PS,OZEMPIC,SEMAGLUTIDE,1,Subcutaneous,UNK,,"",Y,"","",,209637,,"",Solution for injection,"",3
23760116,237601161,1,I,,20240409,20240419,20240419,EXP,"",US-NOVOPROD-1204093,NOVO NORDISK,"",,"",A,F,Y,,"",20240419,"",HP,US,US,237601161,HO,Hospitalisation,"",1,PS,OZEMPIC,SEMAGLUTIDE,1,Subcutaneous,UNK,,"",U,"","",,209637,,"",Solution for injection,"",3
23760190,237601902,2,F,,20240513,20240419,20240516,EXP,"",US-TAKEDA-2023TUS063755,TAKEDA,"",,"","",F,Y,79,KG,20240516,"",HP,US,US,237601902,HO,Infusion site urticaria,"",27,C,OZEMPIC,SEMAGLUTIDE,1,Unknown,UNK,,"","","","",,"",,"","","",3
23761414,237614142,2,F,20230215,20240513,20240419,20240520,EXP,"","US-B.I. Pharmaceuticals,Inc./Ridgefield-2023-BI-213898",BOEHRINGER INGELHEIM,"",66,YR,E,M,Y,,"",20240520,"",CN,US,US,237614142,HO,Haematochezia,"",15,C,RYBELSUS,SEMAGLUTIDE,1,"","",,"","","","",,"",,"","","",3
23762184,237621841,1,I,,20240412,20240419,20240419,EXP,"",US-OTSUKA-2024_010861,OTSUKA,"",,"","",M,Y,,"",20240419,"",MD,US,US,237621841,OT,Intracranial mass,"",16,C,OZEMPIC,SEMAGLUTIDE,1,Unknown,UNK,,"","","","",,"",,"","","",7
23762273,237622731,1,I,20220914,20240418,20240418,20240418,DIR,699967,"",FDA-CTU,"",55,YR,"",F,N,101.25,KG,20240418,N,CN,US,"",237622731,HO,Abnormal dreams,"",8,SS,WEGOVY,SEMAGLUTIDE,1,"","",,"","","","",,"",,"","","",3
23763076,237630761,1,I,20240101,20240415,20240419,20240419,PER,"",US-SA-2024SA118367,SANOFI AVENTIS,"",39,YR,A,F,Y,99,KG,20240419,"",MD,US,US,237630761,HO,Surgery,"",4,C,WEGOVY,SEMAGLUTIDE,1,"",UNK,,"",U,"","",,"",,"","","",3
23763668,237636682,2,F,20231101,20240416,20240419,20240423,EXP,"",US-ABBVIE-5721857,ABBVIE,"",43,YR,"",M,Y,136,KG,20240423,"",CN,US,US,237636682,OT,Carpal tunnel syndrome,"",3,C,OZEMPIC,SEMAGLUTIDE,1,"","",,"","","","",,"",,"","","",7
23763670,237636702,2,F,20240101,20240618,20240419,20240621,EXP,"",US-ABBVIE-5720088,ABBVIE,"",67,YR,"",F,Y,75,KG,20240621,"",CN,US,US,237636702,HO,Shoulder arthroplasty,"",28,C,OZEMPIC,SEMAGLUTIDE,1,"","",,"","","","",,"",,"","","",3
23764021,237640211,1,I,20240101,20240408,20240419,20240419,EXP,"",US-ELI_LILLY_AND_COMPANY-US202404004963,ELI LILLY AND CO,"",57,YR,A,M,Y,,"",20240419,"",MD,US,US,237640211,OT,Cholelithiasis,"",2,SS,OZEMPIC,SEMAGLUTIDE,1,Subcutaneous,"1 mg, weekly (1/W)",,"",Y,"","",,"",1,MG,Solution for injection,/WK,7
23764704,237647041,1,I,,20240416,20240420,20240420,PER,"",US-UNITED THERAPEUTICS-UNT-2024-011416,UNITED THERAPEUTICS,"",,"","",M,Y,84.807,KG,20240420,"",CN,US,US,,,Rash pruritic,"",18,C,OZEMPIC,SEMAGLUTIDE,1,Unknown,"",,"","","","",,"",,"","","",
23764977,237649771,1,I,20240201,20240413,20240420,20240420,EXP,"",US-UNITED THERAPEUTICS-UNT-2024-006203,UNITED THERAPEUTICS,"",55,YR,"",F,Y,112.02,KG,20240420,"",CN,US,US,237649771,HO,Infusion site pain,"",22,C,OZEMPIC,SEMAGLUTIDE,1,Unknown,"",,"","","","",,"",,"","","",3
23765162,237651621,1,I,,20240408,20240420,20240420,EXP,"",US-TEVA-VS-3185438,TEVA,"",53,YR,"",F,Y,,"",20240420,"",CN,US,US,237651621,OT,Dyskinesia,"",9,C,OZEMPIC,SEMAGLUTIDE,1,Unknown,"",,"","","","",,"",,"","","",7
23765351,237653511,1,I,,20240410,20240420,20240420,PER,"",US-SA-2024SA115506,SANOFI AVENTIS,"",64,YR,A,F,Y,81.64,KG,20240420,"",MD,US,US,,,Alopecia,"",3,C,OZEMPIC,SEMAGLUTIDE,1,"","",,"",U,"","",,"",,"","","",
23765931,237659311,1,I,20240401,20240410,20240421,20240421,PER,"",US-SA-2024SA115922,SANOFI AVENTIS,"",64,YR,A,F,Y,66.67,KG,20240422,"",MD,US,US,,,Skin exfoliation,"",4,C,OZEMPIC,SEMAGLUTIDE,1,"",UNK,,"",U,"","",,"",,"","","",
23765961,237659611,1,I,,20240415,20240421,20240421,PER,"",US-SA-2024SA117922,SANOFI AVENTIS,"",62,YR,A,F,Y,,"",20240422,"",CN,US,US,,,Accidental exposure to product,"",2,C,OZEMPIC,SEMAGLUTIDE,1,"","",,"",U,"","",,"",,"","","",
23766155,237661551,1,I,20231101,20240418,20240422,20240422,EXP,"",US-ABBVIE-5726925,ABBVIE,"",71,YR,"",F,Y,,"",20240422,"",CN,US,US,237661551,OT,Psoriasis,"",2,C,OZEMPIC,SEMAGLUTIDE,1,"","",,"","","","",,"",,"","","",7
23766415,237664151,1,I,20230401,20240410,20240422,20240422,EXP,"",US-NOVOPROD-1206247,NOVO NORDISK,"",53,YR,"",F,Y,,"",20240422,"",CN,US,US,237664151,OT,Arthritis,"",1,PS,WEGOVY,SEMAGLUTIDE,1,Subcutaneous,UNK,,"",U,"","",,215256,,"",Solution for injection,"",7
23766420,237664202,2,F,,20240503,20240422,20240514,EXP,"",US-NOVOPROD-1203699,NOVO NORDISK,"",,"","",M,Y,,"",20240514,"",HP,US,US,237664202,OT,Intestinal obstruction,"",1,PS,RYBELSUS,SEMAGLUTIDE,1,Oral,"7 mg, qd (QD pill)",,"",Y,"","",,213051,7,MG,Tablet,QD,7
23766423,237664231,1,I,,20240409,20240422,20240422,EXP,"",US-NOVOPROD-1203549,NOVO NORDISK,"",,"","",M,Y,,"",20240422,"",MD,US,US,237664231,HO,Hepatic cirrhosis,"",1,PS,OZEMPIC,SEMAGLUTIDE,1,Subcutaneous,UNK,,"",D,"","",,209637,,"",Solution for injection,"",3
23766424,237664241,1,I,20240329,20240410,20240422,20240422,EXP,"",US-NOVOPROD-1203600,NOVO NORDISK,"",73,YR,"",F,Y,,"",20240422,"",CN,US,US,237664241,HO,Joint injury,"",1,PS,OZEMPIC,SEMAGLUTIDE,1,Subcutaneous,1 mg,,"","","","",,209637,,"",Solution for injection,"",3
23766427,237664271,1,I,,20240410,20240422,20240422,EXP,"",US-NOVOPROD-1204334,NOVO NORDISK,"",,"","",F,Y,,"",20240422,"",CN,US,US,237664271,HO,Hospitalisation,"",1,PS,OZEMPIC,SEMAGLUTIDE,1,Subcutaneous,UNK,,"","","","",,209637,,"",Solution for injection,"",3
23766428,237664281,1,I,,20240410,20240422,20240422,EXP,"",US-NOVOPROD-1203720,NOVO NORDISK,"",,"",A,"",Y,,"",20240422,"",CN,US,US,237664281,HO,Pneumonia,"",1,PS,OZEMPIC,SEMAGLUTIDE,1,Subcutaneous,1.0 mg,,"","","","",,209637,,"",Solution for injection,"",3
23766429,237664291,1,I,,20240410,20240422,20240422,EXP,"",US-NOVOPROD-1205123,NOVO NORDISK,"",,"","",F,Y,,"",20240422,"",MD,US,US,237664291,HO,Deep vein thrombosis,"",1,PS,WEGOVY,SEMAGLUTIDE,1,Subcutaneous,0.5 mg,,"",U,"","",,215256,,"",Solution for injection,"",3
23766446,237664461,1,I,20240327,20240411,20240422,20240422,EXP,"",US-NOVOPROD-1205148,NOVO NORDISK,"",37,YR,"",F,Y,,"",20240422,"",MD,US,US,237664461,HO,Antipsychotic drug level increased,"",1,PS,WEGOVY,SEMAGLUTIDE,1,Subcutaneous,"0.25 mg, qw",,"",Y,"","",,215256,0.25,MG,Solution for injection,/WK,3
23766448,237664481,1,I,20230101,20240410,20240422,20240422,EXP,"",US-NOVOPROD-1205113,NOVO NORDISK,"",,"","",F,Y,,"",20240422,"",HP,US,US,237664481,OT,Drug ineffective,"",1,PS,OZEMPIC,SEMAGLUTIDE,1,Subcutaneous,0.25 mg,,"",D,"","",,209637,0.25,MG,Solution for injection,"",7
23766453,237664531,1,I,20240405,20240411,20240422,20240422,EXP,"",US-NOVOPROD-1206230,NOVO NORDISK,"",,"","",F,Y,,"",20240422,"",CN,US,US,237664531,OT,Macular degeneration,"",1,PS,OZEMPIC,SEMAGLUTIDE,1,Subcutaneous,0.25 mg,,"",U,"","",,209637,,"",Solution for injection,"",7
23766460,237664601,1,I,,20240412,20240422,20240422,EXP,"",US-NOVOPROD-1207109,NOVO NORDISK,"",,"",A,M,Y,,"",20240422,"",HP,US,US,237664601,HO,Renal disorder,"",1,PS,OZEMPIC,SEMAGLUTIDE,1,Subcutaneous,1 mg,,"",U,"","",,209637,,"",Solution for injection,"",3
23766461,237664611,1,I,20240301,20240415,20240422,20240422,EXP,"",US-NOVOPROD-1207103,NOVO NORDISK,"",,"",A,F,Y,,"",20240422,"",CN,US,US,237664611,HO,Ankle operation,"",1,PS,WEGOVY,SEMAGLUTIDE,1,Subcutaneous,0.5 mg,,"",U,"",NZF6S80,,215256,0.5,MG,Solution for injection,"",3
23766466,237664661,1,I,,20240411,20240422,20240422,EXP,"",US-NOVOPROD-1206833,NOVO NORDISK,"",,"",A,F,Y,,"",20240422,"",CN,US,US,237664661,DS,Disability,"",1,PS,OZEMPIC,SEMAGLUTIDE,1,Subcutaneous,UNK,,"",U,"","",,209637,,"",Solution for injection,"",4
23766995,237669951,1,I,20240219,20240408,20240419,20240419,DIR,FDA-CDER-CTU-2024-28552,"",FDA-CTU,"",35,YR,"",F,N,,"",20240408,N,CN,US,"",237669951,OT,Vertigo,"",2,C,OZEMPIC,SEMAGLUTIDE,1,"","",,"","","","",,"",,"","","",7
23768342,237683421,1,I,20240418,20240419,20240419,20240419,DIR,700084,"",FDA-CTU,"",58,YR,"",F,N,,"",20240419,N,CN,US,"",,,Drug ineffective,"",1,PS,OZEMPIC,SEMAGLUTIDE,1,"","",,"","","","",,"",,"","","",
23768788,237687881,1,I,20230401,20230714,20240420,20240420,DIR,FDA-CDER-CTU-2024-28682,"",FDA-CTU,"",40,YR,"",M,N,90.72,KG,20230714,N,HP,US,"",,,Insomnia,"",1,PS,SEMAGLUTIDE,SEMAGLUTIDE,1,"","",,"","","","",,"",,"","INJECTION, SOLUTION","",
23768839,237688391,1,I,20230307,20230713,20240420,20240420,DIR,FDA-CDER-CTU-2024-28672,"",FDA-CTU,"",62,YR,"",M,N,122,KG,20230713,N,PH,US,"",237688391,HO,Cellulitis,"",1,PS,SEMAGLUTIDE,SEMAGLUTIDE,1,Subcutaneous,Frequency : As directed;?,,"","",D,"",,"",0.25,MG,"",UD,3
23768932,237689321,1,I,20240417,20240419,20240419,20240419,DIR,700170,"",FDA-CTU,"",42,YR,"",F,N,89.6,KG,20240419,N,PH,US,"",237689321,OT,Cholecystitis,"",1,PS,SEMAGLUTIDE,SEMAGLUTIDE,1,Subcutaneous,OTHER FREQUENCY : every 7 days;?,,"","","","",,"",,"","",999,7
23768951,237689511,1,I,20211111,20240415,20240422,20240422,EXP,"",US-CHIESI-2024CHF02148,CHIESI,"",50,YR,"",F,Y,100,KG,20240422,"",CN,US,US,237689511,HO,Off label use,"",19,C,OZEMPIC,SEMAGLUTIDE,1,"",UNK,,"","","",UNKNOWN,,"",,"","","",3
23769132,237691321,1,I,20240418,20240420,20240420,20240420,DIR,FDA-CDER-CTU-2024-28898,"",FDA-CTU,"",30,YR,"",F,N,110.68,KG,20240420,N,CN,US,"",237691321,DS,Nausea,"",1,PS,OZEMPIC,SEMAGLUTIDE,1,Subcutaneous,ONCE PER WEEK??GIVEN INTO UNDER THE SKIN?,,"",Y,Y,"",,"",,"","",QW,4
23769661,237696611,1,I,20240115,20240420,20240420,20240420,DIR,700206,"",FDA-CTU,"",37,YR,"",F,N,,"",20240420,N,CN,US,"",237696611,DS,Condition aggravated,"",1,PS,OZEMPIC,SEMAGLUTIDE,1,"","",,"",Y,D,"",,"",,"","","",4
23769679,237696791,1,I,20240414,20240420,20240420,20240420,DIR,700217,"",FDA-CTU,"",61,YR,"",F,N,74.25,KG,20240420,N,CN,US,"",237696791,LT,Diarrhoea,"",1,PS,SEMAGLUTIDE,SEMAGLUTIDE,1,Other,OTHER FREQUENCY : 1x week?OTHER ROUTE : Injection?,,"",N,D,"",20240514,99,,"","",999,2
23769834,237698341,1,I,,20240418,20240422,20240422,EXP,"",US-MYLANLABS-2024M1035954,MYLAN,"Price MZ, Price RL. Treating Schizophrenia and Bipolar I Disorder in the Real-World Setting: Effectiveness and Safety of Olanzapine/Samidorphan Combination. Prim-Care-Companion-CNS-Disord 2024; 26 (2).",45,YR,"",F,Y,,"",20240422,"",HP,US,US,237698341,HO,Weight increased,"",12,SS,SEMAGLUTIDE,SEMAGLUTIDE,1,Unknown,UNK,,"",U,U,"",,"",,"",Unknown,"",3
23769934,237699341,1,I,20230401,20230714,20240421,20240421,DIR,FDA-CDER-CTU-2024-28700,"",FDA-CTU,"",40,YR,"",M,N,90.7,KG,20230714,N,HP,US,"",237699341,HO,Nausea,"",1,PS,SEMAGLUTIDE,SEMAGLUTIDE,1,"","",,"","","","",,"",,"","","",3
23769960,237699601,1,I,20230307,20230713,20240421,20240421,DIR,FDA-CDER-CTU-2024-28692,"",FDA-CTU,"",62,YR,"",M,N,122,KG,20230713,N,HP,US,"",237699601,HO,Sepsis,"",1,PS,SEMAGLUTIDE,SEMAGLUTIDE,1,Subcutaneous,0.25MG UD SQ,,"","",D,"",,"",0.25,MG,"",UNK,3
23769966,237699661,1,I,20230630,20230828,20240421,20240421,DIR,FDA-CDER-CTU-2024-28718,"",FDA-CTU,"",73,YR,"",M,N,,"",20230828,N,HP,US,"",237699661,HO,Diarrhoea,"",1,PS,SEMAGLUTIDE,SEMAGLUTIDE,1,Subcutaneous,0.25 MG QWEEK SQ?,,"",D,D,"",,"",0.25,MG,"",QW,3
23769968,237699681,1,I,20230524,20230828,20240421,20240421,DIR,FDA-CDER-CTU-2024-28755,"",FDA-CTU,"",59,YR,"",M,N,,"",20230828,N,HP,US,"",237699681,HO,Vomiting,"",1,PS,SEMAGLUTIDE,SEMAGLUTIDE,1,"","",,"","","","",,"",,"","","",3
23769974,237699741,1,I,20230524,20230828,20240421,20240421,DIR,FDA-CDER-CTU-2024-28677,"",FDA-CTU,"",59,YR,"",M,N,,"",20230828,N,HP,US,"",237699741,HO,Vomiting,"",1,PS,SEMAGLUTIDE,SEMAGLUTIDE,1,"","",,"","","","",,"",,"","","",3
23770045,237700452,2,F,20240301,20240611,20240422,20240620,EXP,"",US-NOVOPROD-1208235,NOVO NORDISK,"",82,YR,"",M,Y,,"",20240620,"",CN,US,US,237700452,HO,Blood glucose increased,"",1,PS,OZEMPIC,SEMAGLUTIDE,1,Subcutaneous,"0.25 mg, qw",,"",U,"",NZFS72,,209637,0.25,MG,Solution for injection,/WK,3
23770106,237701061,1,I,20230727,20230829,20240421,20240421,DIR,FDA-CDER-CTU-2024-28690,"",FDA-CTU,"",78,YR,"",M,N,112,KG,20230829,N,PH,US,"",237701061,HO,Pancreatitis acute,"",1,PS,SEMAGLUTIDE,SEMAGLUTIDE,1,Subcutaneous,Frequency : Weekly;?,,"",Y,"","",,"",1,MG,"",QW,3
23770107,237701071,1,I,20230615,20230830,20240421,20240421,DIR,FDA-CDER-CTU-2024-28673,"",FDA-CTU,"",69,YR,"",M,N,99,KG,20230830,N,PH,US,"",237701071,HO,Dehydration,"",1,PS,SEMAGLUTIDE,SEMAGLUTIDE,1,Subcutaneous,Frequency : Weekly;?,,"",Y,D,"",,"",1,MG,"",QW,3
23770486,237704861,1,I,,20240419,20240422,20240422,PER,"",US-ELI_LILLY_AND_COMPANY-US202404013634,ELI LILLY AND CO,"",61,YR,A,M,Y,,"",20240422,"",CN,US,US,,,Blood glucose increased,"",3,C,OZEMPIC,SEMAGLUTIDE,1,Unknown,"UNK UNK, unknown",,"","","","",,"",,"","","",
23770608,237706081,1,I,,20240419,20240422,20240422,PER,"",US-ELI_LILLY_AND_COMPANY-US202404013588,ELI LILLY AND CO,"",54,YR,A,F,Y,,"",20240422,"",CN,US,US,,,Blood glucose increased,"",3,SS,OZEMPIC,SEMAGLUTIDE,1,Unknown,"UNK UNK, unknown",,"",U,"","",,"",,"","","",
23771117,237711171,1,I,,20240411,20240423,20240423,EXP,"",US-NOVOPROD-1204776,NOVO NORDISK,"",,"","",F,Y,,"",20240423,"",CN,US,US,237711171,HO,Off label use,"",1,PS,OZEMPIC,SEMAGLUTIDE,1,Subcutaneous,0.5 mg,,"",U,"","",,209637,,"",Solution for injection,"",3
23771119,237711191,1,I,,20240415,20240423,20240423,EXP,"",US-NOVOPROD-1207105,NOVO NORDISK,"",,"","",M,Y,,"",20240423,"",CN,US,US,237711191,OT,Cataract,"",1,PS,OZEMPIC,SEMAGLUTIDE,1,Subcutaneous,1 mg,,"",U,"",NAR0340,,209637,,"",Solution for injection,"",7
23771120,237711201,1,I,20240409,20240412,20240423,20240423,EXP,"",US-NOVOPROD-1206816,NOVO NORDISK,"",56,YR,"",F,Y,,"",20240423,"",CN,US,US,237711201,OT,Atypical pneumonia,"",1,PS,OZEMPIC,SEMAGLUTIDE,1,"","",,"",U,"","",,209637,,"",Solution for injection,"",7
23771121,237711211,1,I,20240316,20240412,20240423,20240423,EXP,"",US-NOVOPROD-1206870,NOVO NORDISK,"",65,YR,"",F,Y,,"",20240423,"",CN,US,US,237711211,OT,Injection site swelling,"",1,PS,OZEMPIC,SEMAGLUTIDE,1,Subcutaneous,"1 mg, qw",,"",N,"","",,209637,1,MG,Solution for injection,/WK,7
23771124,237711242,2,F,20240409,20240529,20240423,20240607,EXP,"",US-NOVOPROD-1206391,NOVO NORDISK,"",64,YR,"",M,Y,,"",20240607,"",CN,US,US,237711242,OT,Rotator cuff syndrome,"",1,PS,OZEMPIC,SEMAGLUTIDE,1,Subcutaneous,"1 mg, qw",,"",Y,"","",,209637,1,MG,Solution for injection,/WK,7
23771128,237711281,1,I,,20240412,20240423,20240423,EXP,"",US-NOVOPROD-1207515,NOVO NORDISK,"",,"","",M,Y,,"",20240423,"",CN,US,US,237711281,DS,Renal transplant,"",1,PS,OZEMPIC,SEMAGLUTIDE,1,Subcutaneous,UNK,,"",U,"","",,209637,,"",Solution for injection,"",4
23771131,237711311,1,I,20240101,20240415,20240423,20240423,EXP,"",US-NOVOPROD-1207102,NOVO NORDISK,"",72,YR,"",M,Y,,"",20240423,"",CN,US,US,237711311,HO,Heart rate irregular,"",1,PS,RYBELSUS,SEMAGLUTIDE,1,Oral,"14 mg, qd",,"","","",NA41926,,213051,14,MG,Tablet,QD,3
23771132,237711321,1,I,,20240412,20240423,20240423,EXP,"",US-NOVOPROD-1206516,NOVO NORDISK,"",,"","",F,Y,,"",20240423,"",CN,US,US,237711321,OT,Nerve injury,"",2,SS,OZEMPIC,SEMAGLUTIDE,1,Subcutaneous,UNK,,"",U,"","",,"",,"",Solution for injection,"",7
23771642,237716422,2,F,20240301,20240424,20240423,20240507,EXP,"",US-SPECGX-T202400931,SPECGX,"",55,YR,"",M,Y,,"",20240507,"",CN,US,US,237716422,HO,Infection,"",10,C,OZEMPIC,SEMAGLUTIDE,1,Unknown,UNK,,"","","","",,"",,"","","",3
23772582,237725821,1,I,20240418,20240419,20240423,20240423,PER,"",US-AMGEN-USASP2024080786,AMGEN,"",60,YR,A,M,Y,,"",20240423,"",CN,US,US,,,Product storage error,"",3,C,OZEMPIC,SEMAGLUTIDE,1,"",UNK,,"","","","",,"",,"","","",
23772663,237726631,1,I,,20240422,20240423,20240423,PER,"",US-ELI_LILLY_AND_COMPANY-US202404014217,ELI LILLY AND CO,"",59,YR,A,F,Y,,"",20240423,"",CN,US,US,,,Impaired gastric emptying,"",2,SS,OZEMPIC,SEMAGLUTIDE,1,Unknown,"UNK UNK, unknown",,"",U,"","",,"",,"","","",
23773241,237732411,1,I,,20240417,20240423,20240423,EXP,"",US-PFIZER INC-202400090911,PFIZER,"",67,YR,"",F,Y,,"",20240423,"",HP,US,US,237732411,OT,Syncope,"",10,C,OZEMPIC,SEMAGLUTIDE,1,"",UNK,,"","","","",,"",,"","","",7
23773667,237736671,1,I,,20240415,20240423,20240423,PER,"",US-SA-2024SA119235,SANOFI AVENTIS,"",,"",E,F,Y,,"",20240423,"",MD,US,US,,,Arthralgia,"",10,C,OZEMPIC,SEMAGLUTIDE,1,"","",,"",U,"","",,"",,"","","",
23773744,237737441,1,I,,20240419,20240423,20240423,PER,"",US-SA-2024SA122174,SANOFI AVENTIS,"",72,YR,E,F,Y,,"",20240423,"",CN,US,US,,,Intentional dose omission,"",2,C,OZEMPIC,SEMAGLUTIDE,1,"","",,"",U,"","",,"",,"","","",
23774420,237744201,1,I,20240422,20240422,20240423,20240423,PER,"",US-AMGEN-USASP2024080948,AMGEN,"",68,YR,E,F,Y,,"",20240423,"",CN,US,US,,,Accidental exposure to product,"",3,C,OZEMPIC,SEMAGLUTIDE,1,"","",,"","","","",,"",,"","","",
23774803,237748031,1,I,,20240419,20240423,20240423,PER,"",US-PFIZER INC-PV202400052998,PFIZER,"",81,YR,"",F,Y,,"",20240423,"",HP,US,US,,,Neutrophil count decreased,"",6,C,OZEMPIC,SEMAGLUTIDE,1,"",1 mg per dose (1x4mg pen),,"","","","",,"",1,MG,"","",
23774811,237748113,3,F,,20240515,20240423,20240516,PER,"",US-PFIZER INC-PV202400053100,PFIZER,"",51,YR,"",F,Y,,"",20240516,"",CN,US,US,237748113,OT,Leukopenia,"",11,C,WEGOVY,SEMAGLUTIDE,1,"",UNK,,"","","","",,"",,"",Injection,"",7
23774944,237749441,1,I,20240409,20240423,20240423,20240423,DIR,700457,"",FDA-CTU,"",42,YR,"",F,N,,"",20240423,N,HP,US,"",237749441,HO,Nephrolithiasis,"",9,C,RYBELSUS,SEMAGLUTIDE,1,"","",,"","","","",,"",,"","","",3
23775024,237750241,1,I,20230614,20230626,20240423,20240423,DIR,FDA-CDER-CTU-2024-29210,"",FDA-CTU,"",73,YR,"",M,N,81.6,KG,20230626,N,PH,US,"",,,Nausea,"",1,PS,SEMAGLUTIDE,SEMAGLUTIDE,1,"","",,"","","","",,"",,"","","",
23775239,237752391,1,I,20240320,20240328,20240423,20240423,PER,"",US-LEX-000227,LEXICON PHARMACEUTICALS,"",79,YR,"",M,Y,,"",20240423,"",CN,US,US,,,Rash erythematous,"",6,C,OZEMPIC,SEMAGLUTIDE,1,"","",,"","","","",,"",,"","","",
23775636,237756364,4,F,20240501,20240606,20240423,20240621,EXP,"",US-BEH-2024170736,CSL BEHRING,"",64,YR,A,F,Y,,"",20240621,"",CN,US,US,237756364,OT,Infusion site swelling,"",18,C,RYBELSUS,SEMAGLUTIDE,1,"","",,"","","","",,"",,"",Tablet,"",7
23775776,237757761,1,I,,20240417,20240423,20240423,EXP,"",US-AMGEN-USASP2024078083,AMGEN,"",,"",A,F,Y,,"",20240423,"",HP,US,US,237757761,OT,Cerebrospinal fluid leakage,"",11,C,OZEMPIC,SEMAGLUTIDE,1,"",2/1.5 milligram,,"","","","",,"",,"",Injection,"",7
23776019,237760191,1,I,20240329,20240413,20240424,20240424,EXP,"",US-ACADIA PHARMACEUTICALS INC.-ACA-2024-PIM-001884,ACADIA PHARMACEUTICALS,"",61,YR,"",M,Y,,"",20240424,"",CN,US,US,237760191,HO,Asthenia,"",25,C,OZEMPIC,SEMAGLUTIDE,1,"",8 mg/3 mL,,"","","","",,"",,"","","",3
23776024,237760241,1,I,20240101,20240411,20240424,20240424,EXP,"",US-NOVOPROD-1207177,NOVO NORDISK,"",59,YR,"",F,Y,,"",20240424,"",CN,US,ZA,237760241,LT,Gastroenteritis salmonella,"",1,PS,WEGOVY,SEMAGLUTIDE,1,"",0.5 (restart ),,"","","",NZF6S80,,215256,,"",Solution for injection,"",2
23776032,237760321,1,I,,20240415,20240424,20240424,EXP,"",US-NOVOPROD-1207182,NOVO NORDISK,"",,"",A,M,Y,,"",20240424,"",CN,US,US,237760321,OT,Rotator cuff syndrome,"",1,PS,OZEMPIC,SEMAGLUTIDE,1,Subcutaneous,"2 mg ,qw",,"",U,"",NAR0232,,209637,2,MG,Solution for injection,/WK,7
23776035,237760352,2,F,,20240603,20240424,20240611,EXP,"",US-NOVOPROD-1207213,NOVO NORDISK,"",,"","",M,Y,,"",20240612,"",CN,US,US,237760352,HO,Bronchitis,"",1,PS,OZEMPIC,SEMAGLUTIDE,1,Subcutaneous,UNK,,"",U,"","",,209637,,"",Solution for injection,"",3
23776037,237760371,1,I,20230101,20240415,20240424,20240424,EXP,"",US-NOVOPROD-1207071,NOVO NORDISK,"",51,YR,"",F,Y,,"",20240424,"",CN,US,US,237760371,OT,Colitis,"",1,PS,OZEMPIC,SEMAGLUTIDE,1,Subcutaneous,"1 mg, qw",,"",Y,"","",,209637,1,MG,Solution for injection,/WK,7
23776039,237760391,1,I,,20240415,20240424,20240424,EXP,"",US-NOVOPROD-1206974,NOVO NORDISK,"",,"","",M,Y,,"",20240424,"",CN,US,US,237760391,OT,Wrong technique in product usage process,"",1,PS,OZEMPIC,SEMAGLUTIDE,1,Subcutaneous,UNK,,"",N,"","",,209637,,"",Solution for injection,"",7
23776040,237760401,1,I,20220101,20240415,20240424,20240424,EXP,"",US-NOVOPROD-1207056,NOVO NORDISK,"",68,YR,"",F,Y,,"",20240424,"",CN,US,US,237760401,HO,Heart rate decreased,"",1,PS,OZEMPIC,SEMAGLUTIDE,1,Subcutaneous,"0.5 mg, qw",,"","","","",,209637,0.5,MG,Solution for injection,/WK,3
23776057,237760571,1,I,,20240418,20240424,20240424,EXP,"",US-NOVOPROD-1208550,NOVO NORDISK,"",,"","",M,Y,,"",20240424,"",CN,US,US,237760571,HO,Carotid artery bypass,"",1,PS,OZEMPIC,SEMAGLUTIDE,1,Subcutaneous,UNK,,"",U,"","",,209637,,"",Solution for injection,"",3
23776062,237760621,1,I,20240412,20240415,20240424,20240424,EXP,"",US-NOVOPROD-1207853,NOVO NORDISK,"",74,YR,"",F,Y,,"",20240424,"",CN,US,US,237760621,OT,Corneal transplant,"",1,PS,OZEMPIC,SEMAGLUTIDE,1,Subcutaneous,"0.5 mg, qw",,"",U,"","",,209637,0.5,MG,Solution for injection,/WK,7
23776063,237760631,1,I,20230701,20240417,20240424,20240424,EXP,"",US-NOVOPROD-1207838,NOVO NORDISK,"",48,YR,"","",Y,,"",20240424,"",CN,US,US,237760631,HO,Pulmonary embolism,"",1,PS,WEGOVY,SEMAGLUTIDE,1,Subcutaneous,"2.4 mg, qw",,"","","","",,215256,2.4,MG,Solution for injection,/WK,3
23777088,237770882,2,F,,20240425,20240424,20240501,PER,"",US-BIOGEN-2023BI01194630,BIOGEN,"",,"","",F,Y,,"",20240501,"",CN,US,US,,,Illness,"",3,C,OZEMPIC,SEMAGLUTIDE,1,Other,"",,"","","","",,"",,"",Unknown,"",
23777359,237773591,1,I,20240229,20240410,20240423,20240423,DIR,FDA-CDER-CTU-2024-29243,"",FDA-CTU,"",71,YR,"",F,N,98.43,KG,20240410,N,CN,US,"",,,Gait disturbance,"",1,PS,OZEMPIC,SEMAGLUTIDE,1,Intravenous (not otherwise specified),Frequency : Weekly;?,,"","","",00301694181137,20251031,"",,"",Injection,QW,
23777659,237776591,1,I,20240423,20240423,20240423,20240423,DIR,700561,"",FDA-CTU,"",49,YR,"",F,N,,"",20240423,N,HP,US,"",,,Incorrect dose administered,"",1,PS,CYANOCOBALAMIN\GLYCINE\SEMAGLUTIDE,CYANOCOBALAMIN\GLYCINE\SEMAGLUTIDE,1,Subcutaneous,OTHER FREQUENCY : weekly;?,,"",Y,N,LG5062380,20240524,99,0.05,ML,"",999,
23777693,237776932,2,F,,20240418,20240424,20240429,EXP,US-MLMSERVICE-20240409-PI019366-00246-1,US-RDY-SPO/USA/24/0006020,DR REDDYS,"Price MZ, Price RL. Treating Schizophrenia and Bipolar I Disorder in the Real-World Setting: Effectiveness and Safety of Olanzapine/Samidorphan Combination. The primary care companion for CNS disorders. 2024;26(2):23cr03666. DOI: 10.4088/PCC.23cr03666.",45,YR,A,F,Y,,"",20240429,"",MD,US,US,237776932,OT,Impaired gastric emptying,"",6,SS,SEMAGLUTIDE,SEMAGLUTIDE,1,"","",,"",U,"",Unknown,,"",,"","","",7
23777744,237777441,1,I,20230228,20240423,20240423,20240423,DIR,700479,"",FDA-CTU,"",84,YR,"",UNK,N,117,KG,20240423,N,CN,US,"",,,Vomiting,"",1,PS,WEGOVY,SEMAGLUTIDE,1,Intramuscular,OTHER QUANTITY : 1 Injection(s);?OTHER FREQUENCY : once/week;?,,"",N,D,"",20240430,"",,"","",999,
23777979,237779791,1,I,20240416,20240423,20240423,20240423,DIR,700584,"",FDA-CTU,"",61,YR,"",F,N,118.8,KG,20240423,N,CN,US,"",,,Ileus paralytic,"",1,PS,OZEMPIC,SEMAGLUTIDE,1,Subcutaneous,OTHER QUANTITY : 1 Injection(s)?OTHER FREQUENCY : Weekly?,,"",N,D,NAR0213,20250630,"",,"","",999,
23778045,237780451,1,I,20231218,20240423,20240423,20240423,DIR,700575,"",FDA-CTU,"",54,YR,"",F,N,76.5,KG,20240423,N,CN,US,"",237780451,HO,Pneumonia aspiration,"",1,PS,OZEMPIC,SEMAGLUTIDE,1,"","",,"",Y,N,"",,99,,"","","",3
23778419,237784193,3,F,20240416,20240606,20240424,20240612,EXP,"",US-009507513-2404USA008640,MERCK,"",63,YR,"",F,Y,75,KG,20240612,"",PH,US,US,237784193,OT,Hepatotoxicity,"",10,C,SEMAGLUTIDE,SEMAGLUTIDE,1,Subcutaneous,"0.5 milligram, qw",,"","","","",,"",0.5,MG,"",/WK,7
23778681,237786811,1,I,20240401,20240419,20240424,20240424,EXP,"",US-SA-2024SA124530,SANOFI AVENTIS,"",54,YR,A,F,Y,,"",20240424,"",MD,US,US,237786811,DS,Gait disturbance,"",2,C,OZEMPIC,SEMAGLUTIDE,1,"",UNK,,"",U,"","",,"",,"","","",4
23779092,237790921,1,I,,20240424,20240424,20240424,DIR,700663,"",FDA-CTU,"",56,YR,"",F,N,101.25,KG,20240424,N,MD,US,"",237790921,OT,Suicidal ideation,"",1,PS,OZEMPIC,SEMAGLUTIDE,1,Subcutaneous,OTHER FREQUENCY : weekly;?,,"",Y,Y,"",,"",0.5,MG,"",999,7
23779094,237790941,1,I,20240423,20240424,20240424,20240424,DIR,700646,"",FDA-CTU,"",58,YR,"",F,N,,"",20240424,N,HP,US,"",,,Vomiting,"",1,PS,CYANOCOBALAMIN\SEMAGLUTIDE,CYANOCOBALAMIN\SEMAGLUTIDE,1,Subcutaneous,OTHER FREQUENCY : weekly;?,,"",Y,N,LG5061923,20240618,99,0.25,ML,"",999,
23779285,237792851,1,I,20240421,20240424,20240424,20240424,DIR,700673,"",FDA-CTU,"",69,YR,"",F,N,81.6,KG,20240424,Y,HP,US,"",,,Therapy interrupted,"",1,PS,SEMAGLUTIDE,SEMAGLUTIDE,1,"","",,"",Y,D,"",,"",,"","","",
23779546,237795461,1,I,,20240415,20240424,20240424,PER,"",US-SA-2024SA119514,SANOFI AVENTIS,"",,"",A,M,Y,99.33,KG,20240424,"",MD,US,US,,,Injection site bruising,"",2,C,OZEMPIC,SEMAGLUTIDE,1,"",ozempic 1/0.75 (3) pen injctr,,"",U,"","",,"",,"","","",
23779584,237795841,1,I,20240101,20240419,20240424,20240424,PER,"",US-SA-2024SA124065,SANOFI AVENTIS,"",,"","",F,Y,,"",20240424,"",CN,US,US,,,Off label use,"",2,C,OZEMPIC,SEMAGLUTIDE,1,"",UNK,,"",U,"","",,"",,"","","",
23779712,237797121,1,I,,20240423,20240424,20240424,PER,"",US-BRISTOL-MYERS SQUIBB COMPANY-2024-064499,BRISTOL MYERS SQUIBB,"",79,YR,E,F,Y,,"",20240424,"",CN,US,US,,,Malaise,"",2,SS,RYBELSUS,SEMAGLUTIDE,1,"","",,"","","",Unknown,,"",,"","","",
23779930,237799301,1,I,,20240424,20240424,20240424,PER,"",US-ELI_LILLY_AND_COMPANY-US202404015761,ELI LILLY AND CO,"",,"","",F,Y,,"",20240424,"",CN,US,US,,,Hunger,"",5,C,RYBELSUS,SEMAGLUTIDE,1,Unknown,"UNK, unknown",,"","","","",,"",,"","","",
23780011,237800111,1,I,20240324,20240417,20240424,20240424,EXP,"",US-UNITED THERAPEUTICS-UNT-2024-008855,UNITED THERAPEUTICS,"",56,YR,"",F,Y,112.02,KG,20240424,"",CN,US,US,237800111,HO,Influenza,"",23,C,OZEMPIC,SEMAGLUTIDE,1,Unknown,UNK,,"","","","",,"",,"","","",3
23780019,237800191,1,I,20240327,20240416,20240424,20240424,EXP,"",US-UNITED THERAPEUTICS-UNT-2024-009758,UNITED THERAPEUTICS,"",62,YR,"",F,Y,71.202,KG,20240424,"",CN,US,US,237800191,HO,Dyspnoea,"",7,C,OZEMPIC,SEMAGLUTIDE,1,Unknown,"",,"","","","",,"",,"","","",3
23780215,237802151,1,I,,20240418,20240424,20240424,EXP,"",US-STRIDES ARCOLAB LIMITED-2024SP004761,STRIDES,"Price MZ, Price RL.. Treating Schizophrenia and Bipolar I Disorder in the Real-World Setting: Effectiveness and Safety of Olanzapine/Samidorphan Combination.. Prim-Care-Companion-CNS-Disord. 2024;26 (2)",45,YR,"",F,Y,,"",20240425,"",HP,US,US,237802151,OT,Nausea,"",5,SS,SEMAGLUTIDE,SEMAGLUTIDE,1,Unknown,UNK,,"",U,U,"",,"",,"","","",7
23780717,237807171,1,I,20240101,20240415,20240425,20240425,EXP,"",US-NOVOPROD-1208275,NOVO NORDISK,"",59,YR,"",M,Y,,"",20240425,"",CN,US,US,237807171,OT,Depression,"",1,PS,OZEMPIC,SEMAGLUTIDE,1,Subcutaneous,"2 mL, qw",198.682,ML,Y,"","",,209637,2,ML,Solution for injection,/WK,7
23780765,237807651,1,I,,20240416,20240425,20240425,EXP,"",US-NOVOPROD-1208528,NOVO NORDISK,"",,"","",F,Y,,"",20240425,"",HP,US,US,237807651,OT,Small intestinal obstruction,"",1,PS,WEGOVY,SEMAGLUTIDE,1,Subcutaneous,0.25 mg,,"",Y,"","",,215256,,"",Solution for injection,"",7
23780774,237807741,1,I,,20240416,20240425,20240425,EXP,"",US-NOVOPROD-1207889,NOVO NORDISK,"",64,YR,"",F,Y,,"",20240425,"",CN,US,US,237807741,OT,Seizure,"",1,PS,WEGOVY,SEMAGLUTIDE,1,Subcutaneous,2.4 mg,,"",U,"",PZF8P63,,215256,,"",Solution for injection,"",7
23780776,237807761,1,I,20240101,20240416,20240425,20240425,EXP,"",US-NOVOPROD-1207843,NOVO NORDISK,"",,"",E,F,Y,,"",20240425,"",CN,US,US,237807761,OT,Dizziness,"",1,PS,OZEMPIC,SEMAGLUTIDE,1,Subcutaneous,UNK,,"",Y,"","",,209637,,"",Solution for injection,"",7
23780781,237807811,1,I,,20240416,20240425,20240425,EXP,"",US-NOVOPROD-1208537,NOVO NORDISK,"",69,YR,"",M,Y,,"",20240425,"",PH,US,US,237807811,OT,Gastric cancer,"",1,PS,WEGOVY,SEMAGLUTIDE,1,Subcutaneous,UNK,,"",N,"","",,215256,,"",Solution for injection,"",7
23780782,237807821,1,I,20220401,20240415,20240425,20240425,EXP,"",US-NOVOPROD-1208363,NOVO NORDISK,"",,"","","",Y,,"",20240425,"",CN,US,US,237807821,OT,Biliary colic,"",1,PS,OZEMPIC,SEMAGLUTIDE,1,Subcutaneous,UNK,,"",U,"","",,209637,,"",Solution for injection,"",7
23780793,237807931,1,I,20231101,20240417,20240425,20240425,EXP,"",US-NOVOPROD-1209427,NOVO NORDISK,"",84,YR,"",M,Y,,"",20240425,"",CN,US,US,237807931,OT,Localised infection,"",1,PS,OZEMPIC,SEMAGLUTIDE,1,Subcutaneous,"0.5 mg, qw",,"","","",PZF8S57,,209637,0.5,MG,Solution for injection,/WK,7
23780895,237808951,1,I,,20240221,20240425,20240425,PER,"",US-SUN PHARMACEUTICAL INDUSTRIES LTD-2024R1-433872,RANBAXY,"",,"","",M,Y,,"",20240425,"",CN,US,US,,,Diarrhoea,"",12,C,OZEMPIC,SEMAGLUTIDE,1,Unknown,UNK,,"","","","",,"",,"",Injection,"",
23781888,237818881,1,I,,20240422,20240425,20240425,EXP,"",US-ABBVIE-5731816,ABBVIE,"",,"","",F,Y,,"",20240425,"",CN,US,US,237818881,OT,Skin exfoliation,"",2,C,WEGOVY,SEMAGLUTIDE,1,"","",,"","","","",,"",,"","","",7
23783651,237836511,1,I,20230413,20230621,20240424,20240424,DIR,FDA-CDER-CTU-2024-29454,"",FDA-CTU,"",67,YR,"",M,N,,"",20230621,N,PH,US,"",237836511,HO,Diarrhoea,"",1,PS,SEMAGLUTIDE,SEMAGLUTIDE,1,"","",,"","","","",,"",,"","","",3
23783652,237836521,1,I,20240419,20240422,20240424,20240424,DIR,FDA-CDER-CTU-2024-29691,"",FDA-CTU,"",60,YR,"",M,N,,"",20240422,N,PH,US,"",,,Decreased appetite,"",1,PS,OZEMPIC,SEMAGLUTIDE,1,Subcutaneous,Frequency : Weekly;?,,"",Y,"","",,"",0.5,MG,"",QW,
23784061,237840611,1,I,20240401,20240417,20240425,20240425,PER,"",US-SA-2024SA123586,SANOFI AVENTIS,"",68,YR,E,F,Y,,"",20240425,"",MD,US,US,,,Product use in unapproved indication,"",9,C,WEGOVY,SEMAGLUTIDE,1,"",UNK,,"",U,"","",,"",,"","","",
23784441,237844411,1,I,20240414,20240425,20240425,20240425,DIR,700766,"",FDA-CTU,"",65,YR,"",M,N,76.5,KG,20240425,N,CN,US,"",237844411,HO,Nausea,"",1,PS,OZEMPIC,SEMAGLUTIDE,1,"","",,"",Y,D,"",,"",,"","","",3
23784445,237844451,1,I,20240425,20240425,20240425,20240425,DIR,700802,"",FDA-CTU,"",38,YR,"",F,N,97.65,KG,20240425,N,PH,US,"",237844451,DS,Alopecia,"",1,PS,WEGOVY,SEMAGLUTIDE,1,Subcutaneous,OTHER FREQUENCY : weekly;?,,"",D,D,"",,"",2.4,MG,"",999,4
23784461,237844611,1,I,20220101,20240412,20240425,20240425,PER,"",US-SA-2024SA117581,SANOFI AVENTIS,"",54,YR,A,F,Y,,"",20240425,"",HP,US,US,,,Dyshidrotic eczema,"",3,C,RYBELSUS,SEMAGLUTIDE,1,"","",,"",U,"","",,"",,"","",QD,
23785081,237850811,1,I,,20230711,20240425,20240425,EXP,"",US-NOVOPROD-1192271,NOVO NORDISK,"",,"","","",Y,,"",20240425,"",CN,US,US,237850811,OT,Accident at work,"",1,PS,OZEMPIC,SEMAGLUTIDE,1,Subcutaneous,0.25,,"","","","",,209637,,"",Solution for injection,"",7
23785088,237850881,1,I,,20240412,20240425,20240425,EXP,"",US-NOVOPROD-1209835,NOVO NORDISK,"",,"","",F,Y,,"",20240425,"",CN,US,US,237850881,OT,Product use in unapproved indication,"",1,PS,OZEMPIC,SEMAGLUTIDE,1,Subcutaneous,2 mg,,"","","","",,209637,,"",Solution for injection,"",7
23785090,237850901,1,I,,20230719,20240425,20240425,EXP,"",US-NOVOPROD-1193384,NOVO NORDISK,"",62,YR,"","",Y,,"",20240425,"",CN,US,US,237850901,OT,Cerebrovascular accident,"",1,PS,OZEMPIC,SEMAGLUTIDE,1,Subcutaneous,UNK,,"",U,"","",,209637,,"",Solution for injection,"",7
23785150,237851501,1,I,20240424,20240425,20240425,20240425,DIR,700846,"",FDA-CTU,"",60,YR,"",M,N,,"",20240425,N,HP,US,"",,,Vomiting,"",1,PS,CYANOCOBALAMIN\GLYCINE\SEMAGLUTIDE,CYANOCOBALAMIN\GLYCINE\SEMAGLUTIDE,1,Subcutaneous,0.3 ML WEEKLY SUBCUTANEOUS ?,,"",D,D,LG5063782,20240711,99,0.3,ML,"",QW,
23786457,237864572,2,F,20240409,20240422,20240426,20240429,PER,"",US-BRISTOL-MYERS SQUIBB COMPANY-2024-064555,BRISTOL MYERS SQUIBB,"",,"","",M,Y,74.84,KG,20240429,"",CN,US,US,237864572,OT,Internal haemorrhage,"",25,C,RYBELSUS,SEMAGLUTIDE,1,"","",,"",U,"","",,"",,"","","",7
23787046,237870461,1,I,20240330,20240418,20240426,20240426,EXP,"",US-ALXN-202404USA001506US,ALEXION PHARMACEUTICALS,"",52,YR,"",F,Y,,"",20240426,"",CN,US,US,237870461,HO,Anaemia,"",3,C,OZEMPIC,SEMAGLUTIDE,1,Unknown,UNK,,"","","","",,"",,"","","",3
23787461,237874611,1,I,,20240419,20240426,20240426,PER,"",US-UNITED THERAPEUTICS-UNT-2024-011902,UNITED THERAPEUTICS,"",,"","",M,Y,167.8,KG,20240426,"",CN,US,US,,,Product dose omission issue,"",21,C,OZEMPIC,SEMAGLUTIDE,1,Unknown,"",,"","","","",,"",,"","","",
23788276,237882761,1,I,,20240416,20240426,20240426,EXP,"",US-UNITED THERAPEUTICS-UNT-2024-006298,UNITED THERAPEUTICS,"",,"","",F,Y,179.4,KG,20240426,"",CN,US,US,237882761,OT,Secretion discharge,"",8,C,OZEMPIC,SEMAGLUTIDE,1,Unknown,UNK,,"","","","",,"",,"","","",7
23788568,237885681,1,I,20240413,20240423,20240426,20240426,PER,"",US-AstraZeneca-2024A097470,ASTRAZENECA,"",63,YR,"",F,Y,,"",20240426,"",CN,US,"",,,Intentional dose omission,"",2,C,RYBELSUS,SEMAGLUTIDE,1,"","",,"","","","",,"",,"","","",
23788970,237889701,1,I,,20240418,20240426,20240426,EXP,"",US-APOTEX-2024AP005146,APOTEX,"Price MZ, Price RL.. Treating Schizophrenia and Bipolar I Disorder in the Real-World Setting: Effectiveness and Safety of Olanzapine/Samidorphan Combination. Primary Care Companion for CNS Disorders. 2024;26 (2) 23cr0366:e1-e2",45,YR,"",F,Y,68.027,KG,20240426,"",HP,US,US,237889701,OT,Treatment failure,"",20,SS,SEMAGLUTIDE,SEMAGLUTIDE,1,Unknown,UNK,,"",U,"","",,"",,"","","",7
23788986,237889861,1,I,,20240417,20240426,20240426,PER,"",US-UNITED THERAPEUTICS-UNT-2024-011619,UNITED THERAPEUTICS,"",,"","",F,Y,111.11,KG,20240426,"",HP,US,US,,,Treatment noncompliance,"",6,C,WEGOVY,SEMAGLUTIDE,1,Unknown,UNK,,"","","","",,"",,"","","",
23789237,237892371,1,I,20240301,20240425,20240425,20240425,DIR,700855,"",FDA-CTU,"",49,YR,"",F,N,,"",20240425,N,HP,US,"",237892371,HO,Renal failure,"",7,C,OZEMPIC,SEMAGLUTIDE,1,"","",,"","","","",,"",,"","","",3
23789612,237896121,1,I,20230101,20230714,20240426,20240426,PER,"",US-SEATTLE GENETICS-2023SGN07593,SEATTLE GENETICS,"",,"","",F,Y,,"",20240426,"",PH,US,US,,,Gastrointestinal toxicity,"",2,SS,OZEMPIC,SEMAGLUTIDE,1,Unknown,"",,"",U,"","",,"",,"","","",
23789932,237899321,1,I,20240129,20240307,20240424,20240424,DIR,FDA-CDER-CTU-2024-30303,"",FDA-CTU,"",85,YR,"",M,N,,"",20240307,N,HP,US,"",237899321,HO,Dizziness,"",1,PS,SEMAGLUTIDE,SEMAGLUTIDE,1,Subcutaneous,0.5 MG QWEEK SQ,,"",Y,"","",,"",0.5,MG,"",QW,3
23790381,237903814,4,F,20240321,20240617,20240427,20240621,EXP,"",US-JAZZ PHARMACEUTICALS-2024-US-003571,JAZZ,"",56,YR,"",M,Y,,"",20240621,"",MD,US,US,237903814,OT,Sleep deficit,"",20,C,OZEMPIC,SEMAGLUTIDE,1,"",0.25-0.5 MG/DOSE PEN,,"","","","",,"",,"","","",7
23790892,237908921,1,I,20230601,20240419,20240427,20240427,EXP,"",US-AMGEN-USASP2024079784,AMGEN,"",70,YR,E,F,Y,,"",20240427,"",CN,US,US,237908921,OT,Blood creatinine increased,"",6,C,OZEMPIC,SEMAGLUTIDE,1,Subcutaneous,"",,"","","","",,"",,"","","",7
23791373,237913731,1,I,,20240415,20240429,20240429,EXP,"",US-NOVOPROD-1208742,NOVO NORDISK,"",,"",A,F,Y,136.05,KG,20240429,"",CN,US,US,237913731,OT,Dyscalculia,"",1,PS,OZEMPIC,SEMAGLUTIDE,1,Subcutaneous,"2.0 mg, qw",,"",U,"","",,209637,2,MG,Solution for injection,/WK,7
23791445,237914451,1,I,20230101,20240416,20240429,20240429,EXP,"",US-NOVOPROD-1207849,NOVO NORDISK,"",,"","",M,Y,,"",20240429,"",CN,US,US,237914451,HO,Diarrhoea,"",1,PS,OZEMPIC,SEMAGLUTIDE,1,Subcutaneous,"1 mg, qw",,"",D,"","",,209637,1,MG,Solution for injection,/WK,3
23791446,237914461,1,I,,20240416,20240429,20240429,EXP,"",US-NOVOPROD-1208326,NOVO NORDISK,"",,"","",F,Y,,"",20240429,"",CN,US,US,237914461,OT,Abdominoplasty,"",1,PS,OZEMPIC,SEMAGLUTIDE,1,Subcutaneous,2 mg,,"",U,"","",,209637,,"",Solution for injection,"",7
23791453,237914531,1,I,,20240416,20240429,20240429,EXP,"",US-NOVOPROD-1207643,NOVO NORDISK,"",,"","",F,Y,,"",20240429,"",MD,US,US,237914531,HO,Cholelithotomy,"",1,PS,OZEMPIC,SEMAGLUTIDE,1,Subcutaneous,"0.5 mg, qw",,"","","","",,209637,0.5,MG,Solution for injection,/WK,3
23791505,237915051,1,I,20240401,20240417,20240429,20240429,EXP,"",US-NOVOPROD-1207896,NOVO NORDISK,"",,"","",F,Y,,"",20240429,"",MD,US,US,237915051,OT,Pancreatic carcinoma,"",1,PS,OZEMPIC,SEMAGLUTIDE,1,Subcutaneous,Unk,,"",N,"","",,209637,,"",Solution for injection,"",7
23791514,237915141,1,I,20240401,20240417,20240429,20240429,EXP,"",US-NOVOPROD-1208271,NOVO NORDISK,"",77,YR,"",M,Y,,"",20240429,"",CN,US,US,237915141,OT,Abdominal distension,"",1,PS,OZEMPIC,SEMAGLUTIDE,1,Subcutaneous,0.25 mg,,"",U,"","",,209637,,"",Solution for injection,"",7
23791517,237915172,2,F,20240401,20240514,20240429,20240524,EXP,"",US-NOVOPROD-1207898,NOVO NORDISK,"",84,YR,"",M,Y,,"",20240524,"",MD,US,US,237915172,HO,Back pain,"",1,PS,OZEMPIC,SEMAGLUTIDE,1,Subcutaneous,"1 mg, qw",,"","","",PAR0022,,209637,1,MG,Solution for injection,/WK,3
23791608,237916081,1,I,,20240417,20240429,20240429,EXP,"",US-NOVOPROD-1209156,NOVO NORDISK,"",,"",A,F,Y,,"",20240429,"",CN,US,US,237916081,DS,Thyroid disorder,"",1,PS,RYBELSUS,SEMAGLUTIDE,1,Oral,UNK,,"",U,"","",,213051,,"",Tablet,"",4
23791611,237916111,1,I,,20240418,20240429,20240429,EXP,"",US-NOVOPROD-1208900,NOVO NORDISK,"",,"",A,F,Y,,"",20240429,"",CN,US,US,237916111,OT,Surgery,"",1,PS,OZEMPIC,SEMAGLUTIDE,1,Subcutaneous,UNK,,"",U,"","",,209637,,"",Solution for injection,"",7
23792026,237920261,1,I,20230721,20240418,20240429,20240429,EXP,"",US-NOVOPROD-1209335,NOVO NORDISK,"",67,YR,"",M,Y,,"",20240429,"",HP,US,US,237920261,OT,Bile duct stone,"",1,PS,OZEMPIC,SEMAGLUTIDE,1,Subcutaneous,"1 mg, qw",104,MG,Y,"","",,209637,1,MG,Solution for injection,/WK,7
23792028,237920282,2,F,20230901,20240503,20240429,20240514,EXP,"",US-NOVOPROD-1209160,NOVO NORDISK,"",43,YR,"",F,Y,,"",20240514,"",CN,US,US,237920282,OT,Schizophrenia,"",1,PS,OZEMPIC,SEMAGLUTIDE,1,Subcutaneous,"1 mg, qw",,"",U,"",PAR0030,,209637,1,MG,Solution for injection,/WK,7
23792037,237920371,1,I,,20240422,20240429,20240429,PER,"",US-SA-2024SA126741,SANOFI AVENTIS,"",,"",A,F,Y,,"",20240429,"",MD,US,US,,,Sleep disorder due to a general medical condition,"",15,C,OZEMPIC,SEMAGLUTIDE,1,"","",,"",U,"","",,"",,"",Injection,"",
23792041,237920412,2,F,,20240425,20240429,20240507,EXP,"",US-NOVOPROD-1209423,NOVO NORDISK,"",,"","",F,Y,,"",20240507,"",CN,US,US,237920412,OT,Drug ineffective,"",1,PS,WEGOVY,SEMAGLUTIDE,1,Subcutaneous,2.4 mg,,"",Y,"","",,215256,,"",Solution for injection,"",7
23792043,237920431,1,I,20230704,20240418,20240429,20240429,EXP,"",US-NOVOPROD-1209428,NOVO NORDISK,"",89,YR,"",F,Y,,"",20240429,"",CN,US,US,237920431,OT,Myocardial infarction,"",2,SS,OZEMPIC,SEMAGLUTIDE,1,Subcutaneous,2 mg,,"",U,"","",,"",2,MG,Solution for injection,"",7
23792047,237920471,1,I,20240323,20240418,20240429,20240429,EXP,"",US-NOVOPROD-1209369,NOVO NORDISK,"",53,YR,"",F,Y,,"",20240429,"",CN,US,US,237920471,HO,Loss of consciousness,"",1,PS,WEGOVY,SEMAGLUTIDE,1,"",0.5 mg,,"",Y,"",NZF5R08,,215256,,"",Solution for injection,"",3
23792048,237920481,1,I,,20240418,20240429,20240429,EXP,"",US-NOVOPROD-1209964,NOVO NORDISK,"",,"",A,F,Y,,"",20240429,"",CN,US,US,237920481,OT,General anaesthesia,"",1,PS,OZEMPIC,SEMAGLUTIDE,1,Subcutaneous,UNK,,"","","","",,209637,,"",Solution for injection,"",7
23792049,237920491,1,I,,20240418,20240429,20240429,EXP,"",US-NOVOPROD-1209371,NOVO NORDISK,"",46,YR,"",M,Y,,"",20240429,"",CN,US,US,237920491,HO,Pancreatitis necrotising,"",1,PS,OZEMPIC,SEMAGLUTIDE,1,Subcutaneous,UNK,,"","","","",,209637,,"",Solution for injection,"",3
23792052,237920521,1,I,20231229,20240418,20240429,20240429,EXP,"",US-NOVOPROD-1210301,NOVO NORDISK,"",74,YR,"",F,Y,,"",20240429,"",CN,US,US,237920521,HO,Arrhythmia,"",1,PS,OZEMPIC,SEMAGLUTIDE,1,Subcutaneous,restarted,,"",Y,"",NZF7M97,,209637,,"",Solution for injection,"",3
23792226,237922261,1,I,,20240419,20240429,20240429,EXP,"",US-NOVOPROD-1209804,NOVO NORDISK,"",,"",A,"",Y,,"",20240429,"",CN,US,US,237922261,DE,Death,"",1,PS,OZEMPIC,SEMAGLUTIDE,1,Subcutaneous,UNK,,"",D,"","",,209637,,"",Solution for injection,"",1
23792706,237927061,1,I,20240101,20240423,20240429,20240429,PER,"",US-SA-2024SA127751,SANOFI AVENTIS,"",62,YR,A,F,Y,,"",20240429,"",CN,US,US,,,Abdominal pain upper,"",3,C,OZEMPIC,SEMAGLUTIDE,1,"","",,"",U,"","",,"",,"","","",
23792879,237928792,2,F,,20240514,20240429,20240517,EXP,"",US-AstraZeneca-2024A099109,ASTRAZENECA,"",,"","",F,Y,,"",20240517,"",CN,US,"",237928792,LT,Limb discomfort,"",2,C,OZEMPIC,SEMAGLUTIDE,1,"","",,"","","","",,"",,"","","",2
23793748,237937481,1,I,,20240423,20240429,20240429,EXP,"",US-ARGENX-2024-ARGX-US002757,ARGENX BVBA,"",,"","","",Y,,"",20240429,"",CN,US,US,237937481,OT,Therapeutic response shortened,"",10,C,RYBELSUS,SEMAGLUTIDE,1,Unknown,"",,"","","","",,"",,"","","",7
23793870,237938701,1,I,,20240426,20240429,20240429,PER,"",US-ELI_LILLY_AND_COMPANY-US202404017584,ELI LILLY AND CO,"",57,YR,A,"",Y,,"",20240429,"",CN,US,US,,,Accidental underdose,"",5,C,OZEMPIC,SEMAGLUTIDE,1,"","",,"","","","",,"",,"","","",
23793980,237939801,1,I,,20240422,20240429,20240429,PER,"",US-SA-2024SA127214,SANOFI AVENTIS,"",67,YR,E,F,Y,,"",20240429,"",CN,US,US,,,Nasopharyngitis,"",3,C,OZEMPIC,SEMAGLUTIDE,1,"",UNK,,"",U,"","",,"",,"","","",
23794171,237941712,2,F,,20240531,20240429,20240605,PER,"",NVSC2024US079994,NOVARTIS,"",,"","",F,Y,,"",20240605,"",CN,US,US,,,Back pain,"",9,C,SEMAGLUTIDE,SEMAGLUTIDE,1,Unknown,UNK,,"",U,"","",,"",,"","","",
23794252,237942521,1,I,,20240425,20240429,20240429,PER,"",US-ELI_LILLY_AND_COMPANY-US202404017485,ELI LILLY AND CO,"",40,YR,A,F,Y,,"",20240429,"",CN,US,US,,,Illness,"",2,C,OZEMPIC,SEMAGLUTIDE,1,"","",,"","","","",,"",,"","","",
23794726,237947262,2,F,20211001,20240426,20240429,20240501,PER,"",US-PFIZER INC-202400093955,PFIZER,"",60,YR,"",F,Y,74.83,KG,20240501,"",CN,US,US,,,Muscle spasms,"",7,C,OZEMPIC,SEMAGLUTIDE,1,"",UNK,,"","","","",,"",,"","","",
23795399,237953991,1,I,,20230731,20240429,20240429,EXP,"",US-NOVOPROD-1104956,NOVO NORDISK,"",,"",A,F,Y,,"",20240429,"",CN,US,US,237953991,OT,Breast cancer,"",1,PS,OZEMPIC,SEMAGLUTIDE,1,Subcutaneous,"0.5 mg, qw",,"",U,"","",,209637,0.5,MG,Solution for injection,/WK,7
23795400,237954001,1,I,,20230825,20240429,20240429,EXP,"",US-NOVOPROD-1113682,NOVO NORDISK,"",,"","",F,Y,,"",20240429,"",CN,US,US,237954001,OT,Blindness,"",2,PS,OZEMPIC,SEMAGLUTIDE,1,Subcutaneous,UNK,,"",U,"","",,209637,,"",Solution for injection,"",7
23795402,237954021,1,I,,20230822,20240429,20240429,EXP,"",US-NOVOPROD-1110227,NOVO NORDISK,"",,"","",F,Y,,"",20240429,"",CN,US,US,237954021,OT,Myocardial infarction,"",1,PS,WEGOVY,SEMAGLUTIDE,1,Subcutaneous,2.4 mg,,"",U,"","",,215256,,"",Solution for injection,"",7
23795613,237956133,3,F,,20240529,20240429,20240604,EXP,"",US-NOVOPROD-1210304,NOVO NORDISK,"",,"","",F,Y,,"",20240604,"",CN,US,US,237956133,OT,Fall,"",1,PS,OZEMPIC,SEMAGLUTIDE,1,Subcutaneous,"1 mg, qw",,"",U,"",NZF5V09,,209637,1,MG,Solution for injection,/WK,7
23795614,237956141,1,I,20221101,20240116,20240429,20240429,EXP,"",US-NOVOPROD-1166384,NOVO NORDISK,"",69,YR,"",M,Y,,"",20240429,"",CN,US,US,237956141,HO,Intervertebral disc protrusion,"",1,PS,OZEMPIC,SEMAGLUTIDE,1,Subcutaneous,"2 mg, qw",,"",N,U,NAR0237,,209637,2,MG,Solution for injection,/WK,3
23795634,237956341,1,I,,20240415,20240429,20240429,EXP,"",US-NOVOPROD-1208055,NOVO NORDISK,"S Hafiz et al. Semaglutide, single-agent therapy causing hyperosmolar hyperglycemic syndrome in a newly diagnosed type 2 diabetes mellitus. The American Journal of the Medical Sciences. 2024;367(S1):53-54",65,YR,"",F,Y,,"",20240429,"",HP,US,US,237956341,OT,Weight decreased,"",1,PS,SEMAGLUTIDE,SEMAGLUTIDE,1,"",UNK,,"",U,"","",,209637,,"","","",7
23796480,237964801,1,I,20230601,20240425,20240430,20240430,PER,"",US-AMGEN-USASP2024083992,AMGEN,"",42,YR,A,F,Y,,"",20240429,"",HP,US,US,,,Night sweats,"",18,C,OZEMPIC,SEMAGLUTIDE,1,"",2 milligram,,"","","","",,"",2,MG,"","",
23796603,237966031,1,I,20230116,20240419,20240430,20240430,EXP,"",US-NOVOPROD-1210359,NOVO NORDISK,"",71,YR,"",F,Y,,"",20240430,"",CN,US,US,237966031,OT,Constipation,"",1,PS,OZEMPIC,SEMAGLUTIDE,1,Subcutaneous,2mg,,"",U,"",NAR0326,,209637,,"",Solution for injection,"",7
23796604,237966041,1,I,,20240419,20240430,20240430,EXP,"",US-NOVOPROD-1210283,NOVO NORDISK,"",,"","",F,Y,,"",20240430,"",CN,US,US,237966041,DE,Pancreatic carcinoma,"",1,PS,OZEMPIC,SEMAGLUTIDE,1,Subcutaneous,UNK,,"",U,"","",,209637,,"",Solution for injection,"",1
23796608,237966081,1,I,20230101,20240419,20240430,20240430,EXP,"",US-NOVOPROD-1210760,NOVO NORDISK,"",68,YR,"",F,Y,,"",20240430,"",CN,US,US,237966081,OT,Product use in unapproved indication,"",1,PS,OZEMPIC,SEMAGLUTIDE,1,Subcutaneous,unk,,"",Y,"","",,209637,,"",Solution for injection,"",7
23796611,237966111,1,I,20240101,20240417,20240430,20240430,EXP,"",US-NOVOPROD-1208891,NOVO NORDISK,"",65,YR,"",F,Y,179,KG,20240430,"",CN,US,US,237966111,OT,High frequency ablation,"",1,PS,OZEMPIC,SEMAGLUTIDE,1,Subcutaneous,Once weekly,,"",U,"",00301694772120,,209637,,"",Solution for injection,"",7
23796612,237966121,1,I,20240101,20240419,20240430,20240430,EXP,"",US-NOVOPROD-1211593,NOVO NORDISK,"",,"",A,M,Y,,"",20240430,"",CN,US,US,237966121,OT,Cataract,"",1,PS,WEGOVY,SEMAGLUTIDE,1,Subcutaneous,"0.25 mg, qw",,"","","","",,215256,0.25,MG,Solution for injection,/WK,7
23796614,237966141,1,I,,20240419,20240430,20240430,EXP,"",US-NOVOPROD-1210524,NOVO NORDISK,"",,"","",F,Y,,"",20240430,"",CN,US,US,237966141,DE,Pancreatic carcinoma,"",1,PS,OZEMPIC,SEMAGLUTIDE,1,Subcutaneous,UNK,,"",U,"","",,209637,,"",Solution for injection,"",1
23796624,237966241,1,I,,20240419,20240430,20240430,EXP,"",US-NOVOPROD-1209890,NOVO NORDISK,"",,"","",M,Y,,"",20240430,"",HP,US,US,237966241,HO,Diabetic ketoacidosis,"",1,PS,OZEMPIC,SEMAGLUTIDE,1,Subcutaneous,1mg,,"",Y,"","",,209637,,"",Solution for injection,"",3
23796625,237966251,1,I,20230401,20240419,20240430,20240430,EXP,"",US-NOVOPROD-1209518,NOVO NORDISK,"",74,YR,"",M,Y,,"",20240430,"",CN,US,US,237966251,OT,Constipation,"",1,PS,OZEMPIC,SEMAGLUTIDE,1,Subcutaneous,1 mg,,"",Y,"","",,209637,,"",Solution for injection,"",7
23796626,237966261,1,I,20240419,20240419,20240430,20240430,EXP,"",US-NOVOPROD-1209385,NOVO NORDISK,"",69,YR,"",F,Y,,"",20240430,"",CN,US,US,237966261,OT,Intraocular lens implant,"",1,PS,OZEMPIC,SEMAGLUTIDE,1,Subcutaneous,UNK(restarted),,"",Y,"","",,209637,,"",Solution for injection,"",7
23796632,237966321,1,I,20240301,20240419,20240430,20240430,EXP,"",US-NOVOPROD-1210154,NOVO NORDISK,"",51,YR,"",F,Y,,"",20240430,"",CN,US,US,237966321,OT,Alcoholism,"",1,PS,WEGOVY,SEMAGLUTIDE,1,Subcutaneous,"2.4 mg, qw",134.4,MG,D,"","",,215256,2.4,MG,Solution for injection,/WK,7
23796633,237966331,1,I,,20240422,20240430,20240430,EXP,"",US-NOVOPROD-1210898,NOVO NORDISK,"",,"",E,F,Y,,"",20240430,"",CN,US,US,237966331,OT,Dizziness,"",1,PS,OZEMPIC,SEMAGLUTIDE,1,"","",,"",U,"","",,209637,,"",Solution for injection,"",7
23796963,237969631,1,I,20240301,20240429,20240430,20240430,PER,"","US-B.I. Pharmaceuticals,Inc./Ridgefield-2024-BI-024849",BOEHRINGER INGELHEIM,"",62,YR,A,M,Y,,"",20240430,"",CN,US,US,,,Blood glucose increased,"",2,C,OZEMPIC,SEMAGLUTIDE,1,"","",,"","","","",,"",,"","","",
23797218,237972181,1,I,,20240425,20240430,20240430,PER,"","US-B.I. Pharmaceuticals,Inc./Ridgefield-2024-BI-024529",BOEHRINGER INGELHEIM,"",64,YR,A,M,Y,,"",20240430,"",CN,US,US,,,Glycosylated haemoglobin increased,"",2,C,RYBELSUS,SEMAGLUTIDE,1,"","",,"",U,"","",,"",14,MG,"","",
23797833,237978331,1,I,20240216,20240426,20240426,20240426,DIR,700599,"",FDA-CTU,"",27,YR,"",M,N,149.4,KG,20240426,N,CN,US,"",,,Weight increased,"",1,PS,OZEMPIC,SEMAGLUTIDE,1,Subcutaneous,OTHER QUANTITY : 1 Injection(s);?OTHER FREQUENCY : A week;?,,"",Y,D,"",,"",,"","",999,
23798088,237980881,1,I,,20240422,20240430,20240430,EXP,"",US-STRIDES ARCOLAB LIMITED-2024SP004968,STRIDES,"Patel D, Velez J, Kanduri S. A case of semaglutide associated severe acute kidney injury in an immunocompromised patient. Am-J-Med-Sci. 2024;367:S309 abstr. 514.",61,YR,"",F,Y,,"",20240430,"",HP,US,US,237980881,HO,Fibrosis,"",3,C,SEMAGLUTIDE,SEMAGLUTIDE,1,Unknown,0.25 milligram,,"","","","",,"",0.25,MG,"","",3
23798157,237981571,1,I,,20240422,20240430,20240430,EXP,"",US-MYLANLABS-2024M1037901,MYLAN,"Patel D, Velez J, Kanduri S. A case of semaglutide associated severe acute kidney injury in an immunocompromised patient. Am-J-Med-Sci 2024; 367 S309 abstr. 514.",61,YR,"",F,Y,,"",20240430,"",HP,US,US,237981571,HO,Fibrosis,"",2,C,SEMAGLUTIDE,SEMAGLUTIDE,1,Unknown,0.25 milligram,,"","",U,"",,"",0.25,MG,Unknown,"",3
23798335,237983351,1,I,20240424,20240426,20240426,20240426,DIR,701023,"",FDA-CTU,"",55,YR,"",F,N,,"",20240426,N,HP,US,"",,,Therapy interrupted,"",1,PS,CYANOCOBALAMIN\GLYCINE\SEMAGLUTIDE,CYANOCOBALAMIN\GLYCINE\SEMAGLUTIDE,1,Subcutaneous,0.3 ML WEEKLY SUBCUTANEOUS,,"",D,D,LG5063782,20240711,99,0.3,ML,"",QW,
23798704,237987041,1,I,20240424,20240427,20240427,20240427,DIR,701069,"",FDA-CTU,"",54,YR,"",M,N,90,KG,20240427,N,CN,US,"",237987041,HO,Vomiting projectile,"",1,PS,OZEMPIC,SEMAGLUTIDE,1,"","",,"",Y,D,"",,99,,"","","",3
23799011,237990111,1,I,20230403,20230529,20240427,20240427,DIR,FDA-CDER-CTU-2024-30806,"",FDA-CTU,"",77,YR,"",M,N,81,KG,20230529,N,HP,US,"",237990111,HO,Cholelithiasis,"",1,PS,SEMAGLUTIDE,SEMAGLUTIDE,1,Subcutaneous,1 MG QWEEK SQ,,"","",D,"",,"",1,MG,"",QW,3
23799455,237994551,1,I,,20240428,20240428,20240428,DIR,701119,"",FDA-CTU,"",,"","",F,N,105.75,KG,20240428,N,CN,US,"",,,Aspartate aminotransferase increased,"",1,PS,WEGOVY,SEMAGLUTIDE,1,Other,OTHER FREQUENCY : Weekly;?OTHER ROUTE : Injected into fat;?,,"",Y,D,"",,"",,"","",999,
23799536,237995361,1,I,20240214,20240428,20240428,20240428,DIR,701145,"",FDA-CTU,"",59,YR,"",F,N,96.75,KG,20240428,N,CN,US,"",237995361,OT,Pruritus,"",1,PS,OZEMPIC,SEMAGLUTIDE,1,Intramuscular,Frequency : Weekly?,,"",N,Y,"",,"",,"","",QW,7
23799544,237995441,1,I,20231212,20240428,20240428,20240428,DIR,701132,"",FDA-CTU,"",55,YR,"",F,N,85.05,KG,20240428,N,HP,US,"",237995441,OT,Rash pruritic,"",1,PS,SEMAGLUTIDE,SEMAGLUTIDE,1,Subcutaneous,WEEKLY SUBCUTANEOUS?,,"",D,Y,"",,99,,"","",QW,7
23799679,237996791,1,I,20240304,20240429,20240429,20240429,DIR,701110,"",FDA-CTU,"",61,YR,"",M,N,87.75,KG,20240429,N,CN,US,"",237996791,HO,Athletic heart syndrome,"",1,PS,SEMAGLUTIDE,SEMAGLUTIDE,1,Subcutaneous,1 injection weekly subcutaneous,,"",N,D,382,20240404,99,,"","",999,3
23799720,237997201,1,I,,20240429,20240429,20240429,DIR,701172,"",FDA-CTU,"",72,YR,"",F,N,73.8,KG,20240429,N,CN,US,"",237997201,DS,Dizziness,"",1,PS,OZEMPIC,SEMAGLUTIDE,1,Subcutaneous,OTHER QUANTITY : 1 Injection(s)?OTHER FREQUENCY : once weekly;,,"",N,Y,par0017,20260930,"",,"","",999,4
23800405,238004051,1,I,,20240418,20240430,20240430,EXP,"",US-LUPIN PHARMACEUTICALS INC.-2024-03432,LUPIN,"Price MZ, Price RL. Treating schizophrenia and bipolar i disorder in the real-world setting: effectiveness and safety of olanzapine/samidorphan combination. Primary care companion for central nervous system disorders. 2024;26(2):e1-e2",45,YR,"",F,Y,,"",20240430,"",HP,US,US,238004051,HO,Drug ineffective,"",9,SS,SEMAGLUTIDE,SEMAGLUTIDE,1,Unknown,UNK,,"",U,"",Unknown,,"",,"","","",3
23800541,238005411,1,I,20230106,20230321,20240429,20240429,DIR,FDA-CDER-CTU-2024-30973,"",FDA-CTU,"",51,YR,"",M,N,99.3,KG,20230321,N,PH,US,"",238005411,HO,Pancreatitis,"",1,PS,SEMAGLUTIDE,SEMAGLUTIDE,1,Subcutaneous,Frequency : Weekly;?,,"",Y,D,"",,"",0.5,MG,"",QW,3
23800613,238006131,1,I,,20230711,20240430,20240430,EXP,"",US-NOVOPROD-1203121,NOVO NORDISK,"",,"","",F,Y,,"",20240430,"",CN,US,US,238006131,OT,Depression,"",1,PS,OZEMPIC,SEMAGLUTIDE,1,Subcutaneous,Unk,,"",U,"","",,209637,,"",Solution for injection,"",7
23800614,238006141,1,I,,20230926,20240430,20240430,EXP,"",US-NOVOPROD-1209141,NOVO NORDISK,"",,"","",F,Y,,"",20240430,"",CN,US,US,238006141,OT,Surgery,"",1,PS,OZEMPIC,SEMAGLUTIDE,1,Subcutaneous,UNK,,"","","","",,209637,,"",Solution for injection,"",7
23800615,238006151,1,I,,20230825,20240430,20240430,EXP,"",US-NOVOPROD-1204289,NOVO NORDISK,"",,"","","",Y,,"",20240430,"",CN,US,US,238006151,OT,Glaucoma,"",1,PS,OZEMPIC,SEMAGLUTIDE,1,Subcutaneous,0.25mg,,"",U,"","",,209637,,"",Solution for injection,"",7
23800616,238006161,1,I,,20230801,20240430,20240430,EXP,"",US-NOVOPROD-1207695,NOVO NORDISK,"",,"",A,M,Y,,"",20240430,"",CN,US,US,238006161,DS,Disability,"",1,PS,RYBELSUS,SEMAGLUTIDE,1,Oral,UNK,,"",U,"","",,213051,,"",Tablet,"",4
23800617,238006171,1,I,,20240416,20240430,20240430,EXP,"",US-NOVOPROD-1208527,NOVO NORDISK,"",54,YR,"",F,Y,,"",20240430,"",HP,US,US,238006171,OT,Gastrointestinal disorder,"",1,PS,OZEMPIC,SEMAGLUTIDE,1,Subcutaneous,UNK,,"",U,"","",,209637,,"",Solution for injection,"",7
23800618,238006181,1,I,,20230905,20240430,20240430,EXP,"",US-NOVOPROD-1204687,NOVO NORDISK,"",,"","","",Y,,"",20240430,"",CN,US,US,238006181,DS,Disability,"",1,PS,OZEMPIC,SEMAGLUTIDE,1,Subcutaneous,0.25 mg once a week,,"",U,"","",,209637,0.25,MG,Solution for injection,/WK,4
23800855,238008551,1,I,20240426,20240429,20240429,20240429,DIR,701193,"",FDA-CTU,"",53,YR,"",F,N,,"",20240429,N,HP,US,"",,,Therapy interrupted,"",1,PS,CYANOCOBALAMIN\GLYCINE\SEMAGLUTIDE,CYANOCOBALAMIN\GLYCINE\SEMAGLUTIDE,1,Subcutaneous,0.2 ml weekly subcutaneous?,,"",D,D,LG5063476,20240608,99,0.2,ML,"",999,
23800876,238008761,1,I,20240401,20240429,20240430,20240430,PER,"",US-BRISTOL-MYERS SQUIBB COMPANY-2024-067714,BRISTOL MYERS SQUIBB,"",76,YR,E,F,Y,,"",20240430,"",CN,US,US,,,Dizziness,"",7,C,OZEMPIC,SEMAGLUTIDE,1,"","",,"",U,"","",,"",,"","","",
23800884,238008841,1,I,20240429,20240429,20240429,20240429,DIR,701297,"",FDA-CTU,"",78,YR,"",M,N,,"",20240429,N,HP,US,"",,,Incorrect dose administered,"",1,PS,CYANOCOBALAMIN\GLYCINE\SEMAGLUTIDE,CYANOCOBALAMIN\GLYCINE\SEMAGLUTIDE,1,Subcutaneous,0.05 ml  weekly subcutaneous,,"",Y,D,LG5062686,20240614,99,0.05,ML,"",999,
23801175,238011751,1,I,,20240418,20240430,20240430,PER,"",US-SA-2024SA125368,SANOFI AVENTIS,"",51,YR,A,F,Y,111,KG,20240501,"",MD,US,US,,,Asthma,"",8,C,OZEMPIC,SEMAGLUTIDE,1,"",UNK,,"",U,"","",,"",,"","","",
23801360,238013601,1,I,,20240424,20240430,20240430,PER,"",US-SA-2024SA129550,SANOFI AVENTIS,"",,"","",M,Y,,"",20240501,"",CN,US,US,,,Off label use,"",2,C,OZEMPIC,SEMAGLUTIDE,1,"","",,"",U,"","",,"",,"","","",
23801517,238015171,1,I,,20240422,20240430,20240430,PER,"",US-SA-2024SA129249,SANOFI AVENTIS,"",53,YR,A,F,Y,,"",20240501,"",MD,US,US,,,Injection site pain,"",24,C,OZEMPIC,SEMAGLUTIDE,1,"",UNK,,"",U,"","",,"",,"",Injection,"",
23801792,238017924,4,F,20240401,20240517,20240501,20240524,EXP,"",US-UNITED THERAPEUTICS-UNT-2024-012505,UNITED THERAPEUTICS,"",56,YR,"",F,Y,102.95,KG,20240524,"",CN,US,US,238017924,HO,Dyspnoea,"",7,C,OZEMPIC,SEMAGLUTIDE,1,Unknown,UNK,,"","","","",,"",,"","","",3
23801947,238019473,3,F,20240423,20240430,20240501,20240508,EXP,"",US-UNITED THERAPEUTICS-UNT-2024-012293,UNITED THERAPEUTICS,"",75,YR,"",M,Y,104.76,KG,20240508,"",CN,US,US,238019473,HO,COVID-19,"",3,C,OZEMPIC,SEMAGLUTIDE,1,Unknown,"",,"","","","",,"",,"","","",3
23802671,238026711,1,I,,20240429,20240501,20240501,PER,"",US-ABBVIE-5739862,ABBVIE,"",,"","","",Y,,"",20240501,"",CN,US,US,238026711,OT,Anaphylactic reaction,"",17,C,OZEMPIC,SEMAGLUTIDE,1,Unknown,"",,"","","","",,"",,"","","",7
23802707,238027071,1,I,,20231101,20240501,20240501,PER,"","US-Axsome Therapeutics, Inc.-AXS202311-001487",AXSOME THERAPEUTICS,"",,"","",F,Y,,"",20240501,"",CN,US,US,,,Drug effect less than expected,"",23,C,OZEMPIC,SEMAGLUTIDE,1,"","",,"","","","",,"",0.25,MG,Unknown,QD,
23802709,238027091,1,I,,20231101,20240501,20240501,PER,"","US-Axsome Therapeutics, Inc.-AXS202311-001483",AXSOME THERAPEUTICS,"",51,YR,A,F,Y,125.83,KG,20240501,"",MD,US,US,,,Drug effect less than expected,"",17,C,OZEMPIC,SEMAGLUTIDE,1,"",1 mg/dose (2 mg/1.5 mL) Pen injector,,"","","","",,"",,"",Injection,/WK,
23803096,238030961,1,I,20240429,20240429,20240501,20240501,PER,"",US-AMGEN-USASP2024086460,AMGEN,"",73,YR,E,M,Y,,"",20240501,"",CN,US,US,,,Inappropriate schedule of product administration,"",2,C,OZEMPIC,SEMAGLUTIDE,1,"","",,"","","","",,"",,"","","",
23803327,238033271,1,I,20240413,20240430,20240430,20240430,DIR,701483,"",FDA-CTU,"",50,YR,"",F,N,73.35,KG,20240430,N,CN,US,"",,,Product communication issue,"",1,PS,OZEMPIC,SEMAGLUTIDE,1,Subcutaneous,"",,"",N,D,"",,99,,"","","",
23803335,238033351,1,I,20240430,20240430,20240430,20240430,DIR,701478,"",FDA-CTU,"",52,YR,"",F,N,99,KG,20240430,N,CN,US,"",238033351,OT,Nausea,"",1,PS,OZEMPIC,SEMAGLUTIDE,1,Subcutaneous,OTHER QUANTITY : 1 Injection(s);?OTHER FREQUENCY : 1 weekly;?,,"",Y,D,00301694772120,,"",,"","",999,7
23803347,238033471,1,I,20240402,20240430,20240430,20240430,DIR,701452,"",FDA-CTU,"",84,YR,"",M,N,118,KG,20240430,N,PH,US,"",,,Respiratory disorder,"",1,PS,SEMAGLUTIDE,SEMAGLUTIDE,1,Subcutaneous,OTHER FREQUENCY : Weekly;?,,"",D,D,"",,99,2,MG,"",999,
23803415,238034151,1,I,20230701,20230810,20240501,20240501,PER,"","US-Axsome Therapeutics, Inc.-AXS202308-001072",AXSOME THERAPEUTICS,"",80,YR,E,M,Y,,"",20240501,"",CN,US,"",,,Fatigue,"",3,C,SEMAGLUTIDE,SEMAGLUTIDE,1,Unknown,"",,"","","","",,"",,"",Injection,/WK,
23803697,238036971,1,I,20230901,20240430,20240430,20240430,DIR,701371,"",FDA-CTU,"",44,YR,"",F,N,79.2,KG,20240430,N,CN,US,"",238036971,LT,Anxiety,"",1,PS,SEMAGLUTIDE,SEMAGLUTIDE,1,Subcutaneous,OTHER FREQUENCY : once weekly?,,"",Y,Y,08142023@18,20231231,99,,"","",999,2
23803730,238037301,1,I,,20240417,20240501,20240501,EXP,"",US-NOVOPROD-1212606,NOVO NORDISK,"",84,YR,"","",Y,,"",20240501,"",MD,US,US,238037301,OT,Medullary thyroid cancer,"",1,PS,OZEMPIC,SEMAGLUTIDE,1,Subcutaneous,Unk,,"","","","",,209637,,"",Solution for injection,"",7
23804520,238045201,1,I,20230106,20230320,20240501,20240501,DIR,FDA-CDER-CTU-2024-31385,"",FDA-CTU,"",51,YR,"",M,N,99,KG,20230320,N,PH,US,"",238045201,HO,Therapy interrupted,"",2,SS,OZEMPIC,SEMAGLUTIDE,1,"","",,"","","","",,"",,"","","",3
23804884,238048841,1,I,,20240425,20240501,20240501,PER,"",US-UNITED THERAPEUTICS-UNT-2024-012663,UNITED THERAPEUTICS,"",,"","",F,Y,74.376,KG,20240501,"",CN,US,US,,,Stress,"",30,C,OZEMPIC,SEMAGLUTIDE,1,Unknown,UNK,,"","","","",,"",,"","","",
23804887,238048871,1,I,,20240425,20240501,20240501,PER,"",US-UNITED THERAPEUTICS-UNT-2024-012657,UNITED THERAPEUTICS,"",,"","",F,Y,102.04,KG,20240501,"",CN,US,US,,,Seasonal allergy,"",35,C,OZEMPIC,SEMAGLUTIDE,1,Unknown,UNK,,"","","","",,"",,"","","",
23805228,238052281,1,I,20240305,20240419,20240502,20240502,EXP,"",US-NOVOPROD-1209813,NOVO NORDISK,"",77,YR,"",F,Y,,"",20240502,"",CN,US,US,238052281,OT,Upper limb fracture,"",1,PS,OZEMPIC,SEMAGLUTIDE,1,Subcutaneous,0.5mg,,"",N,"",NZF7X85,,209637,,"",Solution for injection,"",7
23805239,238052391,1,I,20240409,20240418,20240502,20240502,EXP,"",US-NOVOPROD-1209975,NOVO NORDISK,"",63,YR,"",F,Y,,"",20240502,"",CN,US,US,238052391,OT,Nausea,"",1,PS,OZEMPIC,SEMAGLUTIDE,1,Subcutaneous,2 mg,,"",U,"","",,209637,,"",Solution for injection,"",7
23805242,238052421,1,I,20230701,20240422,20240502,20240502,EXP,"",US-NOVOPROD-1210602,NOVO NORDISK,"",,"","",F,Y,,"",20240502,"",CN,US,US,238052421,HO,Vertigo,"",1,PS,WEGOVY,SEMAGLUTIDE,1,Subcutaneous,2.4mg,,"","","","",,215256,,"",Solution for injection,"",3
23805243,238052432,2,F,20240216,20240617,20240502,20240627,EXP,"",US-NOVOPROD-1211981,NOVO NORDISK,"",80,YR,"",F,Y,99.773,KG,20240628,"",MD,US,US,238052432,OT,Optic ischaemic neuropathy,"",1,PS,OZEMPIC,SEMAGLUTIDE,1,Subcutaneous,"2 mg, qw",,"","","","",,209637,2,MG,Solution for injection,/WK,7
23805244,238052441,1,I,20240327,20240423,20240502,20240502,EXP,"",US-NOVOPROD-1212044,NOVO NORDISK,"",65,YR,"",F,Y,,"",20240502,"",CN,US,US,238052441,HO,Hip surgery,"",1,PS,OZEMPIC,SEMAGLUTIDE,1,Subcutaneous,0.5 mg,,"",U,"","",,209637,,"",Solution for injection,"",3
23805245,238052451,1,I,,20240418,20240502,20240502,EXP,"",US-NOVOPROD-1209567,NOVO NORDISK,"",,"",A,F,Y,,"",20240502,"",CN,US,US,238052451,DS,Disability,"",1,PS,OZEMPIC,SEMAGLUTIDE,1,Subcutaneous,UNK,,"",U,"","",,209637,,"",Solution for injection,"",4
23805246,238052461,1,I,20200101,20240418,20240502,20240502,EXP,"",US-NOVOPROD-1209519,NOVO NORDISK,"",56,YR,"",M,Y,,"",20240502,"",CN,US,US,238052461,OT,Coronary arterial stent insertion,"",1,PS,OZEMPIC,SEMAGLUTIDE,1,Subcutaneous,UNK,,"",U,"","",,209637,,"",Solution for injection,"",7
23805247,238052471,1,I,,20240422,20240502,20240502,EXP,"",US-NOVOPROD-1212682,NOVO NORDISK,"",,"","",F,Y,,"",20240502,"",CN,US,US,238052471,OT,Decreased appetite,"",1,PS,OZEMPIC,SEMAGLUTIDE,1,"","",,"",U,"","",,209637,,"",Solution for injection,"",7
23805253,238052531,1,I,20200101,20240418,20240502,20240502,EXP,"",US-NOVOPROD-1208442,NOVO NORDISK,"",61,YR,"",F,Y,,"",20240502,"",CN,US,US,238052531,OT,Nausea,"",2,C,RYBELSUS,SEMAGLUTIDE,1,Oral,UNK,,"",Y,"","",,"",,"",Tablet,"",7
23805254,238052541,1,I,,20240422,20240502,20240502,EXP,"",US-NOVOPROD-1211612,NOVO NORDISK,"",64,YR,"",F,Y,,"",20240502,"",CN,US,US,238052541,OT,Pain,"",1,PS,OZEMPIC,SEMAGLUTIDE,1,Subcutaneous,1 mg,,"","","",PAR0022,,209637,1,MG,Solution for injection,"",7
23805256,238052561,1,I,,20240422,20240502,20240502,EXP,"",US-NOVOPROD-1211383,NOVO NORDISK,"",,"","",M,Y,,"",20240502,"",CN,US,US,238052561,OT,Atrial fibrillation,"",1,PS,OZEMPIC,SEMAGLUTIDE,1,Subcutaneous,UNK,,"","","","",,209637,,"",Solution for injection,"",7
23805766,238057661,1,I,20230201,20230313,20240502,20240502,PER,"",US-UCBSA-2023014023,UCB,"",53,YR,"",F,Y,148,KG,20240502,"",HP,US,US,238057661,OT,Stress,"",9,C,OZEMPIC,SEMAGLUTIDE,1,"","",,"","","","",,"",,"","","",7
23806079,238060791,1,I,20230524,20230602,20240502,20240502,PER,"",US-UCBSA-2023028247,UCB,"",45,YR,"",F,Y,,"",20240502,"",HP,US,US,238060791,OT,Rheumatoid arthritis,"",19,C,OZEMPIC,SEMAGLUTIDE,1,"",2MG/0.75 ML Pen injector,,"",U,"","",,"",,"","","",7
23806080,238060801,1,I,20230524,20230602,20240502,20240502,PER,"",US-UCBSA-2023028491,UCB,"",45,YR,"",F,Y,,"",20240502,"",HP,US,US,238060801,OT,Rheumatoid arthritis,"",20,C,OZEMPIC,SEMAGLUTIDE,1,"",2mg/0.75 ml pen injector,,"",U,"","",,"",,"","","",7
23806185,238061851,1,I,,20231010,20240502,20240502,PER,"",US-UCBSA-2023019797,UCB,"",,"","",F,Y,48.073,KG,20240502,"",HP,US,US,238061851,HO,Loss of personal independence in daily activities,"",4,C,RYBELSUS,SEMAGLUTIDE,1,"",7 milligram,,"",U,"","",,"",7,MG,Tablet,"",3
23808095,238080951,1,I,20240427,20240501,20240501,20240501,DIR,FDA-CDER-CTU-2024-31860,"",FDA-CTU,"",60,YR,"",F,N,,"",20240501,N,PH,US,"",238080951,LT,Impaired gastric emptying,"",1,PS,OZEMPIC,SEMAGLUTIDE,1,"","",,"","","","",,"",,"","","",2
23808741,238087411,1,I,20240417,20240423,20240502,20240502,EXP,"",US-AVEVA-000641,AVEVA,"",64,YR,A,F,Y,,"",20240502,"",CN,US,US,238087411,OT,Nightmare,"",4,C,SEMAGLUTIDE,SEMAGLUTIDE,1,Unknown,0.5 mg once a week (Injection),,"","","","",,"",0.5,MG,"","",7
23809243,238092431,1,I,20230302,20230314,20240502,20240502,PER,"",US-UCBSA-2023011077,UCB,"",42,YR,"",F,Y,,"",20240502,"",CN,US,US,,,Insurance issue,"",5,C,WEGOVY,SEMAGLUTIDE,1,"",0.25 mg/0.5 pen injctr,,"",U,"","",,"",,"","","",
23809250,238092501,1,I,,20240422,20240502,20240502,EXP,"",US-TEVA-VS-3191508,TEVA,"Price MZ, Price RL. Treating Schizophrenia and Bipolar I Disorder in the Real-World Setting: Effectiveness and Safety of Olanzapine/Samidorphan Combination. Prim-Care-Companion-CNS-Disord 2024; 26 (2):.",45,YR,"",F,Y,,"",20240502,"",HP,US,US,238092501,HO,Sedation,"",10,SS,SEMAGLUTIDE,SEMAGLUTIDE,1,Unknown,"",,"",U,"","",,"",,"","","",3
23810182,238101821,1,I,,20240429,20240502,20240502,PER,"",US-PFIZER INC-202400098568,PFIZER,"",37,YR,"",F,Y,,"",20240502,"",HP,US,US,,,Dyspepsia,"",4,C,WEGOVY,SEMAGLUTIDE,1,"","",,"","","","",,"",,"","","",
23810391,238103911,1,I,,20230706,20240502,20240502,EXP,"",US-NOVOPROD-1202135,NOVO NORDISK,"",,"","",M,Y,,"",20240502,"",CN,US,US,238103911,OT,Cataract,"",1,PS,OZEMPIC,SEMAGLUTIDE,1,Subcutaneous,UNK,,"",U,"",NZF4H59,,209637,,"",Solution for injection,"",7
23810393,238103931,1,I,,20230815,20240502,20240502,EXP,"",US-NOVOPROD-1200933,NOVO NORDISK,"",,"","","",Y,,"",20240502,"",CN,US,US,238103931,OT,Hip arthroplasty,"",1,PS,OZEMPIC,SEMAGLUTIDE,1,Subcutaneous,UNK,,"",U,"","",,209637,,"",Solution for injection,"",7
23810394,238103941,1,I,,20230818,20240502,20240502,EXP,"",US-NOVOPROD-1109189,NOVO NORDISK,"",,"",A,F,Y,,"",20240502,"",HP,US,US,238103941,OT,Abdominal pain,"",1,PS,RYBELSUS,SEMAGLUTIDE,1,Oral,UNK,,"",N,"","",,213051,,"",Tablet,"",7
23810395,238103951,1,I,,20230810,20240502,20240502,EXP,"",US-NOVOPROD-1199095,NOVO NORDISK,"",,"","","",Y,,"",20240502,"",CN,US,US,238103951,DS,Disability,"",2,PS,OZEMPIC,SEMAGLUTIDE,1,Subcutaneous,UNK,,"",U,"","",,209637,,"",Solution for injection,"",4
23810403,238104031,1,I,,20230822,20240502,20240502,EXP,"",US-NOVOPROD-1110167,NOVO NORDISK,"",,"",A,M,Y,,"",20240502,"",CN,US,US,238104031,OT,Myocardial infarction,"",1,PS,WEGOVY,SEMAGLUTIDE,1,Subcutaneous,UNK,,"",U,"","",,215256,,"",Solution for injection,"",7
23810943,238109431,1,I,20220101,20230725,20240502,20240502,EXP,"",US-NOVOPROD-1203888,NOVO NORDISK,"",,"","","",Y,,"",20240502,"",CN,US,US,238109431,OT,Myocardial infarction,"",1,PS,OZEMPIC,SEMAGLUTIDE,1,Subcutaneous,2 mg,,"",U,"","",,209637,,"",Solution for injection,"",7
23810944,238109441,1,I,,20231011,20240502,20240502,EXP,"",US-NOVOPROD-1207730,NOVO NORDISK,"",,"","",M,Y,,"",20240502,"",CN,US,US,238109441,HO,Hospitalisation,"",1,PS,OZEMPIC,SEMAGLUTIDE,1,Subcutaneous,1 mg once weekly,,"",U,"",NAR0105,,209637,1,MG,Solution for injection,/WK,3
23810945,238109451,1,I,,20230707,20240502,20240502,EXP,"",US-NOVOPROD-1202442,NOVO NORDISK,"",,"","",F,Y,,"",20240502,"",PH,US,US,238109451,HO,Hospitalisation,"",1,PS,OZEMPIC,SEMAGLUTIDE,1,Subcutaneous,2 mg,,"",U,"","",,209637,,"",Solution for injection,"",3
23810946,238109461,1,I,,20230626,20240502,20240502,EXP,"",US-NOVOPROD-1204231,NOVO NORDISK,"",,"","",F,Y,,"",20240502,"",HP,US,US,238109461,HO,COVID-19,"",1,PS,OZEMPIC,SEMAGLUTIDE,1,Subcutaneous,0.50 mg,,"",U,"","",,209637,,"",Solution for injection,"",3
23810948,238109481,1,I,,20230824,20240502,20240502,EXP,"",US-NOVOPROD-1203395,NOVO NORDISK,"",,"","","",Y,,"",20240502,"",CN,US,US,238109481,OT,Surgery,"",1,PS,OZEMPIC,SEMAGLUTIDE,1,Subcutaneous,"0.25 mg, qw",,"","","","",,209637,0.25,MG,Solution for injection,/WK,7
23810949,238109491,1,I,,20240418,20240502,20240502,EXP,"",US-NOVOPROD-1209795,NOVO NORDISK,"",,"","",F,Y,,"",20240502,"",CN,US,US,238109491,OT,Neoplasm malignant,"",1,PS,OZEMPIC,SEMAGLUTIDE,1,Subcutaneous,0.25 mg,,"",U,"",NZF8K30,,209637,,"",Solution for injection,"",7
23810953,238109531,1,I,,20230712,20240502,20240502,EXP,"",US-NOVOPROD-1202440,NOVO NORDISK,"",,"","","",Y,,"",20240502,"",CN,US,US,238109531,OT,Hip arthroplasty,"",1,PS,RYBELSUS,SEMAGLUTIDE,1,Oral,UNK,,"",U,"","",,213051,,"",Tablet,"",7
23811525,238115252,2,F,,20240501,20240503,20240513,EXP,"",US-NOVOPROD-1213382,NOVO NORDISK,"",,"",A,F,Y,,"",20240513,"",MD,US,US,238115252,OT,Pancreatic disorder,"",1,PS,OZEMPIC,SEMAGLUTIDE,1,Subcutaneous,"2 mg, qw",,"",Y,"","",,209637,2,MG,Solution for injection,/WK,7
23811531,238115311,1,I,20231025,20240422,20240503,20240503,EXP,"",US-NOVOPROD-1210934,NOVO NORDISK,"",76,YR,"",M,Y,,"",20240503,"",CN,US,US,238115311,HO,Cerebrovascular accident,"",1,PS,OZEMPIC,SEMAGLUTIDE,1,Subcutaneous,0.50 mg,,"","","",NZF7N71,,209637,,"",Solution for injection,"",3
23811546,238115461,1,I,,20240423,20240503,20240503,EXP,"",US-NOVOPROD-1212012,NOVO NORDISK,"",,"","",F,Y,,"",20240503,"",CN,US,US,238115461,OT,Carotid artery disease,"",1,PS,OZEMPIC,SEMAGLUTIDE,1,Subcutaneous,UNK,,"",U,"","",,209637,,"",Solution for injection,"",7
23811547,238115472,2,F,20240115,20240530,20240503,20240607,EXP,"",US-NOVOPROD-1213121,NOVO NORDISK,"",,"","",F,Y,,"",20240607,"",CN,US,US,238115472,OT,Fall,"",1,PS,OZEMPIC,SEMAGLUTIDE,1,Subcutaneous,"0.5 mg, qw",,"",U,"","",,209637,0.5,MG,Solution for injection,/WK,7
23811548,238115481,1,I,,20240423,20240503,20240503,EXP,"",US-NOVOPROD-1212033,NOVO NORDISK,"",,"","",M,Y,,"",20240503,"",MD,US,US,238115481,OT,Ventricular extrasystoles,"",1,PS,OZEMPIC,SEMAGLUTIDE,1,Subcutaneous,UNK,,"",U,"","",,209637,,"",Solution for injection,"",7
23811549,238115492,2,F,20240410,20240605,20240503,20240613,EXP,"",US-NOVOPROD-1212154,NOVO NORDISK,"",54,YR,"",F,Y,,"",20240614,"",CN,US,US,238115492,OT,Anxiety,"",1,PS,OZEMPIC,SEMAGLUTIDE,1,Subcutaneous,8 doses of 0.25mg,,"",Y,"","",,209637,,"",Solution for injection,"",7
23811550,238115502,2,F,20240320,20240606,20240503,20240613,EXP,"",US-NOVOPROD-1212040,NOVO NORDISK,"",58,YR,"",M,Y,,"",20240614,"",CN,US,US,238115502,HO,Spinal operation,"",1,PS,OZEMPIC,SEMAGLUTIDE,1,Subcutaneous,"2 mg, qw",,"",U,"",NAR0231,,209637,2,MG,Solution for injection,/WK,3
23811956,238119561,1,I,20230601,20230913,20240503,20240503,PER,"",US-UCBSA-2023029017,UCB,"",62,YR,"",M,Y,,"",20240503,"",HP,US,US,,,Product availability issue,"",6,C,WEGOVY,SEMAGLUTIDE,1,"",2.4MG/0,,"",U,"","",,"",,"","","",
23812173,238121731,1,I,20230101,20240312,20240503,20240503,PER,"",US-UCBSA-2023033773,UCB,"",,"","",F,Y,86.168,KG,20240503,"",HP,US,US,,,Nasopharyngitis,"",5,C,OZEMPIC,SEMAGLUTIDE,1,"",UNK,,"",U,"","",,"",,"","","",
23812195,238121951,1,I,20230701,20230711,20240503,20240503,PER,"",US-UCBSA-2023036253,UCB,"",33,YR,"",F,Y,85.683,KG,20240503,"",HP,US,US,,,Off label use,"",9,C,WEGOVY,SEMAGLUTIDE,1,"","2.4MG/0.75 PEN INJCTR,",,"",U,"","",,"",,"","","",
23812313,238123131,1,I,20230101,20230921,20240503,20240503,PER,"",US-UCBSA-2023037126,UCB,"",,"","",F,Y,103.4,KG,20240503,"",HP,US,US,,,Product dose omission issue,"",2,C,OZEMPIC,SEMAGLUTIDE,1,"",UNK,,"",U,"","",,"",,"","","",
23812633,238126332,2,F,,20240607,20240503,20240610,EXP,"",US-JAZZ PHARMACEUTICALS-2024-US-006761,JAZZ,"",,"","",M,Y,,"",20240610,"",HP,US,US,238126332,OT,Knee operation,"",4,C,OZEMPIC,SEMAGLUTIDE,1,"",0000 2 MG/DOSE (8 MG/3 ML),,"","","","",,"",,"","","",7
23812911,238129111,1,I,20240101,20240425,20240503,20240503,EXP,"",US-ORPHANEU-2024003093,RECORDATI,"",,"","","",Y,,"",20240503,"",CN,US,US,238129111,HO,Product administration interrupted,"",9,C,OZEMPIC,SEMAGLUTIDE,1,"","2 mg, qw",,"",D,"","",,"",,"","",/WK,3
23813325,238133252,2,F,,20240510,20240503,20240513,PER,"","US-B.I. Pharmaceuticals,Inc./Ridgefield-2024-BI-025549",BOEHRINGER INGELHEIM,"",,"","",M,Y,,"",20240513,"",CN,US,US,,,Glycosylated haemoglobin increased,"",3,C,RYBELSUS,SEMAGLUTIDE,1,"","",,"","","","",,"",,"","","",
23815043,238150431,1,I,20230925,20240502,20240502,20240502,DIR,701647,"",FDA-CTU,"",47,YR,"",F,N,133.2,KG,20240502,N,CN,US,"",238150431,LT,Pain,"",6,C,OZEMPIC,SEMAGLUTIDE,1,"","",,"","","","",,"",,"","","",2
23815063,238150631,1,I,20240426,20240502,20240502,20240502,DIR,701660,"",FDA-CTU,"",66,YR,"",M,N,103.95,KG,20240502,N,HP,US,"",238150631,HO,Abdominal pain,"",9,C,ozempic 0.5mg weekly,"",2,"","",,"","","","",,"",,"","","",3
23815460,238154601,1,I,,20240501,20240503,20240503,PER,"",US-TAKEDA-2024TUS042132,TAKEDA,"",,"","",M,Y,,"",20240503,"",PH,US,US,,,Vomiting,"",5,C,OZEMPIC,SEMAGLUTIDE,1,"",UNK,,"","","","",,"",,"","","",
23815804,238158041,1,I,20230920,20240502,20240502,20240502,DIR,701685,"",FDA-CTU,"",72,YR,"",M,N,130.5,KG,20240502,N,CN,US,"",238158041,LT,Diarrhoea,"",1,PS,OZEMPIC,SEMAGLUTIDE,1,Other,OTHER FREQUENCY : 1 week?OTHER ROUTE : Injections?,,"",Y,Y,"",,99,,"","",999,2
23815947,238159471,1,I,20230701,20240502,20240502,20240502,DIR,701641,"",FDA-CTU,"",44,YR,"",F,N,99,KG,20240502,N,CN,US,"",,,Depression,"",1,PS,SEMAGLUTIDE,SEMAGLUTIDE,1,"","",,"",Y,D,"",,99,,"","","",
23816230,238162301,1,I,,20230823,20240503,20240503,EXP,"",US-NOVOPROD-1203760,NOVO NORDISK,"",,"","","",Y,,"",20240503,"",CN,US,US,238162301,DS,Product label confusion,"",1,PS,OZEMPIC,SEMAGLUTIDE,1,Subcutaneous,0.25 mg,,"",U,"","",,209637,,"",Solution for injection,"",4
23816231,238162311,1,I,,20230810,20240503,20240503,EXP,"",US-NOVOPROD-1200460,NOVO NORDISK,"",,"","",F,Y,,"",20240503,"",CN,US,US,238162311,OT,Drug ineffective,"",1,PS,RYBELSUS,SEMAGLUTIDE,1,Oral,UNK,,"",U,"","",,213051,,"",Tablet,"",7
23816232,238162321,1,I,,20231009,20240503,20240503,EXP,"",US-NOVOPROD-1190184,NOVO NORDISK,"",,"","","",Y,,"",20240503,"",CN,US,US,238162321,DS,Constipation,"",1,PS,OZEMPIC,SEMAGLUTIDE,1,Subcutaneous,0.5mg,,"",U,"","",,209637,,"",Solution for injection,"",4
23816649,238166494,4,F,20240101,20240613,20240503,20240620,PER,"",US-UNITED THERAPEUTICS-UNT-2024-012736,UNITED THERAPEUTICS,"",,"","",F,Y,80.726,KG,20240620,"","",US,US,,,Cough,"",12,C,RYBELSUS,SEMAGLUTIDE,1,"",UNK,,"","","","",,"",,"","","",
23817109,238171093,3,F,20240401,20240508,20240504,20240515,PER,"",US-UNITED THERAPEUTICS-UNT-2024-012769,UNITED THERAPEUTICS,"",58,YR,"",M,Y,80.272,KG,20240515,"",CN,US,US,,,Injection site erythema,"",8,C,WEGOVY,SEMAGLUTIDE,1,Unknown,UNK,,"","","","",,"",,"","","",
23817670,238176701,1,I,20240401,20240502,20240506,20240506,PER,"",US-ELI_LILLY_AND_COMPANY-US202405001815,ELI LILLY AND CO,"",75,YR,E,F,Y,,"",20240506,"",CN,US,US,,,Renal disorder,"",6,C,OZEMPIC,SEMAGLUTIDE,1,"","",,"","","","",,"",0.25,MG,"","",
23817721,238177212,2,F,20240501,20240606,20240506,20240608,PER,"",US-AMGEN-USASP2024088244,AMGEN,"",63,YR,A,F,Y,,"",20240608,"",CN,US,US,,,Device difficult to use,"",3,C,OZEMPIC,SEMAGLUTIDE,1,Unknown,UNK,,"","","","",,"",,"","","",
23817731,238177312,2,F,20240301,20240430,20240506,20240513,EXP,"",US-NOVOPROD-1211049,NOVO NORDISK,"",72,YR,"",F,Y,,"",20240513,"",CN,US,US,238177312,OT,Cataract,"",1,PS,OZEMPIC,SEMAGLUTIDE,1,Subcutaneous,"0.5 mg, qw",,"","","",NZF7X42,,209637,0.5,MG,Solution for injection,/WK,7
23817745,238177451,1,I,,20240423,20240506,20240506,EXP,"",US-NOVOPROD-1212688,NOVO NORDISK,"",67,YR,"",F,Y,,"",20240506,"",CN,US,US,238177451,OT,Off label use,"",1,PS,OZEMPIC,SEMAGLUTIDE,1,Subcutaneous,UNK,,"",U,"","",,209637,,"",Solution for injection,"",7
23817826,238178261,1,I,,20240424,20240506,20240506,EXP,"",US-NOVOPROD-1212538,NOVO NORDISK,"",,"",A,F,Y,,"",20240506,"",CN,US,US,238178261,HO,Influenza,"",1,PS,OZEMPIC,SEMAGLUTIDE,1,Subcutaneous,0.5 mg,,"",Y,"","",,209637,,"",Solution for injection,"",3
23817828,238178281,1,I,20240216,20240424,20240506,20240506,EXP,"",US-NOVOPROD-1211437,NOVO NORDISK,"",47,YR,"",M,Y,,"",20240506,"",MD,US,US,238178281,OT,Scrotal abscess,"",1,PS,OZEMPIC,SEMAGLUTIDE,1,Subcutaneous,UNK,,"",Y,"","",,209637,,"",Solution for injection,"",7
23817829,238178291,1,I,20240101,20240424,20240506,20240506,EXP,"",US-NOVOPROD-1212851,NOVO NORDISK,"",75,YR,"",F,Y,,"",20240506,"",CN,US,US,238178291,OT,Cholelithiasis,"",1,PS,OZEMPIC,SEMAGLUTIDE,1,Subcutaneous,1 mg,,"",U,"","",,209637,,"",Solution for injection,"",7
23817831,238178311,1,I,,20240424,20240506,20240506,EXP,"",US-NOVOPROD-1212382,NOVO NORDISK,"",65,YR,"",F,Y,,"",20240506,"",MD,US,US,238178311,HO,Dehydration,"",1,PS,RYBELSUS,SEMAGLUTIDE,1,Oral,14 mg,,"","","","",,213051,,"",Tablet,"",3
23817832,238178321,1,I,,20240424,20240506,20240506,EXP,"",US-NOVOPROD-1214711,NOVO NORDISK,"",,"",A,F,Y,,"",20240506,"",CN,US,US,238178321,OT,Multiple endocrine neoplasia Type 2,"",1,PS,OZEMPIC,SEMAGLUTIDE,1,Subcutaneous,UNK,,"",U,"","",,209637,,"",Solution for injection,"",7
23817834,238178341,1,I,,20240424,20240506,20240506,EXP,"",US-NOVOPROD-1213128,NOVO NORDISK,"",,"","",F,Y,,"",20240506,"",CN,US,US,238178341,OT,Blindness,"",1,PS,OZEMPIC,SEMAGLUTIDE,1,Subcutaneous,"0.25 mg, qw",,"",U,"","",,209637,0.25,MG,Solution for injection,/WK,7
23817835,238178351,1,I,20231201,20240424,20240506,20240506,EXP,"",US-NOVOPROD-1212393,NOVO NORDISK,"",,"","",F,Y,,"",20240506,"",CN,US,US,238178351,OT,Thyroid mass,"",1,PS,WEGOVY,SEMAGLUTIDE,1,Subcutaneous,UNK,,"","","","",,215256,,"",Solution for injection,"",7
23817837,238178371,1,I,20240301,20240424,20240506,20240506,EXP,"",US-NOVOPROD-1212535,NOVO NORDISK,"",40,YR,"",F,Y,,"",20240506,"",HP,US,US,238178371,HO,Obstructive pancreatitis,"",1,PS,WEGOVY,SEMAGLUTIDE,1,Subcutaneous,"2.4 mg, qw",,"",Y,"","",,215256,2.4,MG,Solution for injection,/WK,3
23817842,238178421,1,I,,20240424,20240506,20240506,EXP,"",US-NOVOPROD-1212665,NOVO NORDISK,"",,"","",F,Y,,"",20240506,"",CN,US,US,238178421,HO,Hernia,"",1,PS,OZEMPIC,SEMAGLUTIDE,1,Subcutaneous,0.25 mg,,"",Y,"","",,209637,,"",Solution for injection,"",3
23817892,238178921,1,I,20190326,20240425,20240506,20240506,EXP,"",US-NOVOPROD-1212899,NOVO NORDISK,"",72,YR,"",M,Y,,"",20240506,"",HP,US,US,238178921,DE,Pulmonary embolism,"",1,PS,OZEMPIC,SEMAGLUTIDE,1,Subcutaneous,"2 mg, qw",,"",U,"","",,209637,2,MG,Solution for injection,/WK,1
23817893,238178931,1,I,,20240425,20240506,20240506,EXP,"",US-NOVOPROD-1212150,NOVO NORDISK,"",,"",A,F,Y,,"",20240506,"",CN,US,US,238178931,OT,Condition aggravated,"",1,PS,WEGOVY,SEMAGLUTIDE,1,Subcutaneous,"1 mg, qw",,"",U,"",NZF8C53,,215256,1,MG,Solution for injection,/WK,7
23817895,238178951,1,I,,20240425,20240506,20240506,EXP,"",US-NOVOPROD-1212730,NOVO NORDISK,"",,"","","",Y,,"",20240506,"",MD,US,US,238178951,OT,Pancreatic carcinoma,"",1,PS,OZEMPIC,SEMAGLUTIDE,1,Subcutaneous,"0.5 mg,qw",,"",N,"","",,209637,0.5,MG,Solution for injection,/WK,7
23817896,238178961,1,I,,20240425,20240506,20240506,EXP,"",US-NOVOPROD-1212823,NOVO NORDISK,"",,"","",M,Y,,"",20240506,"",HP,US,US,238178961,DE,Death,"",1,PS,OZEMPIC,SEMAGLUTIDE,1,Subcutaneous,Unk,,"",D,"","",,209637,,"",Solution for injection,"",1
23817898,238178981,1,I,20240401,20240425,20240506,20240506,EXP,"",US-NOVOPROD-1212728,NOVO NORDISK,"",67,YR,"",F,Y,,"",20240506,"",CN,US,US,238178981,OT,Knee operation,"",1,PS,OZEMPIC,SEMAGLUTIDE,1,Subcutaneous,UNK,,"","","",NZF7Y88,,209637,,"",Solution for injection,"",7
23817901,238179011,1,I,,20240425,20240506,20240506,EXP,"",US-NOVOPROD-1212805,NOVO NORDISK,"",,"","",F,Y,,"",20240506,"",CN,US,US,238179011,OT,Neoplasm malignant,"",1,PS,OZEMPIC,SEMAGLUTIDE,1,Subcutaneous,UNK,,"",N,"","",,209637,,"",Solution for injection,"",7
23817905,238179051,1,I,20240201,20240425,20240506,20240506,EXP,"",US-NOVOPROD-1213004,NOVO NORDISK,"",71,YR,"",F,Y,,"",20240506,"",CN,US,US,238179051,OT,Skin cancer,"",1,PS,OZEMPIC,SEMAGLUTIDE,1,Subcutaneous,UNK,,"","","","",,209637,,"",Solution for injection,"",7
23817948,238179481,1,I,,20240425,20240506,20240506,EXP,"",US-NOVOPROD-1213451,NOVO NORDISK,"",,"","",M,Y,,"",20240506,"",MD,US,US,238179481,DS,Blindness,"",1,PS,OZEMPIC,SEMAGLUTIDE,1,Subcutaneous,UNK,,"",U,"","",,209637,,"",Solution for injection,"",4
23817949,238179491,1,I,,20240425,20240506,20240506,EXP,"",US-NOVOPROD-1213984,NOVO NORDISK,"",,"","",F,Y,,"",20240506,"",CN,US,US,238179491,OT,Breast cancer,"",1,PS,WEGOVY,SEMAGLUTIDE,1,Subcutaneous,UNK,,"","","","",,215256,,"",Solution for injection,"",7
23817950,238179501,1,I,,20240425,20240506,20240506,EXP,"",US-NOVOPROD-1213739,NOVO NORDISK,"",,"",A,M,Y,,"",20240506,"",CN,US,US,238179501,DS,Wrong technique in product usage process,"",1,PS,OZEMPIC,SEMAGLUTIDE,1,Subcutaneous,"0.5 mg, qw",,"",U,"","",,209637,0.5,MG,Solution for injection,/WK,4
23817951,238179511,1,I,,20240425,20240506,20240506,EXP,"",US-NOVOPROD-1213471,NOVO NORDISK,"",,"","",M,Y,,"",20240506,"",CN,US,US,238179511,OT,Cardiac failure,"",1,PS,OZEMPIC,SEMAGLUTIDE,1,Subcutaneous,2.0 mg,,"",U,"","",,209637,,"",Solution for injection,"",7
23817962,238179621,1,I,20240101,20240425,20240506,20240506,EXP,"",US-NOVOPROD-1214190,NOVO NORDISK,"",60,YR,"",F,Y,,"",20240506,"",CN,US,US,238179621,OT,Therapeutic procedure,"",1,PS,OZEMPIC,SEMAGLUTIDE,1,Subcutaneous,"0.5 mg, qw",,"","","",NZF7W30,,209637,0.5,MG,Solution for injection,/WK,7
23817963,238179631,1,I,,20240425,20240506,20240506,EXP,"",US-NOVOPROD-1213985,NOVO NORDISK,"",,"","",M,Y,,"",20240506,"",CN,US,US,238179631,DE,Completed suicide,"",1,PS,OZEMPIC,SEMAGLUTIDE,1,Subcutaneous,UNK,,"",U,"","",,209637,,"",Solution for injection,"",1
23817965,238179651,1,I,20240330,20240426,20240506,20240506,EXP,"",US-NOVOPROD-1200271,NOVO NORDISK,"",93,YR,"",F,Y,150,KG,20240506,"",HP,US,US,238179651,HO,Decreased appetite,"",1,PS,OZEMPIC,SEMAGLUTIDE,1,Subcutaneous,"0.25 mg, qw",,"",Y,"","",,209637,0.25,MG,Solution for injection,/WK,3
23818410,238184101,1,I,20230101,20230824,20240506,20240506,PER,"",US-UCBSA-2023042433,UCB,"",,"","",F,Y,,"",20240506,"",HP,US,US,,,Fatigue,"",4,C,OZEMPIC,SEMAGLUTIDE,1,"",1/0.75,,"",U,"","",,"",,"","","",
23818431,238184311,1,I,20210501,20240311,20240506,20240506,PER,"",US-UCBSA-2023042864,UCB,"",67,YR,"",F,Y,83.401,KG,20240506,"",HP,US,US,,,Weight decreased,"",9,C,OZEMPIC,SEMAGLUTIDE,1,"",1/0.75 (3),,"",U,"","",,"",,"",Solution for injection in pre-filled pen,"",
23818548,238185481,1,I,,20240105,20240506,20240506,PER,"",US-UCBSA-2023045174,UCB,"",,"","",F,Y,,"",20240506,"",HP,US,US,,,Drug ineffective,"",15,C,OZEMPIC,SEMAGLUTIDE,1,"",0.25 OR .5 PEN INJCTR,,"",U,"","",,"",,"","","",
23818769,238187691,1,I,20200501,20231009,20240506,20240506,PER,"",US-UCBSA-2023049106,UCB,"",35,YR,"",F,Y,,"",20240506,"",HP,US,US,,,Inability to afford medication,"",9,C,OZEMPIC,SEMAGLUTIDE,1,"",0.25 OR,,"",U,"","",,"",,"",Solution for injection in pre-filled pen,"",
23818857,238188572,2,F,20240329,20240430,20240506,20240514,PER,"",US-SA-2024SA127905,SANOFI AVENTIS,"",46,YR,A,F,Y,94.3,KG,20240514,"",MD,US,US,,,Rash,"",9,C,OZEMPIC,SEMAGLUTIDE,1,"","",,"",U,"","",,"",,"","","",
23819005,238190051,1,I,20231019,20240419,20240506,20240506,PER,"","US-IMMUNOCORE, LTD.-2024-IMC-002525",IMMUNOCORE,"",76,YR,"",F,Y,77.098,KG,20240506,"",CN,US,US,,,Crying,"",13,C,OZEMPIC,SEMAGLUTIDE,1,"",UNK,,"",U,"","",,"",,"","","",
23819270,238192701,1,I,,20240423,20240506,20240506,EXP,"",US-862174955-ML2024-02801,Unknown Manufacturer,"Price MZ, Price RL. Treating Schizophrenia and Bipolar I Disorder in the Real-World Setting: Effectiveness and Safety of Olanzapine/Samidorphan Combination. Prim-Care-Companion-CNS-Disord. 2024 Apr 02;26(2): doi: https://doi.org/10.4088/PCC.23cr03666.",45,YR,A,F,Y,,"",20240506,"",HP,US,US,238192701,OT,Suicidal ideation,"",5,SS,SEMAGLUTIDE,SEMAGLUTIDE,1,"","",,"",U,"",Unknown,,"",,"","","",7
23819306,238193061,1,I,,20240422,20240506,20240506,EXP,"",US-CADILA HEALTHCARE LIMITED-US-ZYDUS-106321,ZYDUS PHARM,"Price MZ, Price RL.. Treating Schizophrenia and Bipolar I Disorder in the Real-World Setting: Effectiveness and Safety of Olanzapine/Samidorphan Combination.. Prim-Care-Companion-CNS-Disord. 2024;26 No 2",,"","","",Y,,"",20240506,"",HP,US,US,238193061,OT,Weight increased,"",8,SS,SEMAGLUTIDE,SEMAGLUTIDE,1,Unknown,UNK,,"",U,"",Unknown,,"",,"","","",7
23819482,238194821,1,I,,20240502,20240506,20240506,EXP,"",US-JAZZ PHARMACEUTICALS-2024-US-006959,JAZZ,"",,"",A,F,Y,,"",20240506,"",MD,US,US,238194821,DE,Myocardial infarction,"",13,C,OZEMPIC,SEMAGLUTIDE,1,Subcutaneous,"",,"","","","",,"",,"",Injection,"",1
23820444,238204441,1,I,20240408,20240503,20240503,20240503,DIR,701844,"",FDA-CTU,"",65,YR,"",F,N,,"",20240503,N,CN,US,"",238204441,HO,Glycosylated haemoglobin increased,"",1,PS,OZEMPIC,SEMAGLUTIDE,1,"","",,"",N,N,"",,"",,"","","",3
23820655,238206551,1,I,20230812,20240504,20240504,20240504,DIR,701908,"",FDA-CTU,"",55,YR,"",M,N,104.4,KG,20240504,N,CN,US,"",238206551,DS,Ear discomfort,"",1,PS,OZEMPIC,SEMAGLUTIDE,1,Subcutaneous,OTHER QUANTITY : 1 Injection(s);?Frequency : Weekly;?,,"",N,D,"",,"",,"","",QW,4
23820933,238209331,1,I,,20240424,20240506,20240506,PER,"",US-Calliditas-2024CAL00241,CALLIDITAS THERAPEUTICS,"",51,YR,A,F,Y,,"",20240506,"",CN,US,US,,,Acne,"",4,C,WEGOVY,SEMAGLUTIDE,1,"","",,"","","","",,"",,"","","",
23821055,238210551,1,I,20240405,20240409,20240506,20240506,PER,"",US-SCIEGENP-2024SCSPO00236,SCIEGEN,"",,"","",F,Y,,"",20240506,"",CN,US,US,,,Headache,"",7,C,OZEMPIC,SEMAGLUTIDE,1,Unknown,"",,"","","","",,"",,"","","",
23821433,238214331,1,I,20240501,20240504,20240504,20240504,DIR,701910,"",FDA-CTU,"",47,YR,"",F,N,,"",20240504,N,CN,US,"",238214331,DE,Unresponsive to stimuli,"",1,PS,OZEMPIC,SEMAGLUTIDE,1,"","",,"",N,D,"",,99,,"","","",1
23821448,238214481,1,I,20240304,20240504,20240504,20240504,DIR,701921,"",FDA-CTU,"",41,YR,"",F,N,135,KG,20240504,N,CN,US,"",238214481,OT,Condition aggravated,"",1,PS,OZEMPIC,SEMAGLUTIDE,1,Other,OTHER FREQUENCY : Once weekly;?OTHER ROUTE : Injection;?,,"",Y,Y,"",20240217,"",,"","",999,7
23821507,238215071,1,I,20240504,20240504,20240504,20240504,DIR,701942,"",FDA-CTU,"",56,YR,"",F,N,81,KG,20240504,Y,HP,US,"",238215071,LT,Presyncope,"",1,PS,OZEMPIC,SEMAGLUTIDE,1,Subcutaneous,OTHER FREQUENCY : Weekly;?,,"","","","",,"",1,MG,"",999,2
23821925,238219251,1,I,,20231006,20240506,20240506,EXP,"",US-NOVOPROD-1206153,NOVO NORDISK,"",,"","","",Y,,"",20240506,"",CN,US,US,238219251,OT,Transplant,"",1,PS,OZEMPIC,SEMAGLUTIDE,1,Subcutaneous,"0.25 mg, qw",,"","","",LP58501,,209637,0.25,MG,Solution for injection,/WK,7
23821926,238219261,1,I,,20230807,20240506,20240506,EXP,"",US-NOVOPROD-1184817,NOVO NORDISK,"",,"","","",Y,,"",20240506,"",CN,US,US,238219261,DS,Disability,"",1,PS,OZEMPIC,SEMAGLUTIDE,1,Subcutaneous,UNK,,"",U,"","",,209637,,"",Solution for injection,"",4
23821927,238219271,1,I,20230602,20230626,20240506,20240506,EXP,"",US-NOVOPROD-1202152,NOVO NORDISK,"",,"","","",Y,,"",20240506,"",CN,US,US,238219271,HO,Hospitalisation,"",1,PS,OZEMPIC,SEMAGLUTIDE,1,Subcutaneous,Unknown,,"",U,"","",,209637,,"",Solution for injection,"",3
23822336,238223363,3,F,,20240608,20240506,20240610,30DAY,"",US-PFIZER INC-202400099400,PFIZER,"",61,YR,"",F,Y,,"",20240610,"",CN,US,US,,,Device issue,"",2,C,OZEMPIC,SEMAGLUTIDE,1,"",UNK,,"","","","",,"",,"","","",
23822444,238224441,1,I,20240428,20240501,20240504,20240504,DIR,FDA-CDER-CTU-2024-32522,"",FDA-CTU,"",63,YR,"",M,N,69,KG,20240501,N,HP,US,"",238224441,HO,Hyperphosphataemia,"",1,PS,SEMAGLUTIDE,SEMAGLUTIDE,1,Subcutaneous,1 MG QWEEK SQ,,"","","","",,"",1,MG,Injection,QW,3
23823215,238232151,1,I,,20240425,20240507,20240507,EXP,"",US-NOVOPROD-1213766,NOVO NORDISK,"",,"","",F,Y,,"",20240507,"",CN,US,US,238232151,OT,Rheumatoid arthritis,"",1,PS,OZEMPIC,SEMAGLUTIDE,1,Subcutaneous,.25mg,,"",U,"","",,209637,,"",Solution for injection,"",7
23823218,238232181,1,I,,20240424,20240507,20240507,EXP,"",US-NOVOPROD-1216178,NOVO NORDISK,"",,"","",F,Y,,"",20240507,"",CN,US,US,238232181,OT,Wrong technique in product usage process,"",1,PS,OZEMPIC,SEMAGLUTIDE,1,Subcutaneous,"0.25 mg, qw",,"",U,"","",,209637,0.25,MG,Solution for injection,/WK,7
23823221,238232211,1,I,20240101,20240424,20240507,20240507,EXP,"",US-NOVOPROD-1212844,NOVO NORDISK,"",59,YR,"",F,Y,70.3,KG,20240507,"",HP,US,US,238232211,HO,Nausea,"",1,PS,OZEMPIC,SEMAGLUTIDE,1,Subcutaneous,UNK,,"",U,"","",,209637,,"",Solution for injection,"",3
23823223,238232231,1,I,,20240426,20240507,20240507,EXP,"",US-NOVOPROD-1213475,NOVO NORDISK,"",,"","",M,Y,,"",20240507,"",MD,US,US,238232231,HO,Acute hepatic failure,"",1,PS,OZEMPIC,SEMAGLUTIDE,1,Subcutaneous,0.5mg,,"",N,"","",,209637,,"",Solution for injection,"",3
23823224,238232241,1,I,20231201,20240426,20240507,20240507,EXP,"",US-NOVOPROD-1214904,NOVO NORDISK,"",47,YR,"",F,Y,,"",20240507,"",CN,US,US,238232241,HO,Small intestinal obstruction,"",1,PS,WEGOVY,SEMAGLUTIDE,1,"",UNK,,"",U,"","",,215256,,"",Solution for injection,"",3
23823226,238232261,1,I,,20240426,20240507,20240507,EXP,"",US-NOVOPROD-1213542,NOVO NORDISK,"",,"","",M,Y,,"",20240507,"",CN,US,US,238232261,OT,Blood testosterone decreased,"",1,PS,OZEMPIC,SEMAGLUTIDE,1,Subcutaneous,UNK,,"",U,"","",,209637,,"",Solution for injection,"",7
23823228,238232281,1,I,,20240426,20240507,20240507,EXP,"",US-NOVOPROD-1213961,NOVO NORDISK,"",64,YR,"",F,Y,,"",20240507,"",HP,US,US,238232281,OT,Haematemesis,"",1,PS,OZEMPIC,SEMAGLUTIDE,1,Subcutaneous,0.25 mg,,"",Y,"","",,209637,,"",Solution for injection,"",7
23823238,238232381,1,I,,20240428,20240507,20240507,EXP,"",US-NOVOPROD-1214461,NOVO NORDISK,"",,"","","",Y,,"",20240507,"",CN,US,US,238232381,HO,Decreased appetite,"",1,PS,WEGOVY,SEMAGLUTIDE,1,Subcutaneous,UNK,,"",U,"","",,215256,,"",Solution for injection,"",3
23823242,238232422,2,F,,20240607,20240507,20240618,EXP,"",US-NOVOPROD-1216013,NOVO NORDISK,"",,"",A,M,Y,,"",20240618,"",CN,US,US,238232422,DE,Abdominal discomfort,"",1,PS,OZEMPIC,SEMAGLUTIDE,1,Subcutaneous,UNK,,"",U,"","",,209637,,"",Solution for injection,"",1
23823368,238233682,2,F,,20240611,20240507,20240620,EXP,"",US-AUROBINDO-AUR-APL-2024-020795,AUROBINDO,"Price MZ, Price RL. Treating Schizophrenia and Bipolar I Disorder in the Real-World Setting: Effectiveness and Safety of Olanzapine/Samidorphan Combination. Prim-Care-Companion-CNSDisord. 2024;26(2):23cr03666",45,YR,"",F,Y,,"",20240620,"",MD,US,US,238233682,OT,Suicidal ideation,"",10,SS,SEMAGLUTIDE,SEMAGLUTIDE,1,Unknown,UNK,,"",U,"","",,"",,"","","",7
23823581,238235811,1,I,,20240119,20240507,20240507,PER,"",US-UCBSA-2023053504,UCB,"",,"","",F,Y,115.87,KG,20240507,"",HP,US,US,,,Swelling face,"",3,C,OZEMPIC,SEMAGLUTIDE,1,"",1/0.75,,"",U,"","",,"",,"",Injection,"",
23824465,238244652,2,F,,20240624,20240507,20240627,PER,"",US-BRISTOL-MYERS SQUIBB COMPANY-2024-070003,BRISTOL MYERS SQUIBB,"",61,YR,A,M,Y,,"",20240627,"",CN,US,US,,,Insurance issue,"",3,C,OZEMPIC,SEMAGLUTIDE,1,"","",,"",U,"","",,"",,"","","",
23824702,238247021,1,I,20200101,20240424,20240507,20240507,EXP,"",US-MYLANLABS-2024M1039267,MYLAN,"Ma J, Mathur K, Muldoon JL, Ghabril M, Chalasani N, Vuppalanchi R. Progressive Cholestasis and Biliary Cirrhosis after Initiating Oral Semaglutide: Report from the Drug-Induced Liver Injury Network. ACG-Case-Rep-J 2022; 9 (12):.",51,YR,"",M,Y,,"",20240507,"",MD,US,US,238247021,HO,Drug ineffective,"",6,C,SEMAGLUTIDE,SEMAGLUTIDE,1,Oral,"3 milligram, qd",,"","",U,"",,"",3,MG,Unknown,QD,3
23824922,238249223,3,F,20240429,20240522,20240507,20240524,PER,"",US-AMGEN-USASP2024090393,AMGEN,"",67,YR,E,F,Y,,"",20240524,"",CN,US,US,,,Accidental exposure to product,"",3,C,OZEMPIC,SEMAGLUTIDE,1,"",UNK,,"","","","",,"",,"","","",
23825024,238250241,1,I,20240428,20240506,20240507,20240507,PER,"",US-AMGEN-USASP2024090265,AMGEN,"",61,YR,A,M,Y,,"",20240507,"",HP,US,US,,,Pain,"",8,C,OZEMPIC,SEMAGLUTIDE,1,Unknown,"",,"","","","",,"",,"",Unknown formulation,"",
23825147,238251471,1,I,20240409,20240501,20240507,20240507,PER,"",US-ABBVIE-5746255,ABBVIE,"",34,YR,"",F,Y,76.203,KG,20240507,"",CN,US,US,,,Injection site haemorrhage,"",6,C,WEGOVY,SEMAGLUTIDE,1,"","",,"","","","",,"",,"","","",
23825330,238253301,1,I,20100101,20240425,20240507,20240507,EXP,"",US-ROCHE-3553716,ROCHE,"",,"",E,F,Y,87.622,KG,20240507,"",CN,US,"",238253301,HO,Asthenia,"",4,SS,OZEMPIC,SEMAGLUTIDE,1,Unknown,"",,"",D,"",UNKNOWN,,"",,"","","",3
23825817,238258171,1,I,,20240506,20240507,20240507,EXP,"","US-B.I. Pharmaceuticals,Inc./Ridgefield-2024-BI-026007",BOEHRINGER INGELHEIM,"",,"","",M,Y,,"",20240507,"",CN,US,US,238258171,OT,Cerebrovascular accident,"",2,C,OZEMPIC,SEMAGLUTIDE,1,"",in the morning,,"",U,"","",,"",,"","",/WK,7
23826138,238261381,1,I,20180101,20240110,20240507,20240507,PER,"",US-UCBSA-2024000044,UCB,"",,"","",M,Y,,"",20240507,"",HP,US,US,,,Off label use,"",13,C,RYBELSUS,SEMAGLUTIDE,1,"",14 milligram,,"",U,"","",,"",14,MG,Tablet,"",
23826376,238263761,1,I,20240101,20240110,20240507,20240507,PER,"",US-UCBSA-2024001746,UCB,"",38,YR,"",F,Y,91.61,KG,20240507,"",HP,US,US,,,Axial spondyloarthritis,"",4,C,OZEMPIC,SEMAGLUTIDE,1,"",1/0.75 (3) PEN INJCTR,,"",U,"","",,"",,"","","",
23826481,238264811,1,I,20240503,20240506,20240506,20240506,DIR,702023,"",FDA-CTU,"",28,YR,"",F,N,,"",20240506,N,HP,US,"",,,Nausea,"",1,PS,CYANOCOBALAMIN\SEMAGLUTIDE,CYANOCOBALAMIN\SEMAGLUTIDE,1,Subcutaneous,Frequency : Weekly;?,,"",D,D,LG5061920,20240618,99,1,ML,"",QW,
23826482,238264821,1,I,20240502,20240506,20240506,20240506,DIR,702030,"",FDA-CTU,"",36,YR,"",F,N,,"",20240506,N,HP,US,"",238264821,OT,Vomiting,"",1,PS,CYANOCOBALAMIN\GLYCINE\SEMAGLUTIDE,CYANOCOBALAMIN\GLYCINE\SEMAGLUTIDE,1,Subcutaneous,Frequency : Weekly;?,,"",Y,D,LG5063519,20240608,99,0.05,ML,"",QW,7
23826536,238265361,1,I,,20240206,20240507,20240507,PER,"",US-UCBSA-2024004479,UCB,"",,"","",F,Y,,"",20240507,"",HP,US,US,,,Fatigue,"",12,C,OZEMPIC,SEMAGLUTIDE,1,"",1 M SOP 4MG/3ML,,"",U,"","",,"",,"","","",
23826654,238266541,1,I,20240423,20240502,20240507,20240507,PER,"",US-BRISTOL-MYERS SQUIBB COMPANY-2024-070581,BRISTOL MYERS SQUIBB,"",71,YR,E,F,Y,,"",20240507,"",HP,US,US,238266541,OT,Neutropenia,"",5,C,OZEMPIC,SEMAGLUTIDE,1,"","",,"",U,"","",,"",0.25,MG,"","",7
23826701,238267011,1,I,,20230810,20240507,20240507,EXP,"",US-NOVOPROD-1202955,NOVO NORDISK,"",,"","",M,Y,,"",20240507,"",CN,US,US,238267011,OT,Dementia,"",1,PS,OZEMPIC,SEMAGLUTIDE,1,Subcutaneous,UNK,,"",U,"","",,209637,,"",Solution for injection,"",7
23826705,238267051,1,I,,20230825,20240507,20240507,EXP,"",US-NOVOPROD-1204344,NOVO NORDISK,"",,"","",F,Y,,"",20240507,"",CN,US,US,238267051,OT,Surgery,"",1,PS,OZEMPIC,SEMAGLUTIDE,1,Subcutaneous,1 mg,,"",U,"","",,209637,,"",Solution for injection,"",7
23826862,238268621,1,I,20240401,20240430,20240507,20240507,EXP,"",US-ABBVIE-5742000,ABBVIE,"",51,YR,"",F,Y,66,KG,20240507,"",CN,US,US,238268621,HO,Paraesthesia,"",6,C,WEGOVY,SEMAGLUTIDE,1,"","",,"","","","",,"",,"","","",3
23827328,238273281,1,I,,20240506,20240507,20240507,PER,"",US-BRISTOL-MYERS SQUIBB COMPANY-2024-071023,BRISTOL MYERS SQUIBB,"",74,YR,E,F,Y,89.36,KG,20240507,"",HP,US,US,,,Tooth disorder,"",4,C,OZEMPIC,SEMAGLUTIDE,1,"","",,"",U,"","",,"",,"","","",
23827410,238274101,1,I,,20230605,20240507,20240507,PER,"",US-JNJFOC-20240516555,JOHNSON AND JOHNSON,"",,"","",M,Y,,"",20240507,"",CN,US,US,,,Fatigue,"",13,C,OZEMPIC,SEMAGLUTIDE,1,"","",,"","","","",,"",,"","","",
23827507,238275071,1,I,20240426,20240506,20240506,20240506,DIR,702084,"",FDA-CTU,"",54,YR,"",F,N,128.25,KG,20240506,N,CN,US,"",238275071,OT,Impaired work ability,"",1,PS,OZEMPIC,SEMAGLUTIDE,1,Subcutaneous,OTHER QUANTITY : .25 Injection(s);?OTHER FREQUENCY : 1X week;?,,"",N,D,PZF8W57,20250731,99,,"","",999,7
23828179,238281792,2,F,20240501,20240605,20240508,20240612,PER,"",US-BRISTOL-MYERS SQUIBB COMPANY-2024-069618,BRISTOL MYERS SQUIBB,"",70,YR,E,F,Y,71.21,KG,20240612,"",CN,US,US,238281792,OT,Neuropathy peripheral,"",4,C,OZEMPIC,SEMAGLUTIDE,1,Subcutaneous,2 /1.5 mg/ml,,"","","","",,"",,"","",/WK,7
23828374,238283741,1,I,20240401,20240429,20240508,20240508,EXP,"",US-NOVOPROD-1214813,NOVO NORDISK,"",,"",A,F,Y,,"",20240508,"",CN,US,US,238283741,HO,Hospitalisation,"",1,PS,OZEMPIC,SEMAGLUTIDE,1,Subcutaneous,UNK,,"",U,"","",,209637,,"",Solution for injection,"",3
23828380,238283802,2,F,20240402,20240517,20240508,20240529,EXP,"",US-NOVOPROD-1214820,NOVO NORDISK,"",45,YR,"",M,Y,,"",20240529,"",PH,US,US,238283802,OT,Embolic stroke,"",1,PS,WEGOVY,SEMAGLUTIDE,1,Subcutaneous,0.5mg,,"",Y,"","",,215256,,"",Solution for injection,"",7
23828384,238283841,1,I,,20240429,20240508,20240508,EXP,"",US-NOVOPROD-1214675,NOVO NORDISK,"",,"","",M,Y,,"",20240508,"",CN,US,US,238283841,HO,Euglycaemic diabetic ketoacidosis,"",1,PS,OZEMPIC,SEMAGLUTIDE,1,Subcutaneous,UNK,,"",N,"","",,209637,,"",Solution for injection,"",3
23828386,238283862,2,F,20230928,20240619,20240508,20240627,EXP,"",US-NOVOPROD-1214471,NOVO NORDISK,"",61,YR,"",M,Y,,"",20240627,"",CN,US,US,238283862,HO,Hip arthroplasty,"",1,PS,OZEMPIC,SEMAGLUTIDE,1,Subcutaneous,UNK,,"",D,"",PAR0034,,209637,,"",Solution for injection,"",3
23828388,238283881,1,I,20240416,20240426,20240508,20240508,EXP,"",US-NOVOPROD-1216435,NOVO NORDISK,"",48,YR,"",F,Y,,"",20240508,"",CN,US,US,238283881,OT,Abscess,"",1,PS,WEGOVY,SEMAGLUTIDE,1,Subcutaneous,"0.25 mg, qw",0.031,MG,N,"",NZF4N72,,215256,0.25,MG,Solution for injection,/WK,7
23828392,238283921,1,I,20240323,20240429,20240508,20240508,EXP,"",US-NOVOPROD-1214809,NOVO NORDISK,"",76,YR,"",F,Y,,"",20240508,"",CN,US,US,238283921,OT,Injection site pain,"",1,PS,OZEMPIC,SEMAGLUTIDE,1,Subcutaneous,0.5 mg,,"",U,"",PZF8L80,,209637,0.5,MG,Solution for injection,"",7
23828400,238284001,1,I,20220101,20240429,20240508,20240508,EXP,"",US-NOVOPROD-1214950,NOVO NORDISK,"",41,YR,"",M,Y,,"",20240508,"",CN,US,US,238284001,OT,Diabetes mellitus inadequate control,"",1,PS,OZEMPIC,SEMAGLUTIDE,1,Subcutaneous,UNK,,"",Y,"","",,209637,,"",Solution for injection,"",7
23828402,238284021,1,I,20220501,20240429,20240508,20240508,EXP,"",US-NOVOPROD-1216043,NOVO NORDISK,"",39,YR,"",F,Y,,"",20240508,"",CN,US,US,238284021,OT,Impaired gastric emptying,"",1,PS,OZEMPIC,SEMAGLUTIDE,1,Subcutaneous,"2 mg, qw",,"",N,"","",,209637,2,MG,Solution for injection,/WK,7
23828952,238289521,1,I,,20230407,20240508,20240508,PER,"",US-UCBSA-2023018549,UCB,"",,"","",M,Y,,"",20240508,"",HP,US,US,,,Viral infection,"",18,C,OZEMPIC,SEMAGLUTIDE,1,"",1/0.75,,"",U,"","",,"",,"","","",
23829561,238295611,1,I,20231101,20240506,20240508,20240508,EXP,"",US-GSK-US2023158319,GLAXOSMITHKLINE,"",,"","","",Y,,"",20240508,"",CN,US,US,238295611,HO,Vomiting,"",2,C,OZEMPIC,SEMAGLUTIDE,1,"",UNK,,"",U,"","",,"",,"","","",3
23829702,238297021,1,I,,20240502,20240508,20240508,EXP,"",US-SANDOZ INC.-SDZ2024US045713,SANDOZ,"",,"","",F,Y,,"",20240508,"",CN,US,US,,,Eructation,"",5,SS,OZEMPIC,SEMAGLUTIDE,1,Unknown,"2 mg, QW",,"",U,"","",,"",2,MG,"",/WK,
23829787,238297872,2,F,,20240610,20240508,20240611,PER,"",US-BRISTOL-MYERS SQUIBB COMPANY-2024-068825,BRISTOL MYERS SQUIBB,"",79,YR,E,M,Y,,"",20240611,"",PH,US,US,,,Anger,"",5,C,OZEMPIC,SEMAGLUTIDE,1,"","",,"",U,"","",,"",,"","","",
23829862,238298621,1,I,,20240502,20240508,20240508,PER,"",US-ELI_LILLY_AND_COMPANY-US202405002189,ELI LILLY AND CO,"",,"","",M,Y,,"",20240508,"",CN,US,US,,,Drug hypersensitivity,"",6,C,OZEMPIC,SEMAGLUTIDE,1,"",UNK,,"","","","",,"",,"","","",
23830321,238303211,1,I,,20240501,20240508,20240508,PER,"",US-BIOGEN-2021BI00998227,BIOGEN,"",,"","",F,Y,,"",20240508,"",CN,US,US,,,Ligament sprain,"",18,C,OZEMPIC,SEMAGLUTIDE,1,Other,"",,"","","","",,"",,"",Unknown,"",
23831299,238312991,1,I,20220929,20221119,20240507,20240507,DIR,FDA-CDER-CTU-2024-33023,"",FDA-CTU,"",63,YR,"",M,N,106,KG,20221119,N,PH,US,"",238312991,HO,Urinary tract infection,"",2,SS,SEMAGLUTIDE,SEMAGLUTIDE,1,"","",,"","","","",,"",,"","","",3
23831502,238315021,1,I,20240429,20240507,20240507,20240507,DIR,702193,"",FDA-CTU,"",31,YR,"",F,N,,"",20240507,N,CN,US,"",,,Arthralgia,"",1,PS,OZEMPIC,SEMAGLUTIDE,1,Subcutaneous,OTHER QUANTITY : 3 Injection(s);?OTHER FREQUENCY : Weekly;?,,"",N,D,NZF8B09,20250930,99,,"","",999,
23831634,238316342,2,F,20240403,20240612,20240508,20240614,EXP,"",US-BAYER-2024A065865,BAYER,"",53,YR,A,F,Y,,"",20240614,"",MD,US,US,238316342,LT,Hyperkalaemia,"",6,C,OZEMPIC,SEMAGLUTIDE,1,"","",,"","","","",,"",,"","","",2
23831739,238317391,1,I,20240507,20240507,20240507,20240507,DIR,702198,"",FDA-CTU,"",60,YR,"",F,N,,"",20240507,Y,PH,US,"",,,Intentional dose omission,"",8,C,OZEMPIC,SEMAGLUTIDE,1,"","",,"","","","",,"",,"","","",
23831943,238319431,1,I,,20240507,20240507,20240507,DIR,702180,"",FDA-CTU,"",,"","",F,N,86.4,KG,20240507,N,CN,US,"",,,Abdominal pain upper,"",1,PS,WEGOVY,SEMAGLUTIDE,1,Other,OTHER QUANTITY : 1 Injection(s);?OTHER FREQUENCY : Once per week;?OTHER ROUTE : Injected into stomache;?,,"",Y,D,"",,99,,"","",999,
23832042,238320421,1,I,,20240502,20240508,20240508,PER,"",NVSC2024US097217,NOVARTIS,"",,"","",F,Y,,"",20240508,"",CN,US,US,,,Eructation,"",8,SS,SEMAGLUTIDE,SEMAGLUTIDE,1,Unknown,"2 mg, QW",,"",U,"","",,"",2,MG,"",/WK,
23832055,238320551,1,I,,20240506,20240508,20240508,PER,"",US-ELI_LILLY_AND_COMPANY-US202405003682,ELI LILLY AND CO,"",63,YR,A,F,Y,,"",20240508,"",CN,US,US,,,Injection site pain,"",2,C,OZEMPIC,SEMAGLUTIDE,1,"",UNK,,"","","","",,"",,"","","",
23832191,238321911,1,I,20240506,20240507,20240507,20240507,DIR,FDA-CDER-CTU-2024-33324,"",FDA-CTU,"",55,YR,"",F,N,262,LBS,20240507,N,MD,US,"",,,Suicidal ideation,"",1,PS,OZEMPIC,SEMAGLUTIDE,1,Subcutaneous,Frequency : Weekly;?,,"","","","",,"",0.5,MG,"",QW,
23832222,238322221,1,I,,20230721,20240508,20240508,EXP,"",US-NOVOPROD-1207319,NOVO NORDISK,"",,"","",M,Y,,"",20240508,"",CN,US,US,238322221,OT,Knee arthroplasty,"",1,PS,OZEMPIC,SEMAGLUTIDE,1,Subcutaneous,1mg once a week,,"",U,"",NZF9F84,,209637,1,MG,Solution for injection,/WK,7
23832223,238322231,1,I,,20230627,20240508,20240508,EXP,"",US-NOVOPROD-1206007,NOVO NORDISK,"",,"","",F,Y,,"",20240508,"",CN,US,US,238322231,OT,Myocardial infarction,"",1,PS,OZEMPIC,SEMAGLUTIDE,1,Subcutaneous,0.25 mg,,"",U,"",NZF5J43,,209637,,"",Solution for injection,"",7
23832224,238322241,1,I,,20230619,20240508,20240508,EXP,"",US-NOVOPROD-1199092,NOVO NORDISK,"",,"","",F,Y,,"",20240508,"",CN,US,US,238322241,OT,Dementia Alzheimer's type,"",1,PS,OZEMPIC,SEMAGLUTIDE,1,Subcutaneous,UNK,,"",U,"","",,209637,,"",Solution for injection,"",7
23832227,238322271,1,I,,20230621,20240508,20240508,EXP,"",US-NOVOPROD-1201138,NOVO NORDISK,"",,"","",F,Y,,"",20240508,"",CN,US,US,238322271,OT,Parkinson's disease,"",1,PS,OZEMPIC,SEMAGLUTIDE,1,Subcutaneous,UNK,,"",U,"","",,209637,,"",Solution for injection,"",7
23832228,238322281,1,I,,20230720,20240508,20240508,EXP,"",US-NOVOPROD-1207593,NOVO NORDISK,"",,"","",F,Y,,"",20240508,"",CN,US,US,238322281,OT,Blindness,"",1,PS,OZEMPIC,SEMAGLUTIDE,1,Subcutaneous,"20 mg, qw",,"",U,"",NP56310,,209637,20,MG,Solution for injection,/WK,7
23832243,238322431,1,I,,20230803,20240508,20240508,EXP,"",US-NOVOPROD-1208214,NOVO NORDISK,"",,"","",F,Y,,"",20240508,"",CN,US,US,238322431,HO,Hospitalisation,"",1,PS,OZEMPIC,SEMAGLUTIDE,1,Subcutaneous,0.5 mg,,"",U,"",NZF5Y76,,209637,,"",Solution for injection,"",3
23832244,238322441,1,I,,20230925,20240508,20240508,EXP,"",US-NOVOPROD-1209009,NOVO NORDISK,"",,"","",F,Y,,"",20240508,"",CN,US,US,238322441,OT,Limb operation,"",1,PS,OZEMPIC,SEMAGLUTIDE,1,Subcutaneous,UNK,,"",U,"",NZF5P20,,209637,,"",Solution for injection,"",7
23832472,238324721,1,I,20240101,20240424,20240508,20240508,PER,"",US-SA-2024SA131392,SANOFI AVENTIS,"",,"",A,F,Y,92,KG,20240508,"",MD,US,US,,,Product use in unapproved indication,"",5,C,OZEMPIC,SEMAGLUTIDE,1,"",OZEMPIC 0.25 OR .5 PEN INJCTR,,"",U,"","",,"",,"",Injection,"",
23832587,238325871,1,I,20240505,20240508,20240508,20240508,DIR,702304,"",FDA-CTU,"",65,YR,"",M,N,,"",20240508,N,CN,US,"",,,Skin burning sensation,"",1,PS,OZEMPIC,SEMAGLUTIDE,1,"","",,"",Y,Y,"",,"",,"","","",
23832899,238328991,1,I,,20240429,20240508,20240508,PER,"",US-SA-2024SA136710,SANOFI AVENTIS,"",64,YR,A,F,Y,,"",20240508,"",MD,US,US,,,Alopecia,"",2,C,OZEMPIC,SEMAGLUTIDE,1,"",UNK,,"",U,"","",,"",,"","","",
23833636,238336361,1,I,20240101,20240506,20240508,20240508,EXP,"",US-ABBVIE-5749258,ABBVIE,"",,"","",F,Y,,"",20240508,"",CN,US,US,238336361,HO,Ventricular fibrillation,"",2,C,RYBELSUS,SEMAGLUTIDE,1,Unknown,"",,"","","","",,"",,"","","",3
23833898,238338981,1,I,,20240430,20240509,20240509,EXP,"",US-NOVOPROD-1215517,NOVO NORDISK,"",,"",A,M,Y,,"",20240509,"",CN,US,US,238338981,OT,Medical procedure,"",1,PS,OZEMPIC,SEMAGLUTIDE,1,Subcutaneous,UNK,,"","","","",,209637,,"",Solution for injection,"",7
23833904,238339041,1,I,20240321,20240430,20240509,20240509,EXP,"",US-NOVOPROD-1216469,NOVO NORDISK,"",,"","",F,Y,,"",20240509,"",CN,US,US,238339041,OT,Diarrhoea,"",1,PS,OZEMPIC,SEMAGLUTIDE,1,Subcutaneous,0.25 mg,,"",Y,U,"",,209637,,"",Solution for injection,"",7
23833905,238339051,1,I,,20240430,20240509,20240509,EXP,"",US-NOVOPROD-1214662,NOVO NORDISK,"",,"",A,F,Y,,"",20240509,"",HP,US,US,238339051,OT,Breast cancer,"",1,PS,WEGOVY,SEMAGLUTIDE,1,Subcutaneous,UNK,,"",U,"","",,215256,,"",Solution for injection,"",7
23833909,238339091,1,I,20231001,20240430,20240509,20240509,EXP,"",US-NOVOPROD-1215499,NOVO NORDISK,"",70,YR,"",F,Y,,"",20240509,"",CN,US,US,238339091,OT,Alopecia,"",1,PS,OZEMPIC,SEMAGLUTIDE,1,Subcutaneous,.50,,"","","",PZF8W56,,209637,,"",Solution for injection,"",7
23833913,238339131,1,I,,20240430,20240509,20240509,EXP,"",US-NOVOPROD-1215525,NOVO NORDISK,"",55,YR,"",M,Y,,"",20240509,"",CN,US,US,238339131,OT,Weight increased,"",1,PS,OZEMPIC,SEMAGLUTIDE,1,Subcutaneous,UNK,,"",U,"","",,209637,,"",Solution for injection,"",7
23834512,238345121,1,I,,20230608,20240509,20240509,PER,"",US-UCBSA-2023029215,UCB,"",,"","",F,Y,179.14,KG,20240509,"",HP,US,US,,,Rash,"",2,C,OZEMPIC,SEMAGLUTIDE,1,"",1/0.75 (3) pen injector,,"",U,"","",,"",,"","","",
23834716,238347161,1,I,,20240506,20240509,20240509,PER,"",US-ELI_LILLY_AND_COMPANY-US202405003015,ELI LILLY AND CO,"",,"","","",Y,,"",20240509,"",CN,US,US,238347161,OT,Pancreatitis,"",5,SS,OZEMPIC,SEMAGLUTIDE,1,Unknown,"UNK UNK, unknown",,"",U,"","",,"",,"","","",7
23834934,238349342,2,F,,20240516,20240509,20240525,EXP,"",US-TEVA-VS-3193200,TEVA,"Hafiz S, Diab MA, Abdelsalam M, Mirembe L, Naguib T. Semaglutide, single-agent therapy causing hyperosmolar hyperglycemic syndrome in a newly diagnosed type 2 diabetes mellitus. Am-J-Med-Sci 2024; 367 (Suppl. 1) S53-S54 abstr. 92.; Hafiz S, Diab MA, Abdelsalam M, Mirembe L, Naguib T. Semaglutide, single-agent therapy causing hyperosmolar hyperglycemic syndrome in a newly diagnosed type 2 diabetes mellitus. Am-J-Med-Sci 2024; 367 (Suppl. 1) S53-S54 abstr. 92.",65,YR,"",F,Y,,"",20240525,"",HP,US,US,238349342,OT,Hyperglycaemic hyperosmolar nonketotic syndrome,"",3,SS,SEMAGLUTIDE,SEMAGLUTIDE,1,Unknown,"",,"",U,"","",,"",,"","","",7
23835010,238350101,1,I,,20240502,20240509,20240509,PER,"",US-TAKEDA-2024TUS042347,TAKEDA,"",,"","","",Y,,"",20240509,"",CN,US,US,,,Drug interaction,"",3,SS,WEGOVY,SEMAGLUTIDE,1,Unknown,UNK,,"",U,U,"",,"",,"",Injection,"",
23835064,238350641,1,I,,20240503,20240509,20240509,PER,"","US-Ipsen Biopharmaceuticals, Inc.-2024-07765",IPSEN,"",,"","",F,Y,,"",20240509,"",HP,US,US,,,Drug ineffective,"",4,C,WEGOVY,SEMAGLUTIDE,1,"","",,"","","","",,"",,"","","",
23835247,238352471,1,I,20240101,20240503,20240509,20240509,EXP,"",US-UCBSA-2024022272,UCB,"",,"","",F,Y,,"",20240509,"",CN,US,US,238352471,OT,Carpal tunnel syndrome,"",2,C,OZEMPIC,SEMAGLUTIDE,1,"",UNK,,"",U,"","",,"",,"","","",7
23835640,238356403,3,F,,20240509,20240509,20240517,PER,"",US-AMGEN-USASP2024092269,AMGEN,"",,"","","",Y,,"",20240517,"",CN,US,US,238356403,OT,Drug ineffective,"",5,C,WEGOVY,SEMAGLUTIDE,1,"",UNK,,"","","","",,"",,"","","",7
23835983,238359831,1,I,20240411,20240429,20240507,20240507,DIR,FDA-CDER-CTU-2024-32993,"",FDA-CTU,"",73,YR,"",F,N,255,LBS,20240429,Y,CN,US,"",,,Arthralgia,"",1,PS,WEGOVY,SEMAGLUTIDE,1,Subcutaneous,Frequency : Weekly;?,,"","",D,"",,"",,"",Solution for injection in pre-filled pen,QW,
23836086,238360861,1,I,20240101,20240430,20240509,20240509,EXP,"",US-NOVOPROD-1213932,NOVO NORDISK,"",,"","",F,Y,,"",20240509,"",MD,US,US,238360861,OT,Leukaemia,"",1,PS,OZEMPIC,SEMAGLUTIDE,1,Subcutaneous,1 mg,,"",N,"","",,209637,1,MG,Solution for injection,"",7
23836315,238363151,1,I,20240508,20240508,20240508,20240508,DIR,702277,"",FDA-CTU,"",64,YR,"",F,N,90,KG,20240508,N,CN,US,"",238363151,DS,Flatulence,"",1,PS,RYBELSUS,SEMAGLUTIDE,1,Oral,OTHER QUANTITY : 30 Tablet(s);?Frequency : Daily;?,,"",Y,Y,"",,"",,"","",QD,4
23837474,238374741,1,I,,20240508,20240508,20240508,DIR,702298,"",FDA-CTU,"",77,YR,"",M,N,80.1,KG,20240508,N,CN,US,"",238374741,DS,Balance disorder,"",1,PS,OZEMPIC,SEMAGLUTIDE,1,"","",,"",Y,D,"",,99,,"","","",4
23837693,238376932,2,F,,20240523,20240509,20240530,PER,"",US-SA-2024SA132239,SANOFI AVENTIS,"",57,YR,A,F,Y,114,KG,20240530,"",CN,US,US,,,Illness,"",4,C,WEGOVY,SEMAGLUTIDE,1,"","",,"",U,"","",,"",,"",Injection,"",
23837850,238378502,2,F,20240101,20240517,20240509,20240531,PER,"",US-SA-2024SA137982,SANOFI AVENTIS,"",57,YR,A,F,Y,,"",20240531,"",MD,US,US,,,Abdominal pain upper,"",23,C,OZEMPIC,SEMAGLUTIDE,1,"",1 M SOP 4MG/3ML,,"",U,"","",,"",,"","","",
23838082,238380821,1,I,20240507,20240508,20240508,20240508,DIR,702331,"",FDA-CTU,"",35,YR,"",F,N,,"",20240508,N,HP,US,"",,,Nausea,"",1,PS,CYANOCOBALAMIN\GLYCINE\SEMAGLUTIDE,CYANOCOBALAMIN\GLYCINE\SEMAGLUTIDE,1,Subcutaneous,0.05 ML MILLILITRE(S) WEEKLY SUBCUTANEOUS,,"",Y,D,LG5064695,20240723,99,0.05,ML,"",QW,
23839108,238391082,2,F,,20240517,20240509,20240521,PER,"",US-JNJFOC-20240468667,JOHNSON AND JOHNSON,"",,"","",F,Y,,"",20240521,"",HP,US,US,,,Drug ineffective,"",4,C,OZEMPIC,SEMAGLUTIDE,1,Unknown,"",,"","","","",,"",,"",Unknown,"",
23839589,238395891,1,I,,20240501,20240510,20240510,EXP,"",US-NOVOPROD-1216448,NOVO NORDISK,"",,"","",F,Y,,"",20240510,"",HP,US,US,238395891,HO,Gastrointestinal disorder,"",1,PS,OZEMPIC,SEMAGLUTIDE,1,Subcutaneous,UNK,,"",Y,"","",,209637,,"",Solution for injection,"",3
23839592,238395921,1,I,,20240501,20240510,20240510,EXP,"",US-NOVOPROD-1214985,NOVO NORDISK,"",,"","",F,Y,,"",20240510,"",CN,US,US,238395921,OT,Surgery,"",1,PS,OZEMPIC,SEMAGLUTIDE,1,Subcutaneous,0.5mg,,"","","","",,209637,,"",Solution for injection,"",7
23839595,238395951,1,I,,20240501,20240510,20240510,EXP,"",US-NOVOPROD-1217240,NOVO NORDISK,"",,"","",F,Y,,"",20240510,"",CN,US,US,238395951,OT,Injection site pain,"",1,PS,WEGOVY,SEMAGLUTIDE,1,Subcutaneous,1.7mg,,"",U,"",PZF8V96,,215256,,"",Solution for injection,"",7
23839597,238395971,1,I,20230101,20240429,20240510,20240510,EXP,"",US-NOVOPROD-1214430,NOVO NORDISK,"",20,YR,"",M,Y,90.658,KG,20240510,"",CN,US,US,238395971,HO,Pain,"",1,PS,OZEMPIC,SEMAGLUTIDE,1,Subcutaneous,UNK,,"",U,"","",,209637,,"",Solution for injection,"",3
23839599,238395992,2,F,20240428,20240521,20240510,20240530,EXP,"",US-NOVOPROD-1216071,NOVO NORDISK,"",59,YR,"",F,Y,,"",20240530,"",CN,US,US,238395992,OT,Discoloured vomit,"",1,PS,WEGOVY,SEMAGLUTIDE,1,Subcutaneous,"1 mg, qw",,"",U,"",NZF8C53,,215256,1,MG,Solution for injection,/WK,7
23839601,238396011,1,I,20231101,20240501,20240510,20240510,EXP,"",US-NOVOPROD-1216066,NOVO NORDISK,"",74,YR,"",F,Y,,"",20240510,"",CN,US,US,238396011,OT,Inappropriate schedule of product administration,"",1,PS,OZEMPIC,SEMAGLUTIDE,1,Subcutaneous,"0.5 mg, qw",12.228,MG,Y,"",NZF7Y88,,209637,0.5,MG,Solution for injection,/WK,7
23839612,238396121,1,I,20240229,20240502,20240510,20240510,EXP,"",US-NOVOPROD-1216026,NOVO NORDISK,"",68,YR,"",M,Y,,"",20240510,"",CN,US,US,238396121,HO,Pancreatitis,"",1,PS,RYBELSUS,SEMAGLUTIDE,1,Oral,"14 mg, qd",12600,MG,Y,"","",,213051,14,MG,Tablet,QD,3
23839613,238396131,1,I,20240101,20240502,20240510,20240510,EXP,"",US-NOVOPROD-1216073,NOVO NORDISK,"",63,YR,"",F,Y,,"",20240510,"",CN,US,US,238396131,OT,Dolichocolon,"",1,PS,OZEMPIC,SEMAGLUTIDE,1,Subcutaneous,"1 mg, qw",,"","","",PAR0023,,209637,1,MG,Solution for injection,/WK,7
23839649,238396491,1,I,20240101,20240508,20240510,20240510,PER,"",US-AMGEN-USASP2024092299,AMGEN,"",63,YR,A,M,Y,,"",20240509,"",HP,US,US,,,Diarrhoea,"",14,C,OZEMPIC,SEMAGLUTIDE,1,"","",,"","","","",,"",,"","","",
23839743,238397431,1,I,,20240419,20240510,20240510,PER,"",US-APOTEX-2024AP005152,APOTEX,"Hafiz S, Diab MA, Abdelsalam M, Mirembe L, Naguib T.. Semaglutide, single-agent therapy causing hyperosmolar hyperglycemic syndrome in a newly diagnosed type 2 diabetes mellitus. American Journal of the Medical Sciences. 2024;367 (Suppl 1):S53-S54",65,YR,"",F,Y,,"",20240510,"",HP,US,US,,,Drug intolerance,"",2,C,SEMAGLUTIDE,SEMAGLUTIDE,1,Unknown,UNK,,"",D,"","",,"",,"","","",
23839834,238398341,1,I,20240129,20240430,20240510,20240510,PER,"",US-UNITED THERAPEUTICS-UNT-2024-003116,UNITED THERAPEUTICS,"",73,YR,"",F,Y,101.59,KG,20240510,"",CN,US,US,,,Fatigue,"",6,C,OZEMPIC,SEMAGLUTIDE,1,Unknown,UNK,,"","","","",,"",,"","","",
23840626,238406261,1,I,,20240304,20240510,20240510,PER,"",US-UCBSA-2024011130,UCB,"",,"","",F,Y,,"",20240510,"",HP,US,US,,,Malaise,"",3,C,OZEMPIC,SEMAGLUTIDE,1,"","",,"",U,"","",,"",,"",Injection,"",
23841326,238413261,1,I,,20240509,20240509,20240509,DIR,FDA-CDER-CTU-2024-33771,"",FDA-CTU,"",,"","",F,N,62.6,KG,20240509,Y,"",US,"",238413261,DE,Pancreatitis necrotising,"",1,PS,WEGOVY,SEMAGLUTIDE,1,Subcutaneous,Frequency : Weekly;?,,"",D,D,"",,"",,"","",QW,1
23841496,238414961,1,I,20240130,20240509,20240509,20240509,DIR,702544,"",FDA-CTU,"",29,YR,"",F,N,92.25,KG,20240509,Y,CN,US,"",238414961,HO,Pain,"",1,PS,SEMAGLUTIDE,SEMAGLUTIDE,1,"","",,"","",N,"",,99,,"","","",3
23842259,238422591,1,I,20221101,20240509,20240509,20240509,DIR,702502,"",FDA-CTU,"",60,YR,"",F,N,72,KG,20240509,N,CN,US,"",238422591,OT,Quality of life decreased,"",1,PS,OZEMPIC,SEMAGLUTIDE,1,Other,OTHER FREQUENCY : weekly;?OTHER ROUTE : subcutaneous under skin;?,,"",Y,D,"",,99,,"","",999,7
23842309,238423091,1,I,20240429,20240505,20240509,20240509,DIR,FDA-CDER-CTU-2024-33794,"",FDA-CTU,"",78,YR,"",F,N,135,LBS,20240505,N,CN,US,"",238423091,HO,Abdominal pain upper,"",1,PS,OZEMPIC,SEMAGLUTIDE,1,Subcutaneous,OTHER QUANTITY : one a week;?Frequency : Weekly;?,,"","","",N2F7X42,20250531,"",,"",Injection,QW,3
23842360,238423601,1,I,20240509,20240509,20240509,20240509,DIR,702440,"",FDA-CTU,"",66,YR,"",F,N,,"",20240509,N,PH,US,"",238423601,RI,Incorrect dose administered,"",1,PS,SEMAGLUTIDE,SEMAGLUTIDE,1,Subcutaneous,OTHER FREQUENCY : weekly;?,,"",D,D,par0036,20260731,"",1,MG,"",999,6
23842473,238424731,1,I,20240326,20240507,20240509,20240509,DIR,FDA-CDER-CTU-2024-33821,"",FDA-CTU,"",68,YR,"",M,N,86,KG,20240507,N,HP,US,"",238424731,HO,Lethargy,"",1,PS,SEMAGLUTIDE,SEMAGLUTIDE,1,Subcutaneous,0.25 MG QWEEK SQ,,"","","","",,"",0.25,MG,"",QW,3
23842475,238424751,1,I,20220630,20220820,20240509,20240509,DIR,FDA-CDER-CTU-2024-33870,"",FDA-CTU,"",73,YR,"",M,N,80,KG,20220820,N,PH,US,"",238424751,HO,Pancreatitis,"",1,PS,SEMAGLUTIDE,SEMAGLUTIDE,1,Subcutaneous,Frequency : Weekly;?,,"","","","",,"",0.5,MG,"",QW,3
23842504,238425041,1,I,20230101,20240429,20240510,20240510,EXP,"",US-SA-2024SA131838,SANOFI AVENTIS,"",63,YR,A,F,Y,,"",20240510,"",CN,US,US,238425041,HO,Cerebrovascular accident,"",2,C,OZEMPIC,SEMAGLUTIDE,1,"","UNK UNK, QW",,"",U,"","",,"",,"","",/WK,3
23843101,238431011,1,I,20240501,20240509,20240509,20240509,DIR,702417,"",FDA-CTU,"",39,YR,"",M,N,130.5,KG,20240509,N,CN,US,"",238431011,LT,Musculoskeletal pain,"",1,PS,WEGOVY,SEMAGLUTIDE,1,"","",,"",N,Y,"",,"",,"","","",2
23843150,238431501,1,I,,20230608,20240510,20240510,EXP,"",US-NOVOPROD-1189423,NOVO NORDISK,"",,"","","",Y,,"",20240510,"",CN,US,US,238431501,HO,Hospitalisation,"",1,PS,OZEMPIC,SEMAGLUTIDE,1,Subcutaneous,0.25mg,,"","","","",,209637,,"",Solution for injection,"",3
23843162,238431621,1,I,,20230622,20240510,20240510,EXP,"",US-NOVOPROD-1189082,NOVO NORDISK,"",,"","","",Y,,"",20240510,"",CN,US,US,238431621,HO,Hospitalisation,"",3,SS,OZEMPIC,SEMAGLUTIDE,1,Subcutaneous,UNK,,"",U,"","",,"",,"",Solution for injection,"",3
23843164,238431641,1,I,,20230619,20240510,20240510,EXP,"",US-NOVOPROD-1199192,NOVO NORDISK,"",,"","",M,Y,,"",20240510,"",CN,US,US,238431641,OT,Hypoglycaemic unconsciousness,"",1,PS,OZEMPIC,SEMAGLUTIDE,1,Subcutaneous,0.5 mg,,"",U,"","",,209637,,"",Solution for injection,"",7
23843324,238433243,3,F,,20240531,20240510,20240609,EXP,"",US-NOVOPROD-1208645,NOVO NORDISK,"",48,YR,"",F,Y,,"",20240610,"",CN,US,US,238433243,OT,Cataract operation,"",1,PS,OZEMPIC,SEMAGLUTIDE,1,Subcutaneous,1 mg,,"",U,"",NZF6M29,,209637,1,MG,Solution for injection,"",7
23843327,238433271,1,I,20230501,20231010,20240510,20240510,EXP,"",US-NOVOPROD-1206647,NOVO NORDISK,"",,"","",M,Y,,"",20240510,"",CN,US,US,238433271,OT,Knee arthroplasty,"",1,PS,OZEMPIC,SEMAGLUTIDE,1,Subcutaneous,0.5 mg,,"",U,"",NZF5Y21,,209637,,"",Solution for injection,"",7
23843329,238433291,1,I,20230828,20230725,20240510,20240510,EXP,"",US-NOVOPROD-1205487,NOVO NORDISK,"",,"","",F,Y,,"",20240510,"",CN,US,US,238433291,DE,Product communication issue,"",1,PS,OZEMPIC,SEMAGLUTIDE,1,Subcutaneous,0.25mg,,"",D,"","",,209637,,"",Solution for injection,"",1
23843331,238433311,1,I,,20230626,20240510,20240510,EXP,"",US-NOVOPROD-1206065,NOVO NORDISK,"",,"","",F,Y,,"",20240510,"",CN,US,US,238433311,OT,Tooth extraction,"",1,PS,OZEMPIC,SEMAGLUTIDE,1,Subcutaneous,UNK,,"",U,"",NZF5H49,,209637,,"",Solution for injection,"",7
23843333,238433331,1,I,,20230928,20240510,20240510,EXP,"",US-NOVOPROD-1205573,NOVO NORDISK,"",,"","","",Y,,"",20240510,"",CN,US,US,238433331,OT,Surgery,"",1,PS,OZEMPIC,SEMAGLUTIDE,1,Subcutaneous,2 mg weekly,,"",U,"","",,209637,2,MG,Solution for injection,/WK,7
23843338,238433381,1,I,,20230807,20240510,20240510,EXP,"",US-NOVOPROD-1206343,NOVO NORDISK,"",,"","",M,Y,,"",20240510,"",CN,US,US,238433381,OT,Disability,"",1,PS,OZEMPIC,SEMAGLUTIDE,1,Subcutaneous,Unk,,"",U,"","",,209637,,"",Solution for injection,"",7
23843339,238433391,1,I,20240301,20240501,20240510,20240510,EXP,"",US-NOVOPROD-1216012,NOVO NORDISK,"",50,YR,"",F,Y,,"",20240510,"",HP,US,US,238433391,OT,Contusion,"",1,SS,SEMAGLUTIDE,SEMAGLUTIDE,1,Subcutaneous,"2.5 mg, qw",2.609,MG,N,"","",,"",2.5,MG,"",/WK,7
23843343,238433433,3,F,20240412,20240605,20240510,20240617,PER,"",US-Calliditas-2024CAL00676,CALLIDITAS THERAPEUTICS,"",53,YR,A,F,Y,77.6,KG,20240617,"",CN,US,US,,,Heart rate increased,"",8,C,WEGOVY,SEMAGLUTIDE,1,"","",,"","","","",,"",,"","","",
23843362,238433622,2,F,,20240607,20240510,20240618,EXP,"",US-NOVOPROD-1216101,NOVO NORDISK,"",,"","",F,Y,,"",20240618,"",HP,US,US,238433622,OT,Off label use,"",1,PS,WEGOVY,SEMAGLUTIDE,1,Subcutaneous,UNK,,"","","",NZF7L45,,215256,,"",Solution for injection,"",7
23843714,238437141,1,I,,20240506,20240510,20240510,EXP,"",US-ABBVIE-4729718,ABBVIE,"",,"","",F,Y,,"",20240510,"",CN,US,US,238437141,OT,Medical procedure,"",10,C,RYBELSUS,SEMAGLUTIDE,1,"","",,"","","","",,"",7,MG,"","",7
23844088,238440882,2,F,20240502,20240502,20240510,20240515,PER,"",US-SA-2024SA138964,SANOFI AVENTIS,"",62,YR,A,F,Y,,"",20240515,"",MD,US,US,,,Injection site pain,"",2,C,OZEMPIC,SEMAGLUTIDE,1,"","",,"",U,"","",,"",,"","","",
23844160,238441601,1,I,,20240504,20240510,20240510,EXP,"",US-AstraZeneca-2024A107691,ASTRAZENECA,"Lee, K ; Aepfelbacher, J ;  Nikiforova, T. The Perfect Storm: A Multifactorial Presentation of Hypo-Calcemic Tetany. 2024 Annual Meeting of the Society of General Internal Medicine (SGIM) 2024;",50,YR,"",F,Y,,"",20240510,"",MD,US,"",238441601,OT,Hypomagnesaemia,"",2,SS,SEMAGLUTIDE,SEMAGLUTIDE,1,Subcutaneous,"",,"","","","",,"",2.4,MG,"",/WK,7
23844465,238444651,1,I,20240301,20240507,20240510,20240510,EXP,"",US-LUNDBECK-DKLU3077807,LUNDBECK,"",32,YR,"",F,Y,93.89,KG,20240510,"",HP,US,US,238444651,HO,Migraine,"",35,C,WEGOVY,SEMAGLUTIDE,1,Subcutaneous,"",,"","","",UNKNOWN,,"",,"",Solution Auto-,"",3
23844550,238445501,1,I,20240101,20240501,20240510,20240510,PER,"",US-SA-2024SA139601,SANOFI AVENTIS,"",68,YR,E,F,Y,,"",20240511,"",MD,US,US,,,Off label use,"",6,C,OZEMPIC,SEMAGLUTIDE,1,"",UNK,,"",U,"","",,"",,"","","",
23844785,238447851,1,I,,20240506,20240511,20240511,PER,"",US-SA-2024SA140448,SANOFI AVENTIS,"",63,YR,A,F,Y,,"",20240511,"",MD,US,US,,,Abdominal discomfort,"",4,C,OZEMPIC,SEMAGLUTIDE,1,"",Unknown,,"",U,"","",,"",,"","","",
23844966,238449661,1,I,,20240429,20240511,20240511,EXP,"",US-EPICPHARMA-US-2024EPCLIT00442,EPIC PHARM,Maxwell.Treating Schizophrenia and Bipolar I Disorder in the Real-World Setting: Effectiveness and Safety of Olanzapine/Samidorphan Combination..The Primary Care Companion to CNS Disorders.02-APR-2024;26(2):e1-e2,45,YR,A,F,Y,,"",20240511,"",HP,US,US,238449661,OT,Nausea,"",5,SS,SEMAGLUTIDE,SEMAGLUTIDE,1,Unknown,"",,"",U,"",Unknown,,"",,"","","",7
23844977,238449771,1,I,,20240507,20240511,20240511,EXP,"",US-ABBVIE-5751717,ABBVIE,"",,"","",M,Y,,"",20240511,"",CN,US,US,238449771,OT,Constipation,"",2,SS,OZEMPIC,SEMAGLUTIDE,1,Unknown,"",,"",U,"","",,"",,"","","",7
23844997,238449971,1,I,20240301,20240508,20240511,20240511,EXP,"",US-ABBVIE-5741790,ABBVIE,"",67,YR,"",F,Y,113,KG,20240511,"",CN,US,US,238449971,HO,Osteoarthritis,"",11,C,OZEMPIC,SEMAGLUTIDE,1,"","",,"","","","",,"",,"","","",3
23845366,238453662,2,F,20240323,20240426,20240511,20240511,PER,"",US-TRAVERE-2024TVT00346,TRAVERE THERAPEUTICS,"",59,YR,A,M,Y,74.84,KG,20240511,"",CN,US,US,,,Dysgeusia,"",3,C,OZEMPIC,SEMAGLUTIDE,1,"","",,"","","","",,"",,"","","",
23845797,238457972,2,F,,20240502,20240512,20240521,PER,"",US-SA-2024SA138953,SANOFI AVENTIS,"",,"",A,M,Y,,"",20240521,"",MD,US,US,,,Sinus disorder,"",7,C,OZEMPIC,SEMAGLUTIDE,1,"","",,"",U,"","",,"",,"","","",
23845843,238458431,1,I,20240422,20240506,20240512,20240512,PER,"",US-BRISTOL-MYERS SQUIBB COMPANY-2024-070566,BRISTOL MYERS SQUIBB,"",77,YR,E,M,Y,,"",20240512,"",PH,US,US,238458431,HO,Thrombosis,"",10,C,OZEMPIC,SEMAGLUTIDE,1,"","",,"","","","",,"",,"","","",3
23846561,238465611,1,I,,20240502,20240513,20240513,EXP,"",US-NOVOPROD-1218024,NOVO NORDISK,"",,"","",M,Y,,"",20240513,"",CN,US,US,238465611,OT,Off label use,"",1,PS,OZEMPIC,SEMAGLUTIDE,1,Subcutaneous,UNK,,"","","","",,209637,,"",Solution for injection,"",7
23846565,238465651,1,I,20231125,20240502,20240513,20240513,EXP,"",US-NOVOPROD-1217975,NOVO NORDISK,"",68,YR,"",F,Y,,"",20240513,"",CN,US,US,238465651,HO,Myocardial infarction,"",1,PS,OZEMPIC,SEMAGLUTIDE,1,Subcutaneous,0.5 mg,,"","","",MP5E423,,209637,,"",Solution for injection,"",3
23846570,238465702,2,F,20230101,20240510,20240513,20240521,EXP,"",US-NOVOPROD-1216017,NOVO NORDISK,"",70,YR,"",F,Y,,"",20240521,"",CN,US,US,238465702,HO,Blood potassium decreased,"",1,PS,OZEMPIC,SEMAGLUTIDE,1,Subcutaneous,"0.25 mg, qw",,"","","","",,209637,0.25,MG,Solution for injection,/WK,3
23848122,238481221,1,I,,20240501,20240513,20240513,PER,"",US-ELI_LILLY_AND_COMPANY-US202405001193,ELI LILLY AND CO,"",59,YR,A,F,Y,,"",20240513,"",CN,US,US,238481221,OT,Back injury,"",7,SS,OZEMPIC,SEMAGLUTIDE,1,Unknown,"UNK, unknown",,"",U,"","",,"",,"","","",7
23848208,238482081,1,I,20230830,20240510,20240510,20240510,DIR,702612,"",FDA-CTU,"",51,YR,"",M,N,105.75,KG,20240510,N,CN,US,"",238482081,LT,Nasal congestion,"",1,PS,OZEMPIC,SEMAGLUTIDE,1,"","",,"",N,D,"",,99,,"","","",2
23848315,238483151,1,I,20231114,20231125,20240510,20240510,DIR,FDA-CDER-CTU-2024-34154,"",FDA-CTU,"",74,YR,"",M,N,,"",20231125,N,PH,US,"",238483151,HO,Hypomagnesaemia,"",1,PS,SEMAGLUTIDE,SEMAGLUTIDE,1,"","",,"","","","",,"",,"","","",3
23848759,238487591,1,I,20240511,20240511,20240513,20240513,PER,"",US-PFIZER INC-202400105913,PFIZER,"",58,YR,"",F,Y,,"",20240513,"",CN,US,US,,,Cough,"",3,C,OZEMPIC,SEMAGLUTIDE,1,"",4 MG/3 ML,,"","","","",,"",,"","","",
23848791,238487911,1,I,20240225,20240510,20240510,20240510,DIR,702556,"",FDA-CTU,"",85,YR,"",F,N,88,KG,20240510,N,PH,US,"",238487911,LT,Pneumonia aspiration,"",1,PS,SEMAGLUTIDE,SEMAGLUTIDE,1,"","",,"","","","",,"",,"","","",2
23849519,238495191,1,I,,20240506,20240513,20240513,EXP,"",NVSC2024US096946,NOVARTIS,"",,"","",M,Y,,"",20240513,"",MD,US,US,238495191,OT,Mycobacterium avium complex infection,"",21,C,SEMAGLUTIDE,SEMAGLUTIDE,1,Subcutaneous,"1 mg, QW (Inject 1 mg subcutaneously 1 time a week (Patient taking differently: Inject 1 mg under th",,"",U,"","",,"",1,MG,"",/WK,7
23849529,238495291,1,I,,20230830,20240513,20240513,EXP,"",US-NOVOPROD-1208458,NOVO NORDISK,"",,"","",F,Y,,"",20240513,"",CN,US,US,238495291,OT,Hypothalamo-pituitary disorder,"",1,PS,WEGOVY,SEMAGLUTIDE,1,Subcutaneous,UNK,,"",U,"","",,215256,,"",Solution for injection,"",7
23849530,238495301,1,I,,20230828,20240513,20240513,EXP,"",US-NOVOPROD-1207696,NOVO NORDISK,"",,"","",F,Y,,"",20240513,"",CN,US,US,238495301,OT,Brain injury,"",1,PS,OZEMPIC,SEMAGLUTIDE,1,"",unknown,,"",U,"","",,209637,,"",Solution for injection,"",7
23849564,238495641,1,I,,20230912,20240513,20240513,EXP,"",US-NOVOPROD-1209103,NOVO NORDISK,"",,"","",F,Y,,"",20240513,"",CN,US,US,238495641,HO,Cardiac disorder,"",1,PS,WEGOVY,SEMAGLUTIDE,1,Subcutaneous,UNK,,"",U,"",NZF5G35,,215256,,"",Solution for injection,"",3
23849586,238495861,1,I,20190503,20190614,20240512,20240512,DIR,FDA-CDER-CTU-2024-34371,"",FDA-CTU,"",73,YR,"",M,N,,"",20190614,N,PH,US,"",238495861,HO,Diarrhoea,"",1,PS,SEMAGLUTIDE,SEMAGLUTIDE,1,"","",,"","","","",,"",,"","","",3
23849593,238495931,1,I,20240301,20240511,20240511,20240511,DIR,702685,"",FDA-CTU,"",50,YR,"",F,N,101.25,KG,20240511,N,CN,US,"",238495931,OT,Therapy interrupted,"",1,PS,SEMAGLUTIDE,SEMAGLUTIDE,1,"","",,"",Y,Y,"",,99,,"","","",7
23849627,238496271,1,I,20240508,20240510,20240513,20240513,PER,"",US-PFIZER INC-202400105902,PFIZER,"",66,YR,"",F,Y,,"",20240513,"",CN,US,US,,,Disease recurrence,"",2,C,RYBELSUS,SEMAGLUTIDE,1,"",UNK,,"","","","",,"",,"","","",
23850042,238500421,1,I,20240415,20240509,20240513,20240513,DIR,FDA-CDER-CTU-2024-34428,"",FDA-CTU,"",60,YR,"",M,N,,"",20240509,N,PH,US,"",238500421,HO,Pancreatitis,"",1,PS,SEMAGLUTIDE,SEMAGLUTIDE,1,"","",,"",Y,"","",,"",,"","","",3
23850330,238503301,1,I,,20240501,20240513,20240513,EXP,"",US-ELI_LILLY_AND_COMPANY-US202405000820,ELI LILLY AND CO,"",65,YR,E,M,Y,,"",20240513,"",CN,US,US,238503301,OT,Prostate cancer,"",2,C,OZEMPIC,SEMAGLUTIDE,1,"","",,"","","","",,"",,"","","",7
23850816,238508161,1,I,20240413,20240429,20240514,20240514,PER,"",US-ELI_LILLY_AND_COMPANY-US202404018533,ELI LILLY AND CO,"",46,YR,A,F,Y,95.2,KG,20240514,"",CN,US,US,,,Vomiting,"",11,C,OZEMPIC,SEMAGLUTIDE,1,"","",,"","","","",,"",,"","","",
23850844,238508442,2,F,20240301,20240522,20240514,20240531,EXP,"",US-NOVOPROD-1198511,NOVO NORDISK,"",65,YR,"",F,Y,136.05,KG,20240531,"",HP,US,US,238508442,OT,Asthenia,"",1,PS,OZEMPIC,SEMAGLUTIDE,1,Subcutaneous,"0.5 mg, qw",0.143,MG,Y,"","",,209637,0.5,MG,Solution for injection,/WK,7
23850846,238508461,1,I,20231201,20240503,20240514,20240514,EXP,"",US-NOVOPROD-1217300,NOVO NORDISK,"",26,YR,"",F,Y,,"",20240514,"",CN,US,US,238508461,OT,Dizziness,"",1,PS,OZEMPIC,SEMAGLUTIDE,1,Subcutaneous,UNK,,"",U,"",PAR0O23,,209637,,"",Solution for injection,"",7
23850848,238508481,1,I,,20240503,20240514,20240514,EXP,"",US-NOVOPROD-1217321,NOVO NORDISK,"",,"",A,F,Y,,"",20240514,"",CN,US,US,238508481,OT,Surgery,"",1,PS,OZEMPIC,SEMAGLUTIDE,1,Subcutaneous,UNK,,"",U,"","",,209637,,"",Solution for injection,"",7
23850849,238508491,1,I,,20240503,20240514,20240514,EXP,"",US-NOVOPROD-1218318,NOVO NORDISK,"",,"","",F,Y,,"",20240514,"",CN,US,US,238508491,HO,Counterfeit product administered,"",1,PS,OZEMPIC,SEMAGLUTIDE,1,Subcutaneous,UNK,,"",U,"","",,209637,,"",Solution for injection,"",3
23850850,238508501,1,I,,20240503,20240514,20240514,EXP,"",US-NOVOPROD-1218366,NOVO NORDISK,"",,"","",F,Y,,"",20240514,"",CN,US,US,238508501,OT,Hip surgery,"",1,PS,OZEMPIC,SEMAGLUTIDE,1,Subcutaneous,"1 mg, qw",,"","","","",,209637,1,MG,Solution for injection,/WK,7
23850853,238508531,1,I,,20240503,20240514,20240514,EXP,"",US-NOVOPROD-1217990,NOVO NORDISK,"",,"","",M,Y,,"",20240514,"",CN,US,US,238508531,OT,Hernia repair,"",1,PS,OZEMPIC,SEMAGLUTIDE,1,Subcutaneous,UNK,,"",D,"","",,209637,,"",Solution for injection,"",7
23850854,238508541,1,I,,20240503,20240514,20240514,EXP,"",US-NOVOPROD-1217055,NOVO NORDISK,"",,"",A,F,Y,,"",20240514,"",CN,US,US,238508541,OT,Surgery,"",1,PS,OZEMPIC,SEMAGLUTIDE,1,Subcutaneous,"0.25 mg, qw",,"",N,"","",,209637,0.25,MG,Solution for injection,/WK,7
23850855,238508551,1,I,,20240503,20240514,20240514,EXP,"",US-NOVOPROD-1217262,NOVO NORDISK,"",,"","",M,Y,,"",20240514,"",HP,US,US,238508551,OT,Intraductal papillary mucinous neoplasm,"",1,PS,OZEMPIC,SEMAGLUTIDE,1,Subcutaneous,UNK,,"",N,"","",,209637,,"",Solution for injection,"",7
23850874,238508741,1,I,20230101,20240503,20240514,20240514,EXP,"",US-NOVOPROD-1219076,NOVO NORDISK,"",68,YR,"",F,Y,,"",20240514,"",CN,US,US,238508741,OT,Volvulus,"",1,PS,OZEMPIC,SEMAGLUTIDE,1,Subcutaneous,"0.5 mg, qw",,"",Y,"","",,209637,0.5,MG,Solution for injection,/WK,7
23850875,238508751,1,I,20240502,20240503,20240514,20240514,EXP,"",US-NOVOPROD-1219085,NOVO NORDISK,"",63,YR,"",F,Y,,"",20240514,"",CN,US,US,238508751,OT,Blood glucose increased,"",2,SS,OZEMPIC,SEMAGLUTIDE,1,Subcutaneous,"0.25 mg, qw",,"",U,"",PZF8W56,,"",0.25,MG,Solution for injection,/WK,7
23851096,238510961,1,I,20240411,20240418,20240514,20240514,PER,"",US-ACADIA PHARMACEUTICALS INC.-ACA-2024-PIM-001802,ACADIA PHARMACEUTICALS,"",73,YR,"",M,Y,,"",20240514,"",CN,US,US,,,Anal rash,"",16,C,OZEMPIC,SEMAGLUTIDE,1,"","",,"","","","",,"",,"","","",
23851792,238517921,1,I,20240201,20240507,20240514,20240514,EXP,"",US-UCBSA-2024023015,UCB,"",55,YR,"",F,Y,,"",20240514,"",HP,US,US,238517921,HO,Pneumonia,"",10,C,OZEMPIC,SEMAGLUTIDE,1,"",UNK,,"",U,"","",,"",,"","","",3
23852383,238523831,1,I,20240510,20240513,20240513,20240513,DIR,702763,"",FDA-CTU,"",57,YR,"",F,N,88.65,KG,20240513,Y,CN,US,"",238523831,HO,Pancreatitis,"",1,PS,WEGOVY,SEMAGLUTIDE,1,Subcutaneous,1 INJECTION OTHER SUBCUTANEOUS?,,"",N,D,PZF8w69,20250430,99,,"","",999,3
23852484,238524841,1,I,20240101,20240507,20240514,20240514,EXP,"",US-AMGEN-USASP2024091386,AMGEN,"",60,YR,A,F,Y,,"",20240514,"",CN,US,US,238524841,OT,Dyspnoea,"",2,C,OZEMPIC,SEMAGLUTIDE,1,"",UNK,,"","","","",,"",,"","","",7
23852881,238528811,1,I,20240502,20240513,20240513,20240513,DIR,702839,"",FDA-CTU,"",52,YR,"",F,N,,"",20240513,N,PH,US,"",,,Product dispensing error,"",1,PS,CYANOCOBALAMIN\GLYCINE\SEMAGLUTIDE,CYANOCOBALAMIN\GLYCINE\SEMAGLUTIDE,1,Subcutaneous,OTHER FREQUENCY : weekly;?,,"","","",LG10991617,20240714,99,0.05,ML,"",999,
23852995,238529952,2,F,20240511,20240513,20240514,20240521,PER,"",US-AMGEN-USASP2024095216,AMGEN,"",83,YR,E,F,Y,,"",20240520,"",PH,US,US,,,Product preparation error,"",3,C,OZEMPIC,SEMAGLUTIDE,1,"","",,"","","","",,"",,"","","",
23853391,238533911,1,I,,20240430,20240514,20240514,EXP,"",US-SUN PHARMACEUTICAL INDUSTRIES LTD-2024R1-445603,RANBAXY,"Price MZ, Price RL. Treating Schizophrenia and Bipolar I Disorder in the Real-World Setting: Effectiveness and Safety of Olanzapine/Samidorphan Combination. Prim Care Companion CNS Disord. 2024;26(2):23cr03666(e1-e2)",45,YR,"",F,Y,,"",20240514,"",HP,US,US,238533911,OT,Nausea,"",5,SS,SEMAGLUTIDE,SEMAGLUTIDE,1,Unknown,UNK,,"",U,"","",,"",,"","","",7
23853623,238536232,2,F,20240228,20240514,20240514,20240522,EXP,"",US-ELI_LILLY_AND_COMPANY-US202405002214,ELI LILLY AND CO,"",,"","",M,Y,73,KG,20240522,"",CN,US,US,238536232,HO,Bone lesion,"",4,SS,WEGOVY,SEMAGLUTIDE,1,Subcutaneous,"UNK UNK, unknown",,"","","","",,"",,"","","",3
23853659,238536591,1,I,20240405,20240513,20240513,20240513,DIR,702868,"",FDA-CTU,"",54,YR,"",F,N,54.45,KG,20240513,Y,CN,US,"",238536591,OT,Pain of skin,"",1,PS,SEMAGLUTIDE,SEMAGLUTIDE,1,Subcutaneous,OTHER QUANTITY : 68 Units;?OTHER FREQUENCY : 1 time weekly inje;?,,"",Y,D,04172024@106,20240601,99,,"","",999,7
23853893,238538931,1,I,20240507,20240514,20240514,20240514,DIR,702905,"",FDA-CTU,"",54,YR,"",F,N,53.1,KG,20240514,N,PH,US,"",238538931,HO,Intussusception,"",1,PS,OZEMPIC,SEMAGLUTIDE,1,Subcutaneous,OTHER FREQUENCY : weekly;?,,"",D,D,"",,"",0.25,MG,"",999,3
23854448,238544481,1,I,20240201,20240514,20240514,20240514,DIR,702935,"",FDA-CTU,"",,"","",F,N,,"",20240514,Y,CN,US,"",238544481,OT,Irritability,"",1,PS,OZEMPIC,SEMAGLUTIDE,1,"","",,"",N,D,"",,99,,"","","",7
23854666,238546661,1,I,,20230822,20240514,20240514,EXP,"",US-NOVOPROD-1192265,NOVO NORDISK,"",74,YR,"","",Y,,"",20240514,"",CN,US,US,238546661,DS,Disability,"",1,PS,WEGOVY,SEMAGLUTIDE,1,Subcutaneous,UNK,,"",U,"","",,215256,,"",Solution for injection,"",4
23854668,238546682,2,F,20220916,20240531,20240514,20240609,EXP,"",US-NOVOPROD-1204549,NOVO NORDISK,"",65,YR,"",M,Y,,"",20240610,"",CN,US,US,238546682,OT,Heart transplant,"",1,PS,OZEMPIC,SEMAGLUTIDE,1,Subcutaneous,1 mg weekly,,"",U,"",MP5D619,,209637,1,MG,Solution for injection,/WK,7
23854669,238546691,1,I,,20230830,20240514,20240514,EXP,"",US-NOVOPROD-1209929,NOVO NORDISK,"",,"","","",Y,,"",20240514,"",CN,US,US,238546691,OT,Brain operation,"",1,PS,WEGOVY,SEMAGLUTIDE,1,Subcutaneous,Unk,,"",U,"","",,215256,,"",Solution for injection,"",7
23854670,238546701,1,I,,20230922,20240514,20240514,EXP,"",US-NOVOPROD-1209299,NOVO NORDISK,"",,"",A,F,Y,,"",20240514,"",CN,US,US,238546701,OT,Nerve injury,"",1,PS,OZEMPIC,SEMAGLUTIDE,1,Subcutaneous,0.5,,"",U,"",NZF6E61,,209637,,"",Solution for injection,"",7
23854671,238546711,1,I,,20230901,20240514,20240514,EXP,"",US-NOVOPROD-1209977,NOVO NORDISK,"",,"","",M,Y,,"",20240514,"",CN,US,US,238546711,DS,Disability,"",1,PS,OZEMPIC,SEMAGLUTIDE,1,Subcutaneous,UNK,,"",U,"","",,209637,,"",Solution for injection,"",4
23854885,238548851,1,I,,20240308,20240514,20240514,PER,"",US-ANIPHARMA-2024-US-014358,ANI,"",,"","",F,Y,,"",20240514,"",HP,US,US,,,Asthenia,"",2,C,OZEMPIC,SEMAGLUTIDE,1,"","",,"",U,N,"",,"",,"","","",
23854893,238548931,1,I,,20240215,20240514,20240514,PER,"",US-ANIPHARMA-2024-US-009665,ANI,"",71,YR,"",F,Y,,"",20240514,"",HP,US,US,,,Tremor,"",16,C,OZEMPIC,SEMAGLUTIDE,1,Unknown,"",,"","",N,"",,"",,"","","",
23854925,238549251,1,I,,20240425,20240514,20240514,PER,"",US-ANIPHARMA-2024-US-024556,ANI,"",,"","",M,Y,,"",20240514,"",HP,US,US,,,Contraindicated product administered,"",10,C,OZEMPIC,SEMAGLUTIDE,1,"","",,"","",N,"",,"",,"","","",
23855363,238553632,2,F,,20240603,20240514,20240610,PER,"",US-SA-2024SA144545,SANOFI AVENTIS,"",66,YR,E,F,Y,,"",20240610,"",MD,US,US,,,Product use in unapproved indication,"",17,C,RYBELSUS,SEMAGLUTIDE,1,"",unk,,"",U,"","",,"",,"",Tablet,"",
23855372,238553721,1,I,20240507,20240507,20240514,20240514,PER,"",US-SA-2024SA142572,SANOFI AVENTIS,"",60,YR,A,F,Y,,"",20240514,"",MD,US,US,,,Blood cholesterol increased,"",12,C,OZEMPIC,SEMAGLUTIDE,1,"","",,"",U,"","",,"",,"","","",
23855378,238553781,1,I,,20240508,20240514,20240514,PER,"",US-SA-2024SA143431,SANOFI AVENTIS,"",,"","",F,Y,,"",20240514,"",CN,US,US,,,Off label use,"",2,C,WEGOVY,SEMAGLUTIDE,1,"",UNK,,"",U,"","",,"",,"","","",
23855387,238553871,1,I,,20240506,20240514,20240514,PER,"",US-SA-2024SA138982,SANOFI AVENTIS,"",54,YR,A,M,Y,,"",20240514,"",CN,US,US,,,Inappropriate schedule of product administration,"",2,C,OZEMPIC,SEMAGLUTIDE,1,Unknown,UNK,,"",U,"","",,"",,"","","",
23855483,238554831,1,I,20240313,20240506,20240514,20240514,PER,"",US-ALXN-202405USA000482US,ALEXION PHARMACEUTICALS,"",61,YR,"",F,Y,,"",20240514,"",CN,US,US,,,Pain in extremity,"",7,C,WEGOVY,SEMAGLUTIDE,1,Unknown,UNK,,"","","","",,"",,"","","",
23855911,238559111,1,I,20240201,20240506,20240515,20240515,EXP,"",US-NOVOPROD-1218885,NOVO NORDISK,"",74,YR,"",M,Y,,"",20240515,"",CN,US,US,238559111,OT,Cardiac pacemaker insertion,"",1,PS,OZEMPIC,SEMAGLUTIDE,1,Subcutaneous,"1 mg, qd",,"","","",NAR0337,,209637,1,MG,Solution for injection,QD,7
23855912,238559121,1,I,,20240506,20240515,20240515,EXP,"",US-NOVOPROD-1219676,NOVO NORDISK,"",,"","",M,Y,,"",20240515,"",CN,US,US,238559121,OT,Shoulder operation,"",1,PS,OZEMPIC,SEMAGLUTIDE,1,Subcutaneous,Unk,,"",U,"","",,209637,,"",Solution for injection,"",7
23855914,238559142,2,F,20230101,20240618,20240515,20240627,EXP,"",US-NOVOPROD-1219158,NOVO NORDISK,"",,"",E,F,Y,,"",20240627,"",CN,US,US,238559142,HO,Nausea,"",1,PS,OZEMPIC,SEMAGLUTIDE,1,Subcutaneous,"1 mg, qw",,"",U,"","",,209637,1,MG,Solution for injection,/WK,3
23855915,238559152,2,F,,20240515,20240515,20240524,EXP,"",US-NOVOPROD-1219941,NOVO NORDISK,"",,"","",F,Y,,"",20240524,"",CN,US,US,238559152,OT,Disability,"",1,PS,OZEMPIC,SEMAGLUTIDE,1,Subcutaneous,0.25 mg,,"","","",379656804186,,209637,0.25,MG,Solution for injection,"",7
23855917,238559171,1,I,20240304,20240506,20240515,20240515,EXP,"",US-NOVOPROD-1219963,NOVO NORDISK,"",71,YR,"",M,Y,,"",20240515,"",CN,US,US,238559171,HO,Vascular device infection,"",1,PS,OZEMPIC,SEMAGLUTIDE,1,Subcutaneous,"0.5 mg, qw",,"",U,"",PZF8P92,,209637,0.5,MG,Solution for injection,/WK,3
23855918,238559181,1,I,,20240505,20240515,20240515,EXP,"",US-NOVOPROD-1219444,NOVO NORDISK,"",,"",A,F,Y,,"",20240515,"",CN,US,US,238559181,DS,Disability,"",1,PS,OZEMPIC,SEMAGLUTIDE,1,Subcutaneous,UNK,,"",U,"","",,209637,,"",Solution for injection,"",4
23855921,238559211,1,I,20240405,20240506,20240515,20240515,EXP,"",US-NOVOPROD-1219878,NOVO NORDISK,"",76,YR,"",M,Y,,"",20240515,"",MD,US,US,238559211,OT,Lymphocyte count decreased,"",1,PS,OZEMPIC,SEMAGLUTIDE,1,Subcutaneous,0.5 weekly,,"","","","",,209637,,"",Solution for injection,"",7
23855924,238559241,1,I,,20240506,20240515,20240515,EXP,"",US-NOVOPROD-1217648,NOVO NORDISK,"",72,YR,"",F,Y,,"",20240515,"",CN,US,US,238559241,HO,Peripheral artery occlusion,"",1,PS,OZEMPIC,SEMAGLUTIDE,1,Subcutaneous,1 mg,,"","","","",,209637,1,MG,Solution for injection,"",3
23855925,238559251,1,I,,20240506,20240515,20240515,EXP,"",US-NOVOPROD-1219702,NOVO NORDISK,"",,"",A,M,Y,,"",20240515,"",CN,US,US,238559251,OT,Pain in extremity,"",1,PS,OZEMPIC,SEMAGLUTIDE,1,Subcutaneous,0.5 mg,,"",D,"","",,209637,0.5,MG,Solution for injection,"",7
23855926,238559261,1,I,,20240506,20240515,20240515,EXP,"",US-NOVOPROD-1219105,NOVO NORDISK,"",42,YR,"",F,Y,,"",20240515,"",MD,US,US,238559261,OT,Delusion,"",1,PS,OZEMPIC,SEMAGLUTIDE,1,Subcutaneous,UNK,,"",Y,"","",,209637,,"",Solution for injection,"",7
23855938,238559382,2,F,20240101,20240510,20240515,20240521,EXP,"",US-NOVOPROD-1219969,NOVO NORDISK,"",,"",A,F,Y,,"",20240521,"",MD,US,US,238559382,HO,Gastrointestinal disorder,"",1,PS,WEGOVY,SEMAGLUTIDE,1,Subcutaneous,0.25 mg,,"",Y,"","",,215256,0.25,MG,Solution for injection,"",3
23855939,238559391,1,I,20240404,20240506,20240515,20240515,EXP,"",US-NOVOPROD-1219965,NOVO NORDISK,"",28,YR,"",F,Y,,"",20240515,"",CN,US,US,238559391,HO,Spinal operation,"",1,PS,WEGOVY,SEMAGLUTIDE,1,Subcutaneous,UNK,,"",U,"","",,215256,,"",Solution for injection,"",3
23855941,238559411,1,I,20240228,20240509,20240515,20240515,EXP,"",US-NOVOPROD-1219943,NOVO NORDISK,"",74,YR,"",F,Y,,"",20240515,"",CN,US,US,238559411,OT,Knee arthroplasty,"",1,PS,OZEMPIC,SEMAGLUTIDE,1,Subcutaneous,1 mg,,"",D,"","",,209637,1,MG,Solution for injection,"",7
23856554,238565544,4,F,20240101,20240613,20240515,20240621,EXP,"",US-UNITED THERAPEUTICS-UNT-2024-013548,UNITED THERAPEUTICS,"",,"","",F,Y,174.15,KG,20240621,"","",US,US,238565544,HO,Seasonal allergy,"",25,C,OZEMPIC,SEMAGLUTIDE,1,"",UNK,,"","","","",,"",,"","","",3
23856615,238566151,1,I,20240513,20240513,20240515,20240515,PER,"",US-ELI_LILLY_AND_COMPANY-US202405007917,ELI LILLY AND CO,"",67,YR,E,M,Y,,"",20240515,"",CN,US,US,,,Blood glucose increased,"",4,C,OZEMPIC,SEMAGLUTIDE,1,"","",,"","","","",,"",,"","","",
23857332,238573321,1,I,20240502,20240514,20240514,20240514,DIR,FDA-CDER-CTU-2024-34894,"",FDA-CTU,"",75,YR,"",M,N,,"",20240514,Y,PH,US,"",238573321,OT,Perineal cellulitis,"",6,C,OZEMPIC,SEMAGLUTIDE,1,"","",,"","","","",,"",,"","","",7
23857433,238574331,1,I,20240509,20240513,20240513,20240513,DIR,FDA-CDER-CTU-2024-34876,"",FDA-CTU,"",75,YR,"",M,N,112.04,KG,20240513,N,MD,US,"",238574331,DS,Optic neuritis,"",1,PS,OZEMPIC,SEMAGLUTIDE,1,Subcutaneous,Frequency : Weekly;?,,"",N,D,"",,"",0.25,MG,"",QW,4
23857870,238578701,1,I,,20240507,20240515,20240515,EXP,"",US-MYLANLABS-2024M1043244,MYLAN,"Medina Mora LA, Ahmed S, Sanchez Ruiz AM, Poretsky L. Hyperglycemic DKA in a patient with type 2 diabetes mellitus on monotherapy with SGLT-2 inhibitor. J-Clin-Transl-Endocrinol-Case-Rep 2024; 32 (0): 1-4.",52,YR,"",M,Y,,"",20240515,"",HP,US,US,238578701,HO,Drug ineffective,"",2,SS,SEMAGLUTIDE,SEMAGLUTIDE,1,Unknown,"0.25 milligram, qw",,"",U,U,"",,"",0.25,MG,Injection,/WK,3
23857982,238579823,3,F,20240506,20240617,20240515,20240619,PER,"",US-PFIZER INC-202400104775,PFIZER,"",52,YR,"",M,Y,92,KG,20240619,"",PH,US,US,238579823,HO,Drug ineffective,"",17,C,SEMAGLUTIDE,SEMAGLUTIDE,1,"","0.5 mg, weekly",,"","","","",,"",0.5,MG,"",/WK,3
23858156,238581563,3,F,20240511,20240603,20240515,20240605,PER,"",US-AMGEN-USASP2024095905,AMGEN,"",73,YR,E,M,Y,,"",20240605,"",CN,US,US,,,Drug dose omission by device,"",4,C,OZEMPIC,SEMAGLUTIDE,1,"","",,"","","","",,"",,"","","",
23858179,238581791,1,I,20240301,20240514,20240514,20240514,DIR,702958,"",FDA-CTU,"",76,YR,"",M,N,71.55,KG,20240514,N,CN,US,"",238581791,OT,Depression,"",1,PS,OZEMPIC,SEMAGLUTIDE,1,Subcutaneous,0.5 INJECTION 1 PER WEEK SUBCUTANEOUS,,"",N,D,00301694181137,20250630,99,,"","",QW,7
23858183,238581831,1,I,20240425,20240514,20240514,20240514,DIR,702989,"",FDA-CTU,"",59,YR,"",M,N,147.6,KG,20240514,N,HP,US,"",238581831,HO,Throat tightness,"",1,PS,OZEMPIC,SEMAGLUTIDE,1,Subcutaneous,0.5 MG WEEKLYS SUBCUTANEOUS ?,,"",Y,D,pzf8s57,20251031,"",0.5,MG,"",QW,3
23858204,238582041,1,I,20240505,20240514,20240514,20240514,DIR,703047,"",FDA-CTU,"",49,YR,"",F,N,112.05,KG,20240514,N,CN,US,"",238582041,HO,Chest pain,"",1,PS,OZEMPIC,SEMAGLUTIDE,1,Subcutaneous,Frequency : Weekly;?,,"",N,D,"",,99,,"","",QW,3
23858209,238582091,1,I,20230815,20240514,20240514,20240514,DIR,703060,"",FDA-CTU,"",59,YR,"",F,N,80.55,KG,20240514,N,CN,US,"",238582091,OT,Epiretinal membrane,"",1,PS,OZEMPIC,SEMAGLUTIDE,1,"","",,"",Y,Y,"",,"",,"","","",7
23858292,238582921,1,I,,20240514,20240515,20240515,PER,"",US-PFIZER INC-202400107635,PFIZER,"",69,YR,"",F,Y,,"",20240515,"",CN,US,US,,,Drug hypersensitivity,"",3,C,OZEMPIC,SEMAGLUTIDE,1,"",UNK,,"","","","",,"",,"","","",
23858421,238584211,1,I,,20240502,20240515,20240515,EXP,"",US-GRANULES-US-2024GRALIT00152,GRANULES INDIA,Maxwell Zachary Price.Treating Schizophrenia and Bipolar I Disorder in the Real-World Setting: Effectiveness and Safety of Olanzapine/Samidorphan Combination.The Primary Care Companion to CNS Disorders.02-APR-2024;26(2):e1-e2,,"","","",Y,,"",20240515,"",HP,US,US,238584211,OT,Impaired gastric emptying,"",5,SS,SEMAGLUTIDE,SEMAGLUTIDE,1,Unknown,"",,"",U,"",Unknown,,"",,"",UNK,"",7
23858528,238585281,1,I,20230515,20240514,20240514,20240514,DIR,703053,"",FDA-CTU,"",25,YR,"",F,N,103.5,KG,20240514,N,CN,US,"",238585281,HO,Therapy interrupted,"",1,PS,SEMAGLUTIDE,SEMAGLUTIDE,1,Other,OTHER QUANTITY : 3 Injection(s)?Frequency : Weekly?OTHER ROUTE : Injection in stomach/thigh?,,"",N,D,"",,"",,"","",QW,3
23858537,238585371,1,I,20240319,20240514,20240514,20240514,DIR,703052,"",FDA-CTU,"",54,YR,"",F,N,76.5,KG,20240514,N,CN,US,"",238585371,OT,Panic attack,"",1,PS,WEGOVY,SEMAGLUTIDE,1,Other,1 INJECTION  ONCE WEEKLY INJECTED UNDER THE SKIN?,,"",Y,D,NZF6Y69,20250331,"",,"","",QW,7
23858538,238585381,1,I,20240514,20240514,20240514,20240514,DIR,703029,"",FDA-CTU,"",37,YR,"",F,N,87.3,KG,20240514,N,CN,US,"",238585381,RI,Anxiety,"",1,PS,WEGOVY,SEMAGLUTIDE,1,"","",,"",N,D,"",,"",,"","","",6
23859037,238590371,1,I,20240429,20240510,20240515,20240515,DIR,FDA-CDER-CTU-2024-35114,"",FDA-CTU,"",70,YR,"",M,N,116,KG,20240510,N,"",US,"",238590371,DE,Pulse absent,"",13,C,SEMAGLUTIDE,SEMAGLUTIDE,1,"","",,"","","","",,"",,"","","",1
23859327,238593271,1,I,,20240507,20240515,20240515,EXP,"",NVSC2024US099449,NOVARTIS,Schumacher C. Severe Hypotension with Concomitant Sodium-Glucose Co-Transporter-2 Inhibitor and Angiotensin Receptor-Neprilysin Inhibitor Therapy in a Patient With Heart Failure Reduced Ejection Fraction: A Case Report. JOURNAL OF PHARMACY PRACTICE. 2024;37 (2):495-9,64,YR,"",F,Y,,"",20240515,"",HP,US,US,238593271,HO,Hypotension,"",9,C,SEMAGLUTIDE,SEMAGLUTIDE,1,Unknown,"1 mg, QW",,"",U,"","",,"",1,MG,"",/WK,3
23859438,238594381,1,I,20240510,20240513,20240515,20240515,PER,"",US-AMGEN-USASP2024094810,AMGEN,"",,"","",F,Y,,"",20240515,"",CN,US,US,,,Wheezing,"",9,C,OZEMPIC,SEMAGLUTIDE,1,"",UNK,,"","","","",,"",,"","","",
23859546,238595461,1,I,20240331,20240515,20240515,20240515,DIR,703100,"",FDA-CTU,"",57,YR,"",F,N,101.25,KG,20240515,N,CN,US,"",,,Vomiting projectile,"",1,PS,OZEMPIC,SEMAGLUTIDE,1,Other,OTHER QUANTITY : 1 Injection(s);?OTHER FREQUENCY : weekly;?OTHER ROUTE : injection;?,,"",Y,D,"",,"",,"","",999,
23859605,238596051,1,I,20240509,20240515,20240515,20240515,DIR,703109,"",FDA-CTU,"",43,YR,"",F,N,95.1,KG,20240515,N,"",US,"",238596051,OT,Nasal pruritus,"",5,C,Wegovy 0.5 mg SQ weekly,"",2,"","",,"","","","",,"",,"","","",7
23860661,238606611,1,I,20240512,20240513,20240516,20240516,PER,"",US-AMGEN-USASP2024095478,AMGEN,"",62,YR,A,F,Y,,"",20240515,"",CN,US,US,,,Incorrect dose administered by device,"",3,C,OZEMPIC,SEMAGLUTIDE,1,Unknown,UNK,,"","","","",,"",,"",Unknown formulation,"",
23860757,238607571,1,I,20240501,20240506,20240516,20240516,EXP,"",US-NOVOPROD-1218558,NOVO NORDISK,"",,"","",F,Y,,"",20240516,"",CN,US,US,238607571,OT,Shoulder operation,"",1,PS,OZEMPIC,SEMAGLUTIDE,1,Subcutaneous,"1 mg, qw",,"",D,"","",,209637,1,MG,Solution for injection,/WK,7
23860782,238607821,1,I,20220101,20240507,20240516,20240516,EXP,"",US-NOVOPROD-1220815,NOVO NORDISK,"",51,YR,"",F,Y,,"",20240516,"",CN,US,US,238607821,OT,Gait disturbance,"",1,PS,OZEMPIC,SEMAGLUTIDE,1,Subcutaneous,UNK,,"",U,"","",,209637,,"",Solution for injection,"",7
23860786,238607861,1,I,,20240509,20240516,20240516,EXP,"",US-NOVOPROD-1220738,NOVO NORDISK,"",,"","",F,Y,,"",20240516,"",CN,US,US,238607861,OT,Surgery,"",1,PS,OZEMPIC,SEMAGLUTIDE,1,Subcutaneous,UNK,,"","","","",,209637,,"",Solution for injection,"",7
23860787,238607871,1,I,,20240509,20240516,20240516,EXP,"",US-NOVOPROD-1220736,NOVO NORDISK,"",,"","",F,Y,,"",20240516,"",HP,US,US,238607871,HO,Atrial fibrillation,"",1,PS,WEGOVY,SEMAGLUTIDE,1,Subcutaneous,2.4 mg,,"","","","",,215256,2.4,MG,Solution for injection,"",3
23860789,238607891,1,I,20240401,20240507,20240516,20240516,EXP,"",US-NOVOPROD-1220818,NOVO NORDISK,"",71,YR,"",F,Y,,"",20240516,"",CN,US,US,238607891,OT,Angiogram peripheral,"",1,PS,OZEMPIC,SEMAGLUTIDE,1,Subcutaneous,"0.25 mg, qw",,"",U,"",PZF8M47,,209637,0.25,MG,Solution for injection,/WK,7
23860795,238607952,2,F,20230101,20240530,20240516,20240609,EXP,"",US-NOVOPROD-1218850,NOVO NORDISK,"",77,YR,"",F,Y,,"",20240610,"",CN,US,US,238607952,OT,Weight decreased,"",1,PS,RYBELSUS,SEMAGLUTIDE,1,Oral,3 mg,,"",N,"",NA41842,,213051,,"",Tablet,"",7
23861571,238615711,1,I,,20240424,20240516,20240516,EXP,"",US-TEVA-VS-3191714,TEVA,"",42,YR,"",M,Y,,"",20240516,"",CN,US,US,238615711,DS,Impaired work ability,"",16,C,OZEMPIC,SEMAGLUTIDE,1,"",0.2 SOP 2MG/3ML,,"","","","",,"",,"","","",4
23862298,238622982,2,F,20240101,20240522,20240516,20240605,EXP,"",US-CORCEPT THERAPEUTICS INC.-US-2024CRT001189,CORCEPT,"",,"","","",Y,,"",20240605,"",MD,US,US,238622982,DE,Death,"",2,C,OZEMPIC,SEMAGLUTIDE,1,"","",,"",D,"","",,"",,"","","",1
23862756,238627561,1,I,,20240515,20240515,20240515,DIR,703205,"",FDA-CTU,"",33,YR,"",F,N,66.15,KG,20240515,N,CN,US,"",,,Coital bleeding,"",1,PS,WEGOVY,SEMAGLUTIDE,1,"","",,"",Y,Y,"",,"",,"","","",
23863187,238631872,2,F,20240506,20240520,20240516,20240529,EXP,"",US-MYOVANT SCIENCES GMBH-2024MYSCI0400727,MYOVANT SCIENCES,"",72,YR,"",M,Y,,"",20240529,"",CN,US,US,238631872,OT,Surgery,"",29,C,SEMAGLUTIDE,SEMAGLUTIDE,1,Unknown,"",,"","","","",,"",,"","","",7
23863300,238633001,1,I,20240515,20240515,20240515,20240515,DIR,FDA-CDER-CTU-2024-35425,"",FDA-CTU,"",68,YR,"",F,N,232,LBS,20240515,N,"",US,"",,,Decreased interest,"",1,PS,OZEMPIC,SEMAGLUTIDE,1,Subcutaneous,Frequency : Weekly;?,,"","","","",,"",,"","",QW,
23863445,238634451,1,I,,20240508,20240515,20240515,DIR,FDA-CDER-CTU-2024-35280,"",FDA-CTU,"",,"","",M,N,86.18,KG,20240508,Y,CN,US,"",238634451,DS,Dyspnoea,"",15,C,RYBELSUS,SEMAGLUTIDE,1,"","",,"","","","",,"",,"","","",4
23864138,238641381,1,I,20240509,20240516,20240516,20240516,DIR,703214,"",FDA-CTU,"",70,YR,"",F,N,117.9,KG,20240516,N,CN,US,"",,,Pain,"",1,PS,OZEMPIC,SEMAGLUTIDE,1,Subcutaneous,OTHER QUANTITY : 0.25 mg;?OTHER FREQUENCY : weekly;?,,"","",D,NZF8H31,20251031,"",,"","",999,
23864215,238642152,2,F,20240502,20240606,20240516,20240617,EXP,"","US-SK LIFE SCIENCE, INC.-SKPVG-2024-000966",SK LIFE SCIENCE,"",,"","","",Y,,"",20240617,"",CN,US,US,238642152,OT,Fall,"",7,C,SEMAGLUTIDE,SEMAGLUTIDE,1,Unknown,"UNK, qwk",,"",U,"","",,"",,"","",/WK,7
23864339,238643391,1,I,,20230802,20240516,20240516,EXP,"",US-NOVOPROD-1104758,NOVO NORDISK,"",,"","","",Y,,"",20240516,"",CN,US,US,238643391,OT,Adverse drug reaction,"",1,PS,OZEMPIC,SEMAGLUTIDE,1,Subcutaneous,1 mg,,"",N,"","",,209637,,"",Solution for injection,"",7
23864340,238643401,1,I,,20230803,20240516,20240516,EXP,"",US-NOVOPROD-1184889,NOVO NORDISK,"",,"","","",Y,,"",20240516,"",CN,US,US,238643401,OT,Fatigue,"",1,PS,OZEMPIC,SEMAGLUTIDE,1,Subcutaneous,0.25 mg,,"",U,"","",,209637,,"",Solution for injection,"",7
23864341,238643411,1,I,,20230731,20240516,20240516,EXP,"",US-NOVOPROD-1184878,NOVO NORDISK,"",,"","",M,Y,,"",20240516,"",CN,US,US,238643411,DS,Product packaging difficult to open,"",1,PS,RYBELSUS,SEMAGLUTIDE,1,Oral,unk,,"",U,"","",,213051,,"",Tablet,"",4
23864342,238643421,1,I,,20230731,20240516,20240516,EXP,"",US-NOVOPROD-1184482,NOVO NORDISK,"",,"","",F,Y,,"",20240516,"",CN,US,US,238643421,OT,Seizure,"",1,PS,OZEMPIC,SEMAGLUTIDE,1,Subcutaneous,UNK,,"",U,"","",,209637,,"",Solution for injection,"",7
23864425,238644251,1,I,,20240507,20240516,20240516,EXP,"",US-ELI_LILLY_AND_COMPANY-US202405004245,ELI LILLY AND CO,"",54,YR,A,F,Y,,"",20240516,"",CN,US,US,238644251,HO,Blood glucose decreased,"",8,SS,OZEMPIC,SEMAGLUTIDE,1,Unknown,"UNK UNK, unknown",,"",U,"","",,"",,"","","",3
23864606,238646061,1,I,,20240508,20240516,20240516,PER,"",US-SA-2024SA145690,SANOFI AVENTIS,"",,"",E,F,Y,,"",20240516,"",MD,US,US,238646061,OT,Stent removal,"",2,C,OZEMPIC,SEMAGLUTIDE,1,"","",,"",U,"","",,"",,"","","",7
23864637,238646371,1,I,20240501,20240509,20240516,20240516,PER,"",US-SA-2024SA146975,SANOFI AVENTIS,"",57,YR,A,M,Y,,"",20240516,"",MD,US,US,,,Product use in unapproved indication,"",2,C,OZEMPIC,SEMAGLUTIDE,1,"",UNK,,"",U,"","",,"",,"","","",
23864918,238649181,1,I,,20240516,20240516,20240516,PER,"","US-B.I. Pharmaceuticals,Inc./Ridgefield-2024-BI-028197",BOEHRINGER INGELHEIM,"",91,YR,E,M,Y,,"",20240517,"",CN,US,US,,,Pruritus,"",2,C,OZEMPIC,SEMAGLUTIDE,1,"","",,"","","","",,"",,"","","",
23865066,238650661,1,I,20240315,20240509,20240516,20240516,EXP,"",US-ABBVIE-5716544,ABBVIE,"",66,YR,"",F,Y,,"",20240516,"",CN,US,US,238650661,OT,Rhinitis allergic,"",8,C,RYBELSUS,SEMAGLUTIDE,1,Oral,"take 1 tablet by oral route every day in the morning 30 min before any food, drink?or medication ...",,"","","","",,"",3,MG,Tablet,QD,7
23865338,238653381,1,I,20240411,20240507,20240517,20240517,EXP,"",US-NOVOPROD-1218570,NOVO NORDISK,"",77,YR,"",F,Y,,"",20240517,"",CN,US,US,238653381,HO,Gastroenteritis salmonella,"",1,PS,OZEMPIC,SEMAGLUTIDE,1,Subcutaneous,2mg dose,,"",Y,"","",,209637,2,MG,Solution for injection,"",3
23865341,238653411,1,I,20240201,20240506,20240517,20240517,EXP,"",US-NOVOPROD-1213430,NOVO NORDISK,"",,"",E,M,Y,90.703,KG,20240517,"",CN,US,US,238653411,OT,Hypoglycaemic unconsciousness,"",1,PS,RYBELSUS,SEMAGLUTIDE,1,Oral,"7 mg, qd in AM",,"",Y,"",NA42003,,213051,7,MG,Tablet,QD,7
23865351,238653512,2,F,20210101,20240614,20240517,20240626,EXP,"",US-NOVOPROD-1218789,NOVO NORDISK,"",81,YR,"",M,Y,,"",20240626,"",MD,US,US,238653512,HO,Bladder cancer recurrent,"",1,PS,OZEMPIC,SEMAGLUTIDE,1,Subcutaneous,"0.5 mg, qw",,"",Y,"",NZF5M34,,209637,0.5,MG,Solution for injection,/WK,3
23865352,238653521,1,I,,20240507,20240517,20240517,EXP,"",US-NOVOPROD-1219078,NOVO NORDISK,"",39,YR,"",M,Y,,"",20240517,"",CN,US,US,238653521,OT,Erectile dysfunction,"",1,PS,OZEMPIC,SEMAGLUTIDE,1,Subcutaneous,1 mg,,"",U,"","",,209637,,"",Solution for injection,"",7
23865353,238653531,1,I,,20240507,20240517,20240517,EXP,"",US-NOVOPROD-1219079,NOVO NORDISK,"",,"","",M,Y,,"",20240517,"",CN,US,US,238653531,OT,Erectile dysfunction,"",1,PS,OZEMPIC,SEMAGLUTIDE,1,Subcutaneous,1 mg,,"",U,"","",,209637,1,MG,Solution for injection,"",7
23865402,238654021,1,I,,20240508,20240517,20240517,EXP,"",US-NOVOPROD-1219602,NOVO NORDISK,"",,"",A,F,Y,,"",20240517,"",CN,US,US,238654021,OT,Off label use,"",1,PS,OZEMPIC,SEMAGLUTIDE,1,Subcutaneous,UNK,,"","","","",,209637,,"",Solution for injection,"",7
23865404,238654041,1,I,,20240508,20240517,20240517,EXP,"",US-NOVOPROD-1219383,NOVO NORDISK,"",,"","",M,Y,,"",20240517,"",MD,US,US,238654041,OT,Small intestinal perforation,"",1,PS,OZEMPIC,SEMAGLUTIDE,1,Subcutaneous,2 mg,,"",Y,"","",,209637,2,MG,Solution for injection,"",7
23865405,238654051,1,I,20240209,20240509,20240517,20240517,EXP,"",US-NOVOPROD-1193907,NOVO NORDISK,"",81,YR,"",M,Y,,"",20240517,"",HP,US,US,238654051,OT,Asthenia,"",1,PS,OZEMPIC,SEMAGLUTIDE,1,Subcutaneous,"0.25 mg, qw (4 weeks)",,"",Y,"",NZF7X42,,209637,0.25,MG,Solution for injection,/WK,7
23865407,238654071,1,I,,20240508,20240517,20240517,EXP,"",US-NOVOPROD-1220309,NOVO NORDISK,"",,"","",F,Y,,"",20240517,"",CN,US,US,238654071,OT,Cardiac operation,"",1,PS,WEGOVY,SEMAGLUTIDE,1,Subcutaneous,UNK,,"","","","",,215256,,"",Solution for injection,"",7
23865409,238654091,1,I,,20240508,20240517,20240517,EXP,"",US-NOVOPROD-1222313,NOVO NORDISK,"",,"","","",Y,,"",20240517,"",CN,US,US,238654091,DS,Off label use,"",1,PS,OZEMPIC,SEMAGLUTIDE,1,Subcutaneous,UNK,,"",U,"","",,209637,,"",Solution for injection,"",4
23865412,238654121,1,I,,20240508,20240517,20240517,EXP,"",US-NOVOPROD-1220862,NOVO NORDISK,"",,"","",F,Y,,"",20240517,"",CN,US,US,238654121,OT,Hysterectomy,"",1,PS,OZEMPIC,SEMAGLUTIDE,1,Subcutaneous,UNK,,"",U,"","",,209637,,"",Solution for injection,"",7
23865414,238654141,1,I,20240507,20240508,20240517,20240517,EXP,"",US-NOVOPROD-1220445,NOVO NORDISK,"",65,YR,"",M,Y,,"",20240517,"",CN,US,US,238654141,OT,Eye operation,"",1,PS,OZEMPIC,SEMAGLUTIDE,1,Subcutaneous,0.25 mg,,"",U,"",PZF8S57,,209637,0.25,MG,Solution for injection,"",7
23865415,238654151,1,I,,20240507,20240517,20240517,EXP,"",US-NOVOPROD-1219971,NOVO NORDISK,"",,"","",F,Y,,"",20240517,"",CN,US,US,238654151,HO,Illness,"",1,PS,OZEMPIC,SEMAGLUTIDE,1,Subcutaneous,"0.5 mg, qw",,"","","","",,209637,0.5,MG,Solution for injection,/WK,3
23865420,238654201,1,I,,20240508,20240517,20240517,EXP,"",US-NOVOPROD-1219690,NOVO NORDISK,"",,"","",M,Y,,"",20240517,"",CN,US,US,238654201,OT,Barrett's oesophagus,"",1,PS,OZEMPIC,SEMAGLUTIDE,1,Subcutaneous,UNK,,"",U,"","",,209637,,"",Solution for injection,"",7
23865430,238654301,1,I,,20240412,20240517,20240517,PER,"",US-TARSUS PHARMACEUTICALS-TSP-US-2024-000097,Tarsus Pharmaceuticals,"",,"","",F,Y,,"",20240512,"",CN,US,US,,,Wrong technique in product usage process,"",11,C,OZEMPIC,SEMAGLUTIDE,1,Unknown,UNK,,"","","","",,"",,"","","",
23866181,238661811,1,I,,20240509,20240517,20240517,EXP,"",US-BIOGEN-2024BI01265345,BIOGEN,"",,"","",F,Y,,"",20240517,"",CN,US,US,238661811,HO,Tremor,"",11,C,OZEMPIC,SEMAGLUTIDE,1,Other,1 M SOP 4 milligram/3 milliliter,,"","","","",,"",,"",Unknown,"",3
23866721,238667211,1,I,,20240510,20240517,20240517,EXP,"",US-SANDOZ INC.-SDZ2024US049291,SANDOZ,"",,"","",F,Y,,"",20240517,"",HP,US,US,,,Gastrointestinal disorder,"",4,C,OZEMPIC,SEMAGLUTIDE,1,Unknown,unk,,"",U,"","",,"",,"","","",
23867560,238675601,1,I,,20240510,20240517,20240517,EXP,"",US-SA-2024SA144736,SANOFI AVENTIS,"",62,YR,A,F,Y,,"",20240517,"",CN,US,US,238675601,OT,Blood glucose increased,"",6,C,OZEMPIC,SEMAGLUTIDE,1,"","",,"",U,"","",,"",,"","","",7
23867754,238677541,1,I,,20240506,20240517,20240517,EXP,"",US-ELI_LILLY_AND_COMPANY-US202405003536,ELI LILLY AND CO,"",66,YR,E,M,Y,,"",20240517,"",CN,US,US,238677541,OT,Myocardial infarction,"",2,C,OZEMPIC,SEMAGLUTIDE,1,"",UNK,,"","","","",,"",,"","","",7
23868038,238680381,1,I,20240422,20240516,20240516,20240516,DIR,703273,"",FDA-CTU,"",40,YR,"",F,N,72,KG,20240516,N,CN,US,"",238680381,LT,Fatigue,"",1,PS,WEGOVY,SEMAGLUTIDE,1,Other,ONCE A WEEK INJECTION,,"",N,D,"",,"",,"","",999,2
23868244,238682441,1,I,20240505,20240516,20240516,20240516,DIR,703283,"",FDA-CTU,"",64,YR,"",M,N,105.3,KG,20240516,N,CN,US,"",238682441,OT,Headache,"",1,PS,OZEMPIC,SEMAGLUTIDE,1,Subcutaneous,OTHER QUANTITY : 1 Injection(s);?OTHER FREQUENCY : Weekly;?,,"",N,N,"",,99,,"","",999,7
23868312,238683121,1,I,20240323,20240516,20240516,20240516,DIR,703276,"",FDA-CTU,"",74,YR,"",M,N,93,KG,20240516,N,PH,US,"",238683121,LT,Asthenia,"",3,C,OZEMPIC,"",1,"","",,"","","","",,"",,"","","",2
23868389,238683892,2,F,20240301,20240522,20240517,20240603,EXP,"",US-LUPIN PHARMACEUTICALS INC.-2024-04028,LUPIN,"",,"","","",Y,,"",20240603,"",CN,US,US,238683892,LT,Angioedema,"",7,C,OZEMPIC,SEMAGLUTIDE,1,Subcutaneous,"0.25 mg, qw, 1 shot once a week",,"","","","",,"",,"","","",2
23868917,238689171,1,I,,20230811,20240517,20240517,EXP,"",US-NOVOPROD-1200553,NOVO NORDISK,"",,"","","",Y,,"",20240517,"",CN,US,US,238689171,OT,Surgery,"",1,PS,OZEMPIC,SEMAGLUTIDE,1,Subcutaneous,UNK,,"",U,"","",,209637,,"",Solution for injection,"",7
23868919,238689191,1,I,,20230816,20240517,20240517,EXP,"",US-NOVOPROD-1196298,NOVO NORDISK,"",,"","",M,Y,,"",20240517,"",CN,US,US,238689191,CA,Off label use,"",1,PS,OZEMPIC,SEMAGLUTIDE,1,Subcutaneous,UNK,,"",U,"","",,209637,,"",Solution for injection,"",5
23868921,238689211,1,I,,20230803,20240517,20240517,EXP,"",US-NOVOPROD-1208121,NOVO NORDISK,"",,"","",M,Y,,"",20240517,"",CN,US,US,238689211,DS,Disability,"",1,PS,OZEMPIC,SEMAGLUTIDE,1,Subcutaneous,0.5 mg,,"",U,"",NZF5Y21,,209637,,"",Solution for injection,"",4
23868922,238689221,1,I,20230801,20230816,20240517,20240517,EXP,"",US-NOVOPROD-1192674,NOVO NORDISK,"",,"","","",Y,,"",20240517,"",CN,US,US,238689221,HO,Hospitalisation,"",1,PS,OZEMPIC,SEMAGLUTIDE,1,Subcutaneous,1mg,,"",U,"","",,209637,,"",Solution for injection,"",3
23868924,238689241,1,I,,20230803,20240517,20240517,EXP,"",US-NOVOPROD-1208140,NOVO NORDISK,"",,"","",F,Y,,"",20240517,"",CN,US,US,238689241,HO,Nasopharyngitis,"",1,PS,OZEMPIC,SEMAGLUTIDE,1,Subcutaneous,UNK,,"",U,"",NZF4R22,,209637,,"",Solution for injection,"",3
23868931,238689311,1,I,,20230803,20240517,20240517,EXP,"",US-NOVOPROD-1208176,NOVO NORDISK,"",,"","",F,Y,,"",20240517,"",CN,US,US,238689311,OT,Uterine cancer,"",1,PS,OZEMPIC,SEMAGLUTIDE,1,Subcutaneous,1 mg,,"",U,"",NZF5J33,,209637,,"",Solution for injection,"",7
23868983,238689831,1,I,,20230929,20240517,20240517,EXP,"",US-NOVOPROD-1206079,NOVO NORDISK,"",,"","","",Y,,"",20240517,"",CN,US,US,238689831,OT,Systemic lupus erythematosus,"",1,PS,OZEMPIC,SEMAGLUTIDE,1,Subcutaneous,UNK,,"",U,"","",,209637,,"",Solution for injection,"",7
23868984,238689841,1,I,,20231013,20240517,20240517,EXP,"",US-NOVOPROD-1192779,NOVO NORDISK,"",,"",A,"",Y,,"",20240517,"",CN,US,US,238689841,HO,Prostatomegaly,"",1,PS,OZEMPIC,SEMAGLUTIDE,1,Subcutaneous,UNK,,"",U,"","",,209637,,"",Solution for injection,"",3
23868985,238689851,1,I,,20231002,20240517,20240517,EXP,"",US-NOVOPROD-1206231,NOVO NORDISK,"",,"","",F,Y,,"",20240517,"",CN,US,US,238689851,OT,Product use in unapproved indication,"",1,PS,OZEMPIC,SEMAGLUTIDE,1,Subcutaneous,1 mg,,"",U,"","",,209637,,"",Solution for injection,"",7
23869035,238690351,1,I,,20240129,20240517,20240517,PER,"","US-Stemline Therapeutics, Inc.-2024ST000667",STEMLINE THERAPEUTICS,"",55,YR,A,F,Y,,"",20240510,"",HP,US,US,,,Disease progression,"",2,C,OZEMPIC,SEMAGLUTIDE,1,"","",,"","","","",,"",,"","","",
23869048,238690481,1,I,,20240220,20240517,20240517,PER,"","US-Stemline Therapeutics, Inc.-2024ST001243",STEMLINE THERAPEUTICS,"",72,YR,E,F,Y,,"",20240510,"",CN,US,US,238690481,HO,Myalgia,"",7,C,OZEMPIC,SEMAGLUTIDE,1,"","",,"","","","",,"",,"","","",3
23869091,238690911,1,I,20231222,20240509,20240517,20240517,PER,"",US-INCYTE CORPORATION-2024IN004947,INCYTE,"",,"","","",Y,,"",20240517,"",CN,US,US,,,Hyperphagia,"",17,C,OZEMPIC,SEMAGLUTIDE,1,Unknown,2MG/3ML,,"","","","",,"",,"",Injection,"",
23869209,238692091,1,I,,20240318,20240517,20240517,PER,"","US-Stemline Therapeutics, Inc.-2024ST000679",STEMLINE THERAPEUTICS,"",38,YR,A,F,Y,,"",20240510,"",CN,US,US,,,Disease progression,"",10,C,Wegovy Subcutaneous,"",2,Subcutaneous,"",,"","","","",,"",,"","","",
23869297,238692971,1,I,,20240515,20240517,20240517,PER,"",US-JNJFOC-20240545577,JOHNSON AND JOHNSON,"",49,YR,A,F,Y,78.5,KG,20240517,"",CN,US,US,,,Dyspnoea,"",4,C,OZEMPIC,SEMAGLUTIDE,1,"","",,"","","","",,"",,"","","",
23869547,238695472,2,F,20240501,20240614,20240517,20240619,EXP,"",US-SA-2024SA148294,SANOFI AVENTIS,"",44,YR,A,M,Y,,"",20240619,"",CN,US,US,238695472,OT,Diabetes mellitus,"",2,C,OZEMPIC,SEMAGLUTIDE,1,"","",,"",U,"","",,"",,"","","",7
23869874,238698741,1,I,,20240506,20240517,20240517,PER,"",US-SA-2024SA143471,SANOFI AVENTIS,"",,"",A,F,Y,,"",20240517,"",MD,US,US,,,Injection site nodule,"",3,C,OZEMPIC,SEMAGLUTIDE,1,"","",,"",U,"","",,"",,"","","",
23869996,238699961,1,I,,20240508,20240517,20240517,PER,"",US-SA-2024SA145025,SANOFI AVENTIS,"",33,YR,A,F,Y,,"",20240517,"",MD,US,US,,,Illness,"",2,C,OZEMPIC,SEMAGLUTIDE,1,"","UNK UNK, QOW",,"","","","",,"",,"","",QOW,
23870169,238701691,1,I,,20240507,20240517,20240517,EXP,"",US-ELI_LILLY_AND_COMPANY-US202405004298,ELI LILLY AND CO,"",75,YR,E,M,Y,,"",20240517,"",CN,US,US,238701691,HO,Pancreatic disorder,"",3,C,OZEMPIC,SEMAGLUTIDE,1,"","",,"","","","",,"",,"","","",3
23870339,238703391,1,I,20240430,20240516,20240517,20240517,PER,"",US-AMGEN-USASP2024097601,AMGEN,"",75,YR,E,M,Y,,"",20240517,"",CN,US,US,,,Drug dose omission by device,"",3,C,OZEMPIC,SEMAGLUTIDE,1,"","",,"","","","",,"",,"","","",
23870695,238706951,1,I,,20240514,20240518,20240518,EXP,"",US-ABBVIE-5763190,ABBVIE,"",,"","",F,Y,,"",20240518,"",CN,US,US,238706951,OT,Dental caries,"",4,C,OZEMPIC,SEMAGLUTIDE,1,"","",,"","","","",,"",,"","","",7
23870752,238707522,2,F,20230804,20240516,20240518,20240525,EXP,"",US-UNITED THERAPEUTICS-UNT-2024-004203,UNITED THERAPEUTICS,"",75,YR,"",F,Y,74.83,KG,20240525,"",CN,US,US,238707522,HO,Disease progression,"",5,C,OZEMPIC,SEMAGLUTIDE,1,Unknown,UNK,,"","","","",,"",,"","","",3
23870981,238709811,1,I,,20240513,20240518,20240518,PER,"",US-SA-2024SA148794,SANOFI AVENTIS,"",,"",A,F,Y,,"",20240518,"",MD,US,US,,,Ear pain,"",4,C,OZEMPIC,SEMAGLUTIDE,1,"",UNK,,"",U,"","",,"",,"","","",
23871667,238716672,2,F,20240417,20240515,20240519,20240521,EXP,"",US-ABBVIE-5759848,ABBVIE,"",72,YR,"",M,Y,104.32,KG,20240521,"",CN,US,US,238716672,HO,Musculoskeletal stiffness,"",10,C,OZEMPIC,SEMAGLUTIDE,1,Unknown,"",,"","","","",,"",,"","","",3
23871713,238717131,1,I,,20240513,20240520,20240520,PER,"",US-SA-2024SA147823,SANOFI AVENTIS,"",,"",A,F,Y,,"",20240520,"",HP,US,US,,,Drug ineffective,"",17,C,OZEMPIC,SEMAGLUTIDE,1,"",UNK,,"",U,"","",,"",,"","","",
23871813,238718132,2,F,20240509,20240521,20240520,20240524,EXP,"",US-AMGEN-USASP2024096076,AMGEN,"",68,YR,E,M,Y,,"",20240524,"",CN,US,US,238718132,OT,Accidental exposure to product,"",2,C,OZEMPIC,SEMAGLUTIDE,1,"","",,"","","","",,"",,"","","",7
23873088,238730882,2,F,20240101,20240617,20240520,20240621,EXP,"",US-UCBSA-2024024104,UCB,"",,"","",F,Y,256,KG,20240621,"",CN,US,US,,,Pain in extremity,"",16,C,OZEMPIC,SEMAGLUTIDE,1,"","1 milligram, Weekly (qw) (1 at am-Sunday)",,"",U,"","",,"",1,MG,"",/WK,
23873146,238731461,1,I,20240517,20240517,20240517,20240517,DIR,703360,"",FDA-CTU,"",56,YR,"",F,N,106.2,KG,20240517,N,MD,US,"",238731461,OT,Conjunctivitis,"",2,C,OZEMPIC,SEMAGLUTIDE,1,"","",,"","","","",,"",,"","","",7
23873543,238735431,1,I,,20240515,20240520,20240520,EXP,"",US-ABBVIE-5763585,ABBVIE,"",,"","",F,Y,,"",20240520,"",CN,US,US,238735431,OT,Therapeutic product effect decreased,"",4,C,OZEMPIC,SEMAGLUTIDE,1,"",Ozampic ten milligrams,,"","","","",,"",,"","","",7
23873688,238736881,1,I,,20240318,20240520,20240520,PER,"","US-Stemline Therapeutics, Inc.-2024ST001117",STEMLINE THERAPEUTICS,"",54,YR,A,F,Y,,"",20240510,"",CN,US,US,,,Asthenia,"",7,C,OZEMPIC,SEMAGLUTIDE,1,"",(1 MG/DOSE) Subcutaneous,,"","","","",,"",,"","","",
23873928,238739281,1,I,20200501,20240517,20240517,20240517,DIR,703462,"",FDA-CTU,"",58,YR,"",M,N,92.7,KG,20240517,N,CN,US,"",238739281,OT,Haemorrhage,"",1,PS,OZEMPIC,SEMAGLUTIDE,1,"","",,"",Y,D,"",,"",,"","","",7
23874394,238743941,1,I,,20240515,20240520,20240520,PER,"",US-PFIZER INC-202400108459,PFIZER,"",72,YR,"",F,Y,,"",20240520,"",PH,US,US,,,Nausea,"",7,C,OZEMPIC,SEMAGLUTIDE,1,"",2 mg,,"","","","",,"",2,MG,"","",
23874487,238744871,1,I,,20240507,20240520,20240520,EXP,"",US-NOVOPROD-1218802,NOVO NORDISK,"",,"","",F,Y,,"",20240520,"",CN,US,US,238744871,OT,Intestinal obstruction,"",1,PS,OZEMPIC,SEMAGLUTIDE,1,Subcutaneous,UNK,,"",U,"","",,209637,,"",Solution for injection,"",7
23874502,238745021,1,I,20220101,20240507,20240520,20240520,EXP,"",US-NOVOPROD-1219494,NOVO NORDISK,"",36,YR,"",F,Y,,"",20240520,"",CN,US,US,238745021,OT,Nausea,"",1,PS,OZEMPIC,SEMAGLUTIDE,1,Subcutaneous,2 mg,,"",U,"",NAR0227,,209637,,"",Solution for injection,"",7
23874503,238745031,1,I,,20240508,20240520,20240520,EXP,"",US-NOVOPROD-1219675,NOVO NORDISK,"",,"",A,F,Y,,"",20240520,"",CN,US,US,238745031,OT,Blood glucose increased,"",1,PS,OZEMPIC,SEMAGLUTIDE,1,Subcutaneous,"1 mg, qw",,"","","","",,209637,1,MG,Solution for injection,/WK,7
23874507,238745072,2,F,,20240620,20240520,20240627,EXP,"",US-NOVOPROD-1219558,NOVO NORDISK,"",,"","",F,Y,,"",20240628,"",CN,US,US,238745072,OT,Ankle fracture,"",1,PS,OZEMPIC,SEMAGLUTIDE,1,Subcutaneous,2 mg,,"",N,"",NAR0213,,209637,2,MG,Solution for injection,"",7
23874512,238745121,1,I,20230801,20240507,20240520,20240520,EXP,"",US-NOVOPROD-1219387,NOVO NORDISK,"",,"","",F,Y,,"",20240520,"",CN,US,US,238745121,OT,Off label use,"",1,PS,WEGOVY,SEMAGLUTIDE,1,Subcutaneous,2.4 mg,,"","","",NZF7S53,,215256,2.4,MG,Solution for injection,"",7
23874517,238745171,1,I,20240101,20240508,20240520,20240520,EXP,"",US-NOVOPROD-1219188,NOVO NORDISK,"",68,YR,"",M,Y,,"",20240520,"",CN,US,US,238745171,OT,Nausea,"",1,PS,OZEMPIC,SEMAGLUTIDE,1,Subcutaneous,UNK,,"","","",MP5D896,,209637,,"",Solution for injection,"",7
23874533,238745331,1,I,20240201,20240509,20240520,20240520,EXP,"",US-NOVOPROD-1222371,NOVO NORDISK,"",60,YR,"",F,Y,,"",20240520,"",CN,US,US,238745331,OT,Vomiting,"",1,PS,OZEMPIC,SEMAGLUTIDE,1,Subcutaneous,"2 mg, qwon Saturday",,"",Y,"",NAR0326,,209637,2,MG,Solution for injection,/WK,7
23874536,238745361,1,I,,20240509,20240520,20240520,EXP,"",US-NOVOPROD-1220420,NOVO NORDISK,"",,"","",F,Y,,"",20240520,"",CN,US,US,238745361,OT,Atrial fibrillation,"",1,PS,OZEMPIC,SEMAGLUTIDE,1,Subcutaneous,0.5mg,,"","","","",,209637,,"",Solution for injection,"",7
23874539,238745391,1,I,20240503,20240509,20240520,20240520,EXP,"",US-NOVOPROD-1220345,NOVO NORDISK,"",,"",A,F,Y,,"",20240520,"",HP,US,US,238745391,HO,Hospitalisation,"",1,PS,OZEMPIC,SEMAGLUTIDE,1,Subcutaneous,UNK,,"",U,"","",,209637,,"",Solution for injection,"",3
23874542,238745421,1,I,,20240509,20240520,20240520,EXP,"",US-NOVOPROD-1221230,NOVO NORDISK,"",,"",A,F,Y,,"",20240520,"",CN,US,US,238745421,OT,Foot fracture,"",1,SS,OZEMPIC,SEMAGLUTIDE,1,Subcutaneous,"0.5 mg, qw",,"",U,"","",,"",0.5,MG,Solution for injection,/WK,7
23874543,238745431,1,I,,20240509,20240520,20240520,EXP,"",US-NOVOPROD-1220821,NOVO NORDISK,"",74,YR,"",M,Y,,"",20240520,"",MD,US,US,238745431,OT,Stag horn calculus,"",1,PS,OZEMPIC,SEMAGLUTIDE,1,Subcutaneous,1 mg,,"",N,"","",,209637,1,MG,Solution for injection,"",7
23874544,238745441,1,I,20240501,20240509,20240520,20240520,EXP,"",US-NOVOPROD-1219533,NOVO NORDISK,"",60,YR,"",F,Y,,"",20240520,"",CN,US,US,238745441,HO,Headache,"",1,PS,WEGOVY,SEMAGLUTIDE,1,Subcutaneous,1.7 mg,,"",Y,"",PZF9D48,,215256,,"",Solution for injection,"",3
23874545,238745451,1,I,20240506,20240509,20240520,20240520,EXP,"",US-NOVOPROD-1220900,NOVO NORDISK,"",,"","",F,Y,,"",20240520,"",CN,US,US,238745451,HO,Pneumonia,"",1,PS,OZEMPIC,SEMAGLUTIDE,1,Subcutaneous,"1 mg, qw",,"",U,"",PAR0028,,209637,1,MG,Solution for injection,/WK,3
23874546,238745461,1,I,,20240509,20240520,20240520,EXP,"",US-NOVOPROD-1220229,NOVO NORDISK,"",69,YR,"",F,Y,,"",20240520,"",CN,US,US,238745461,HO,Product dose omission issue,"",1,PS,OZEMPIC,SEMAGLUTIDE,1,Subcutaneous,UNK,,"",U,"","",,209637,,"",Solution for injection,"",3
23874549,238745492,2,F,20230401,20240527,20240520,20240604,EXP,"",US-NOVOPROD-1222071,NOVO NORDISK,"",60,YR,"",F,Y,,"",20240604,"",CN,US,US,238745492,HO,Blood pressure decreased,"",1,PS,WEGOVY,SEMAGLUTIDE,1,Subcutaneous,"2.4 mg, qw",,"",U,"",PZF8S62,,215256,2.4,MG,Solution for injection,/WK,3
23874551,238745511,1,I,,20240509,20240520,20240520,EXP,"",US-NOVOPROD-1220652,NOVO NORDISK,"",,"","",F,Y,,"",20240520,"",CN,US,US,238745511,OT,Off label use,"",1,PS,OZEMPIC,SEMAGLUTIDE,1,Subcutaneous,1 mg,,"",U,"","",,209637,,"",Solution for injection,"",7
23874896,238748961,1,I,20240512,20240518,20240518,20240518,DIR,703510,"",FDA-CTU,"",78,YR,"",F,N,61.2,KG,20240518,N,CN,US,"",,,Nausea,"",2,C,OZEMPIC,SEMAGLUTIDE,1,"","",,"","","","",,"",,"","","",
23874971,238749711,1,I,20230601,20240518,20240518,20240518,DIR,703497,"",FDA-CTU,"",30,YR,"",F,N,82.8,KG,20240518,N,CN,US,"",238749711,CA,Developmental hip dysplasia,"",1,PS,WEGOVY,SEMAGLUTIDE,1,Subcutaneous,OTHER QUANTITY : 1 Injection(s);?OTHER FREQUENCY : Weekly;?,,"",Y,D,"",20230630,99,,"","",999,5
23874984,238749841,1,I,,20240518,20240518,20240518,DIR,703506,"",FDA-CTU,"",76,YR,"",M,N,85.5,KG,20240518,N,CN,US,"",,,Therapy cessation,"",1,PS,OZEMPIC,SEMAGLUTIDE,1,"","",,"",Y,D,"",,99,,"","","",
23875025,238750251,1,I,20240518,20240518,20240518,20240518,DIR,703525,"",FDA-CTU,"",43,YR,"",F,N,80.55,KG,20240518,N,CN,US,"",,,Influenza,"",1,PS,WEGOVY,SEMAGLUTIDE,1,Subcutaneous,OTHER QUANTITY : 1 Injection(s);?OTHER FREQUENCY : Each week;?,,"",N,D,"",,"",,"","",999,
23875180,238751801,1,I,20240518,20240519,20240519,20240519,DIR,FDA-CDER-CTU-2024-36150,"",FDA-CTU,"",69,YR,"",M,N,281,LBS,20240519,Y,"",US,"",238751801,RI,Abdominal pain upper,"",1,PS,OZEMPIC,SEMAGLUTIDE,1,"","",,"","","","",,"",,"","","",6
23875367,238753671,1,I,20230923,20240519,20240519,20240519,DIR,703551,"",FDA-CTU,"",73,YR,"",F,N,139.05,KG,20240519,N,CN,US,"",238753671,DS,Constipation,"",1,PS,OZEMPIC,SEMAGLUTIDE,1,Other,"OTHER QUANTITY : .25 Injection(s)?OTHER FREQUENCY : Once a week?OTHER ROUTE : Injection into stomach, arm,thigh;?",,"",N,D,NZF5S92,20250331,99,,"","",999,4
23875390,238753903,3,F,20240501,20240520,20240520,20240522,PER,"",US-PFIZER INC-202400130371,PFIZER,"",65,YR,"",F,Y,68.04,KG,20240522,"",CN,US,US,,,COVID-19,"",5,C,OZEMPIC,SEMAGLUTIDE,1,"","2 mg, weekly (once per week)",,"","","","",,"",2,MG,"",/WK,
23875414,238754141,1,I,20231104,20240515,20240520,20240520,DIR,FDA-CDER-CTU-2024-36146,"",FDA-CTU,"",57,YR,"",M,N,,"",20240515,N,PH,US,"",238754141,HO,Impaired gastric emptying,"",1,PS,SEMAGLUTIDE,SEMAGLUTIDE,1,"","",,"","",D,"",,"",,"","","",3
23875479,238754791,1,I,20240515,20240519,20240519,20240519,DIR,703547,"",FDA-CTU,"",62,YR,"",F,N,82.35,KG,20240519,N,CN,US,"",,,Musculoskeletal stiffness,"",1,PS,WEGOVY,SEMAGLUTIDE,1,Other,OTHER QUANTITY : 1 Injection(s)?OTHER FREQUENCY : Once a week?OTHER ROUTE : Injection in abdominal area?,,"","","",NZF6A26,20250228,"",,"","",999,
23876383,238763832,2,F,,20240520,20240520,20240523,PER,"","US-B.I. Pharmaceuticals,Inc./Ridgefield-2024-BI-028757",BOEHRINGER INGELHEIM,"",,"","",F,Y,,"",20240524,"",CN,US,US,,,Blood glucose abnormal,"",3,C,OZEMPIC,SEMAGLUTIDE,1,"","",,"","","","",,"",,"","","",
23876435,238764352,2,F,,20240611,20240521,20240619,EXP,"",US-MALLINCKRODT-MNK202403196,MALLINCKRODT,"",,"","",M,Y,,"",20240619,"",CN,US,US,238764352,OT,Weight decreased,"",3,C,RYBELSUS,SEMAGLUTIDE,1,"","",,"","","","",,"",3,MG,"","",7
23876466,238764661,1,I,20240516,20240516,20240521,20240521,PER,"",US-TRAVERE-2024TVT00494,TRAVERE THERAPEUTICS,"",49,YR,A,M,Y,,"",20240521,"",CN,US,US,,,Nasal congestion,"",2,C,OZEMPIC,SEMAGLUTIDE,1,"","",,"","","","",,"",,"","","",
23876657,238766571,1,I,,20240510,20240521,20240521,EXP,"",US-NOVOPROD-1223004,NOVO NORDISK,"",,"",A,M,Y,,"",20240521,"",CN,US,US,238766571,DS,Off label use,"",1,PS,OZEMPIC,SEMAGLUTIDE,1,Subcutaneous,"1 mg, qw",,"",U,"",NP5G161,,209637,1,MG,Solution for injection,/WK,4
23876659,238766592,2,F,20230822,20240606,20240521,20240617,EXP,"",US-NOVOPROD-1222387,NOVO NORDISK,"",63,YR,"",F,Y,116.1,KG,20240617,"",HP,US,US,238766592,OT,Hip surgery,"",1,PS,OZEMPIC,SEMAGLUTIDE,1,Subcutaneous,"0.5 mg, qw",53.875,MG,Y,"","",,209637,0.5,MG,Solution for injection,/WK,7
23876662,238766621,1,I,20240101,20240510,20240521,20240521,EXP,"",US-NOVOPROD-1222354,NOVO NORDISK,"",69,YR,"",F,Y,,"",20240521,"",CN,US,US,238766621,OT,Cataract operation,"",1,PS,OZEMPIC,SEMAGLUTIDE,1,Subcutaneous,"0.5 mg, qw",,"",N,"",NZF8E78,,209637,0.5,MG,Solution for injection,/WK,7
23876663,238766631,1,I,,20240510,20240521,20240521,EXP,"",US-NOVOPROD-1221649,NOVO NORDISK,"",,"","",F,Y,,"",20240521,"",PH,US,US,238766631,OT,Pancreatic failure,"",1,PS,OZEMPIC,SEMAGLUTIDE,1,Subcutaneous,0.5 mg,,"",U,"","",,209637,0.5,MG,Solution for injection,"",7
23876675,238766751,1,I,20240426,20240510,20240521,20240521,EXP,"",US-NOVOPROD-1221119,NOVO NORDISK,"",71,YR,"",F,Y,,"",20240521,"",CN,US,US,238766751,OT,Cataract operation,"",1,PS,OZEMPIC,SEMAGLUTIDE,1,Subcutaneous,UNK,,"",U,"",PZF8M47,,209637,,"",Solution for injection,"",7
23877044,238770441,1,I,20231201,20231221,20240521,20240521,PER,"",US-CIPLA LTD.-2023US08559,CIPLA,"",,"","","",Y,,"",20240521,"",CN,US,US,,,Device issue,"",2,C,RYBELSUS,SEMAGLUTIDE,1,Unknown,"7 milligram, qd (once a day)",,"",D,"","",,"",7,MG,"",QD,
23877203,238772032,2,F,20240505,20240528,20240521,20240530,PER,"",US-AMGEN-USASP2024097387,AMGEN,"",82,YR,E,F,Y,,"",20240530,"",CN,US,US,,,Wrong technique in product usage process,"",4,C,OZEMPIC,SEMAGLUTIDE,1,"","",,"","","","",,"",,"","","",
23878359,238783591,1,I,20240510,20240520,20240520,20240520,DIR,703585,"",FDA-CTU,"",62,YR,"",M,N,,"",20240520,Y,PH,US,"",,,Inappropriate schedule of product administration,"",1,PS,OZEMPIC,SEMAGLUTIDE,1,"","",,"",Y,N,"",,"",,"","","",
23878415,238784152,2,F,20240414,20240531,20240521,20240604,EXP,"","US-REGENERON PHARMACEUTICALS, INC.-2024-073703",REGENERON,"",,"","",M,Y,,"",20240604,"",MD,US,US,238784152,DS,Endophthalmitis,"",4,C,OZEMPIC,SEMAGLUTIDE,1,"","",,"",U,"","",,"",,"","","",4
23878442,238784421,1,I,20240516,20240520,20240520,20240520,DIR,703573,"",FDA-CTU,"",70,YR,"",M,N,99,KG,20240520,N,CN,US,"",,,Herpes zoster,"",1,PS,OZEMPIC,SEMAGLUTIDE,1,"",ONCE WEEKLY ?,,"","","",00301694181137,20251031,"",,"","",999,
23878657,238786571,1,I,,20240520,20240520,20240520,DIR,703613,"",FDA-CTU,"",63,YR,"",F,N,87.75,KG,20240520,N,CN,US,"",238786571,OT,Asthenia,"",1,PS,OZEMPIC,SEMAGLUTIDE,1,Subcutaneous,Frequency : Weekly;?,,"",Y,D,"",,99,,"","",QW,7
23878658,238786582,2,F,,20240604,20240521,20240613,EXP,"",US-ARGENX-2024-ARGX-US003296,ARGENX BVBA,"",,"","","",Y,,"",20240613,"",CN,US,US,238786582,OT,Knee arthroplasty,"",2,SS,OZEMPIC,SEMAGLUTIDE,1,Unknown,UNK,,"",U,U,"",,"",,"","","",7
23879099,238790991,1,I,20231211,20231213,20240521,20240521,PER,"",US-DENDREON PHARMACEUTICAL LLC-2023DEN000311,DENDREON,"",,"","","",Y,,"",20240521,"",HP,US,US,,,Infusion related reaction,"",8,C,OZEMPIC,SEMAGLUTIDE,1,Unknown,"UNK, Unknown",,"","","","",,"",,"","","",
23879169,238791691,1,I,20230508,20230509,20240521,20240521,PER,"",US-DENDREON PHARMACEUTICAL LLC-2023DEN000125,DENDREON,"",,"","","",Y,,"",20240521,"","",US,US,,,Infusion site infection,"",6,C,OZEMPIC,SEMAGLUTIDE,1,Unknown,"UNK, Unknown",,"","","","",,"",,"","","",
23879269,238792691,1,I,20240109,20240119,20240521,20240521,PER,"",US-DENDREON PHARMACEUTICAL LLC-2024DEN000010,DENDREON,"",,"","","",Y,,"",20240521,"",HP,US,US,238792691,HO,Complication associated with device,"",5,C,OZEMPIC,SEMAGLUTIDE,1,Unknown,"UNK, Unknown",,"","","","",,"",,"","","",3
23879319,238793191,1,I,20240506,20240509,20240521,20240521,PER,"",US-FreseniusKabi-FK202407583,FRESENIUS KABI,"",72,YR,E,M,Y,92,KG,20240521,"",HP,US,US,238793191,OT,Drug ineffective,"",19,C,"Semaglutide, 0.25 or 0.5MG/DOS, 2 MG/3ML solution pen-injector","",2,"","0.25 or 0.5MG/DOS, 2 MG/3ML solution pen-injector",,"","","","",,"",,"","","",7
23879554,238795541,1,I,20240501,20240520,20240520,20240520,DIR,703630,"",FDA-CTU,"",58,YR,"",F,N,85.5,KG,20240520,N,CN,US,"",,,Anxiety,"",1,PS,OZEMPIC,SEMAGLUTIDE,1,Subcutaneous,OTHER QUANTITY : 1 Injection(s);?OTHER FREQUENCY : weekly;?,,"",Y,D,"",20250531,"",,"","",999,
23879723,238797231,1,I,,20240212,20240521,20240521,PER,"",US-ASTELLAS-2024US005116,ASTELLAS,"",51,YR,"",F,Y,,"",20240521,"",CN,US,US,,,Nausea,"",2,C,OZEMPIC,SEMAGLUTIDE,1,Unknown,"UNK UNK, unknown freq.",,"","","","",,"",,"",Formulation unknown,"",
23880227,238802271,1,I,,20240521,20240521,20240521,DIR,703701,"",FDA-CTU,"",58,YR,"",F,N,63,KG,20240521,N,CN,US,"",238802271,OT,Cholelithiasis,"",1,PS,RYBELSUS,SEMAGLUTIDE,1,Oral,OTHER QUANTITY : 1 Tablet(s);?,,"","",D,"",,99,,"","","",7
23880286,238802861,1,I,20230101,20240517,20240521,20240521,EXP,"",US-SANDOZ INC.-SDZ2024US050558,SANDOZ,"",,"","",F,Y,70.75,KG,20240521,"",CN,US,US,,,Intermenstrual bleeding,"",3,C,WEGOVY,SEMAGLUTIDE,1,Unknown,"1.7 mg, QW",,"","","","",,"",1.7,MG,Injection,/WK,
23880608,238806081,1,I,20230101,20240102,20240521,20240521,PER,"",US-HORIZON THERAPEUTICS-HZN-2024-000001,HORIZON THERAPEUTICS,"",,"","","",Y,,"",20240521,"",CN,US,US,,,Anxiety,"",9,C,OZEMPIC,SEMAGLUTIDE,1,Unknown,UNK,,"","","","",,"",,"","","",
23880618,238806181,1,I,,20240429,20240521,20240521,PER,"",US-JNJFOC-20240505332,JOHNSON AND JOHNSON,"",,"","","",Y,,"",20240521,"",CN,US,US,,,Hepatic enzyme increased,"",17,C,OZEMPIC,SEMAGLUTIDE,1,Unknown,"",,"","","","",,"",,"",Unknown,"",
23880891,238808911,1,I,,20230804,20240521,20240521,EXP,"",US-NOVOPROD-1218882,NOVO NORDISK,"",,"","","",Y,,"",20240521,"",CN,US,US,238808911,DS,Disability,"",1,PS,OZEMPIC,SEMAGLUTIDE,1,Subcutaneous,UNK,,"",U,"","",,209637,,"",Solution for injection,"",4
23880892,238808921,1,I,,20230731,20240521,20240521,EXP,"",US-NOVOPROD-1203151,NOVO NORDISK,"",,"","",M,Y,,"",20240521,"",CN,US,US,238808921,DS,Wheelchair user,"",1,PS,OZEMPIC,SEMAGLUTIDE,1,Subcutaneous,0.5 mg,,"",U,"",NZF5X57,,209637,,"",Solution for injection,"",4
23880893,238808931,1,I,20230425,20230726,20240521,20240521,EXP,"",US-NOVOPROD-1098808,NOVO NORDISK,"",,"","",M,Y,,"",20240521,"",CN,US,US,238808931,OT,Cerebrovascular accident,"",1,PS,OZEMPIC,SEMAGLUTIDE,1,"","",,"",U,"","",,209637,,"",Solution for injection,"",7
23880896,238808961,1,I,,20230726,20240521,20240521,EXP,"",US-NOVOPROD-1206285,NOVO NORDISK,"",74,YR,"",F,Y,,"",20240521,"",CN,US,US,238808961,OT,Surgery,"",1,PS,OZEMPIC,SEMAGLUTIDE,1,"","",,"",U,"","",,209637,,"",Solution for injection,"",7
23880909,238809091,1,I,,20231005,20240521,20240521,EXP,"",US-NOVOPROD-1206084,NOVO NORDISK,"",,"","","",Y,,"",20240521,"",CN,US,US,238809091,OT,Pancreatic carcinoma,"",1,PS,OZEMPIC,SEMAGLUTIDE,1,Subcutaneous,UNK,,"",U,"","",,209637,,"",Solution for injection,"",7
23881612,238816121,1,I,,20240510,20240521,20240521,PER,"",US-SA-2024SA148435,SANOFI AVENTIS,"",,"",A,F,Y,63.5,KG,20240521,"",MD,US,US,,,Hypersensitivity,"",6,C,RYBELSUS,SEMAGLUTIDE,1,"",UNK,,"",U,"","",,"",,"","","",
23881652,238816522,2,F,20240508,20240529,20240521,20240607,PER,"",US-SA-2024SA152154,SANOFI AVENTIS,"",57,YR,A,F,Y,79.37,KG,20240607,"",MD,US,US,,,Inappropriate schedule of product administration,"",13,C,OZEMPIC,SEMAGLUTIDE,1,"","",,"",U,"","",,"",,"","","",
23882419,238824193,3,F,,20240605,20240522,20240613,EXP,"",US-NOVOPROD-1221975,NOVO NORDISK,"",,"",E,M,Y,,"",20240614,"",CN,US,US,238824193,HO,Illness,"",1,PS,OZEMPIC,SEMAGLUTIDE,1,Subcutaneous,0.25 mg,,"","","","",,209637,,"",Solution for injection,"",3
23882421,238824211,1,I,,20240510,20240522,20240522,EXP,"",US-NOVOPROD-1222005,NOVO NORDISK,"",63,YR,"","",Y,,"",20240522,"",LW,US,US,238824211,HO,Colitis ischaemic,"",1,PS,WEGOVY,SEMAGLUTIDE,1,Subcutaneous,UNK,,"","","","",,215256,,"",Solution for injection,"",3
23882450,238824501,1,I,20240401,20240513,20240522,20240522,EXP,"",US-NOVOPROD-1223059,NOVO NORDISK,"",67,YR,"",M,Y,,"",20240522,"",CN,US,US,238824501,OT,Nausea,"",1,PS,OZEMPIC,SEMAGLUTIDE,1,Subcutaneous,UNK,,"",U,"","",,209637,,"",Solution for injection,"",7
23882451,238824511,1,I,,20240513,20240522,20240522,EXP,"",US-NOVOPROD-1222908,NOVO NORDISK,"",,"","",F,Y,,"",20240522,"",MD,US,US,238824511,OT,Gallbladder operation,"",1,PS,WEGOVY,SEMAGLUTIDE,1,Subcutaneous,2.4 mg,,"","","","",,215256,2.4,MG,Solution for injection,"",7
23882454,238824541,1,I,,20240513,20240522,20240522,EXP,"",US-NOVOPROD-1222970,NOVO NORDISK,"",,"",E,F,Y,,"",20240522,"",CN,US,US,238824541,HO,Accident,"",1,PS,OZEMPIC,SEMAGLUTIDE,1,Subcutaneous,Unk,,"","","","",,209637,,"",Solution for injection,"",3
23882455,238824551,1,I,,20240513,20240522,20240522,EXP,"",US-NOVOPROD-1223232,NOVO NORDISK,"",70,YR,"",F,Y,,"",20240522,"",CN,US,US,238824551,HO,Vision correction operation,"",1,PS,OZEMPIC,SEMAGLUTIDE,1,Subcutaneous,0.5 mg,,"","","",NZF8H27,,209637,,"",Solution for injection,"",3
23883339,238833392,2,F,20240511,20240524,20240522,20240530,PER,"",US-ELI_LILLY_AND_COMPANY-US202405012213,ELI LILLY AND CO,"",60,YR,A,M,Y,,"",20240530,"",CN,US,US,,,Skin discomfort,"",12,C,OZEMPIC,SEMAGLUTIDE,1,Unknown,"2 mg, unknown",,"",N,"","",,"",2,MG,"","",
23883776,238837761,1,I,20240515,20240516,20240522,20240522,PER,"",US-AMGEN-USASP2024097843,AMGEN,"",48,YR,A,F,Y,,"",20240522,"",CN,US,US,,,Drug dose omission by device,"",4,C,OZEMPIC,SEMAGLUTIDE,1,"","",,"","","","",,"",,"","","",
23883837,238838371,1,I,20231101,20240515,20240522,20240522,EXP,"",US-SANDOZ INC.-SDZ2024US039932,SANDOZ,"",28,YR,"",M,Y,136.05,KG,20240522,"",CN,US,US,238838371,HO,Musculoskeletal discomfort,"",7,SS,OZEMPIC,SEMAGLUTIDE,1,Unknown,UNK,,"",U,"","",,"",,"","","",3
23884147,238841471,1,I,20230823,20240521,20240521,20240521,DIR,703794,"",FDA-CTU,"",75,YR,"",F,N,80.1,KG,20240521,N,CN,US,"",238841471,OT,Perirectal abscess,"",2,C,RYBELSUS,SEMAGLUTIDE,1,"","",,"","","","",,"",,"","","",7
23884205,238842051,1,I,20240521,20240521,20240521,20240521,DIR,703762,"",FDA-CTU,"",32,YR,"",F,N,157.5,KG,20240521,"",CN,US,"",238842051,LT,Product communication issue,"",1,PS,SEMAGLUTIDE,SEMAGLUTIDE,1,"","",,"",Y,Y,"",,99,,"","","",2
23884207,238842071,1,I,20240401,20240516,20240522,20240522,EXP,"",US-INCYTE CORPORATION-2024IN005262,INCYTE,"",,"","","",Y,,"",20240522,"",CN,US,US,238842071,OT,Fatigue,"",9,C,RYBELSUS,SEMAGLUTIDE,1,Unknown,"",,"","","","",,"",,"","","",7
23884209,238842091,1,I,20240501,20240521,20240521,20240521,DIR,703810,"",FDA-CTU,"",52,YR,"",F,N,96.75,KG,20240521,Y,CN,US,"",238842091,HO,Pancreatitis acute,"",1,PS,WEGOVY,SEMAGLUTIDE,1,"","",,"",N,D,"",,99,,"","","",3
23884582,238845822,2,F,20240401,20240515,20240522,20240529,EXP,"","US-OPKO PHARMACEUTICALS, LLC.-2024OPK00104",OPKO HEALTH,"",59,YR,"",F,Y,103.4,KG,20240526,"",PH,US,US,238845822,HO,Hospitalisation,"",27,C,OZEMPIC,SEMAGLUTIDE,1,Subcutaneous,"0.25 mg, qw",,"","","","",,"",0.25,MG,Injection,/WK,3
23884783,238847831,1,I,20240327,20240406,20240522,20240522,DIR,FDA-CDER-CTU-2024-36657,"",FDA-CTU,"",,"","","",N,,"",20240406,N,"",US,"",,,Product preparation error,"",1,PS,SEMAGLUTIDE,SEMAGLUTIDE,1,"","",,"","","","",,"",,"","","",
23884845,238848451,1,I,20240201,20240513,20240522,20240522,EXP,"",US-NOVOPROD-1222086,NOVO NORDISK,"",64,YR,"",F,Y,,"",20240522,"",CN,US,US,238848451,HO,Pain in extremity,"",1,PS,WEGOVY,SEMAGLUTIDE,1,Subcutaneous,"1.7 mg, qw",,"",D,"","",,215256,1.7,MG,Solution for injection,/WK,3
23885388,238853881,1,I,20240521,20240521,20240521,20240521,DIR,FDA-CDER-CTU-2024-36727,"",FDA-CTU,"",61,YR,"",M,N,,"",20240521,N,PH,US,"",238853881,OT,Nausea,"",1,PS,OZEMPIC,SEMAGLUTIDE,1,"","",,"","","","",,"",,"","","",7
23885745,238857451,1,I,20240506,20240522,20240522,20240522,DIR,703851,"",FDA-CTU,"",51,YR,"",F,N,61.65,KG,20240522,N,CN,US,"",238857451,RI,Pruritus,"",6,C,OZEMPIC,SEMAGLUTIDE,1,"","",,"","","","",,"",,"","","",6
23885839,238858391,1,I,20240402,20240522,20240522,20240522,DIR,703867,"",FDA-CTU,"",45,YR,"",M,N,85.5,KG,20240522,Y,CN,US,"",238858391,LT,Thrombosis,"",1,PS,WEGOVY,SEMAGLUTIDE,1,"","",,"","",D,"",,"",,"","","",2
23885841,238858411,1,I,20240519,20240522,20240522,20240522,DIR,703869,"",FDA-CTU,"",65,YR,"",M,N,100.8,KG,20240522,N,CN,US,"",238858411,DS,Constipation,"",1,PS,RYBELSUS,SEMAGLUTIDE,1,Oral,1 TABLET(S) ORAL,,"",Y,D,"",,"",,"","","",4
23886291,238862911,1,I,,20230506,20240522,20240522,EXP,"",US-NOVOPROD-1212628,NOVO NORDISK,"",,"","","",Y,,"",20240522,"",CN,US,US,238862911,OT,Multiple sclerosis relapse,"",1,PS,OZEMPIC,SEMAGLUTIDE,1,Subcutaneous,UNK,,"",U,"","",,209637,,"",Solution for injection,"",7
23886293,238862931,1,I,,20230920,20240522,20240522,EXP,"",US-NOVOPROD-1219087,NOVO NORDISK,"",,"","",M,Y,,"",20240522,"",CN,US,US,238862931,DS,Craniocerebral injury,"",1,PS,OZEMPIC,SEMAGLUTIDE,1,Subcutaneous,0.5 mg,,"",U,"",NZF6670,,209637,0.5,MG,Solution for injection,"",4
23886295,238862952,2,F,,20240529,20240522,20240605,EXP,"",US-NOVOPROD-1095989,NOVO NORDISK,"",,"","",M,Y,,"",20240605,"",CN,US,US,238862952,DS,Disability,"",1,PS,OZEMPIC,SEMAGLUTIDE,1,Subcutaneous,"1 mg, qw",,"",U,"",NP5G223,,209637,1,MG,Solution for injection,/WK,4
23886296,238862961,1,I,20210101,20230713,20240522,20240522,EXP,"",US-NOVOPROD-1218198,NOVO NORDISK,"",,"","",F,Y,,"",20240522,"",CN,US,US,238862961,DS,Coronary artery bypass,"",1,PS,WEGOVY,SEMAGLUTIDE,1,Subcutaneous,1.7 mg,,"",U,"","",,215256,,"",Solution for injection,"",4
23886298,238862982,2,F,,20230918,20240522,20240619,EXP,"",US-NOVOPROD-1209286,NOVO NORDISK,"",,"","",M,Y,,"",20240620,"",CN,US,US,238862982,DS,Dementia Alzheimer's type,"",1,PS,OZEMPIC,SEMAGLUTIDE,1,Subcutaneous,0.5mg,,"",U,"",NZF6E61,,209637,,"",Solution for injection,"",4
23886300,238863001,1,I,,20230811,20240522,20240522,EXP,"",US-NOVOPROD-1207673,NOVO NORDISK,"",,"","","",Y,,"",20240522,"",CN,US,US,238863001,OT,Feeling abnormal,"",1,PS,OZEMPIC,SEMAGLUTIDE,1,Subcutaneous,2 mg,,"",U,"","",,209637,,"",Solution for injection,"",7
23886301,238863011,1,I,,20230810,20240522,20240522,EXP,"",US-NOVOPROD-1191194,NOVO NORDISK,"",,"","","",Y,,"",20240522,"",CN,US,US,238863011,OT,Back pain,"",1,PS,OZEMPIC,SEMAGLUTIDE,1,Subcutaneous,UNK,,"",U,"","",,209637,,"",Solution for injection,"",7
23886302,238863021,1,I,,20231010,20240522,20240522,EXP,"",US-NOVOPROD-1190185,NOVO NORDISK,"",,"","",F,Y,,"",20240522,"",CN,US,US,238863021,OT,Wrong technique in product usage process,"",1,PS,OZEMPIC,SEMAGLUTIDE,1,"","",,"",U,"","",,209637,,"",Solution for injection,"",7
23886396,238863962,2,F,,20240610,20240522,20240628,PER,"",US-BEH-2024172014,CSL BEHRING,"",51,YR,A,F,Y,,"",20240628,"",CN,US,US,,,Sinusitis,"",26,C,OZEMPIC,SEMAGLUTIDE,1,"","",,"","","","",,"",,"","","",
23886981,238869811,1,I,20230901,20240514,20240523,20240523,EXP,"",US-NOVOPROD-1222982,NOVO NORDISK,"",,"",E,F,Y,,"",20240523,"",MD,US,US,238869811,OT,Papillary thyroid cancer,"",1,PS,OZEMPIC,SEMAGLUTIDE,1,Subcutaneous,1 mg,,"",N,"","",,209637,1,MG,Solution for injection,"",7
23886987,238869871,1,I,,20240514,20240523,20240523,EXP,"",US-NOVOPROD-1224474,NOVO NORDISK,"",60,YR,"",M,Y,,"",20240523,"",MD,US,US,238869871,DE,Impaired gastric emptying,"",1,PS,OZEMPIC,SEMAGLUTIDE,1,Subcutaneous,"0.5 mg, qw",,"","","","",,209637,0.5,MG,Solution for injection,/WK,1
23886989,238869891,1,I,20240428,20240514,20240523,20240523,EXP,"",US-NOVOPROD-1222622,NOVO NORDISK,"",37,YR,"",F,Y,,"",20240523,"",CN,US,US,238869891,OT,Suicidal ideation,"",1,PS,WEGOVY,SEMAGLUTIDE,1,Subcutaneous,"0.25 mg, qw",,"",N,"","",,215256,0.25,MG,Solution for injection,/WK,7
23886992,238869921,1,I,20240503,20240514,20240523,20240523,EXP,"",US-NOVOPROD-1224104,NOVO NORDISK,"",79,YR,"",F,Y,,"",20240523,"",CN,US,US,238869921,HO,Condition aggravated,"",1,PS,OZEMPIC,SEMAGLUTIDE,1,"","",,"",U,"","",,209637,,"",Solution for injection,"",3
23886997,238869971,1,I,20240411,20240514,20240523,20240523,EXP,"",US-NOVOPROD-1222531,NOVO NORDISK,"",,"","",F,Y,,"",20240523,"",CN,US,US,238869971,HO,Visual impairment,"",1,PS,WEGOVY,SEMAGLUTIDE,1,Subcutaneous,1.7 mg,,"","","",NZF7C21,,215256,,"",Solution for injection,"",3
23886999,238869992,2,F,,20240618,20240523,20240627,EXP,"",US-NOVOPROD-1223320,NOVO NORDISK,"",62,YR,"",M,Y,,"",20240627,"",CN,US,US,238869992,OT,Intervertebral disc compression,"",1,PS,OZEMPIC,SEMAGLUTIDE,1,Subcutaneous,1 mg,,"",U,"",NAR0344,,209637,1,MG,Solution for injection,"",7
23887009,238870091,1,I,,20240515,20240523,20240523,EXP,"",US-NOVOPROD-1223193,NOVO NORDISK,"",,"","",F,Y,,"",20240523,"",HP,US,US,238870091,HO,Large intestine infection,"",1,PS,WEGOVY,SEMAGLUTIDE,1,Subcutaneous,2.4 mg,,"",Y,"","",,215256,,"",Solution for injection,"",3
23887683,238876831,1,I,,20240517,20240523,20240523,EXP,"",US-SANDOZ INC.-SDZ2024US050560,SANDOZ,"",,"","",F,Y,70.75,KG,20240523,"",CN,US,US,,,Application site paraesthesia,"",3,C,WEGOVY,SEMAGLUTIDE,1,Unknown,"1.7 mg, QW",,"","","","",,"",1.7,MG,Injection,/WK,
23887728,238877281,1,I,20240513,20240517,20240523,20240523,PER,"",US-AMGEN-USASP2024099084,AMGEN,"",69,YR,E,F,Y,,"",20240523,"",HP,US,US,,,Blood glucose fluctuation,"",4,C,OZEMPIC,SEMAGLUTIDE,1,Unknown,2 milligram,,"","","","",,"",2,MG,"","",
23888339,238883391,1,I,,20240520,20240523,20240523,PER,"",US-ELI_LILLY_AND_COMPANY-US202405011548,ELI LILLY AND CO,"",67,YR,E,F,Y,,"",20240523,"",CN,US,US,,,Neuropathy peripheral,"",6,C,OZEMPIC,SEMAGLUTIDE,1,"","",,"","","","",,"",,"","","",
23888853,238888531,1,I,20230520,20240522,20240522,20240522,DIR,703939,"",FDA-CTU,"",32,YR,"",F,N,,"",20240522,"",CN,US,"",,,Sunburn,"",1,PS,WEGOVY,SEMAGLUTIDE,1,"","",,"","","","",,"",,"","","",
23889137,238891371,1,I,20240517,20240517,20240523,20240523,EXP,"",US-JNJFOC-20240551780,JOHNSON AND JOHNSON,"",78,YR,E,F,Y,,"",20240523,"",MD,US,US,238891371,HO,Hospitalisation,"",17,C,OZEMPIC,SEMAGLUTIDE,1,Unknown,"",,"","","","",,"",,"",Unknown,"",3
23889285,238892851,1,I,20240309,20240523,20240523,20240523,DIR,704019,"",FDA-CTU,"",44,YR,"",UNK,N,83.9,KG,20240523,Y,PH,US,"",238892851,HO,Balance disorder,"",1,PS,SEMAGLUTIDE,SEMAGLUTIDE,1,Subcutaneous,OTHER FREQUENCY : once a week;?,,"",Y,N,"",,"",2,MG,"",999,3
23890012,238900121,1,I,20170101,20240514,20240523,20240523,PER,"",US-SA-2024SA150835,SANOFI AVENTIS,"",28,YR,A,F,Y,112.4,KG,20240523,"",MD,US,US,,,Injection site pain,"",7,C,OZEMPIC,SEMAGLUTIDE,1,"",UNK,,"",U,"","",,"",,"","","",
23890031,238900311,1,I,20240502,20240514,20240523,20240523,PER,"",US-SA-2024SA152010,SANOFI AVENTIS,"",60,YR,A,F,Y,77.24,KG,20240523,"",MD,US,US,,,Dermatitis atopic,"",7,C,OZEMPIC,SEMAGLUTIDE,1,"","",,"",U,"","",,"",,"","","",
23890043,238900431,1,I,,20240513,20240523,20240523,PER,"",US-SA-2024SA150412,SANOFI AVENTIS,"",,"",E,M,Y,111.13,KG,20240523,"",MD,US,US,,,Seasonal allergy,"",4,C,WEGOVY,SEMAGLUTIDE,1,"","",,"",U,"","",,"",,"","","",
23890112,238901121,1,I,20240220,20240517,20240523,20240523,PER,"",US-SA-2024SA154299,SANOFI AVENTIS,"",79,YR,E,M,Y,109.75,KG,20240523,"",MD,US,US,238901121,OT,Cardiac operation,"",5,C,OZEMPIC,SEMAGLUTIDE,1,"","UNK, 1/0.75",,"",U,"","",,"",,"","","",7
23890580,238905801,1,I,,20240523,20240523,20240523,DIR,704024,"",FDA-CTU,"",,"","",UNK,N,,"",20240523,N,"",US,"",,,Constipation,"",2,SS,WEGOVY,SEMAGLUTIDE,1,"","",,"","","","",,"",,"","","",
23890764,238907641,1,I,,20240506,20240523,20240523,PER,"",US-TPU-TPU-2024-00184,TEIKOKU,"",,"","",F,Y,,"",20240523,"",CN,US,US,,,Wrong technique in product usage process,"",6,C,WEGOVY,SEMAGLUTIDE,1,"",2.4 mg/0.75 ml,,"","","","",,"",,"",Injection,/WK,
23890816,238908161,1,I,,20230713,20240523,20240523,EXP,"",US-NOVOPROD-1206894,NOVO NORDISK,"",,"","",F,Y,,"",20240523,"",CN,US,US,238908161,OT,Cardiac disorder,"",1,PS,OZEMPIC,SEMAGLUTIDE,1,Subcutaneous,UNK,,"",U,"",NZF5R30,,209637,,"",Solution for injection,"",7
23890818,238908181,1,I,,20230725,20240523,20240523,EXP,"",US-NOVOPROD-1208240,NOVO NORDISK,"",,"","",F,Y,,"",20240523,"",CN,US,US,238908181,DS,Wrist fracture,"",1,PS,OZEMPIC,SEMAGLUTIDE,1,Subcutaneous,0.5 mg weekly,,"",U,"",NZF5X57,,209637,0.5,MG,Solution for injection,/WK,4
23890821,238908211,1,I,,20231009,20240523,20240523,EXP,"",US-NOVOPROD-1206676,NOVO NORDISK,"",,"","","",Y,,"",20240523,"",CN,US,US,238908211,OT,Pneumonia,"",1,PS,OZEMPIC,SEMAGLUTIDE,1,Subcutaneous,UNK,,"",Y,"","",,209637,,"",Solution for injection,"",7
23890931,238909311,1,I,,20240318,20240523,20240523,PER,"",US-BIOCON BIOLOGICS LIMITED-BBL2024000711,BIOCON,"",,"","","",Y,,"",20240523,"",CN,US,US,,,Device mechanical issue,"",3,C,OZEMPIC,SEMAGLUTIDE,1,Unknown,UNK,,"","","","",,"",,"",Unknown,"",
23891124,238911241,1,I,,20240520,20240523,20240523,EXP,"",US-LUNDBECK-DKLU3078326,LUNDBECK,"",45,YR,"",F,Y,68.04,KG,20240523,"",HP,US,US,238911241,HO,Blood glucose increased,"",5,C,OZEMPIC,SEMAGLUTIDE,1,Subcutaneous,"",,"","","",Unknown,,"",,"",Injection,"",3
23891387,238913871,1,I,20240314,20240315,20240523,20240523,PER,"",US-BIOCON BIOLOGICS LIMITED-BBL2024001742,BIOCON,"",,"","","",Y,,"",20240524,"",CN,US,US,,,Product packaging quantity issue,"",3,C,OZEMPIC,SEMAGLUTIDE,1,Unknown,UNK,,"","","","",,"",,"",Unknown,"",
23891408,238914081,1,I,,20240516,20240523,20240523,PER,"",US-SA-2024SA153385,SANOFI AVENTIS,"",,"","",M,Y,,"",20240524,"",CN,US,US,,,Blood glucose decreased,"",2,C,OZEMPIC,SEMAGLUTIDE,1,"",UNK,,"",U,"","",,"",,"","","",
23891614,238916141,1,I,20240101,20240520,20240524,20240524,PER,"",US-SA-2024SA154944,SANOFI AVENTIS,"",80,YR,E,M,Y,,"",20240524,"",MD,US,US,,,Constipation,"",3,SS,OZEMPIC,SEMAGLUTIDE,1,"",UNK,,"",U,"","",,"",,"","","",
23891630,238916301,1,I,20240429,20240515,20240524,20240524,PER,"",US-SA-2024SA150471,SANOFI AVENTIS,"",50,YR,A,F,Y,,"",20240524,"",MD,US,US,,,Paranasal sinus discomfort,"",4,C,WEGOVY,SEMAGLUTIDE,1,"",UNK,,"",U,"","",,"",,"","","",
23891780,238917801,1,I,20240401,20240516,20240524,20240524,EXP,"",US-NOVOPROD-1224764,NOVO NORDISK,"",,"",A,F,Y,,"",20240524,"",CN,US,US,238917801,OT,Product communication issue,"",1,PS,OZEMPIC,SEMAGLUTIDE,1,Subcutaneous,0.25 mg,,"","","",nzf8e70,,209637,0.25,MG,Solution for injection,"",7
23891783,238917831,1,I,,20240516,20240524,20240524,EXP,"",US-NOVOPROD-1225584,NOVO NORDISK,"",,"",A,M,Y,,"",20240524,"",CN,US,US,238917831,HO,Nausea,"",1,PS,OZEMPIC,SEMAGLUTIDE,1,Subcutaneous,"0.5 mg, qw",,"",U,"","",,209637,0.5,MG,Solution for injection,/WK,3
23891785,238917851,1,I,20240506,20240515,20240524,20240524,EXP,"",US-NOVOPROD-1224992,NOVO NORDISK,"",74,YR,"","",Y,,"",20240524,"",CN,US,US,238917851,HO,Surgery,"",1,PS,OZEMPIC,SEMAGLUTIDE,1,Subcutaneous,UNK,,"",N,"","",,209637,,"",Solution for injection,"",3
23891868,238918681,1,I,,20240501,20240524,20240524,PER,"",US-BIOCON BIOLOGICS LIMITED-BBL2024002021,BIOCON,"",,"","","",Y,,"",20240524,"",CN,US,US,,,Device breakage,"",3,C,OZEMPIC,SEMAGLUTIDE,1,Unknown,"UNK, UNK",,"","","","",,"",,"",Unknown,"",
23891875,238918751,1,I,,20240402,20240524,20240524,PER,"",US-BIOCON BIOLOGICS LIMITED-BBL2024002174,BIOCON,"",,"","","",Y,,"",20240524,"",CN,US,US,,,Device mechanical issue,"",2,SS,OZEMPIC,SEMAGLUTIDE,1,Unknown,"UNK UNK, qw",,"",U,"","",,"",,"",Unknown,"",
23891898,238918981,1,I,,20240416,20240524,20240524,PER,"",US-BIOCON BIOLOGICS LIMITED-BBL2024002682,BIOCON,"",,"","","",Y,,"",20240524,"",CN,US,US,,,Device breakage,"",5,C,OZEMPIC,SEMAGLUTIDE,1,Unknown,UNK,,"","","","",,"",,"",Unknown,"",
23891946,238919461,1,I,,20240104,20240524,20240524,EXP,"",US-ROCHE-3462475,ROCHE,"",64,YR,"",F,Y,62.107,KG,20240524,"",CN,US,"",,,Chest pain,"",6,C,OZEMPIC,SEMAGLUTIDE,1,"","",,"","","","",,"",,"","","",
23892105,238921051,1,I,,20240319,20240524,20240524,EXP,"",US-ROCHE-3530167,ROCHE,"",,"",E,F,Y,132,KG,20240524,"",HP,US,"",,,Drug ineffective,"",8,C,OZEMPIC,SEMAGLUTIDE,1,Subcutaneous,"",,"","","","",,"",2,MG,"",QD,
23892406,238924061,1,I,,20240402,20240524,20240524,PER,"",US-BIOCON BIOLOGICS LIMITED-BBL2024002274,BIOCON,"",,"","","",Y,,"",20240524,"",HP,US,US,,,Deafness,"",2,SS,SEMAGLUTIDE,SEMAGLUTIDE,1,Unknown,UNK,,"",U,"","",,"",,"",Unknown,"",
23892450,238924501,1,I,,20240422,20240524,20240524,PER,"",US-BIOCON BIOLOGICS LIMITED-BBL2024002874,BIOCON,"",,"","","",Y,,"",20240524,"",CN,US,US,,,Device defective,"",6,C,OZEMPIC,SEMAGLUTIDE,1,Unknown,UNK,,"","","","",,"",,"",Unknown,"",
23892797,238927971,1,I,,20240320,20240524,20240524,PER,"",US-BIOCON BIOLOGICS LIMITED-BBL2024001871,BIOCON,"",,"","","",Y,,"",20240524,"",CN,US,US,,,Device mechanical issue,"",6,C,RYBELSUS,SEMAGLUTIDE,1,Unknown,UNK,,"","","","",,"",,"",Unknown,"",
23893324,238933241,1,I,,20230802,20240524,20240524,EXP,"",US-ROCHE-3398832,ROCHE,"",,"",A,F,Y,,"",20240524,"",CN,US,"",,,Memory impairment,"",5,C,OZEMPIC,SEMAGLUTIDE,1,"",2 mg/3 ml,,"","","","",,"",,"","","",
23893507,238935072,2,F,20240214,20240606,20240524,20240612,EXP,"",US-UCBSA-2024012257,UCB,"",53,YR,"",F,Y,,"",20240612,"",CN,US,US,238935072,OT,Suicidal ideation,"",3,C,OZEMPIC,SEMAGLUTIDE,1,"",UNK,,"",U,"","",,"",,"","","",7
23894753,238947531,1,I,,20240522,20240524,20240524,PER,"",US-ELI_LILLY_AND_COMPANY-US202405013750,ELI LILLY AND CO,"",,"","",F,Y,,"",20240524,"",CN,US,US,,,Product tampering,"",2,C,OZEMPIC,SEMAGLUTIDE,1,Unknown,"UNK UNK, unknown",,"","","","",,"",,"","","",
23895612,238956121,1,I,20231215,20240523,20240523,20240523,DIR,704124,"",FDA-CTU,"",39,YR,"",F,N,117,KG,20240523,Y,CN,US,"",238956121,OT,Colitis ulcerative,"",1,PS,WEGOVY,SEMAGLUTIDE,1,"","",,"",N,D,"",,"",,"","","",7
23896261,238962611,1,I,20231101,20240415,20240524,20240524,EXP,"",NVSC2024US108133,NOVARTIS,"",28,YR,"",M,Y,136.05,KG,20240524,"",CN,US,US,238962611,HO,Vision blurred,"",9,SS,SEMAGLUTIDE,SEMAGLUTIDE,1,Unknown,UNK,,"",U,"","",,"",,"","","",3
23896273,238962731,1,I,20240523,20240524,20240524,20240524,DIR,704142,"",FDA-CTU,"",30,YR,"",M,N,137.25,KG,20240524,N,CN,US,"",238962731,OT,Panic attack,"",1,PS,OZEMPIC,SEMAGLUTIDE,1,Subcutaneous,OTHER QUANTITY : 4 Injection(s);?Frequency : Weekly;?,,"",Y,Y,PAR0226,20261031,"",,"","",QW,7
23896603,238966031,1,I,20240429,20240522,20240524,20240524,DIR,FDA-CDER-CTU-2024-37265,"",FDA-CTU,"",70,YR,"",M,N,116,KG,20240522,N,"",US,"",238966031,DE,Cardiac arrest,"",13,C,SEMAGLUTIDE,SEMAGLUTIDE,1,"","",,"","","","",,"",,"","","",1
23896810,238968101,1,I,20240415,20240524,20240524,20240524,DIR,FDA-CDER-CTU-2024-37427,"",FDA-CTU,"",54,YR,"",M,N,150,KG,20240524,N,HP,US,"",238968101,OT,Therapy change,"",5,C,OZEMPIC,"",1,"","",,"","","","",,"",,"","","",7
23897695,238976951,1,I,,20240129,20240524,20240524,PER,"",US-BIOCON BIOLOGICS LIMITED-BBL2024000658,BIOCON,"",,"","","",Y,,"",20240524,"",CN,US,US,,,Device breakage,"",3,C,OZEMPIC,SEMAGLUTIDE,1,Unknown,"UNK, Once a week",,"","","",UNK,,"",,"",Unknown,"",
23897751,238977511,1,I,,20230817,20240524,20240524,EXP,"",US-NOVOPROD-1192669,NOVO NORDISK,"",,"","",F,Y,,"",20240524,"",CN,US,US,238977511,OT,Cataract,"",1,PS,OZEMPIC,SEMAGLUTIDE,1,Subcutaneous,UNK,,"","","","",,209637,,"",Solution for injection,"",7
23897753,238977531,1,I,20230930,20231006,20240524,20240524,EXP,"",US-NOVOPROD-1126003,NOVO NORDISK,"",,"","",F,Y,,"",20240524,"",CN,US,US,238977531,OT,Pain,"",1,PS,OZEMPIC,SEMAGLUTIDE,1,Subcutaneous,0.5 mg,,"",U,"","",,209637,,"",Solution for injection,"",7
23897754,238977541,1,I,,20230627,20240524,20240524,EXP,"",US-NOVOPROD-1198678,NOVO NORDISK,"",,"","","",Y,,"",20240524,"",CN,US,US,238977541,OT,Inappropriate schedule of product administration,"",1,PS,OZEMPIC,SEMAGLUTIDE,1,Subcutaneous,0.5 mg,,"",U,"","",,209637,,"",Solution for injection,"",7
23897828,238978281,1,I,20230101,20240520,20240524,20240524,EXP,"",US-ABBVIE-5393136,ABBVIE,"",,"","",F,Y,102.05,KG,20240524,"",CN,US,US,238978281,OT,Bunion operation,"",10,C,OZEMPIC,SEMAGLUTIDE,1,"","",,"","","","",,"",,"","","",7
23898082,238980821,1,I,20140101,20240520,20240524,20240524,PER,"",US-SA-2024SA154972,SANOFI AVENTIS,"",79,YR,E,F,Y,,"",20240524,"",CN,US,US,,,Inappropriate schedule of product administration,"",2,C,OZEMPIC,SEMAGLUTIDE,1,"","",,"",U,"","",,"",,"","","",
23898471,238984711,1,I,,20240320,20240525,20240525,PER,"",US-BIOCON BIOLOGICS LIMITED-BBL2024001867,BIOCON,"",,"","","",Y,,"",20240525,"",PH,US,US,,,Needle issue,"",4,C,OZEMPIC,SEMAGLUTIDE,1,Unknown,UNK,,"","","","",,"",,"",Unknown,"",
23898481,238984811,1,I,,20240329,20240525,20240525,PER,"",US-BIOCON BIOLOGICS LIMITED-BBL2024001985,BIOCON,"",,"","","",Y,,"",20240525,"",CN,US,US,,,Device malfunction,"",5,C,RYBELSUS,SEMAGLUTIDE,1,Unknown,UNK,,"","","","",,"",,"",Unknown,"",
23898530,238985301,1,I,,20240402,20240525,20240525,PER,"",US-BIOCON BIOLOGICS LIMITED-BBL2024002180,BIOCON,"",,"","","",Y,,"",20240525,"",CN,US,US,,,Device mechanical issue,"",2,C,OZEMPIC,SEMAGLUTIDE,1,Unknown,UNK,,"","","","",,"",,"",Unknown,"",
23898563,238985631,1,I,,20240419,20240525,20240525,PER,"",US-BIOCON BIOLOGICS LIMITED-BBL2024002826,BIOCON,"",,"","","",Y,,"",20240525,"",CN,US,US,,,Device mechanical issue,"",3,C,OZEMPIC,SEMAGLUTIDE,1,Unknown,UNK,,"","","","",,"",,"",Unknown,"",
23898840,238988401,1,I,,20240523,20240525,20240525,PER,"","US-B.I. Pharmaceuticals,Inc./Ridgefield-2024-BI-029727",BOEHRINGER INGELHEIM,"",78,YR,E,M,Y,,"",20240525,"",CN,US,US,,,Blood glucose increased,"",3,C,OZEMPIC,SEMAGLUTIDE,1,"",0.5,,"",U,"","",,"",,"","","",
23898985,238989851,1,I,20240101,20240517,20240525,20240525,PER,"",US-SA-2024SA153290,SANOFI AVENTIS,"",56,YR,A,F,Y,,"",20240525,"",MD,US,US,,,Fatigue,"",4,C,WEGOVY,SEMAGLUTIDE,1,"","",,"",U,"","",,"",,"",Injection,"",
23899058,238990581,1,I,,20240521,20240525,20240525,PER,"",US-AstraZeneca-2024A121875,ASTRAZENECA,"",52,YR,"",M,Y,,"",20240526,"",HP,US,"",,,Blood potassium decreased,"",2,C,OZEMPIC,SEMAGLUTIDE,1,"","",,"","","","",,"",,"","","",
23899344,238993441,1,I,20240207,20240401,20240526,20240526,PER,"",US-BIOCON BIOLOGICS LIMITED-BBL2024000868,BIOCON,"",,"","","",Y,,"",20240526,"",CN,US,US,238993441,OT,Expired product administered,"",3,C,OZEMPIC,SEMAGLUTIDE,1,Unknown,UNK,,"","","","",,"",,"",Unknown,"",7
23899537,238995371,1,I,,20240404,20240526,20240526,EXP,"",US-ROCHE-3541921,ROCHE,"",,"",E,M,Y,,"",20240527,"",CN,US,"",,,Pain,"",11,C,RYBELSUS,SEMAGLUTIDE,1,"","",,"","","","",,"",14,MG,Tablet,"",
23902026,239020262,2,F,,20240604,20240526,20240613,PER,"",US-SA-2024SA156375,SANOFI AVENTIS,"",85,YR,E,F,Y,,"",20240613,"",HP,US,US,,,Blood glucose fluctuation,"",2,C,OZEMPIC,SEMAGLUTIDE,1,"",UNK,,"",U,"","",,"",,"","","",
23902544,239025441,1,I,20230101,20240515,20240527,20240527,EXP,"",US-NOVOPROD-1224772,NOVO NORDISK,"",47,YR,"",F,Y,,"",20240527,"",CN,US,US,239025441,HO,Diarrhoea,"",1,PS,WEGOVY,SEMAGLUTIDE,1,Subcutaneous,2.4 mg,,"",Y,Y,PZF8P62,,215256,2.4,MG,Solution for injection,"",3
23902549,239025493,3,F,20220806,20240613,20240527,20240625,EXP,"",US-NOVOPROD-1223006,NOVO NORDISK,"",71,YR,"",M,Y,,"",20240625,"",CN,US,US,239025493,HO,Chest discomfort,"",2,PS,RYBELSUS,SEMAGLUTIDE,1,Oral,14 mg,,"",Y,"","",,213051,,"",Tablet,"",3
23902559,239025591,1,I,,20240516,20240527,20240527,EXP,"",US-NOVOPROD-1225798,NOVO NORDISK,"",73,YR,"",F,Y,,"",20240527,"",CN,US,US,239025591,OT,Blindness,"",1,PS,OZEMPIC,SEMAGLUTIDE,1,Subcutaneous,0.5 mg,,"",U,"",NZF8J14,,209637,,"",Solution for injection,"",7
23902560,239025601,1,I,20230702,20240516,20240527,20240527,EXP,"",US-NOVOPROD-1224173,NOVO NORDISK,"",51,YR,"",M,Y,,"",20240527,"",CN,US,US,239025601,HO,Pancreatitis,"",1,PS,OZEMPIC,SEMAGLUTIDE,1,Subcutaneous,"1 mg, qw",25,MG,Y,"","",,209637,1,MG,Solution for injection,/WK,3
23902565,239025651,1,I,20220801,20240516,20240527,20240527,EXP,"",US-NOVOPROD-1225415,NOVO NORDISK,"",34,YR,"",M,Y,,"",20240527,"",CN,US,US,239025651,HO,Back pain,"",1,PS,OZEMPIC,SEMAGLUTIDE,1,Subcutaneous,0.25 mg,,"",Y,"",NZF7T43,,209637,,"",Solution for injection,"",3
23902567,239025672,2,F,20240413,20240523,20240527,20240603,EXP,"",US-NOVOPROD-1225797,NOVO NORDISK,"",75,YR,"",M,Y,,"",20240603,"",MD,US,US,239025672,HO,Malaise,"",1,PS,RYBELSUS,SEMAGLUTIDE,1,Oral,3 mg,,"",Y,"",NA41908,,213051,3,MG,Tablet,"",3
23902812,239028122,2,F,,20240523,20240527,20240528,PER,"",US-BRISTOL-MYERS SQUIBB COMPANY-2024-075498,BRISTOL MYERS SQUIBB,"",65,YR,E,F,Y,88.9,KG,20240528,"",PH,US,US,,,Injection site bruising,"",14,C,OZEMPIC,SEMAGLUTIDE,1,"","",,"",U,"","",,"",,"","","",
23903128,239031281,1,I,,20240523,20240527,20240527,PER,"",US-ELI_LILLY_AND_COMPANY-US202405014391,ELI LILLY AND CO,"",76,YR,E,M,Y,,"",20240527,"",CN,US,US,,,Diarrhoea,"",6,C,OZEMPIC,SEMAGLUTIDE,1,"","",,"","","","",,"",,"","","",
23904055,239040551,1,I,,20240520,20240527,20240527,EXP,"",US-GSK-US2024062929,GLAXOSMITHKLINE,"",,"","",M,Y,,"",20240527,"",CN,US,US,,,Product dose omission issue,"",2,C,OZEMPIC,SEMAGLUTIDE,1,"",UNK,,"",U,"","",,"",,"","","",
23904096,239040961,1,I,20240414,20240513,20240527,20240527,PER,"",US-COSETTE-CP2024US000101,COSETTE PHARMACEUTICALS,"",52,YR,A,F,Y,160,KG,20240527,"",HP,US,US,,,Drug ineffective,"",2,C,OZEMPIC,SEMAGLUTIDE,1,Unknown,"",,"","","",Unknown,,"",,"","","",
23904319,239043191,1,I,,20240524,20240527,20240527,PER,"",US-ELI_LILLY_AND_COMPANY-US202405015176,ELI LILLY AND CO,"",61,YR,A,M,Y,,"",20240527,"",CN,US,US,,,Incorrect dose administered,"",5,C,OZEMPIC,SEMAGLUTIDE,1,"","1 mg, weekly (1/W)",,"","","","",,"",1,MG,"",/WK,
23904544,239045441,1,I,20240401,20240520,20240527,20240527,PER,"",US-ABBVIE-5768406,ABBVIE,"",60,YR,"",F,Y,97,KG,20240527,"",CN,US,US,,,Off label use,"",10,C,OZEMPIC,SEMAGLUTIDE,1,"","",,"","","","",,"",,"","","",
23904640,239046402,2,F,20240522,20240615,20240527,20240620,PER,"",US-AMGEN-USASP2024103152,AMGEN,"",73,YR,E,M,Y,,"",20240620,"",CN,US,US,,,Wrong technique in product usage process,"",3,SS,OZEMPIC,SEMAGLUTIDE,1,Unknown,"",,"","","","",,"",,"","","",
23904738,239047381,1,I,20240512,20240523,20240527,20240527,PER,"",US-BRISTOL-MYERS SQUIBB COMPANY-2024-082036,BRISTOL MYERS SQUIBB,"",67,YR,E,F,Y,66.68,KG,20240527,"",CN,US,US,,,Off label use,"",2,C,OZEMPIC,SEMAGLUTIDE,1,"","",,"",U,"","",,"",,"","","",
23904951,239049511,1,I,20240501,20240520,20240527,20240527,PER,"","US-B.I. Pharmaceuticals,Inc./Ridgefield-2024-BI-029842",BOEHRINGER INGELHEIM,"",60,YR,A,M,Y,,"",20240527,"",CN,US,US,,,Sunburn,"",3,C,OZEMPIC,SEMAGLUTIDE,1,"","",,"","","","",,"",2,MG,"","",
23905426,239054261,1,I,20240524,20240524,20240527,20240527,PER,"",US-PFIZER INC-202400178486,PFIZER,"",46,YR,"",F,Y,,"",20240527,"",CN,US,US,,,COVID-19,"",4,C,WEGOVY,SEMAGLUTIDE,1,"",UNK,,"","","","",,"",,"","","",
23906183,239061831,1,I,,20240517,20240528,20240528,EXP,"",US-NOVOPROD-1226135,NOVO NORDISK,"",,"",A,M,Y,,"",20240528,"",CN,US,US,239061831,OT,Abdominal hernia,"",1,PS,OZEMPIC,SEMAGLUTIDE,1,"","",,"",Y,"","",,209637,,"",Solution for injection,"",7
23906184,239061841,1,I,,20240517,20240528,20240528,EXP,"",US-NOVOPROD-1225755,NOVO NORDISK,"",,"","","",Y,,"",20240528,"",CN,US,US,239061841,DS,Weight increased,"",1,PS,WEGOVY,SEMAGLUTIDE,1,Subcutaneous,UNK,,"",U,"","",,215256,,"",Solution for injection,"",4
23906186,239061861,1,I,20240222,20240516,20240528,20240528,EXP,"",US-NOVOPROD-1225902,NOVO NORDISK,"",69,YR,"",F,Y,,"",20240528,"",CN,US,US,239061861,HO,Hypotension,"",1,PS,OZEMPIC,SEMAGLUTIDE,1,Subcutaneous,0.5 mg,,"",U,"","",,209637,,"",Solution for injection,"",3
23906187,239061871,1,I,,20240514,20240528,20240528,EXP,"",US-NOVOPROD-1226373,NOVO NORDISK,"",,"",A,F,Y,,"",20240528,"",CN,US,US,239061871,HO,Nasal operation,"",1,PS,WEGOVY,SEMAGLUTIDE,1,"","",,"",Y,"","",,215256,,"",Solution for injection,"",3
23906191,239061911,1,I,,20240517,20240528,20240528,EXP,"",US-NOVOPROD-1226395,NOVO NORDISK,"",,"","","",Y,,"",20240528,"",HP,US,US,239061911,OT,Diabetes mellitus,"",1,PS,WEGOVY,SEMAGLUTIDE,1,Subcutaneous,0.25 mg,,"",U,"","",,215256,0.25,MG,Solution for injection,"",7
23906192,239061921,1,I,20240507,20240518,20240528,20240528,EXP,"",US-NOVOPROD-1226069,NOVO NORDISK,"",71,YR,"","",Y,,"",20240528,"",CN,US,US,239061921,OT,Immune thrombocytopenia,"",1,PS,OZEMPIC,SEMAGLUTIDE,1,Subcutaneous,"1.0 mg, qw",104.716,MG,N,"","",,209637,1,MG,Solution for injection,/WK,7
23906303,239063031,1,I,,20240523,20240528,20240528,PER,"",US-BRISTOL-MYERS SQUIBB COMPANY-2024-083941,BRISTOL MYERS SQUIBB,"",64,YR,A,F,Y,,"",20240528,"",HP,US,US,,,Ejection fraction decreased,"",8,C,OZEMPIC,SEMAGLUTIDE,1,"","",,"",U,"","",,"",,"","","",
23906335,239063352,2,F,20240504,20240617,20240528,20240620,EXP,"",US-JNJFOC-20240558386,JOHNSON AND JOHNSON,"",68,YR,E,F,Y,73.548,KG,20240620,"",HP,US,US,239063352,LT,Off label use,"",15,C,RYBELSUS,SEMAGLUTIDE,1,"","",,"","","","",,"",7,MG,"","",2
23906546,239065462,2,F,20240520,20240522,20240528,20240531,PER,"",US-AMGEN-USASP2024101669,AMGEN,"",43,YR,A,F,Y,,"",20240531,"",CN,US,US,,,Injection site discomfort,"",4,C,OZEMPIC,SEMAGLUTIDE,1,Other,"",,"","","","",,"",,"",Unknown formulation,"",
23907500,239075001,1,I,,20240520,20240528,20240528,PER,"",US-BRISTOL-MYERS SQUIBB COMPANY-2024-078371,BRISTOL MYERS SQUIBB,"",75,YR,E,M,Y,122.02,KG,20240528,"",PH,US,US,239075001,OT,Plasma cell myeloma,"",10,C,OZEMPIC,SEMAGLUTIDE,1,"",IMG PER DOSE (IX4MG PEN),,"",U,"","",,"",1,MG,"","",7
23908101,239081011,1,I,20240523,20240524,20240524,20240524,DIR,704240,"",FDA-CTU,"",58,YR,"",F,N,122.4,KG,20240524,N,MD,US,"",239081011,OT,Suicidal ideation,"",1,PS,OZEMPIC,SEMAGLUTIDE,1,"","",,"",D,D,"",,"",1,MG,"","",7
23908293,239082931,1,I,20240524,20240524,20240524,20240524,DIR,704237,"",FDA-CTU,"",38,YR,"",M,N,115.2,KG,20240524,N,CN,US,"",239082931,OT,Diarrhoea haemorrhagic,"",1,PS,WEGOVY,SEMAGLUTIDE,1,Subcutaneous,1 INJECTION WEEKLY SUBCUTANEOUS?,,"",N,D,Nzf8e69,20250531,99,,"",Injection,QW,7
23908415,239084151,1,I,20240401,20240515,20240528,20240528,EXP,"",US-Vifor (International) Inc.-VIT-2024-04583,VIFOR,"",59,YR,"",F,Y,103.4,KG,20240528,"",HP,US,US,239084151,HO,Hospitalisation,"",27,C,OZEMPIC,SEMAGLUTIDE,1,Subcutaneous,0.25 or 0.5 mg (2mg/1.5 ml) subcutaneous pen injector,,"","","","",,"",,"",Injection,/WK,3
23909389,239093891,1,I,,20240516,20240528,20240528,EXP,"",US-ELI_LILLY_AND_COMPANY-US202405010498,ELI LILLY AND CO,"",62,YR,A,F,Y,,"",20240528,"",CN,US,US,239093891,OT,Breast cancer,"",3,C,OZEMPIC,SEMAGLUTIDE,1,"","",,"","","","",,"",,"","","",7
23910075,239100752,2,F,20240515,20240523,20240528,20240530,PER,"",US-PHARMING-PHAUS2024000399,PHARMING GROUP,"",,"","","",Y,,"",20240530,"",CN,US,US,,,Intentional product use issue,"",4,C,OZEMPIC,SEMAGLUTIDE,1,"","",,"","","","",,"",,"","","",
23910171,239101711,1,I,20240320,20240326,20240524,20240524,DIR,FDA-CDER-CTU-2024-37609,"",FDA-CTU,"",,"","","",N,,"",20240326,N,"",US,"",,,Accidental overdose,"",1,PS,SEMAGLUTIDE,SEMAGLUTIDE,1,"","",,"","","","",,"",,"","","",
23910381,239103811,1,I,20240101,20240418,20240528,20240528,PER,"","US-AVADEL CNS PHARMACEUTICALS, LLC-2024AVA00626",AVADEL CNS PHARMA,"",,"","",M,Y,,"",20240509,"",CN,US,US,,,Somnolence,"",4,C,WEGOVY,SEMAGLUTIDE,1,"","",,"","","","",,"",,"","","",
23910484,239104841,1,I,20240101,20240206,20240528,20240528,PER,"","US-AVADEL CNS PHARMACEUTICALS, LLC-2024AVA00190",AVADEL CNS PHARMA,"",53,YR,"",F,Y,,"",20240516,"",CN,US,US,,,Insomnia,"",16,C,OZEMPIC,SEMAGLUTIDE,1,"","2 dosage units, once weekly",,"","","","",,"",,"","",/WK,
23910598,239105981,1,I,20240201,20240221,20240528,20240528,PER,"","US-AVADEL CNS PHARMACEUTICALS, LLC-2024AVA00255",AVADEL CNS PHARMA,"",43,YR,"",M,Y,,"",20240528,"",HP,US,US,,,Depression,"",6,C,OZEMPIC,SEMAGLUTIDE,1,"","1 mg, once daily",,"","","","",,"",1,MG,"",QD,
23910642,239106421,1,I,20231201,20240209,20240528,20240528,PER,"","US-AVADEL CNS PHARMACEUTICALS, LLC-2024AVA00205",AVADEL CNS PHARMA,"",39,YR,"",F,Y,,"",20240528,"",CN,US,US,,,Middle insomnia,"",8,C,OZEMPIC,SEMAGLUTIDE,1,"","2 mg, once weekly",,"","","","",,"",2,MG,"",/WK,
23910701,239107011,1,I,20240101,20240202,20240528,20240528,PER,"","US-AVADEL CNS PHARMACEUTICALS, LLC-2024AVA00184",AVADEL CNS PHARMA,"",,"","",F,Y,,"",20240528,"",CN,US,US,,,Gastric infection,"",6,C,OZEMPIC,SEMAGLUTIDE,1,"",0.25 or 0.5 PEN injctr,,"","","","",,"",,"","","",
23910877,239108771,1,I,20240309,20240325,20240528,20240528,PER,"","US-AVADEL CNS PHARMACEUTICALS, LLC-2024AVA00472",AVADEL CNS PHARMA,"",45,YR,"",F,Y,,"",20240528,"",CN,US,US,,,Nausea,"",4,C,OZEMPIC,SEMAGLUTIDE,1,"","1 mg/Dose, 2mg/1",,"","","","",,"",1,MG,"","",
23910879,239108791,1,I,20240101,20240404,20240528,20240528,PER,"","US-AVADEL CNS PHARMACEUTICALS, LLC-2024AVA00535",AVADEL CNS PHARMA,"",,"","","",Y,99.773,KG,20240528,"",CN,US,US,,,Middle insomnia,"",4,C,OZEMPIC,SEMAGLUTIDE,1,"","",,"","","","",,"",,"","","",
23910982,239109821,1,I,20240401,20240415,20240528,20240528,PER,"","US-AVADEL CNS PHARMACEUTICALS, LLC-2024AVA00602",AVADEL CNS PHARMA,"",52,YR,"",F,Y,,"",20240528,"",CN,US,US,,,Panic attack,"",7,C,OZEMPIC,SEMAGLUTIDE,1,"","1 mg, 1x/week",,"","","","",,"",1,MG,"",/WK,
23911003,239110031,1,I,20240401,20240423,20240528,20240528,PER,"","US-AVADEL CNS PHARMACEUTICALS, LLC-2024AVA00661",AVADEL CNS PHARMA,"",31,YR,"",F,Y,,"",20240528,"",CN,US,US,,,Nausea,"",5,C,SEMAGLUTIDE,SEMAGLUTIDE,1,"",UNK,,"","","","",,"",,"","","",
23911150,239111501,1,I,20240517,20240523,20240528,20240528,PER,"",US-AMGEN-USASP2024102390,AMGEN,"",62,YR,A,M,Y,,"",20240528,"",CN,US,US,,,Vision blurred,"",4,C,OZEMPIC,SEMAGLUTIDE,1,"",UNK,,"","","","",,"",,"","","",
23911523,239115231,1,I,20240101,20240520,20240528,20240528,PER,"",US-SA-2024SA156840,SANOFI AVENTIS,"",58,YR,A,M,Y,,"",20240528,"",MD,US,US,,,Heart rate decreased,"",3,C,OZEMPIC,SEMAGLUTIDE,1,"","",,"",U,"","",,"",,"","","",
23912133,239121331,1,I,,20240516,20240528,20240528,PER,"",US-BAYER-2024A072811,BAYER,"",39,YR,A,F,Y,,"",20240528,"",HP,US,US,,,Vulvovaginal mycotic infection,"",3,C,Wegovy fixdose,"",2,"","",,"","","","",,"",,"","","",
23912801,239128011,1,I,20240110,20240517,20240529,20240529,EXP,"",US-NOVOPROD-1225484,NOVO NORDISK,"",,"","",M,Y,,"",20240529,"",CN,US,US,239128011,OT,Inappropriate schedule of product administration,"",1,PS,OZEMPIC,SEMAGLUTIDE,1,Subcutaneous,0.25mg,,"","","","",,209637,0.25,MG,Solution for injection,"",7
23912804,239128041,1,I,20240101,20240517,20240529,20240529,EXP,"",US-NOVOPROD-1225480,NOVO NORDISK,"",,"","",F,Y,,"",20240529,"",CN,US,US,239128041,HO,Bladder cancer,"",1,PS,OZEMPIC,SEMAGLUTIDE,1,Subcutaneous,"1 mg, qw",,"",U,"","",,209637,1,MG,Solution for injection,/WK,3
23912808,239128081,1,I,,20240517,20240529,20240529,EXP,"",US-NOVOPROD-1225456,NOVO NORDISK,"",,"",A,F,Y,,"",20240529,"",CN,US,US,239128081,HO,Urinary tract infection,"",1,PS,OZEMPIC,SEMAGLUTIDE,1,Subcutaneous,UNK,,"",U,"","",,209637,,"",Solution for injection,"",3
23913240,239132401,1,I,20240501,20240522,20240529,20240529,PER,"",US-UNITED THERAPEUTICS-UNT-2024-013912,UNITED THERAPEUTICS,"",66,YR,"",F,Y,87.528,KG,20240529,"",CN,US,US,,,Blood pressure decreased,"",13,C,OZEMPIC,SEMAGLUTIDE,1,Unknown,UNK (0.25 OR),,"","","","",,"",,"","","",
23913279,239132792,2,F,20240501,20240530,20240529,20240605,PER,"",US-LUPIN PHARMACEUTICALS INC.-2024-04318,LUPIN,"",,"","","",Y,,"",20240605,"",CN,US,US,,,Cough,"",5,C,RYBELSUS,SEMAGLUTIDE,1,Unknown,UNK,,"","","","",,"",,"","","",
23913990,239139902,2,F,,20240516,20240529,20240614,PER,"",US-ELI_LILLY_AND_COMPANY-US202405011621,ELI LILLY AND CO,"",59,YR,A,F,Y,,"",20240614,"",CN,US,US,,,Gastrointestinal disorder,"",8,C,OZEMPIC,SEMAGLUTIDE,1,Unknown,"UNK UNK, unknown",,"","","","",,"",,"","","",
23915169,239151691,1,I,,20240527,20240527,20240527,DIR,704337,"",FDA-CTU,"",85,YR,"",M,N,,"",20240527,N,MD,US,"",239151691,DE,Small intestinal obstruction,"",1,PS,WEGOVY,SEMAGLUTIDE,1,"","",,"",D,D,"",,99,,"","","",1
23915701,239157011,1,I,20240523,20240524,20240529,20240529,EXP,"",US-BRISTOL-MYERS SQUIBB COMPANY-2024-083876,BRISTOL MYERS SQUIBB,"",79,YR,E,M,Y,,"",20240529,"",CN,US,US,239157011,HO,Atrial fibrillation,"",2,C,OZEMPIC,SEMAGLUTIDE,1,"","",,"",U,"","",,"",,"","","",3
23915906,239159061,1,I,,20240522,20240529,20240529,PER,"",US-SA-2024SA159443,SANOFI AVENTIS,"",62,YR,A,M,Y,70.7,KG,20240529,"",MD,US,US,,,Attention deficit hyperactivity disorder,"",2,C,OZEMPIC,SEMAGLUTIDE,1,"",UNK,,"",U,"","",,"",,"",Injection,"",
23915944,239159441,1,I,,20240521,20240529,20240529,PER,"",US-SA-2024SA159167,SANOFI AVENTIS,"",,"",A,F,Y,83.46,KG,20240529,"",MD,US,US,,,Asthma,"",4,C,OZEMPIC,SEMAGLUTIDE,1,"","",,"",U,"","",,"",,"","","",
23916060,239160601,1,I,20240520,20240523,20240529,20240529,PER,"",US-SA-2024SA160654,SANOFI AVENTIS,"",59,YR,A,F,Y,103,KG,20240529,"",MD,US,US,,,Bronchitis,"",7,C,OZEMPIC,SEMAGLUTIDE,1,"",UNK,,"",U,"","",,"",,"","","",
23916352,239163521,1,I,20240501,20240528,20240528,20240528,DIR,704488,"",FDA-CTU,"",55,YR,"",M,N,,"",20240528,N,CN,US,"",239163521,LT,Adenocarcinoma pancreas,"",2,SS,OZEMPIC,SEMAGLUTIDE,1,"","",,"","","","",,"",,"","","",2
23916385,239163851,1,I,20240101,20240507,20240529,20240529,PER,"",US-BEH-2024172354,CSL BEHRING,"",65,YR,E,F,Y,,"",20240529,"",HP,US,US,,,Sinusitis,"",8,C,OZEMPIC,SEMAGLUTIDE,1,"","",,"","","","",,"",,"","","",
23916635,239166351,1,I,20240507,20240528,20240528,20240528,DIR,FDA-CDER-CTU-2024-38219,"",FDA-CTU,"",43,YR,"",F,N,,"",20240528,Y,"",US,"",239166351,DE,Pulmonary thrombosis,"",1,PS,SEMAGLUTIDE,SEMAGLUTIDE,1,Subcutaneous,Frequency : Weekly;?,,"",D,"","",20240815,"",1.25,MG,"",QW,1
23916682,239166821,1,I,20220501,20240524,20240529,20240529,EXP,"",US-JAZZ-2022-US-009257,JAZZ,"",31,YR,"",F,Y,,"",20240529,"",CN,US,US,239166821,OT,Ligament sprain,"",14,C,OZEMPIC,SEMAGLUTIDE,1,"","",,"","","","",,"",,"","","",7
23916716,239167161,1,I,20240415,20240529,20240529,20240529,DIR,704502,"",FDA-CTU,"",76,YR,"",F,N,,"",20240529,N,CN,US,"",239167161,HO,Hypophagia,"",1,PS,OZEMPIC,SEMAGLUTIDE,1,"",OTHER FREQUENCY : Weekly;?,,"",Y,D,"",,99,,"","",999,3
23916886,239168861,1,I,,20240528,20240529,20240529,PER,"","US-B.I. Pharmaceuticals,Inc./Ridgefield-2024-BI-030613",BOEHRINGER INGELHEIM,"",,"","",M,Y,,"",20240529,"",CN,US,US,,,Feeling cold,"",2,C,RYBELSUS,SEMAGLUTIDE,1,"",in the morning,,"","","","",,"",,"","","",
23916940,239169401,1,I,,20240528,20240529,20240529,PER,"",US-JNJFOC-20240577535,JOHNSON AND JOHNSON,"",54,YR,A,F,Y,108.8,KG,20240529,"",HP,US,US,,,Nausea,"",5,C,WEGOVY,SEMAGLUTIDE,1,"","",,"","","","",,"",,"","","",
23917236,239172361,1,I,20240504,20240506,20240529,20240529,PER,"",US-THERATECHNOLOGIES INC.-2024-THE-TES-000142,Unknown Manufacturer,"",,"","","",Y,,"",20240528,"",CN,US,US,,,Abdominal discomfort,"",3,SS,OZEMPIC,SEMAGLUTIDE,1,Unknown,UNK,,"",U,"","",,"",,"","","",
23917601,239176011,1,I,20240508,20240516,20240530,20240530,EXP,"",US-NOVOPROD-1227273,NOVO NORDISK,"",53,YR,"",M,Y,,"",20240530,"",CN,US,US,239176011,OT,Back disorder,"",1,PS,OZEMPIC,SEMAGLUTIDE,1,Subcutaneous,"2 mg, qw",,"",U,"",PAR0007,,209637,2,MG,Solution for injection,/WK,7
23917609,239176091,1,I,,20240520,20240530,20240530,EXP,"",US-NOVOPROD-1226769,NOVO NORDISK,"",,"","",F,Y,,"",20240530,"",CN,US,US,239176091,OT,Catheterisation cardiac,"",1,PS,OZEMPIC,SEMAGLUTIDE,1,Subcutaneous,"0.5 mg, qw",,"",U,"","",,209637,0.5,MG,Solution for injection,/WK,7
23917644,239176441,1,I,,20240521,20240530,20240530,EXP,"",US-NOVOPROD-1226199,NOVO NORDISK,"",,"","",F,Y,,"",20240530,"",MD,US,US,239176441,OT,Small intestinal obstruction,"",1,PS,OZEMPIC,SEMAGLUTIDE,1,Subcutaneous,UNK,,"",U,"","",,209637,,"",Solution for injection,"",7
23917651,239176511,1,I,,20240521,20240530,20240530,EXP,"",US-NOVOPROD-1227043,NOVO NORDISK,"",,"","",F,Y,,"",20240530,"",CN,US,US,239176511,HO,Hospitalisation,"",1,PS,OZEMPIC,SEMAGLUTIDE,1,Subcutaneous,0.5 mg,,"","","","",,209637,0.5,MG,Solution for injection,"",3
23917670,239176701,1,I,20240516,20240522,20240530,20240530,EXP,"",US-ALXN-202405USA001626US,ALEXION PHARMACEUTICALS,"",66,YR,"",M,Y,,"",20240530,"",CN,US,US,239176701,HO,Pyrexia,"",2,SS,OZEMPIC,SEMAGLUTIDE,1,Unknown,UNK,,"",U,U,"",,"",,"","","",3
23917671,239176711,1,I,20240412,20240524,20240530,20240530,PER,"",US-AMGEN-USASP2024103699,AMGEN,"",69,YR,E,F,Y,,"",20240529,"",CN,US,US,,,Drug dose omission by device,"",2,C,OZEMPIC,SEMAGLUTIDE,1,"",UNK,,"","","","",,"",,"","","",
23918056,239180562,2,F,20240526,20240529,20240530,20240627,PER,"",US-AMGEN-USASP2024105816,AMGEN,"",54,YR,A,F,Y,,"",20240627,"",CN,US,US,,,Device difficult to use,"",2,C,OZEMPIC,SEMAGLUTIDE,1,"",UNK,,"","","","",,"",,"","","",
23918150,239181501,1,I,,20240522,20240530,20240530,PER,"",US-SA-2024SA158027,SANOFI AVENTIS,"",62,YR,A,F,Y,,"",20240530,"",HP,US,US,,,Seasonal allergy,"",2,C,RYBELSUS,SEMAGLUTIDE,1,Oral,UNK,,"",U,"","",,"",,"",Tablet,"",
23918901,239189011,1,I,,20240522,20240530,20240530,PER,"",US-ALXN-202405USA001656US,ALEXION PHARMACEUTICALS,"",,"","",M,Y,112.47,KG,20240530,"",CN,US,US,,,Sinusitis,"",18,C,OZEMPIC,SEMAGLUTIDE,1,Unknown,"",,"","","","",,"",,"","","",
23920395,239203951,1,I,,20240326,20240530,20240530,DIR,FDA-CDER-CTU-2024-38607,"",FDA-CTU,"",,"","","",N,,"",20240326,N,PH,US,"",,,Product label confusion,"",1,PS,OZEMPIC,SEMAGLUTIDE,1,"","",,"","","","",,"",,"",Injection,"",
23920398,239203981,1,I,,20240530,20240530,20240530,DIR,FDA-CDER-CTU-2024-38619,"",FDA-CTU,"",,"","","",N,,"",20240530,N,PH,US,"",,,Product dispensing error,"",2,SS,OZEMPIC,SEMAGLUTIDE,1,"","",,"","","","",,"",,"","","",
23922074,239220741,1,I,20240301,20240520,20240531,20240531,EXP,"",US-NOVOPROD-1226820,NOVO NORDISK,"",,"","",F,Y,,"",20240531,"",CN,US,US,239220741,HO,Sepsis,"",1,PS,OZEMPIC,SEMAGLUTIDE,1,"",UNK,,"",U,"","",,209637,,"",Solution for injection,"",3
23922075,239220751,1,I,,20240520,20240531,20240531,EXP,"",US-NOVOPROD-1227090,NOVO NORDISK,"",,"","",F,Y,,"",20240531,"",CN,US,US,239220751,OT,Medical device change,"",1,PS,OZEMPIC,SEMAGLUTIDE,1,Subcutaneous,2 mg,,"",N,"",NP5J258,,209637,2,MG,Solution for injection,"",7
23922076,239220761,1,I,20240429,20240520,20240531,20240531,EXP,"",US-NOVOPROD-1226776,NOVO NORDISK,"",50,YR,"",M,Y,,"",20240531,"",CN,US,US,239220761,OT,Retinal vascular disorder,"",1,PS,OZEMPIC,SEMAGLUTIDE,1,Subcutaneous,"2 mg, qw",,"",U,"",PAR0014,,209637,2,MG,Solution for injection,/WK,7
23922094,239220941,1,I,,20240521,20240531,20240531,EXP,"",US-NOVOPROD-1227179,NOVO NORDISK,"",56,YR,"",M,Y,,"",20240531,"",CN,US,US,239220941,HO,Starvation ketoacidosis,"",1,PS,OZEMPIC,SEMAGLUTIDE,1,Subcutaneous,UNK,,"","","","",,209637,,"",Solution for injection,"",3
23922095,239220951,1,I,20230801,20240520,20240531,20240531,EXP,"",US-NOVOPROD-1226150,NOVO NORDISK,"",,"","",M,Y,,"",20240531,"",CN,US,US,239220951,OT,Throat cancer,"",1,PS,OZEMPIC,SEMAGLUTIDE,1,Subcutaneous,UNK,,"",U,"","",,209637,,"",Solution for injection,"",7
23922096,239220961,1,I,20240501,20240521,20240531,20240531,EXP,"",US-NOVOPROD-1226844,NOVO NORDISK,"",77,YR,"",F,Y,,"",20240531,"",CN,US,US,239220961,OT,Neuropathy peripheral,"",1,PS,RYBELSUS,SEMAGLUTIDE,1,Oral,3 mg,,"",U,"",NA41879,,213051,3,MG,Tablet,"",7
23922098,239220981,1,I,20230101,20240521,20240531,20240531,EXP,"",US-NOVOPROD-1178993,NOVO NORDISK,"",42,YR,"",F,Y,,"",20240531,"",MD,US,US,239220981,OT,Migraine,"",1,PS,WEGOVY,SEMAGLUTIDE,1,Subcutaneous,1mg,,"",Y,"",NZF8C53,,215256,,"",Solution for injection,"",7
23922101,239221011,1,I,20220101,20240521,20240531,20240531,EXP,"",US-NOVOPROD-1227429,NOVO NORDISK,"",,"",E,M,Y,,"",20240531,"",MD,US,US,239221011,OT,Pancreatitis,"",1,PS,OZEMPIC,SEMAGLUTIDE,1,Subcutaneous,2 mg,,"",N,"","",,209637,2,MG,Solution for injection,"",7
23922197,239221971,1,I,20240513,20240522,20240531,20240531,EXP,"",US-NOVOPROD-1228853,NOVO NORDISK,"",,"",A,F,Y,,"",20240531,"",CN,US,US,239221971,OT,Eyelid operation,"",1,PS,OZEMPIC,SEMAGLUTIDE,1,Subcutaneous,UNK,,"","","","",,209637,,"",Solution for injection,"",7
23922198,239221981,1,I,,20240522,20240531,20240531,EXP,"",US-NOVOPROD-1228992,NOVO NORDISK,"",,"","",F,Y,,"",20240531,"",MD,US,US,239221981,HO,Obstructive pancreatitis,"",1,PS,OZEMPIC,SEMAGLUTIDE,1,Subcutaneous,"0.5 mg, qw",,"",Y,"","",,209637,0.5,MG,Solution for injection,/WK,3
23922199,239221991,1,I,20240101,20240522,20240531,20240531,EXP,"",US-NOVOPROD-1227756,NOVO NORDISK,"",82,YR,"",M,Y,,"",20240531,"",CN,US,US,239221991,OT,Blood glucose increased,"",1,PS,OZEMPIC,SEMAGLUTIDE,1,Subcutaneous,0.5 mg,,"",U,"","",,209637,0.5,MG,Solution for injection,"",7
23922200,239222001,1,I,20220101,20240521,20240531,20240531,EXP,"",US-NOVOPROD-1227535,NOVO NORDISK,"",,"","",F,Y,,"",20240531,"",CN,US,US,239222001,OT,Thyroidectomy,"",1,PS,WEGOVY,SEMAGLUTIDE,1,Subcutaneous,1.7 mg,,"","","",PZF9D49,,215256,1.7,MG,Solution for injection,"",7
23922201,239222011,1,I,,20240521,20240531,20240531,EXP,"",US-NOVOPROD-1227434,NOVO NORDISK,"",70,YR,"",F,Y,,"",20240531,"",MD,US,US,239222011,DE,Ileus,"",1,PS,WEGOVY,SEMAGLUTIDE,1,"","",,"",D,"","",,215256,,"",Solution for injection,"",1
23922203,239222031,1,I,,20240522,20240531,20240531,EXP,"",US-NOVOPROD-1229195,NOVO NORDISK,"",,"",A,F,Y,,"",20240531,"",CN,US,US,239222031,OT,Ankle fracture,"",1,PS,OZEMPIC,SEMAGLUTIDE,1,Subcutaneous,UNK,,"",U,"","",,209637,,"",Solution for injection,"",7
23922205,239222051,1,I,,20240522,20240531,20240531,EXP,"",US-NOVOPROD-1227540,NOVO NORDISK,"",,"","",F,Y,,"",20240531,"",HP,US,US,239222051,OT,Abortion spontaneous,"",1,PS,SEMAGLUTIDE,SEMAGLUTIDE,1,Subcutaneous,1 mg,,"",D,"","",,209637,,"","","",7
23922221,239222211,1,I,,20240522,20240531,20240531,EXP,"",US-NOVOPROD-1227081,NOVO NORDISK,"",,"","",F,Y,,"",20240531,"",HP,US,US,239222211,HO,Metabolic acidosis,"",1,PS,OZEMPIC,SEMAGLUTIDE,1,Subcutaneous,2 mg,,"","","","",,209637,,"",Solution for injection,"",3
23922225,239222251,1,I,,20240523,20240531,20240531,EXP,"",US-NOVOPROD-1229079,NOVO NORDISK,"",,"","",F,Y,,"",20240531,"",CN,US,US,239222251,DS,Disability,"",1,PS,OZEMPIC,SEMAGLUTIDE,1,Subcutaneous,UNK,,"",U,"","",,209637,,"",Solution for injection,"",4
23922412,239224121,1,I,20240420,20240506,20240531,20240531,PER,"",US-ACADIA PHARMACEUTICALS INC.-ACA-2024-PIM-002293,ACADIA PHARMACEUTICALS,"",75,YR,"",M,Y,,"",20240531,"",CN,US,US,,,Constipation,"",17,C,OZEMPIC,SEMAGLUTIDE,1,"","",,"","","","",,"",,"","","",
23924087,239240871,1,I,,20240517,20240531,20240531,EXP,"",US-TEVA-VS-3201714,TEVA,"",64,YR,"",F,Y,,"",20240531,"",CN,US,US,239240871,OT,Dyskinesia,"",3,C,OZEMPIC,SEMAGLUTIDE,1,"","0.2 SOP 2mg/3ml, womens 50+ M Tab",,"","","","",,"",,"","","",7
23924346,239243461,1,I,,20240521,20240531,20240531,EXP,"",US-RADIUS HEALTH INC.-2024US003547,RADIUS PHARM,"",,"","",F,Y,,"",20240531,"",CN,US,US,239243461,HO,Intentional dose omission,"",4,C,OZEMPIC,SEMAGLUTIDE,1,"",UNK,,"","","","",,"",,"",Injection,"",3
23925224,239252241,1,I,,20240530,20240530,20240530,DIR,704652,"",FDA-CTU,"",31,YR,"",F,N,,"",20240530,Y,CN,US,"",,,Diarrhoea,"",1,PS,WEGOVY,SEMAGLUTIDE,1,"","",,"",Y,D,"",,"",,"","","",
23925229,239252291,1,I,20240517,20240530,20240530,20240530,DIR,704661,"",FDA-CTU,"",49,YR,"",M,N,117,KG,20240530,Y,CN,US,"",239252291,OT,Emotional distress,"",1,PS,WEGOVY,SEMAGLUTIDE,1,Other,OTHER QUANTITY : 1 Injection(s);?OTHER FREQUENCY : Weekly;?OTHER ROUTE : Injection;?,,"",N,N,NZF6A82,20250228,99,,"","",999,7
23925392,239253921,1,I,20240529,20240530,20240530,20240530,DIR,704697,"",FDA-CTU,"",,"","",F,N,,"",20240530,N,CN,US,"",239253921,LT,Oesophageal rupture,"",1,PS,WEGOVY,SEMAGLUTIDE,1,"","",,"","","","",,"",,"","","",2
23925762,239257621,1,I,20240426,20240530,20240530,20240530,DIR,704742,"",FDA-CTU,"",57,YR,"",M,N,90,KG,20240530,N,"",US,"",239257621,HO,Ileus,"",1,PS,SEMAGLUTIDE,SEMAGLUTIDE,1,Subcutaneous,OTHER FREQUENCY : weekly;?,,"","","","",,"",0.5,MG,"",999,3
23925847,239258471,1,I,20240510,20240530,20240530,20240530,DIR,704743,"",FDA-CTU,"",54,YR,"",F,N,87.3,KG,20240530,N,CN,US,"",,,Piloerection,"",1,PS,WEGOVY,SEMAGLUTIDE,1,"","",,"","","","",,"",,"","","",
23926115,239261151,1,I,,20230530,20240531,20240531,EXP,"",US-RADIUS HEALTH INC.-2023US002816,RADIUS PHARM,"",,"","",F,Y,,"",20240531,"",CN,US,US,,,Injection site bruising,"",11,C,OZEMPIC,SEMAGLUTIDE,1,"","",,"","","","",,"",,"",Injection,"",
23926489,239264891,1,I,20240529,20240531,20240531,20240531,DIR,704649,"",FDA-CTU,"",59,YR,"",F,N,92.25,KG,20240531,N,CN,US,"",239264891,OT,Abdominal pain,"",1,PS,RYBELSUS,SEMAGLUTIDE,1,"","",,"",Y,D,"",,"",,"","","",7
23926751,239267511,1,I,20231127,20240126,20240531,20240531,EXP,"","US-RADIUS HEALTH, INC.-2023US005940",RADIUS PHARM,"",80,YR,"",F,Y,,"",20240531,"",MD,US,US,,,Weight decreased,"",10,C,OZEMPIC,SEMAGLUTIDE,1,"","",,"","","","",,"",,"","","",
23926867,239268673,3,F,20240605,20240617,20240531,20240621,EXP,"",US-KYOWAKIRIN-2024KK013013,KYOWA,"",,"","","",Y,,"",20240621,"",HP,US,US,239268673,HO,Appendicectomy,"",11,C,OZEMPIC,SEMAGLUTIDE,1,Unknown,UNK,,"","","","",,"",,"","","",3
23927069,239270691,1,I,20240531,20240531,20240531,20240531,DIR,704813,"",FDA-CTU,"",55,YR,"",F,N,116.1,KG,20240531,N,CN,US,"",239270691,LT,Inability to afford medication,"",1,PS,RYBELSUS,SEMAGLUTIDE,1,Oral,"",,"","","","",,"",,"","","",2
23927603,239276034,4,F,20240101,20240617,20240531,20240626,EXP,"",US-UNITED THERAPEUTICS-UNT-2024-016012,UNITED THERAPEUTICS,"",,"","",F,Y,86.168,KG,20240626,"","",US,US,239276034,OT,Wheezing,"",16,C,OZEMPIC,SEMAGLUTIDE,1,"",UNK,,"","","","",,"",,"","","",7
23928797,239287971,1,I,20240201,20240312,20240531,20240531,EXP,"",US-RADIUS HEALTH INC.-2024US000885,RADIUS PHARM,"",60,YR,"",F,Y,,"",20240531,"",CN,US,US,,,Blood pressure increased,"",4,C,OZEMPIC,SEMAGLUTIDE,1,"","",,"","","","",,"",,"",Injection,"",
23929038,239290381,1,I,20240501,20240528,20240601,20240601,PER,"",US-UNITED THERAPEUTICS-UNT-2024-016265,UNITED THERAPEUTICS,"",49,YR,"",F,Y,96.145,KG,20240601,"",HP,US,US,,,Hypotension,"",3,SS,OZEMPIC,SEMAGLUTIDE,1,Unknown,UNK (0.25),,"",U,"","",,"",,"","","",
23929101,239291011,1,I,20230101,20240528,20240601,20240601,PER,"",US-SA-2024SA163476,SANOFI AVENTIS,"",69,YR,E,M,Y,,"",20240601,"",MD,US,US,,,Sinus disorder,"",8,C,OZEMPIC,SEMAGLUTIDE,1,"","",,"",U,"","",,"",,"","","",
23929192,239291921,1,I,20240324,20240326,20240601,20240601,EXP,"",US-RADIUS HEALTH INC.-2024US001981,RADIUS PHARM,"",58,YR,"",F,Y,,"",20240601,"",CN,US,US,,,Blood glucose increased,"",2,C,OZEMPIC,SEMAGLUTIDE,1,"","UNK, Weekly",,"","","","",,"",,"",Injection,"",
23929270,239292701,1,I,20231129,20240322,20240601,20240601,EXP,"",US-RADIUS HEALTH INC.-2024US000828,RADIUS PHARM,"",64,YR,"",F,Y,68.753,KG,20240601,"",MD,US,US,,,Myalgia,"",4,C,OZEMPIC,SEMAGLUTIDE,1,"","",,"","","","",,"",,"","","",
23929583,239295831,1,I,20240304,20240417,20240601,20240601,EXP,"",US-RADIUS HEALTH INC.-2024US001740,RADIUS PHARM,"",62,YR,"",F,Y,,"",20240601,"",MD,US,US,,,Loss of personal independence in daily activities,"",10,C,WEGOVY,SEMAGLUTIDE,1,"","",,"","","","",,"",,"",Injection,"",
23929584,239295841,1,I,,20240417,20240601,20240601,EXP,"",US-RADIUS HEALTH INC.-2024US002635,RADIUS PHARM,"",,"","",F,Y,,"",20240601,"",CN,US,US,,,Bone pain,"",7,C,OZEMPIC,SEMAGLUTIDE,1,"","",,"","","","",,"",,"",Injection,"",
23929670,239296701,1,I,20240530,20240530,20240601,20240601,PER,"",US-AMGEN-USASP2024107639,AMGEN,"",80,YR,E,M,Y,,"",20240601,"",CN,US,US,,,Device difficult to use,"",2,C,OZEMPIC,SEMAGLUTIDE,1,Unknown,UNK,,"","","","",,"",,"","","",
23929775,239297751,1,I,20231001,20231124,20240601,20240601,EXP,"","US-RADIUS HEALTH, INC.-2023US005637",RADIUS PHARM,"",55,YR,"",F,Y,,"",20240601,"",CN,US,US,,,Nausea,"",2,SS,OZEMPIC,SEMAGLUTIDE,1,Unknown,UNK,,"",U,U,"",,"",,"","","",
23929832,239298321,1,I,,20240202,20240601,20240601,EXP,"",US-RADIUS HEALTH INC.-2023US006852,RADIUS PHARM,"",,"","",F,Y,,"",20240601,"",MD,US,US,,,Condition aggravated,"",10,C,OZEMPIC,SEMAGLUTIDE,1,"","",,"","","","",,"",,"","","",
23930962,239309621,1,I,,20240523,20240603,20240603,PER,"",US-SA-2024SA160754,SANOFI AVENTIS,"",,"",A,F,Y,89.3,KG,20240603,"",MD,US,US,,,Migraine,"",2,C,OZEMPIC,SEMAGLUTIDE,1,"",UNK,,"",U,"","",,"",,"",Injection,"",
23931055,239310551,1,I,,20240522,20240603,20240603,EXP,"",US-NOVOPROD-1228012,NOVO NORDISK,"",,"","",F,Y,,"",20240603,"",CN,US,US,239310551,OT,Cataract,"",1,PS,OZEMPIC,SEMAGLUTIDE,1,Subcutaneous,2 mg,,"",U,"","",,209637,2,MG,Solution for injection,"",7
23931056,239310561,1,I,,20240522,20240603,20240603,EXP,"",US-NOVOPROD-1227053,NOVO NORDISK,"",,"",A,F,Y,,"",20240603,"",CN,US,US,239310561,OT,Breast cancer,"",1,PS,OZEMPIC,SEMAGLUTIDE,1,Subcutaneous,2 mg,,"",U,"","",,209637,2,MG,Solution for injection,"",7
23931062,239310621,1,I,,20240522,20240603,20240603,EXP,"",US-NOVOPROD-1228990,NOVO NORDISK,"",,"",A,F,Y,,"",20240603,"",CN,US,US,239310621,OT,Cataract,"",1,SS,OZEMPIC,SEMAGLUTIDE,1,Subcutaneous,UNK,,"",U,"","",,"",,"",Solution for injection,"",7
23931064,239310641,1,I,,20240522,20240603,20240603,EXP,"",US-NOVOPROD-1228229,NOVO NORDISK,"",,"","",F,Y,,"",20240603,"",CN,US,US,239310641,OT,Atrial fibrillation,"",1,PS,WEGOVY,SEMAGLUTIDE,1,Subcutaneous,UNK,,"",U,"","",,215256,,"",Solution for injection,"",7
23931217,239312171,1,I,20240101,20240523,20240603,20240603,EXP,"",US-NOVOPROD-1228344,NOVO NORDISK,"",75,YR,"",M,Y,,"",20240603,"",MD,US,US,239312171,HO,Nephrolithiasis,"",1,PS,OZEMPIC,SEMAGLUTIDE,1,"","",,"",D,"","",,209637,,"",Solution for injection,"",3
23931224,239312241,1,I,,20240523,20240603,20240603,EXP,"",US-NOVOPROD-1229075,NOVO NORDISK,"",,"","",F,Y,,"",20240603,"",CN,US,US,239312241,OT,Cardiac disorder,"",1,PS,OZEMPIC,SEMAGLUTIDE,1,Subcutaneous,UNK,,"",U,"","",,209637,,"",Solution for injection,"",7
23931225,239312251,1,I,,20240523,20240603,20240603,EXP,"",US-NOVOPROD-1229856,NOVO NORDISK,"",,"","",M,Y,,"",20240603,"",MD,US,US,239312251,OT,Alanine aminotransferase increased,"",1,PS,WEGOVY,SEMAGLUTIDE,1,Subcutaneous,UNK,,"",Y,"","",,215256,,"",Solution for injection,"",7
23931226,239312261,1,I,,20240523,20240603,20240603,EXP,"",US-NOVOPROD-1228769,NOVO NORDISK,"",,"",A,M,Y,,"",20240603,"",CN,US,US,239312261,HO,Hospitalisation,"",1,PS,OZEMPIC,SEMAGLUTIDE,1,Subcutaneous,UNK,,"",N,"","",,209637,,"",Solution for injection,"",3
23931227,239312271,1,I,20240520,20240523,20240603,20240603,EXP,"",US-NOVOPROD-1229011,NOVO NORDISK,"",68,YR,"",F,Y,,"",20240603,"",CN,US,US,239312271,OT,Cataract operation,"",1,PS,OZEMPIC,SEMAGLUTIDE,1,Subcutaneous,0.5 mg,,"",U,"",PZF8M47,,209637,0.5,MG,Solution for injection,"",7
23931229,239312291,1,I,,20240523,20240603,20240603,EXP,"",US-NOVOPROD-1228765,NOVO NORDISK,"",43,YR,"",M,Y,,"",20240603,"",HP,US,US,239312291,DE,Pancreatitis,"",1,PS,WEGOVY,SEMAGLUTIDE,1,Subcutaneous,0.25 mg,,"","","","",,215256,,"",Solution for injection,"",1
23931230,239312301,1,I,,20240523,20240603,20240603,EXP,"",US-NOVOPROD-1229006,NOVO NORDISK,"",,"","",F,Y,,"",20240603,"",CN,US,US,239312301,HO,Toxicity to various agents,"",1,PS,OZEMPIC,SEMAGLUTIDE,1,Subcutaneous,"1 mg, qw",,"","","","",,209637,1,MG,Solution for injection,/WK,3
23931232,239312321,1,I,,20240523,20240603,20240603,EXP,"",US-NOVOPROD-1229009,NOVO NORDISK,"",,"",A,F,Y,,"",20240603,"",CN,US,US,239312321,OT,Knee operation,"",1,PS,OZEMPIC,SEMAGLUTIDE,1,Subcutaneous,"0.5 mg, qw",,"",U,"",NZF8B09,,209637,0.5,MG,Solution for injection,/WK,7
23931233,239312331,1,I,20220101,20240523,20240603,20240603,EXP,"",US-NOVOPROD-1228745,NOVO NORDISK,"",77,YR,"",F,Y,,"",20240603,"",PH,US,US,239312331,OT,COVID-19,"",1,PS,OZEMPIC,SEMAGLUTIDE,1,Subcutaneous,2mg,,"",U,"","",,209637,,"",Solution for injection,"",7
23931234,239312341,1,I,,20240523,20240603,20240603,EXP,"",US-NOVOPROD-1228582,NOVO NORDISK,"",60,YR,"","",Y,,"",20240603,"",MD,US,US,239312341,OT,Sepsis,"",1,PS,OZEMPIC,SEMAGLUTIDE,1,Subcutaneous,0.5 mg,,"",Y,"","",,209637,0.5,MG,Solution for injection,"",7
23931235,239312351,1,I,20240519,20240523,20240603,20240603,EXP,"",US-NOVOPROD-1228578,NOVO NORDISK,"",75,YR,"",F,Y,,"",20240603,"",CN,US,US,239312351,HO,Dehydration,"",1,PS,OZEMPIC,SEMAGLUTIDE,1,Subcutaneous,UNK,,"","","","",,209637,,"",Solution for injection,"",3
23931237,239312371,1,I,20240101,20240523,20240603,20240603,EXP,"",US-NOVOPROD-1229798,NOVO NORDISK,"",,"",A,F,Y,,"",20240603,"",CN,US,US,239312371,OT,Diarrhoea,"",1,PS,WEGOVY,SEMAGLUTIDE,1,Subcutaneous,"0.25 mg, qw",,"",U,"","",,215256,0.25,MG,Solution for injection,/WK,7
23931696,239316961,1,I,,20240528,20240603,20240603,EXP,"",US-ASTELLAS-2024EU005303,ASTELLAS,"",,"","",M,Y,,"",20240603,"",CN,US,US,239316961,OT,Constipation,"",9,C,OZEMPIC,SEMAGLUTIDE,1,Unknown,"UNK UNK, unknown freq.(1 M SOP 4MG/3ML)",,"","","","",,"",,"",Formulation unknown,"",7
23932647,239326471,1,I,20240530,20240601,20240601,20240601,DIR,704916,"",FDA-CTU,"",31,YR,"",F,N,63,KG,20240601,Y,CN,US,"",239326471,LT,Loss of consciousness,"",1,PS,CYANOCOBALAMIN\SEMAGLUTIDE,CYANOCOBALAMIN\SEMAGLUTIDE,1,Other,OTHER QUANTITY : 0.05 Injection(s)?OTHER FREQUENCY : Once a week?OTHER ROUTE : Injected into skin?,,"",N,D,02232402A2,20240622,99,,"","",999,2
23932648,239326481,1,I,20240601,20240601,20240601,20240601,DIR,704973,"",FDA-CTU,"",29,YR,"",F,N,101.7,KG,20240601,N,CN,US,"",,,Pain in extremity,"",1,PS,WEGOVY,SEMAGLUTIDE,1,"","",,"","","","",,99,,"","","",
23932726,239327261,1,I,20240531,20240601,20240601,20240601,DIR,704936,"",FDA-CTU,"",50,YR,"",F,N,83.25,KG,20240601,N,CN,US,"",239327261,OT,Feeling abnormal,"",1,PS,METHYLCOBALAMIN\SEMAGLUTIDE,METHYLCOBALAMIN\SEMAGLUTIDE,1,Other,OTHER ROUTE : Injection?,,"",Y,D,"",,99,,"","","",7
23932751,239327511,1,I,,20240531,20240603,20240603,PER,"",US-ELI_LILLY_AND_COMPANY-US202406000360,ELI LILLY AND CO,"",73,YR,E,M,Y,,"",20240603,"",CN,US,US,,,Glycosylated haemoglobin increased,"",4,C,OZEMPIC,SEMAGLUTIDE,1,"","",,"","","","",,"",,"","","",
23932799,239327991,1,I,20240526,20240601,20240601,20240601,DIR,704974,"",FDA-CTU,"",51,YR,"",M,N,106.1,KG,20240601,N,HP,US,"",239327991,HO,Blood glucose increased,"",3,SS,OZEMPIC,SEMAGLUTIDE,1,"","",,"","","","",,"",,"","","",3
23933091,239330911,1,I,20240531,20240602,20240602,20240602,DIR,705052,"",FDA-CTU,"",54,YR,"",F,N,84.15,KG,20240602,N,CN,US,"",239330911,OT,Incorrect dose administered,"",1,PS,WEGOVY,SEMAGLUTIDE,1,"","",,"",N,D,"",,"",,"","","",7
23933365,239333651,1,I,,20240531,20240603,20240603,PER,"",US-BAYER-2024A080352,BAYER,"",,"","",M,Y,,"",20240603,"",CN,US,US,,,Urine odour abnormal,"",2,C,OZEMPIC,SEMAGLUTIDE,1,"","",,"","","","",,"",,"","","",
23933701,239337011,1,I,20240523,20240602,20240602,20240602,DIR,705033,"",FDA-CTU,"",72,YR,"",F,N,101.25,KG,20240602,N,CN,US,"",,,Eructation,"",1,PS,RYBELSUS,SEMAGLUTIDE,1,Oral,1 TABLET DAILY ORAL,,"",Y,D,"",,"",,"","",QD,
23933832,239338321,1,I,20240423,20240531,20240531,20240531,DIR,FDA-CDER-CTU-2024-39316,"",FDA-CTU,"",47,YR,"",M,N,88.6,KG,20240531,N,HP,US,"",239338321,HO,Pancreatitis,"",1,PS,OZEMPIC,SEMAGLUTIDE,1,"","",,"","","","",,"",,"","","",3
23934098,239340981,1,I,,20240528,20240603,20240603,PER,"",US-PHARMING-PHAUS2024000427,PHARMING GROUP,"",,"","","",Y,,"",20240603,"",CN,US,US,,,Allergic sinusitis,"",5,C,OZEMPIC,SEMAGLUTIDE,1,"","",,"","","","",,"",,"",Injection,"",
23934155,239341551,1,I,20240520,20240521,20240603,20240603,PER,"",US-ALKERMES INC.-ALK-2024-001417,ALKERMES,"",42,YR,"",M,Y,105.22,KG,20240603,"",HP,US,US,,,Needle issue,"",12,C,OZEMPIC,SEMAGLUTIDE,1,Unknown,0.5 milligram,,"","","","",,"",0.5,MG,"","",
23934234,239342341,1,I,,20230607,20240603,20240603,EXP,"",US-NOVOPROD-1228761,NOVO NORDISK,"",,"","",F,Y,,"",20240603,"",CN,US,US,239342341,HO,Spinal operation,"",1,PS,OZEMPIC,SEMAGLUTIDE,1,Subcutaneous,UNK,,"",U,"","",,209637,,"",Solution for injection,"",3
23934236,239342362,2,F,,20230828,20240603,20240607,EXP,"",US-NOVOPROD-1229066,NOVO NORDISK,"",,"","",F,Y,,"",20240607,"",CN,US,US,239342362,OT,Product use in unapproved indication,"",1,PS,OZEMPIC,SEMAGLUTIDE,1,Subcutaneous,UNK,,"",U,"","",,209637,,"",Solution for injection,"",7
23934237,239342371,1,I,,20230710,20240603,20240603,EXP,"",US-NOVOPROD-1202417,NOVO NORDISK,"",,"",A,"",Y,,"",20240603,"",CN,US,US,239342371,OT,Chronic kidney disease,"",1,PS,OZEMPIC,SEMAGLUTIDE,1,Subcutaneous,UNK,,"",U,"","",,209637,,"",Solution for injection,"",7
23934250,239342501,1,I,,20230926,20240603,20240603,EXP,"",US-NOVOPROD-1228715,NOVO NORDISK,"",,"","",F,Y,,"",20240603,"",CN,US,US,239342501,OT,Multiple sclerosis,"",1,PS,OZEMPIC,SEMAGLUTIDE,1,Subcutaneous,UNK,,"",U,"","",,209637,,"",Solution for injection,"",7
23934252,239342521,1,I,,20230828,20240603,20240603,EXP,"",US-NOVOPROD-1229457,NOVO NORDISK,"",,"","","",Y,,"",20240603,"",CN,US,US,239342521,OT,Gastric operation,"",1,PS,OZEMPIC,SEMAGLUTIDE,1,Subcutaneous,UNK,,"",U,"","",,209637,,"",Solution for injection,"",7
23934348,239343481,1,I,,20230919,20240603,20240603,EXP,"",US-NOVOPROD-1230539,NOVO NORDISK,"",,"","",F,Y,,"",20240603,"",CN,US,US,239343481,OT,Medical procedure,"",1,PS,OZEMPIC,SEMAGLUTIDE,1,Subcutaneous,1 mg,,"",N,U,NAR0078,,209637,1,MG,Solution for injection,"",7
23934349,239343491,1,I,,20230928,20240603,20240603,EXP,"",US-NOVOPROD-1230551,NOVO NORDISK,"",,"","",F,Y,,"",20240603,"",CN,US,US,239343491,OT,Foot operation,"",1,PS,OZEMPIC,SEMAGLUTIDE,1,Subcutaneous,UNK,,"",U,"","",,209637,,"",Solution for injection,"",7
23934567,239345671,1,I,20240528,20240530,20240603,20240603,PER,"",US-ELI_LILLY_AND_COMPANY-US202405019087,ELI LILLY AND CO,"",60,YR,A,F,Y,,"",20240603,"",CN,US,US,,,Blood glucose increased,"",3,C,OZEMPIC,SEMAGLUTIDE,1,"","",,"","","","",,"",,"","","",
23934633,239346331,1,I,,20240603,20240603,20240603,PER,"",US-ELI_LILLY_AND_COMPANY-US202406000766,ELI LILLY AND CO,"",76,YR,E,F,Y,,"",20240603,"",CN,US,US,,,Incorrect dose administered,"",3,C,OZEMPIC,SEMAGLUTIDE,1,"","",,"","","","",,"",,"","","",
23934776,239347761,1,I,,20240531,20240604,20240604,EXP,"",US-BRISTOL-MYERS SQUIBB COMPANY-2024-089057,BRISTOL MYERS SQUIBB,"",85,YR,E,F,Y,,"",20240604,"",HP,US,US,239347761,DE,Death,"",9,C,SEMAGLUTIDE,SEMAGLUTIDE,1,"","",,"",U,"","",,"",,"","","",1
23934822,239348222,2,F,,20240610,20240604,20240610,PER,"","US-B.I. Pharmaceuticals,Inc./Ridgefield-2024-BI-031642",BOEHRINGER INGELHEIM,"",,"","",F,Y,,"",20240610,"",CN,US,US,,,Drug ineffective,"",8,C,OZEMPIC,SEMAGLUTIDE,1,"","",,"","","","",,"",,"","","",
23934838,239348381,1,I,20230101,20240531,20240604,20240604,EXP,"",US-ABBVIE-5784132,ABBVIE,"",,"","",F,Y,47,KG,20240604,"",CN,US,US,239348381,HO,Transient ischaemic attack,"",4,C,OZEMPIC,SEMAGLUTIDE,1,"","",,"","","","",,"",,"","","",3
23935030,239350301,1,I,,20240524,20240604,20240604,EXP,"",US-NOVOPROD-1197072,NOVO NORDISK,"",,"","",F,Y,,"",20240604,"",HP,US,US,239350301,OT,Maternal exposure during pregnancy,"",1,PS,WEGOVY,SEMAGLUTIDE,1,Subcutaneous,UNK,,"",D,"","",,215256,,"",Solution for injection,"",7
23935031,239350311,1,I,,20240524,20240604,20240604,EXP,"",US-NOVOPROD-1229320,NOVO NORDISK,"",,"","",F,Y,,"",20240604,"",MD,US,US,239350311,HO,Blood creatinine abnormal,"",1,PS,OZEMPIC,SEMAGLUTIDE,1,Subcutaneous,"0.25 mg, qw",,"","","","",,209637,0.25,MG,Solution for injection,/WK,3
23935035,239350351,1,I,,20240524,20240604,20240604,EXP,"",US-NOVOPROD-1229247,NOVO NORDISK,"",,"","",F,Y,,"",20240604,"",CN,US,US,239350351,OT,Vomiting,"",1,PS,RYBELSUS,SEMAGLUTIDE,1,Oral,UNK,,"",U,"","",,213051,,"",Tablet,"",7
23935036,239350361,1,I,20210501,20240524,20240604,20240604,EXP,"",US-NOVOPROD-1229147,NOVO NORDISK,"",74,YR,"",F,Y,,"",20240604,"",CN,US,US,239350361,DE,Prosthetic cardiac valve malfunction,"",1,PS,OZEMPIC,SEMAGLUTIDE,1,Subcutaneous,0.5 mg,,"",U,"","",,209637,0.5,MG,Solution for injection,"",1
23935050,239350501,1,I,,20240524,20240604,20240604,EXP,"",US-NOVOPROD-1227515,NOVO NORDISK,"",,"","",F,Y,,"",20240604,"",MD,US,US,239350501,OT,Pulmonary embolism,"",1,PS,WEGOVY,SEMAGLUTIDE,1,Subcutaneous,UNK,,"","",U,"",,215256,,"",Solution for injection,"",7
23935139,239351391,1,I,20240424,20240524,20240604,20240604,EXP,"",US-NOVOPROD-1229808,NOVO NORDISK,"",74,YR,"",F,Y,,"",20240604,"",CN,US,US,239351391,HO,Wrong technique in product usage process,"",1,PS,OZEMPIC,SEMAGLUTIDE,1,Subcutaneous,0.5 mg,,"",U,"",NZF8B09,,209637,0.5,MG,Solution for injection,"",3
23935141,239351411,1,I,,20240524,20240604,20240604,EXP,"",US-NOVOPROD-1230083,NOVO NORDISK,"",,"","",F,Y,,"",20240604,"",CN,US,US,239351411,OT,Intestinal obstruction,"",1,PS,WEGOVY,SEMAGLUTIDE,1,Subcutaneous,"1 mg, qw",,"","","","",,215256,1,MG,Solution for injection,/WK,7
23935142,239351421,1,I,,20240524,20240604,20240604,EXP,"",US-NOVOPROD-1229819,NOVO NORDISK,"",,"",A,F,Y,,"",20240604,"",CN,US,US,239351421,OT,Cardiac disorder,"",1,PS,WEGOVY,SEMAGLUTIDE,1,Subcutaneous,UNK,,"",U,"","",,215256,,"",Solution for injection,"",7
23935144,239351441,1,I,,20240524,20240604,20240604,EXP,"",US-NOVOPROD-1230121,NOVO NORDISK,"",,"","",F,Y,,"",20240604,"",CN,US,US,239351441,OT,Product communication issue,"",1,PS,OZEMPIC,SEMAGLUTIDE,1,Subcutaneous,UNK,,"",U,"","",,209637,,"",Solution for injection,"",7
23935147,239351471,1,I,,20240524,20240604,20240604,EXP,"",US-NOVOPROD-1229835,NOVO NORDISK,"",,"","",F,Y,,"",20240604,"",CN,US,US,239351471,OT,Hip arthroplasty,"",1,PS,OZEMPIC,SEMAGLUTIDE,1,Subcutaneous,UNK,,"",U,"","",,209637,,"",Solution for injection,"",7
23935165,239351652,2,F,20240513,20240614,20240604,20240625,EXP,"",US-NOVOPROD-1229604,NOVO NORDISK,"",73,YR,"",M,Y,,"",20240625,"",CN,US,US,239351652,HO,Diarrhoea,"",3,SS,OZEMPIC,SEMAGLUTIDE,1,Subcutaneous,0.50 mg,,"",Y,"",NZF8B09,,"",0.5,MG,Solution for injection,"",3
23936074,239360742,2,F,20240530,20240606,20240604,20240607,PER,"",US-AMGEN-USASP2024107521,AMGEN,"",72,YR,E,F,Y,,"",20240607,"",MD,US,US,,,Device difficult to use,"",3,C,OZEMPIC,SEMAGLUTIDE,1,"","UNK UNK, qwk",,"","","","",,"",,"","",/WK,
23936100,239361001,1,I,,20240520,20240604,20240604,EXP,"",US-SUN PHARMACEUTICAL INDUSTRIES LTD-2024R1-448933,RANBAXY,"",,"",E,F,Y,,"",20240604,"",CN,US,US,239361001,OT,Accident,"",2,C,OZEMPIC,SEMAGLUTIDE,1,Unknown,UNK,,"","","","",,"",,"","","",7
23936624,239366241,1,I,20230109,20240603,20240603,20240603,DIR,705096,"",FDA-CTU,"",50,YR,"",F,N,92.25,KG,20240603,Y,CN,US,"",239366241,DS,Joint swelling,"",1,PS,SEMAGLUTIDE,SEMAGLUTIDE,1,Other,OTHER ROUTE : Injected into stomach?,,"",N,Y,"",,99,,"","","",4
23936728,239367281,1,I,20240521,20240603,20240603,20240603,DIR,705134,"",FDA-CTU,"",50,YR,"",M,N,103.5,KG,20240603,N,CN,US,"",239367281,HO,Neurological symptom,"",1,PS,WEGOVY,SEMAGLUTIDE,1,"","",,"",Y,D,"",,"",,"","","",3
23937018,239370181,1,I,20240520,20240603,20240603,20240603,DIR,705118,"",FDA-CTU,"",20,YR,"",F,N,102.15,KG,20240603,N,CN,US,"",239370181,HO,Ventricular extrasystoles,"",1,PS,WEGOVY,SEMAGLUTIDE,1,Subcutaneous,"",,"",N,D,"",,99,,"","","",3
23937206,239372061,1,I,20240602,20240603,20240603,20240603,DIR,705214,"",FDA-CTU,"",42,YR,"",F,N,74.25,KG,20240603,N,CN,US,"",239372061,HO,Paraesthesia,"",1,PS,SEMAGLUTIDE,SEMAGLUTIDE,1,Subcutaneous,OTHER QUANTITY : 1 Injection(s);?OTHER FREQUENCY : weekly;?,,"",N,D,"",,99,,"","",999,3
23937280,239372801,1,I,20231102,20240603,20240603,20240603,DIR,705206,"",FDA-CTU,"",32,YR,"",F,N,81,KG,20240603,N,CN,US,"",239372801,HO,Cholelithiasis,"",1,PS,WEGOVY,SEMAGLUTIDE,1,"","",,"",N,D,"",,"",,"","","",3
23937534,239375341,1,I,,20240524,20240604,20240604,PER,"",US-SA-2024SA160426,SANOFI AVENTIS,"",61,YR,A,M,Y,,"",20240604,"",CN,US,US,,,Injection site pain,"",2,C,OZEMPIC,SEMAGLUTIDE,1,"","",,"",U,"","",,"",,"","","",
23937740,239377401,1,I,20240519,20240529,20240604,20240604,EXP,"",US-SA-2024SA164900,SANOFI AVENTIS,"",73,YR,E,F,Y,,"",20240604,"",HP,US,US,239377401,DE,Death,"",2,C,OZEMPIC,SEMAGLUTIDE,1,"","",,"",U,"","",,"",,"","","",1
23937879,239378791,1,I,,20240529,20240604,20240604,PER,"",US-TAKEDA-2024TUS054291,TAKEDA,"",,"","",F,Y,73,KG,20240604,"",CN,US,US,,,Device leakage,"",3,C,OZEMPIC,SEMAGLUTIDE,1,"",UNK,,"","","","",,"",,"","","",
23938157,239381571,1,I,20240430,20240528,20240604,20240604,PER,"",US-SA-2024SA164890,SANOFI AVENTIS,"",60,YR,A,F,Y,87.99,KG,20240604,"",MD,US,US,239381571,OT,Knee arthroplasty,"",5,C,OZEMPIC,SEMAGLUTIDE,1,"","",,"",U,"","",,"",,"",Injection,"",7
23938972,239389721,1,I,20240401,20240507,20240604,20240604,PER,"",US-JNJFOC-20240519114,JOHNSON AND JOHNSON,"",69,YR,E,F,Y,103.51,KG,20240604,"",CN,US,US,,,Somnolence,"",15,C,OZEMPIC,SEMAGLUTIDE,1,Unknown,"",,"","","","",,"",,"",Unknown,"",
23939224,239392241,1,I,,20240603,20240604,20240604,EXP,"",US-BRISTOL-MYERS SQUIBB COMPANY-2024-090141,BRISTOL MYERS SQUIBB,"",79,YR,E,F,Y,,"",20240605,"",CN,US,US,239392241,OT,Atrial fibrillation,"",15,C,SEMAGLUTIDE,SEMAGLUTIDE,1,"","",,"",U,"","",,"",,"","","",7
23939301,239393011,1,I,,20240528,20240605,20240605,EXP,"",US-NOVOPROD-1230560,NOVO NORDISK,"",,"","",F,Y,,"",20240605,"",CN,US,US,239393011,OT,Blindness,"",1,PS,OZEMPIC,SEMAGLUTIDE,1,Subcutaneous,1 mg,,"",U,"",PAR0153,,209637,1,MG,Solution for injection,"",7
23939303,239393031,1,I,20200101,20240527,20240605,20240605,EXP,"",US-NOVOPROD-1231043,NOVO NORDISK,"",75,YR,"",F,Y,68.946,KG,20240605,"",CN,US,US,239393031,OT,Sleep apnoea syndrome,"",1,PS,WEGOVY,SEMAGLUTIDE,1,Subcutaneous,2.4 mg,,"",U,"","",,215256,,"",Solution for injection,"",7
23939306,239393061,1,I,20240101,20240528,20240605,20240605,EXP,"",US-NOVOPROD-1230563,NOVO NORDISK,"",82,YR,"",F,Y,,"",20240605,"",CN,US,US,239393061,HO,Cataract operation,"",1,PS,OZEMPIC,SEMAGLUTIDE,1,Subcutaneous,"UNK, qw",,"","","",NZF5S49,,209637,,"",Solution for injection,"",3
23939307,239393071,1,I,20240523,20240528,20240605,20240605,EXP,"",US-NOVOPROD-1231349,NOVO NORDISK,"",,"","",F,Y,,"",20240605,"",CN,US,US,239393071,OT,Syncope,"",1,PS,OZEMPIC,SEMAGLUTIDE,1,Subcutaneous,"0.5 mg, qw",,"",U,"","",,209637,0.5,MG,Solution for injection,/WK,7
23939309,239393091,1,I,,20240528,20240605,20240605,EXP,"",US-NOVOPROD-1231232,NOVO NORDISK,"",,"","",F,Y,,"",20240605,"",MD,US,US,239393091,OT,Pulmonary embolism,"",1,PS,WEGOVY,SEMAGLUTIDE,1,"",UNK,,"","","","",,215256,,"",Solution for injection,"",7
23939707,239397071,1,I,,20240529,20240605,20240605,PER,"",US-SA-2024SA165490,SANOFI AVENTIS,"",66,YR,E,M,Y,133.8,KG,20240605,"",MD,US,US,,,Agitation,"",4,C,OZEMPIC,SEMAGLUTIDE,1,"","",,"",U,"","",,"",,"","","",
23941578,239415782,2,F,,20240609,20240605,20240612,PER,"",US-PFIZER INC-PV202400073242,PFIZER,"",58,YR,"",F,Y,,"",20240612,"",HP,US,US,,,Alopecia,"",6,C,OZEMPIC,SEMAGLUTIDE,1,"",2MG/3ML,,"","","","",,"",,"",Injection,"",
23941688,239416881,1,I,,20240604,20240605,20240605,PER,"",US-BRISTOL-MYERS SQUIBB COMPANY-2024-090668,BRISTOL MYERS SQUIBB,"",47,YR,A,F,Y,,"",20240605,"",HP,US,US,239416881,OT,Drug ineffective,"",12,C,OZEMPIC,SEMAGLUTIDE,1,"","",,"",U,"","",,"",,"","","",7
23941959,239419591,1,I,20240101,20240529,20240605,20240605,PER,"",US-SA-2024SA166143,SANOFI AVENTIS,"",45,YR,A,F,Y,,"",20240605,"",MD,US,US,,,Arthralgia,"",2,C,SEMAGLUTIDE,SEMAGLUTIDE,1,"",UNK,,"",U,"","",,"",,"","","",
23941989,239419891,1,I,20240512,20240530,20240605,20240605,PER,"",US-SA-2024SA166838,SANOFI AVENTIS,"",41,YR,A,F,Y,56.69,KG,20240605,"",MD,US,US,,,Injection site pain,"",2,C,OZEMPIC,SEMAGLUTIDE,1,Unknown,UNK,,"",U,"","",,"",,"",Injection,"",
23942063,239420631,1,I,,20240528,20240605,20240605,PER,"",US-SA-2024SA162889,SANOFI AVENTIS,"",28,YR,A,M,Y,,"",20240605,"",MD,US,US,,,Dizziness,"",2,C,WEGOVY,SEMAGLUTIDE,1,"","",,"",U,"","",,"",,"","","",
23943254,239432541,1,I,,20240516,20240605,20240605,PER,"",US-NEUROCRINE BIOSCIENCES INC.-2024NBI05109,NEUROCRINE BIOSCIENCES,"",56,YR,"",F,Y,,"",20240605,"",CN,US,US,,,Tardive dyskinesia,"",18,C,OZEMPIC,SEMAGLUTIDE,1,"","",,"","","","",,"",,"","","",
23943620,239436201,1,I,20240201,20240528,20240606,20240606,EXP,"",US-NOVOPROD-1232029,NOVO NORDISK,"",,"",A,F,Y,,"",20240606,"",HP,US,US,239436201,HO,Dehydration,"",1,PS,OZEMPIC,SEMAGLUTIDE,1,Subcutaneous,0.25 mg,,"",U,"","",,209637,0.25,MG,Solution for injection,"",3
23943633,239436331,1,I,,20240528,20240606,20240606,EXP,"",US-NOVOPROD-1231182,NOVO NORDISK,"",,"",A,M,Y,,"",20240606,"",CN,US,US,239436331,OT,Cataract operation,"",1,PS,OZEMPIC,SEMAGLUTIDE,1,Subcutaneous,UNK,,"",U,"",NZF8J14,,209637,,"",Solution for injection,"",7
23943644,239436441,1,I,20230101,20240524,20240606,20240606,EXP,"",US-NOVOPROD-1230394,NOVO NORDISK,"",68,YR,"",M,Y,256,KG,20240606,"",CN,US,US,239436441,HO,Thyroid function test abnormal,"",1,PS,OZEMPIC,SEMAGLUTIDE,1,Subcutaneous,UNK,,"",U,"","",,209637,,"",Solution for injection,"",3
23943655,239436551,1,I,,20240529,20240606,20240606,EXP,"",US-NOVOPROD-1231372,NOVO NORDISK,"",,"","",F,Y,,"",20240606,"",CN,US,US,239436551,OT,Carpal tunnel syndrome,"",1,PS,OZEMPIC,SEMAGLUTIDE,1,Subcutaneous,"2 mg, qw",,"",N,"",NAR0333,,209637,2,MG,Solution for injection,/WK,7
23943656,239436561,1,I,20240501,20240529,20240606,20240606,EXP,"",US-NOVOPROD-1231367,NOVO NORDISK,"",73,YR,"",M,Y,,"",20240606,"",CN,US,US,239436561,DS,Disability,"",1,PS,OZEMPIC,SEMAGLUTIDE,1,Subcutaneous,UNK,,"",U,"","",,209637,,"",Solution for injection,"",4
23943657,239436571,1,I,20240508,20240529,20240606,20240606,EXP,"",US-NOVOPROD-1231362,NOVO NORDISK,"",,"","","",Y,,"",20240606,"",CN,US,US,239436571,HO,Inappropriate schedule of product administration,"",1,PS,OZEMPIC,SEMAGLUTIDE,1,Subcutaneous,0.25mg,,"",U,"","",,209637,,"",Solution for injection,"",3
23943658,239436581,1,I,,20240529,20240606,20240606,EXP,"",US-NOVOPROD-1231359,NOVO NORDISK,"",,"","",F,Y,,"",20240606,"",CN,US,US,239436581,OT,Loss of consciousness,"",1,PS,OZEMPIC,SEMAGLUTIDE,1,Subcutaneous,1 mg,,"",N,"","",,209637,1,MG,Solution for injection,"",7
23943659,239436591,1,I,20240402,20240529,20240606,20240606,EXP,"",US-NOVOPROD-1232030,NOVO NORDISK,"",52,YR,"",F,Y,,"",20240606,"",PH,US,US,239436591,OT,Appendicitis,"",1,PS,OZEMPIC,SEMAGLUTIDE,1,"","",3.216,MG,Y,"","",,209637,,"",Solution for injection,"",7
23943662,239436621,1,I,20240422,20240529,20240606,20240606,EXP,"",US-NOVOPROD-1231361,NOVO NORDISK,"",,"","",F,Y,,"",20240606,"",CN,US,US,239436621,OT,Knee arthroplasty,"",1,PS,OZEMPIC,SEMAGLUTIDE,1,Subcutaneous,1 mg,,"",U,"","",,209637,1,MG,Solution for injection,"",7
23943963,239439632,2,F,20240613,20240614,20240606,20240620,PER,"",US-BRISTOL-MYERS SQUIBB COMPANY-2024-090852,BRISTOL MYERS SQUIBB,"",67,YR,E,M,Y,,"",20240620,"",CN,US,US,,,Diarrhoea,"",12,C,OZEMPIC,SEMAGLUTIDE,1,"","",,"",U,"","",,"",,"","","",
23946202,239462021,1,I,20231004,20240605,20240605,20240605,DIR,705512,"",FDA-CTU,"",34,YR,"",M,N,110.25,KG,20240605,N,"",US,"",239462021,HO,Colitis,"",1,PS,OZEMPIC,SEMAGLUTIDE,1,Subcutaneous,OTHER FREQUENCY : once weekly;?,,"",Y,Y,"",,"",,"","",999,3
23946245,239462451,1,I,20240427,20240605,20240605,20240605,DIR,705496,"",FDA-CTU,"",,"","",UNK,N,,"",20240605,N,PH,US,"",239462451,HO,Syncope,"",1,PS,SEMAGLUTIDE,SEMAGLUTIDE,1,Subcutaneous,OTHER FREQUENCY : Weekly;?,,"","","","",,"",2.4,MG,"",999,3
23946246,239462461,1,I,20240521,20240605,20240605,20240605,DIR,705522,"",FDA-CTU,"",41,YR,"",F,N,,"",20240605,N,HP,US,"",,,Nausea,"",1,PS,CYANOCOBALAMIN\GLYCINE\SEMAGLUTIDE,CYANOCOBALAMIN\GLYCINE\SEMAGLUTIDE,1,Subcutaneous,OTHER FREQUENCY : Weekly;?,,"",Y,D,LG10991937,20240807,99,0.05,ML,"",999,
23946247,239462471,1,I,20240603,20240605,20240605,20240605,DIR,705531,"",FDA-CTU,"",31,YR,"",F,N,85.5,KG,20240605,N,CN,US,"",239462471,LT,Suicidal ideation,"",1,PS,CYANOCOBALAMIN\SEMAGLUTIDE,CYANOCOBALAMIN\SEMAGLUTIDE,1,Subcutaneous,OTHER FREQUENCY : Once per week;?,,"",Y,D,03262024,20240510,99,,"","",999,2
23946708,239467081,1,I,20240506,20240606,20240606,20240606,DIR,705586,"",FDA-CTU,"",55,YR,"",F,N,99,KG,20240606,N,CN,US,"",,,Dyspepsia,"",1,PS,OZEMPIC,SEMAGLUTIDE,1,"","",,"","","","",,"",,"","","",
23946847,239468471,1,I,,20240606,20240606,20240606,DIR,705611,"",FDA-CTU,"",,"","",F,N,,"",20240606,N,HP,US,"",239468471,HO,Drug ineffective,"",10,C,OZEMPIC,SEMAGLUTIDE,1,"","",,"","","","",,"",,"","","",3
23947313,239473131,1,I,20240501,20240605,20240606,20240606,PER,"",US-PFIZER INC-PV202400074080,PFIZER,"",69,YR,"",M,Y,,"",20240606,"",CN,US,US,,,Parosmia,"",2,C,OZEMPIC,SEMAGLUTIDE,1,"","",,"","","","",,"",,"","","",
23947457,239474571,1,I,,20230725,20240606,20240606,EXP,"",US-NOVOPROD-1089711,NOVO NORDISK,"",,"","",F,Y,,"",20240606,"",CN,US,US,239474571,HO,Cardiac failure congestive,"",1,PS,OZEMPIC,SEMAGLUTIDE,1,Subcutaneous,"0.5 mg, qw",,"",Y,"","",,209637,0.5,MG,Solution for injection,/WK,3
23947458,239474581,1,I,,20230818,20240606,20240606,EXP,"",US-NOVOPROD-1230587,NOVO NORDISK,"",,"","",F,Y,,"",20240606,"",CN,US,US,239474581,OT,Deafness,"",1,PS,WEGOVY,SEMAGLUTIDE,1,Subcutaneous,2.4 mg,,"",U,"",NZG4G40,,215256,2.4,MG,Solution for injection,"",7
23947459,239474591,1,I,20230101,20230714,20240606,20240606,EXP,"",US-NOVOPROD-1095277,NOVO NORDISK,"",,"",A,F,Y,,"",20240606,"",CN,US,US,239474591,HO,Polypectomy,"",1,PS,OZEMPIC,SEMAGLUTIDE,1,Subcutaneous,0.25 mg,,"",U,"",NZF5F16,,209637,,"",Solution for injection,"",3
23947460,239474601,1,I,,20230724,20240606,20240606,EXP,"",US-NOVOPROD-1104844,NOVO NORDISK,"",,"","",F,Y,,"",20240606,"",CN,US,US,239474601,OT,Blood glucose increased,"",1,PS,OZEMPIC,SEMAGLUTIDE,1,Subcutaneous,0.25 mg for 8 weeks,,"",U,"",NZF4R99,,209637,,"",Solution for injection,"",7
23947473,239474731,1,I,,20240531,20240606,20240606,PER,"",US-Blueprint Medicines Corporation-SP-US-2024-001152,BLUEPRINT MEDICINES,"",,"","",F,Y,,"",20240606,"",CN,US,US,,,Periorbital swelling,"",6,C,OZEMPIC,SEMAGLUTIDE,1,Unknown,"",,"","","","",,"",,"",Unknown,"",
23947545,239475451,1,I,,20230925,20240606,20240606,EXP,"",US-NOVOPROD-1228403,NOVO NORDISK,"",,"","",F,Y,,"",20240606,"",CN,US,US,239475451,DS,Disability,"",1,PS,WEGOVY,SEMAGLUTIDE,1,Subcutaneous,UNK,,"",U,"","",,215256,,"",Solution for injection,"",4
23948512,239485121,1,I,,20240529,20240607,20240607,PER,"",US-AMGEN-USASP2024108496,AMGEN,"Rezigh A.; Rezigh A.; Sherman S. et al.. Lessons in clinical reasoning - pitfalls, myths, and pearls: a woman brought to a halt. Diagnosis (Berlin). 2024;11 (2):205-211",60,YR,A,F,Y,,"",20240607,"",MD,US,US,,,Off label use,"",4,C,SEMAGLUTIDE,SEMAGLUTIDE,1,"","",,"","","","",,"",,"","","",
23949565,239495651,1,I,20240518,20240606,20240606,20240606,DIR,FDA-CDER-CTU-2024-40504,"",FDA-CTU,"",59,YR,"",F,N,,"",20240606,Y,PH,US,"",239495651,HO,Pain in extremity,"",6,C,OZEMPIC,SEMAGLUTIDE,1,"","",,"","","","",,"",,"","","",3
23949603,239496031,1,I,20240101,20240531,20240607,20240607,EXP,"",US-UCBSA-2024021187,UCB,"",,"","",F,Y,147,KG,20240607,"",CN,US,US,239496031,OT,Thyroid cancer,"",13,C,OZEMPIC,SEMAGLUTIDE,1,"",UNK,,"",U,"","",,"",,"","","",7
23949791,239497911,1,I,20240524,20240606,20240606,20240606,DIR,705709,"",FDA-CTU,"",67,YR,"",F,N,76.05,KG,20240606,Y,CN,US,"",239497911,HO,Discomfort,"",1,PS,OZEMPIC,SEMAGLUTIDE,1,Subcutaneous,OTHER QUANTITY : 1 Injection(s)?OTHER FREQUENCY : weekly?,,"",N,D,12902028940700,20250630,"",,"","",999,3
23949800,239498001,1,I,20240601,20240606,20240606,20240606,DIR,705697,"",FDA-CTU,"",57,YR,"",M,N,136.8,KG,20240606,N,MD,US,"",239498001,LT,Depression,"",1,PS,OZEMPIC,SEMAGLUTIDE,1,"","",,"","","","",,"",,"","","",2
23950462,239504621,1,I,20240101,20240604,20240607,20240607,EXP,"","US-REGENERON PHARMACEUTICALS, INC.-2024-082066",REGENERON,"",,"","",F,Y,,"",20240607,"",CN,US,US,239504621,OT,Neuropathy peripheral,"",2,C,OZEMPIC,SEMAGLUTIDE,1,Unknown,UNK,,"","","","",,"",,"","","",7
23950822,239508221,1,I,20240516,20240529,20240607,20240607,EXP,"",US-NOVOPROD-1230415,NOVO NORDISK,"",40,YR,"",F,Y,,"",20240607,"",CN,US,US,239508221,HO,Haematemesis,"",1,PS,OZEMPIC,SEMAGLUTIDE,1,Subcutaneous,"0.25 mg, qw",,"",Y,"",00301694525146,,209637,0.25,MG,Solution for injection,/WK,3
23950824,239508241,1,I,20240501,20240528,20240607,20240607,EXP,"",US-NOVOPROD-1231440,NOVO NORDISK,"",,"",A,M,Y,,"",20240607,"",HP,US,US,239508241,HO,Drug detoxification,"",1,PS,OZEMPIC,SEMAGLUTIDE,1,Subcutaneous,"1 mg, qw",,"",U,"",PAR0226,,209637,1,MG,Solution for injection,/WK,3
23950825,239508251,1,I,,20240529,20240607,20240607,EXP,"",US-NOVOPROD-1230280,NOVO NORDISK,"",,"","",F,Y,,"",20240607,"",CN,US,US,239508251,HO,Pneumonia,"",1,PS,OZEMPIC,SEMAGLUTIDE,1,Subcutaneous,2 mg,,"","","",NAR0334,,209637,,"",Solution for injection,"",3
23950826,239508261,1,I,20240512,20240529,20240607,20240607,EXP,"",US-NOVOPROD-1230626,NOVO NORDISK,"",,"","",F,Y,,"",20240607,"",MD,US,US,239508261,HO,Pulmonary embolism,"",1,PS,WEGOVY,SEMAGLUTIDE,1,Subcutaneous,2.4mg once weekly,,"",U,"","",,215256,2.4,MG,Solution for injection,/WK,3
23950828,239508281,1,I,20240301,20240528,20240607,20240607,EXP,"",US-NOVOPROD-1229758,NOVO NORDISK,"",,"","",F,Y,,"",20240607,"",CN,US,US,239508281,OT,Surgery,"",1,PS,OZEMPIC,SEMAGLUTIDE,1,Subcutaneous,2 mg,,"",U,"","",,209637,2,MG,Solution for injection,"",7
23950879,239508791,1,I,,20240529,20240607,20240607,EXP,"",US-NOVOPROD-1231380,NOVO NORDISK,"",,"","",F,Y,,"",20240607,"",CN,US,US,239508791,OT,Renal disorder,"",1,PS,OZEMPIC,SEMAGLUTIDE,1,Subcutaneous,0.25 mg,,"",N,U,NZF8HD1,,209637,0.25,MG,Solution for injection,"",7
23951055,239510551,1,I,20240401,20240607,20240607,20240607,DIR,705802,"",FDA-CTU,"",45,YR,"",F,N,103.5,KG,20240607,N,CN,US,"",239510551,RI,Vision blurred,"",1,PS,OZEMPIC,SEMAGLUTIDE,1,"","",,"",Y,D,"",,99,,"","","",6
23951231,239512311,1,I,20240530,20240530,20240607,20240607,EXP,"",US-NOVOPROD-1231180,NOVO NORDISK,"",87,YR,"",M,Y,,"",20240607,"",CN,US,US,239512311,OT,Vision blurred,"",1,PS,OZEMPIC,SEMAGLUTIDE,1,Subcutaneous,"0.25 mg, qw",,"",U,"",NZF8J14,,209637,0.25,MG,Solution for injection,/WK,7
23951233,239512331,1,I,,20240530,20240607,20240607,EXP,"",US-NOVOPROD-1231838,NOVO NORDISK,"",,"","",F,Y,,"",20240607,"",CN,US,US,239512331,HO,Arterial occlusive disease,"",1,PS,OZEMPIC,SEMAGLUTIDE,1,Subcutaneous,2 mg,,"",U,"",PAR0014,,209637,2,MG,Solution for injection,"",3
23951402,239514021,1,I,,20240530,20240607,20240607,EXP,"",US-NOVOPROD-1232552,NOVO NORDISK,"",,"","",M,Y,,"",20240607,"",CN,US,US,239514021,DS,Disability,"",1,PS,OZEMPIC,SEMAGLUTIDE,1,Subcutaneous,UNK,,"",U,"","",,209637,,"",Solution for injection,"",4
23952183,239521831,1,I,20240606,20240606,20240606,20240606,DIR,FDA-CDER-CTU-2024-40743,"",FDA-CTU,"",63,YR,"",F,N,,"",20240606,N,HP,US,"",239521831,OT,Weight increased,"",2,SS,OZEMPIC,SEMAGLUTIDE,1,"","",,"","","","",,"",,"","","",7
23952354,239523541,1,I,,20240529,20240607,20240607,EXP,"",US-ZPPROD-ZP24US000895,ZEALAND PHARMACEUTICALS,"",,"","",M,Y,,"",20240607,"",MD,US,US,239523541,DE,Death,"",2,SS,OZEMPIC,SEMAGLUTIDE,1,Subcutaneous,0.25/ 0.50,,"",U,"",unknown,,"",,"","","",1
23952621,239526211,1,I,,20240604,20240607,20240607,PER,"",US-BRISTOL-MYERS SQUIBB COMPANY-2024-091075,BRISTOL MYERS SQUIBB,"",67,YR,E,M,Y,,"",20240607,"",HP,US,US,,,Diarrhoea,"",10,C,OZEMPIC,SEMAGLUTIDE,1,"",2MG/3ML,,"",U,"","",,"",,"",Injection,"",
23952752,239527521,1,I,20240401,20240606,20240607,20240607,PER,"","US-B.I. Pharmaceuticals,Inc./Ridgefield-2024-BI-032504",BOEHRINGER INGELHEIM,"",77,YR,E,M,Y,,"",20240607,"",CN,US,US,,,Gait disturbance,"",2,SS,RYBELSUS,SEMAGLUTIDE,1,"","",,"",Y,"",Unknown,,"",,"","","",
23952789,239527891,1,I,20230904,20240607,20240607,20240607,DIR,705875,"",FDA-CTU,"",30,YR,"",F,N,,"",20240607,N,CN,US,"",239527891,HO,Diarrhoea,"",1,PS,OZEMPIC,SEMAGLUTIDE,1,"","",,"","","","",,99,,"","","",3
23952810,239528101,1,I,20240529,20240607,20240607,20240607,DIR,705887,"",FDA-CTU,"",74,YR,"",F,N,65.25,KG,20240607,"",CN,US,"",239528101,HO,Seizure,"",1,PS,SEMAGLUTIDE,SEMAGLUTIDE,1,"","",,"",N,D,"",,"",,"","","",3
23953363,239533631,1,I,,20240603,20240608,20240608,PER,"",US-SA-2024SA168935,SANOFI AVENTIS,"",,"",A,F,Y,,"",20240608,"",MD,US,US,,,Depressed mood,"",4,C,OZEMPIC,SEMAGLUTIDE,1,"","",,"",U,"","",,"",,"","","",
23953715,239537151,1,I,20240604,20240604,20240608,20240608,EXP,"",US-SA-2024SA171149,SANOFI AVENTIS,"",43,YR,A,F,Y,,"",20240609,"",HP,US,US,239537151,OT,Sinusitis,"",8,C,RYBELSUS,SEMAGLUTIDE,1,"","",,"",U,"","",,"",,"","","",7
23954119,239541191,1,I,20240521,20240530,20240609,20240609,EXP,"",US-NOVOPROD-1095289,NOVO NORDISK,"",74,YR,"",F,Y,,"",20240610,"",CN,US,US,239541191,OT,Nausea,"",1,PS,OZEMPIC,SEMAGLUTIDE,1,"","",,"",Y,"","",,209637,,"",Solution for injection,"",7
23954131,239541311,1,I,,20240604,20240609,20240609,EXP,"",US-ABBVIE-5789268,ABBVIE,"",,"","",F,Y,,"",20240609,"",CN,US,US,239541311,HO,Illness,"",2,SS,OZEMPIC,SEMAGLUTIDE,1,Unknown,Once a week,,"",U,"","",,"",,"","","",3
23954143,239541431,1,I,20240529,20240530,20240609,20240609,EXP,"",US-NOVOPROD-1231804,NOVO NORDISK,"",59,YR,"",F,Y,,"",20240610,"",MD,US,US,239541431,OT,Oesophageal rupture,"",1,PS,WEGOVY,SEMAGLUTIDE,1,Subcutaneous,UNK,,"",N,"","",,215256,,"",Solution for injection,"",7
23954144,239541441,1,I,,20240530,20240609,20240609,EXP,"",US-NOVOPROD-1231798,NOVO NORDISK,"",,"","",F,Y,,"",20240610,"",CN,US,US,239541441,OT,Product communication issue,"",1,PS,OZEMPIC,SEMAGLUTIDE,1,Subcutaneous,0.5 mg (two doses of 0.25 mg),,"",U,"","",,209637,,"",Solution for injection,"",7
23954145,239541451,1,I,20240101,20240530,20240609,20240609,EXP,"",US-NOVOPROD-1231691,NOVO NORDISK,"",65,YR,"",F,Y,,"",20240610,"",CN,US,US,239541451,OT,Renal disorder,"",1,PS,OZEMPIC,SEMAGLUTIDE,1,Subcutaneous,"2 mg, qw",,"",U,"",NAR0334,,209637,2,MG,Solution for injection,/WK,7
23954146,239541461,1,I,20240514,20240530,20240609,20240609,EXP,"",US-NOVOPROD-1231696,NOVO NORDISK,"",80,YR,"",F,Y,,"",20240610,"",CN,US,US,239541461,HO,Arthralgia,"",1,PS,OZEMPIC,SEMAGLUTIDE,1,Subcutaneous,"0.25 mg, qw",0.25,MG,N,"",00301694181137,,209637,0.25,MG,Solution for injection,/WK,3
23954150,239541501,1,I,,20240530,20240609,20240609,EXP,"",US-NOVOPROD-1232339,NOVO NORDISK,"",,"","",F,Y,,"",20240610,"",CN,US,US,239541501,OT,Cerebrovascular accident,"",2,SS,OZEMPIC,SEMAGLUTIDE,1,Subcutaneous,UNK,,"","","","",,"",,"",Solution for injection,"",7
23954151,239541511,1,I,20240409,20240530,20240609,20240609,EXP,"",US-NOVOPROD-1231901,NOVO NORDISK,"",,"","",M,Y,,"",20240610,"",CN,US,US,239541511,DS,Joint dislocation,"",1,PS,WEGOVY,SEMAGLUTIDE,1,Transplacental,1mg,,"","","","",,215256,,"",Solution for injection,"",4
23954157,239541571,1,I,,20240530,20240609,20240609,EXP,"",US-NOVOPROD-1232450,NOVO NORDISK,"",,"","",M,Y,,"",20240610,"",CN,US,US,239541571,OT,Internal haemorrhage,"",1,PS,OZEMPIC,SEMAGLUTIDE,1,Subcutaneous,UNK,,"",U,"","",,209637,,"",Solution for injection,"",7
23954158,239541581,1,I,20240528,20240530,20240609,20240609,EXP,"",US-NOVOPROD-1233102,NOVO NORDISK,"",82,YR,"",F,Y,,"",20240610,"",CN,US,US,239541581,HO,Off label use,"",1,PS,OZEMPIC,SEMAGLUTIDE,1,Subcutaneous,0.5 mg,,"",N,"","",,209637,0.5,MG,Solution for injection,"",3
23954163,239541631,1,I,,20240603,20240609,20240609,EXP,"",US-JNJFOC-20240605317,JOHNSON AND JOHNSON,"",,"","",F,Y,,"",20240610,"",HP,US,US,239541631,HO,Gastrooesophageal reflux disease,"",3,C,WEGOVY,SEMAGLUTIDE,1,"","",,"","","","",,"",,"","","",3
23954199,239541991,1,I,20240523,20240531,20240609,20240609,EXP,"",US-NOVOPROD-1232028,NOVO NORDISK,"",71,YR,"",F,Y,,"",20240610,"",CN,US,US,239541991,HO,Muscle operation,"",1,PS,OZEMPIC,SEMAGLUTIDE,1,Subcutaneous,"0.25 mg, qw",0.5,MG,D,"",PZF8S57,,209637,0.25,MG,Solution for injection,/WK,3
23954201,239542011,1,I,,20240531,20240609,20240609,EXP,"",US-NOVOPROD-1233414,NOVO NORDISK,"",,"",A,F,Y,,"",20240610,"",CN,US,US,239542011,OT,Diverticulitis,"",1,PS,OZEMPIC,SEMAGLUTIDE,1,Subcutaneous,"1 mg, qw",,"","","","",,209637,1,MG,Solution for injection,/WK,7
23954202,239542021,1,I,,20240531,20240609,20240609,EXP,"",US-NOVOPROD-1233304,NOVO NORDISK,"",,"","",F,Y,,"",20240610,"",CN,US,US,239542021,HO,Product use issue,"",1,PS,OZEMPIC,SEMAGLUTIDE,1,Subcutaneous,2 mg,,"",U,"","",,209637,2,MG,Solution for injection,"",3
23954203,239542031,1,I,20240501,20240531,20240609,20240609,EXP,"",US-NOVOPROD-1233033,NOVO NORDISK,"",,"","",F,Y,,"",20240610,"",CN,US,US,239542031,OT,Surgery,"",1,PS,OZEMPIC,SEMAGLUTIDE,1,Subcutaneous,0.25 mg,,"",U,"","",,209637,0.25,MG,Solution for injection,"",7
23954206,239542061,1,I,20240501,20240524,20240609,20240609,30DAY,"",US-NOVOPROD-1230124,NOVO NORDISK,"",,"","",M,Y,,"",20240610,"",CN,US,US,239542061,OT,Device malfunction,"",1,PS,OZEMPIC,SEMAGLUTIDE,1,Subcutaneous,Unk (Overdose),,"",U,"","",,209637,,"",Solution for injection,"",7
23955044,239550441,1,I,,20240603,20240610,20240610,EXP,"",US-UNITED THERAPEUTICS-UNT-2024-008914,UNITED THERAPEUTICS,"",,"","",M,Y,113.38,KG,20240610,"","",US,US,239550441,OT,Photosensitivity reaction,"",6,C,OZEMPIC,SEMAGLUTIDE,1,"",UNK,,"","","","",,"",,"","","",7
23955463,239554634,4,F,,20240619,20240610,20240626,EXP,"",US-TAKEDA-2024TUS057195,TAKEDA,"",,"","",M,Y,113,KG,20240626,"",HP,US,US,239554634,HO,Vascular device infection,"",14,C,OZEMPIC,SEMAGLUTIDE,1,Unknown,UNK,,"","","","",,"",,"","","",3
23956035,239560351,1,I,20230401,20230912,20240610,20240610,PER,"",US-CADILA HEALTHCARE LIMITED-US-ZYDUS-098061,ZYDUS PHARM,"",,"","","",Y,,"",20240610,"",CN,US,US,,,Abdominal discomfort,"",2,SS,OZEMPIC,SEMAGLUTIDE,1,Unknown,"UNK, UNK",,"",N,"",UNK,,"",,"","","",
23956576,239565761,1,I,,20240530,20240610,20240610,EXP,"",US-NOVOPROD-1234061,NOVO NORDISK,"",,"","",F,Y,,"",20240610,"",CN,US,US,239565761,HO,Hospitalisation,"",2,SS,OZEMPIC,SEMAGLUTIDE,1,Subcutaneous,UNK,,"","","","",,"",,"",Solution for injection,"",3
23957747,239577471,1,I,20230601,20240606,20240610,20240610,EXP,"",US-JAZZ PHARMACEUTICALS-2023-US-007736,JAZZ,"",47,YR,"",F,Y,,"",20240610,"",HP,US,US,239577471,OT,Sinusitis,"",15,C,OZEMPIC,SEMAGLUTIDE,1,"",UNK,,"","","","",,"",,"","","",7
23957879,239578791,1,I,20240401,20240603,20240610,20240610,EXP,"",US-BAYER-2024A066523,BAYER,"",55,YR,A,M,Y,,"",20240610,"",CN,US,US,239578791,HO,Nausea,"",7,C,OZEMPIC,SEMAGLUTIDE,1,"",UNK,,"","","","",,"",,"","","",3
23958476,239584761,1,I,,20240604,20240610,20240610,EXP,"",US-BRISTOL-MYERS SQUIBB COMPANY-2024-091111,BRISTOL MYERS SQUIBB,"",59,YR,A,F,Y,94.35,KG,20240610,"",CN,US,US,239584761,OT,Arthritis,"",2,C,OZEMPIC,SEMAGLUTIDE,1,"","",,"",U,"","",,"",,"","","",7
23958642,239586421,1,I,20240502,20240530,20240610,20240610,EXP,"",US-NOVOPROD-1231686,NOVO NORDISK,"",82,YR,"",M,Y,,"",20240611,"",CN,US,US,239586421,HO,Fall,"",1,PS,OZEMPIC,SEMAGLUTIDE,1,Subcutaneous,1 mg,,"",U,"","",,209637,,"",Solution for injection,"",3
23958676,239586761,1,I,20230901,20240531,20240610,20240610,EXP,"",US-NOVOPROD-1233054,NOVO NORDISK,"",63,YR,"",M,Y,,"",20240611,"",CN,US,US,239586761,HO,Asthenia,"",2,PS,OZEMPIC,SEMAGLUTIDE,1,Subcutaneous,"2 mg, qw",,"","","",par0232,,209637,2,MG,Solution for injection,/WK,3
23958678,239586781,1,I,20240507,20240531,20240610,20240610,EXP,"",US-NOVOPROD-1232522,NOVO NORDISK,"",61,YR,"",F,Y,,"",20240611,"",CN,US,US,239586781,OT,Stent placement,"",1,PS,OZEMPIC,SEMAGLUTIDE,1,Subcutaneous,"2 mg, qw",,"",N,"","",,209637,2,MG,Solution for injection,/WK,7
23958680,239586801,1,I,20240401,20240531,20240610,20240610,EXP,"",US-NOVOPROD-1232373,NOVO NORDISK,"",,"",A,M,Y,,"",20240611,"",CN,US,US,239586801,HO,Glycosylated haemoglobin increased,"",1,PS,OZEMPIC,SEMAGLUTIDE,1,Subcutaneous,0.50 mg,,"",Y,"","",,209637,,"",Solution for injection,"",3
23958684,239586841,1,I,,20240531,20240610,20240610,EXP,"",US-NOVOPROD-1233417,NOVO NORDISK,"",58,YR,"","",Y,,"",20240611,"",CN,US,US,239586841,HO,Intestinal obstruction,"",1,PS,OZEMPIC,SEMAGLUTIDE,1,Subcutaneous,UNK,,"",N,"","",,209637,,"",Solution for injection,"",3
23958687,239586871,1,I,20230101,20240531,20240610,20240610,EXP,"",US-NOVOPROD-1233420,NOVO NORDISK,"",37,YR,"",F,Y,,"",20240611,"",CN,US,US,239586871,HO,Dehydration,"",1,PS,OZEMPIC,SEMAGLUTIDE,1,Subcutaneous,"0.05 mg, qw",,"","","","",,209637,0.05,MG,Solution for injection,/WK,3
23959225,239592252,2,F,20240301,20240606,20240611,20240614,PER,"",US-AMGEN-USASP2024112986,AMGEN,"",73,YR,E,F,Y,,"",20240614,"",HP,US,US,,,Diarrhoea,"",13,C,RYBELSUS,SEMAGLUTIDE,1,"",3 milligram,,"","","","",,"",3,MG,"","",
23959291,239592911,1,I,,20240604,20240611,20240611,PER,"",US-UNITED THERAPEUTICS-UNT-2024-011873,UNITED THERAPEUTICS,"",,"","",M,Y,89.342,KG,20240611,"","",US,US,,,Blood pressure systolic decreased,"",5,C,OZEMPIC,SEMAGLUTIDE,1,"",UNK,,"","","","",,"",,"","","",
23960056,239600561,1,I,,20240610,20240611,20240611,PER,"","US-B.I. Pharmaceuticals,Inc./Ridgefield-2024-BI-033045",BOEHRINGER INGELHEIM,"",,"","",F,Y,,"",20240611,"",CN,US,US,,,Renal disorder,"",2,SS,OZEMPIC,SEMAGLUTIDE,1,"","",,"",U,"",Unknown,,"",,"","","",
23960284,239602842,2,F,,20240610,20240611,20240619,PER,"",US-ALEMBIC PHARMACUETICALS LIMITED-2024SCAL000741,ALEMBIC,"",,"","","",Y,,"",20240619,"",CN,US,US,,,Peripheral swelling,"",26,C,OZEMPIC,SEMAGLUTIDE,1,Unknown,UNK,,"","","","",,"",,"","","",
23960344,239603441,1,I,20240607,20240608,20240608,20240608,DIR,705948,"",FDA-CTU,"",66,YR,"",F,N,70.2,KG,20240608,Y,CN,US,"",239603441,OT,Vomiting,"",1,PS,SEMAGLUTIDE,SEMAGLUTIDE,1,Other,OTHER QUANTITY : 0.25 Injection(s);?OTHER FREQUENCY : Once per week;?OTHER ROUTE : Injected into fat area lower stomach;?,,"",Y,D,302120,20250524,99,,"","",999,7
23960848,239608481,1,I,20240609,20240609,20240609,20240609,DIR,706006,"",FDA-CTU,"",,"","",F,N,,"",20240609,Y,CN,US,"",239608481,OT,Heavy menstrual bleeding,"",1,PS,OZEMPIC,SEMAGLUTIDE,1,"","",,"","","","",,"",,"","","",7
23960856,239608561,1,I,20240516,20240609,20240609,20240609,DIR,706005,"",FDA-CTU,"",36,YR,"",F,N,94.5,KG,20240609,N,CN,US,"",239608561,DS,Emotional disorder,"",1,PS,OZEMPIC,SEMAGLUTIDE,1,Subcutaneous,OTHER QUANTITY : 1 Injection(s);?Frequency : Weekly;?,,"",Y,D,MS7EO2B,20270430,99,,"","",QW,4
23960859,239608591,1,I,20240602,20240609,20240609,20240609,DIR,705971,"",FDA-CTU,"",51,YR,"",F,N,139.5,KG,20240609,N,CN,US,"",239608591,DS,Myalgia,"",9,C,RYBELSUS,SEMAGLUTIDE,1,"","",,"","","","",,"",,"","","",4
23960921,239609211,1,I,20240508,20240609,20240609,20240609,DIR,705974,"",FDA-CTU,"",47,YR,"",F,N,63,KG,20240609,N,CN,US,"",,,Pain of skin,"",1,PS,WEGOVY,SEMAGLUTIDE,1,Subcutaneous,OTHER QUANTITY : 1 Injection(s);?Frequency : Weekly;?,,"",N,Y,PZF8V96,20261031,"",,"","",QW,
23961640,239616401,1,I,,20240607,20240610,20240610,DIR,FDA-CDER-CTU-2024-40966,"",FDA-CTU,"",,"","",F,N,,"",20240607,N,HP,US,"",239616401,HO,Therapy interrupted,"",7,C,OZEMPIC,SEMAGLUTIDE,1,"","",,"","","","",,"",,"","","",3
23962176,239621761,1,I,20240606,20240610,20240610,20240610,DIR,706046,"",FDA-CTU,"",55,YR,"",F,N,,"",20240610,Y,HP,US,"",,,Rash,"",1,PS,SEMAGLUTIDE,SEMAGLUTIDE,1,Subcutaneous,0.25 mg weekly subcutaneous?,,"",D,D,SEM041524CH1,20241012,99,0.25,MG,"",999,
23962533,239625331,1,I,20240606,20240610,20240610,20240610,DIR,706090,"",FDA-CTU,"",73,YR,"",F,N,76.5,KG,20240610,N,HP,US,"",239625331,OT,Thrombocytopenia,"",6,C,Ozempic 2mg/1.5mL,"",2,"","",,"","","","",,"",,"","","",7
23963134,239631341,1,I,,20240603,20240611,20240611,EXP,"",US-AMGEN-USASP2024109359,AMGEN,"",,"","",M,Y,,"",20240611,"",CN,US,US,239631341,OT,Dry eye,"",3,C,RYBELSUS,SEMAGLUTIDE,1,"","UNK UNK, bid",,"","","","",,"",,"","",BID,7
23963454,239634541,1,I,20240101,20240610,20240610,20240610,DIR,706116,"",FDA-CTU,"",45,YR,"",F,N,110.25,KG,20240610,N,CN,US,"",239634541,OT,Pain,"",1,PS,WEGOVY,SEMAGLUTIDE,1,"","",,"",Y,Y,"",20250620,"",,"","","",7
23963479,239634791,1,I,20240501,20240530,20240611,20240611,PER,"",US-SA-2024SA167060,SANOFI AVENTIS,"",45,YR,A,M,Y,113.4,KG,20240611,"",MD,US,US,,,Eczema,Eczema,2,C,WEGOVY,SEMAGLUTIDE,1,"",0.25MG/0.5 PEN,,"",U,"","",,"",,"",Injection,"",
23963700,239637001,1,I,20240101,20240603,20240611,20240611,PER,"",US-009507513-2406USA000735,MERCK,"",,"","",F,Y,,"",20240611,"",CN,US,US,,,Weight increased,"",2,SS,OZEMPIC,SEMAGLUTIDE,1,"",UNK,,"",D,"","",,"",,"","","",
23963724,239637241,1,I,20220601,20240606,20240611,20240611,EXP,"",US-JAZZ PHARMACEUTICALS-2023-US-001160,JAZZ,"",61,YR,"",F,Y,,"",20240611,"",CN,US,US,239637241,OT,Blood iron decreased,"",9,C,WEGOVY,SEMAGLUTIDE,1,"",0.25 mg/0.5 ml pen,,"","","","",,"",,"","","",7
23963967,239639671,1,I,20240308,20240320,20240611,20240611,PER,"",US-GE HEALTHCARE-2024CSU002874,GE HEALTHCARE,"",79,YR,"","",Y,,"",20240611,"",HP,US,US,,,No adverse event,"",3,C,OZEMPIC,SEMAGLUTIDE,1,Unknown,"4 mg/ 3 ml, 1 mg/dose",,"","","","",,"",,"","","",
23964040,239640401,1,I,20240516,20240602,20240611,20240611,EXP,"",US-NOVOPROD-1232933,NOVO NORDISK,"",42,YR,"",F,Y,,"",20240612,"",CN,US,US,239640401,HO,Gastrointestinal haemorrhage,"",1,PS,WEGOVY,SEMAGLUTIDE,1,"","",,"","","","",,215256,,"",Solution for injection,"",3
23964318,239643181,1,I,,20240530,20240611,20240611,EXP,"",US-ELI_LILLY_AND_COMPANY-US202406000121,ELI LILLY AND CO,"",58,YR,A,"",Y,,"",20240611,"",LW,US,US,239643181,HO,Nausea,"",2,SS,OZEMPIC,SEMAGLUTIDE,1,Unknown,"UNK UNK, unknown",,"",U,"","",,"",,"","","",3
23964524,239645241,1,I,20240606,20240611,20240611,20240611,DIR,706213,"",FDA-CTU,"",60,YR,"",M,N,80.55,KG,20240611,N,CN,US,"",239645241,DE,Completed suicide,"",1,PS,RYBELSUS,SEMAGLUTIDE,1,Oral,1 TABLET DAILY ORAL ?,,"","","",NA41741,20240831,"",,"","",QD,1
23965228,239652281,1,I,20240601,20240606,20240612,20240612,PER,"",US-AMGEN-USASP2024113053,AMGEN,"",37,YR,A,M,Y,,"",20240612,"",HP,US,US,,,Rash pruritic,"",5,C,OZEMPIC,SEMAGLUTIDE,1,"",I MG PER DOSE (4MG/3ML) PFP,,"","","","",,"",1,MG,"","",
23965269,239652691,1,I,,20240606,20240612,20240612,PER,"",US-ELI_LILLY_AND_COMPANY-US202406004064,ELI LILLY AND CO,"",67,YR,E,F,Y,,"",20240612,"",CN,US,US,,,Blood pressure decreased,"",4,SS,OZEMPIC,SEMAGLUTIDE,1,Unknown,"UNK UNK, unknown",,"","","","",,"",,"","","",
23965800,239658001,1,I,,20240530,20240612,20240612,EXP,"","US-AVADEL CNS PHARMACEUTICALS, LLC-2024AVA00905",AVADEL CNS PHARMA,"",,"","",M,Y,87.075,KG,20240612,"",CN,US,US,239658001,OT,Atrial fibrillation,"",15,C,OZEMPIC,SEMAGLUTIDE,1,"","",,"","","","",,"",,"",Injection,"",7
23965817,239658171,1,I,,20240604,20240612,20240612,PER,"",US-ALXN-202406USA000255US,ALEXION PHARMACEUTICALS,"",,"","",F,Y,,"",20240612,"",CN,US,US,,,Pyrexia,"",19,C,RYBELSUS,SEMAGLUTIDE,1,Unknown,UNK,,"","","","",,"",,"","","",
23966783,239667831,1,I,,20240321,20240612,20240612,PER,"","US-RIGEL PHARMACEUTICALS, INC.-2024FOS000363",RIGEL PHARMACEUTICALS,"",,"","",M,Y,97.506,KG,20240610,"",CN,US,US,,,Diarrhoea,"",9,C,OZEMPIC,SEMAGLUTIDE,1,"",UNK,,"",D,"","",,"",,"","","",
23967267,239672671,1,I,20230501,20240605,20240612,20240612,EXP,"",US-ABBVIE-5462111,ABBVIE,"",65,YR,"",F,Y,,"",20240612,"",CN,US,US,239672671,OT,Cough,"",4,C,OZEMPIC,SEMAGLUTIDE,1,"","",,"","","","",,"",,"","","",7
23967446,239674461,1,I,20240531,20240605,20240612,20240612,PER,"",US-UNITED THERAPEUTICS-UNT-2024-016646,UNITED THERAPEUTICS,"",67,YR,"",M,Y,107.94,KG,20240612,"","",US,US,,,Joint swelling,"",10,C,WEGOVY,SEMAGLUTIDE,1,"",UNK,,"","","","",,"",,"","","",
23967474,239674741,1,I,20240507,20240611,20240611,20240611,DIR,706258,"",FDA-CTU,"",58,YR,"",F,N,90.45,KG,20240611,N,"",US,"",239674741,HO,Constipation,"",1,PS,WEGOVY,SEMAGLUTIDE,1,Subcutaneous,Frequency : Weekly;?,,"",D,D,Unknown,,"",0.25,MG,"INJECTION, SOLUTION",QW,3
23967521,239675211,1,I,20240611,20240611,20240611,20240611,DIR,706237,"",FDA-CTU,"",75,YR,"",M,N,,"",20240611,Y,CN,US,"",239675211,OT,Product label confusion,"",1,PS,OZEMPIC,SEMAGLUTIDE,1,"","",,"","","","",,"",,"","","",7
23967688,239676881,1,I,,20240603,20240612,20240612,EXP,"",US-NOVOPROD-1233640,NOVO NORDISK,"",,"","","",Y,,"",20240612,"",CN,US,US,239676881,DS,Disability,"",1,PS,OZEMPIC,SEMAGLUTIDE,1,Subcutaneous,UNK,,"",U,"","",,209637,,"",Solution for injection,"",4
23967692,239676921,1,I,,20240603,20240612,20240612,EXP,"",US-NOVOPROD-1233801,NOVO NORDISK,"",,"","",F,Y,,"",20240612,"",CN,US,US,239676921,OT,Thyroid cancer,"",1,PS,OZEMPIC,SEMAGLUTIDE,1,Subcutaneous,UNK,,"",U,"","",,209637,,"",Solution for injection,"",7
23967693,239676931,1,I,,20240603,20240612,20240612,EXP,"",US-NOVOPROD-1235170,NOVO NORDISK,"",,"","",F,Y,,"",20240612,"",CN,US,US,239676931,OT,Idiopathic intracranial hypertension,"",1,PS,WEGOVY,SEMAGLUTIDE,1,Subcutaneous,0.25 mg,,"",U,"",NZF6T60,,215256,0.25,MG,Solution for injection,"",7
23967694,239676941,1,I,20240514,20240603,20240612,20240612,EXP,"",US-NOVOPROD-1232651,NOVO NORDISK,"",42,YR,"",F,Y,,"",20240612,"",CN,US,US,239676941,OT,Upper limb fracture,"",1,PS,OZEMPIC,SEMAGLUTIDE,1,Subcutaneous,UNK,,"","","",PAR0014,,209637,,"",Solution for injection,"",7
23967785,239677851,1,I,,20240604,20240612,20240612,EXP,"",US-NOVOPROD-1234278,NOVO NORDISK,"",,"","","",Y,,"",20240612,"",CN,US,US,239677851,OT,Fatigue,"",1,PS,WEGOVY,SEMAGLUTIDE,1,Subcutaneous,UNK,,"",U,"",NZF6F49,,215256,,"",Solution for injection,"",7
23968453,239684531,1,I,20240501,20240603,20240612,20240612,PER,"",US-SA-2024SA171418,SANOFI AVENTIS,"",69,YR,E,F,Y,70.306,KG,20240612,"",MD,US,US,,,Dry skin,"",4,C,OZEMPIC,SEMAGLUTIDE,1,"","",,"",U,"","",,"",,"","","",
23968995,239689951,1,I,20240523,20240612,20240612,20240612,DIR,706364,"",FDA-CTU,"",41,YR,"",F,N,87.3,KG,20240612,N,CN,US,"",239689951,HO,Therapy cessation,"",1,PS,SEMAGLUTIDE,SEMAGLUTIDE,1,Subcutaneous,OTHER QUANTITY : 3 Injection(s);?OTHER FREQUENCY : Once per week;?,,"",Y,D,04272024,20241024,99,,"",Injection,999,3
23969146,239691461,1,I,20240601,20240610,20240612,20240612,PER,"",US-BRISTOL-MYERS SQUIBB COMPANY-2024-093639,BRISTOL MYERS SQUIBB,"",68,YR,E,F,Y,,"",20240612,"",CN,US,US,,,Vomiting,"",2,C,OZEMPIC,SEMAGLUTIDE,1,"","",,"",U,"","",,"",,"","","",
23969326,239693261,1,I,20240404,20240603,20240612,20240612,EXP,"",US-NOVOPROD-1234124,NOVO NORDISK,"",72,YR,"",M,Y,,"",20240613,"",CN,US,US,239693261,OT,Urethral stenosis,"",1,PS,OZEMPIC,SEMAGLUTIDE,1,Subcutaneous,"0.5 mg, qw",,"","","",NZF8H01,,209637,0.5,MG,Solution for injection,/WK,7
23969331,239693311,1,I,20240531,20240603,20240612,20240612,EXP,"",US-NOVOPROD-1234254,NOVO NORDISK,"",34,YR,"",F,Y,,"",20240613,"",CN,US,US,239693311,HO,Panic attack,"",1,PS,WEGOVY,SEMAGLUTIDE,1,Subcutaneous,"0.25 mg, qw",,"",Y,"",NZF6V36,,215256,0.25,MG,Solution for injection,/WK,3
23969345,239693451,1,I,20240401,20240603,20240612,20240612,EXP,"",US-NOVOPROD-1234182,NOVO NORDISK,"",63,YR,"",F,Y,,"",20240613,"",CN,US,US,239693451,HO,Asthenia,"",1,PS,OZEMPIC,SEMAGLUTIDE,1,Subcutaneous,UNK,,"",U,"",NP5J464,,209637,,"",Solution for injection,"",3
23969346,239693461,1,I,,20240604,20240612,20240612,EXP,"",US-NOVOPROD-1236327,NOVO NORDISK,"",,"",E,"",Y,,"",20240613,"",CN,US,US,239693461,OT,Neoplasm malignant,"",1,PS,OZEMPIC,SEMAGLUTIDE,1,Subcutaneous,UNK,,"",U,"","",,209637,,"",Solution for injection,"",7
23969727,239697271,1,I,,20240610,20240613,20240613,PER,"",US-ELI_LILLY_AND_COMPANY-US202406005924,ELI LILLY AND CO,"",50,YR,A,F,Y,,"",20240613,"",CN,US,US,,,Weight increased,"",2,C,OZEMPIC,SEMAGLUTIDE,1,"","",,"","","","",,"",,"","","",
23970964,239709641,1,I,20240415,20240603,20240613,20240613,EXP,"",US-RECORDATI-2024004255,RECORDATI,"",,"","","",Y,,"",20240613,"",CN,US,US,239709641,HO,Thrombosis,"",13,C,OZEMPIC,SEMAGLUTIDE,1,"","",,"",D,"","",,"",,"","","",3
23971719,239717191,1,I,20240212,20240612,20240612,20240612,DIR,706407,"",FDA-CTU,"",64,YR,"",F,N,87.75,KG,20240612,N,CN,US,"",239717191,LT,Large intestinal obstruction,"",1,PS,OZEMPIC,SEMAGLUTIDE,1,"","",,"",N,D,"",,"",,"","","",2
23971751,239717511,1,I,20240425,20240612,20240612,20240612,DIR,706378,"",FDA-CTU,"",74,YR,"",F,N,72,KG,20240612,N,PH,US,"",239717511,OT,Rash macular,"",1,PS,SEMAGLUTIDE,SEMAGLUTIDE,1,Subcutaneous,OTHER FREQUENCY : weekly;?,,"",Y,D,"",,99,0.25,MG,"",999,7
23972078,239720781,1,I,20240608,20240612,20240612,20240612,DIR,706438,"",FDA-CTU,"",33,YR,"",F,N,,"",20240612,N,CN,US,"",239720781,OT,Palpitations,"",1,PS,WEGOVY,SEMAGLUTIDE,1,Subcutaneous,OTHER FREQUENCY : once weekly;?,,"",Y,"","",,"",,"","",999,7
23972422,239724221,1,I,20240101,20240605,20240613,20240613,PER,"",US-SA-2024SA173992,SANOFI AVENTIS,"",49,YR,A,F,Y,,"",20240613,"",MD,US,US,,,Alopecia,"",8,C,OZEMPIC,SEMAGLUTIDE,1,"","",,"",U,"","",,"",,"","","",
23972447,239724471,1,I,,20240531,20240613,20240613,PER,"",US-TEVA-VS-3206106,TEVA,"",,"",E,F,Y,,"",20240613,"",CN,US,US,,,Urticaria,"",2,C,OZEMPIC,SEMAGLUTIDE,1,Unknown,"",,"","","","",,"",,"","","",
23972633,239726331,1,I,20231225,20240613,20240613,20240613,DIR,706514,"",FDA-CTU,"",75,YR,"",M,N,119.25,KG,20240613,N,CN,US,"",239726331,LT,Loss of consciousness,"",1,PS,OZEMPIC,SEMAGLUTIDE,1,Subcutaneous,Frequency : Daily;?,,"",N,D,"",,"",,"","",QD,2
23972635,239726351,1,I,20240611,20240613,20240613,20240613,DIR,706467,"",FDA-CTU,"",38,YR,"",F,N,67.5,KG,20240613,N,CN,US,"",239726351,RI,Lip scab,"",3,C,OZEMPIC,"",1,"","",,"","","","",,"",,"","","",6
23973002,239730021,1,I,,20230521,20240613,20240613,EXP,"",US-NOVOPROD-1225372,NOVO NORDISK,"",,"","","",Y,,"",20240613,"",CN,US,US,239730021,OT,Myocardial infarction,"",1,PS,WEGOVY,SEMAGLUTIDE,1,Subcutaneous,UNK,,"",U,"","",,215256,,"",Solution for injection,"",7
23973035,239730351,1,I,20230706,20230717,20240613,20240613,PER,"",US-MDD US Operations-MDD202307-002760,MDD OPERATIONS,"",79,YR,"",M,Y,,"",20240612,"",CN,US,"",239730351,OT,Headache,"",6,C,OZEMPIC,SEMAGLUTIDE,1,"",Not provided,,"","","","",,"",,"",Not provided,"",7
23973050,239730501,1,I,,20230623,20240613,20240613,EXP,"",US-NOVOPROD-1223253,NOVO NORDISK,"",,"","",F,Y,,"",20240613,"",CN,US,US,239730501,DS,Disability,"",1,PS,OZEMPIC,SEMAGLUTIDE,1,Subcutaneous,UNK,,"",U,"","",,209637,,"",Solution for injection,"",4
23973052,239730521,1,I,,20230823,20240613,20240613,EXP,"",US-NOVOPROD-1226141,NOVO NORDISK,"",67,YR,"","",Y,,"",20240613,"",CN,US,US,239730521,OT,Diabetes mellitus,"",1,PS,OZEMPIC,SEMAGLUTIDE,1,Subcutaneous,UNK,,"","","","",,209637,,"",Solution for injection,"",7
23973053,239730531,1,I,,20230706,20240613,20240613,EXP,"",US-NOVOPROD-1223534,NOVO NORDISK,"",,"","","",Y,,"",20240613,"",CN,US,US,239730531,OT,Metabolic surgery,"",1,PS,OZEMPIC,SEMAGLUTIDE,1,"","",,"",U,"","",,209637,,"",Solution for injection,"",7
23973509,239735091,1,I,20240607,20240611,20240611,20240611,DIR,FDA-CDER-CTU-2024-42129,"",FDA-CTU,"",60,YR,"",F,N,102.2,KG,20240611,N,"",US,"",239735091,LT,Throat tightness,"",1,PS,WEGOVY,SEMAGLUTIDE,1,"","",,"","","","",,"",,"","","",2
23973886,239738861,1,I,20240501,20240611,20240613,20240613,PER,"",US-AMGEN-USASP2024115811,AMGEN,"",73,YR,E,F,Y,,"",20240613,"",CN,US,US,,,Device difficult to use,"",2,C,OZEMPIC,SEMAGLUTIDE,1,"",UNK (once a week),,"","","","",,"",,"","","",
23973922,239739221,1,I,20240401,20240603,20240613,20240613,EXP,"",US-NOVOPROD-1213605,NOVO NORDISK,"",77,YR,"",M,Y,,"",20240614,"",MD,US,US,239739221,HO,Feeling hot,"",1,PS,OZEMPIC,SEMAGLUTIDE,1,Subcutaneous,"0.5 mg, qw",9.5,MG,N,"","",,209637,0.5,MG,Solution for injection,/WK,3
23973924,239739241,1,I,,20240604,20240613,20240613,EXP,"",US-NOVOPROD-1200369,NOVO NORDISK,"",,"","",M,Y,,"",20240614,"",CN,US,US,239739241,HO,Colon cancer,"",1,PS,OZEMPIC,SEMAGLUTIDE,1,Subcutaneous,UNK,,"",U,"","",,209637,,"",Solution for injection,"",3
23973981,239739812,2,F,,20240612,20240613,20240624,EXP,"",US-NOVOPROD-1235275,NOVO NORDISK,"",,"","","",Y,,"",20240624,"",HP,US,US,239739812,DS,Product communication issue,"",1,PS,OZEMPIC,SEMAGLUTIDE,1,Subcutaneous,UNK,,"",U,"","",,209637,,"",Solution for injection,"",4
23973989,239739891,1,I,20240601,20240605,20240613,20240613,EXP,"",US-NOVOPROD-1235809,NOVO NORDISK,"",,"",A,F,Y,,"",20240614,"",HP,US,US,239739891,HO,Counterfeit product administered,"",1,PS,SEMAGLUTIDE,SEMAGLUTIDE,1,Subcutaneous,UNK,,"",U,"","",,209637,,"","","",3
23973992,239739921,1,I,20231115,20240604,20240613,20240613,EXP,"",US-NOVOPROD-1236595,NOVO NORDISK,"",32,YR,"",F,Y,107,KG,20240614,"",HP,US,US,239739921,OT,Device breakage,"",1,PS,OZEMPIC,SEMAGLUTIDE,1,Subcutaneous,"0.25 mg, qw for 2 weeks",,"",Y,"","",,209637,0.25,MG,Solution for injection,/WK,7
23975027,239750272,2,F,,20240613,20240614,20240619,PER,"",US-Blueprint Medicines Corporation-SP-US-2024-001201,BLUEPRINT MEDICINES,"",,"","",M,Y,,"",20240619,"",CN,US,US,,,Insomnia,"",5,C,OZEMPIC,SEMAGLUTIDE,1,Unknown,"",,"","","","",,"",,"",Unknown,"",
23975231,239752311,1,I,,20240606,20240614,20240614,PER,"",US-BRISTOL-MYERS SQUIBB COMPANY-2024-092642,BRISTOL MYERS SQUIBB,"",70,YR,E,F,Y,84.9,KG,20240614,"",HP,US,US,,,Drug ineffective,"",26,C,OZEMPIC,SEMAGLUTIDE,1,"","",,"",U,"","",,"",,"","","",
23976088,239760881,1,I,20240101,20240610,20240614,20240614,PER,"","US-B.I. Pharmaceuticals,Inc./Ridgefield-2024-BI-033020",BOEHRINGER INGELHEIM,"",69,YR,E,F,Y,,"",20240614,"",CN,US,US,,,Arthralgia,"",3,C,OZEMPIC,SEMAGLUTIDE,1,"","",,"","","","",,"",,"","","",
23976407,239764071,1,I,20240605,20240613,20240613,20240613,DIR,706582,"",FDA-CTU,"",63,YR,"",M,N,,"",20240613,N,HP,US,"",239764071,HO,Renal haemorrhage,"",4,C,OZEMPIC,SEMAGLUTIDE,1,"","",,"","","","",,"",,"","","",3
23976411,239764111,1,I,20240324,20240613,20240613,20240613,DIR,706605,"",FDA-CTU,"",69,YR,"",F,N,76.5,KG,20240613,N,CN,US,"",239764111,RI,Anxiety,"",1,PS,OZEMPIC,SEMAGLUTIDE,1,Subcutaneous,OTHER QUANTITY : 1 Injection(s);?OTHER FREQUENCY : Once a week;?,,"",N,D,"",,99,,"","",999,6
23977162,239771621,1,I,20240101,20240126,20240614,20240614,PER,"",US-INTERCEPT-PM2024000155,INTERCEPT PHARMACEUTICALS,"",73,YR,"",F,Y,,"",20240614,"",CN,US,US,,,Pruritus,"",3,C,OZEMPIC,SEMAGLUTIDE,1,"","",,"","","","",,"",,"","","",
23978253,239782531,1,I,,20230516,20240614,20240614,EXP,"",US-NOVOPROD-1225373,NOVO NORDISK,"",80,YR,"",F,Y,,"",20240614,"",CN,US,US,239782531,DS,Disability,"",1,PS,OZEMPIC,SEMAGLUTIDE,1,Subcutaneous,Unk,,"",U,"","",,209637,,"",Solution for injection,"",4
23978521,239785211,1,I,20190101,20240603,20240614,20240614,EXP,"",US-ELI_LILLY_AND_COMPANY-US202406001407,ELI LILLY AND CO,"",54,YR,A,"",Y,,"",20240614,"",CN,US,US,239785211,OT,Leukaemia,"",2,C,OZEMPIC,SEMAGLUTIDE,1,"","",,"","","","",,"",,"","","",7
23978712,239787122,2,F,,20240611,20240614,20240618,PER,"",US-UNITED THERAPEUTICS-UNT-2024-017877,UNITED THERAPEUTICS,"",,"","",F,Y,87.528,KG,20240618,"","",US,US,,,Contusion,"",18,C,OZEMPIC,SEMAGLUTIDE,1,"",UNK,,"","","","",,"",,"","","",
23978887,239788871,1,I,20240101,20240610,20240615,20240615,PER,"",US-ABBVIE-5798823,ABBVIE,"",,"","",F,Y,,"",20240615,"",CN,US,US,239788871,HO,Rheumatoid arthritis,"",4,SS,OZEMPIC,SEMAGLUTIDE,1,Unknown,"",,"","","","",,"",,"","","",3
23979065,239790654,4,F,20240101,20240614,20240615,20240622,PER,"",US-UNITED THERAPEUTICS-UNT-2024-017917,UNITED THERAPEUTICS,"",,"","",F,Y,74.83,KG,20240622,"","",US,US,239790654,HO,Vomiting,"",21,C,OZEMPIC,SEMAGLUTIDE,1,"",0.25,,"","","","",,"",,"","","",3
23979190,239791901,1,I,20231101,20240610,20240615,20240615,EXP,"",US-ABBVIE-5800103,ABBVIE,"",69,YR,"",F,Y,,"",20240615,"",CN,US,US,239791901,OT,Pain,"",4,C,SEMAGLUTIDE,SEMAGLUTIDE,1,"","",,"","","","",,"",,"","","",7
23979873,239798731,1,I,,20240607,20240617,20240617,PER,"",US-JNJFOC-20240624786,JOHNSON AND JOHNSON,"",,"","",F,Y,,"",20240617,"",CN,US,US,,,Constipation,"",8,C,OZEMPIC,SEMAGLUTIDE,1,"","",,"","","","",,"",,"","","",
23980125,239801251,1,I,20240501,20240523,20240617,20240617,EXP,"",US-ACADIA PHARMACEUTICALS INC.-ACA-2024-PIM-002563,ACADIA PHARMACEUTICALS,"",65,YR,"",M,Y,,"",20240617,"",CN,US,US,239801251,OT,Rectal haemorrhage,"",17,C,OZEMPIC,SEMAGLUTIDE,1,"",4 mg/3 ml,,"","","","",,"",,"","","",7
23981220,239812201,1,I,20240531,20240614,20240614,20240614,DIR,706713,"",FDA-CTU,"",83,YR,"",F,N,66.6,KG,20240614,N,CN,US,"",239812201,HO,Colitis,"",1,PS,OZEMPIC,SEMAGLUTIDE,1,"","",,"",Y,D,"",,"",,"","","",3
23981323,239813231,1,I,20230505,20240614,20240614,20240614,DIR,706735,"",FDA-CTU,"",49,YR,"",F,N,74.25,KG,20240614,N,CN,US,"",239813231,OT,Arthralgia,"",1,PS,WEGOVY,SEMAGLUTIDE,1,Subcutaneous,OTHER QUANTITY : 1 Injection(s)?OTHER FREQUENCY : Once weekly?,,"",Y,D,MZF3X6,20240430,"",,"","",999,7
23981521,239815211,1,I,,20240609,20240617,20240617,PER,"",US-SA-2024SA177100,SANOFI AVENTIS,"",,"",E,F,Y,,"",20240617,"",MD,US,US,,,Headache,"",5,C,OZEMPIC,SEMAGLUTIDE,1,"","",,"",U,"","",,"",,"",Injection,"",
23981744,239817441,1,I,,20240606,20240617,20240617,PER,"",US-SA-2024SA173817,SANOFI AVENTIS,"",,"",E,F,Y,,"",20240617,"",CN,US,US,239817441,OT,Spinal operation,"",2,C,OZEMPIC,SEMAGLUTIDE,1,"","",,"",U,"","",,"",,"","","",7
23981757,239817571,1,I,20240501,20240615,20240615,20240615,DIR,706763,"",FDA-CTU,"",52,YR,"",F,N,109.8,KG,20240615,N,CN,US,"",,,Pain of skin,"",2,SS,WEGOVY,SEMAGLUTIDE,1,"","",,"","","","",,"",,"","","",
23981840,239818401,1,I,20240323,20240605,20240617,20240617,EXP,"",US-NOVOPROD-1235627,NOVO NORDISK,"",69,YR,"",M,Y,,"",20240617,"",CN,US,US,239818401,HO,White blood cell count increased,"",1,PS,OZEMPIC,SEMAGLUTIDE,1,Subcutaneous,UNK,,"",U,"","",,209637,,"",Solution for injection,"",3
23981841,239818411,1,I,,20240605,20240617,20240617,EXP,"",US-NOVOPROD-1235189,NOVO NORDISK,"",,"","",F,Y,,"",20240617,"",CN,US,US,239818411,OT,Breast cancer,"",1,PS,WEGOVY,SEMAGLUTIDE,1,Subcutaneous,UNK,,"",U,"","",,215256,,"",Solution for injection,"",7
23981842,239818421,1,I,20240326,20240604,20240617,20240617,EXP,"",US-NOVOPROD-1234673,NOVO NORDISK,"",56,YR,"",M,Y,90.703,KG,20240617,"",HP,US,US,239818421,DE,Death,"",1,PS,OZEMPIC,SEMAGLUTIDE,1,Subcutaneous,UNK,,"",D,"","",,209637,,"",Solution for injection,"",1
23981846,239818461,1,I,,20240605,20240617,20240617,EXP,"",US-NOVOPROD-1235781,NOVO NORDISK,"",,"","",M,Y,73.016,KG,20240617,"",CN,US,US,239818461,HO,Vomiting,"",1,PS,WEGOVY,SEMAGLUTIDE,1,Subcutaneous,"0.25 mg, qw for 3 weeks",,"",N,"","",,215256,0.25,MG,Solution for injection,/WK,3
23981847,239818471,1,I,20230101,20240604,20240617,20240617,EXP,"",US-NOVOPROD-1235775,NOVO NORDISK,"",,"",E,F,Y,,"",20240617,"",CN,US,US,239818471,HO,Cardiac failure congestive,"",1,PS,OZEMPIC,SEMAGLUTIDE,1,Subcutaneous,1 mg,,"","","",NAR0119,,209637,1,MG,Solution for injection,"",3
23981849,239818491,1,I,,20240605,20240617,20240617,EXP,"",US-NOVOPROD-1235766,NOVO NORDISK,"",,"","","",Y,,"",20240617,"",LW,US,US,239818491,HO,Gastrointestinal disorder,"",1,PS,OZEMPIC,SEMAGLUTIDE,1,Subcutaneous,UNK,,"","","","",,209637,,"",Solution for injection,"",3
23982216,239822161,1,I,20240613,20240616,20240616,20240616,DIR,706892,"",FDA-CTU,"",63,YR,"",F,N,83.25,KG,20240616,Y,CN,US,"",239822161,OT,Nausea,"",2,SS,SEMAGLUTIDE,SEMAGLUTIDE,1,"","",,"","","","",,"",,"","","",7
23982637,239826371,1,I,20240524,20240606,20240617,20240617,EXP,"",US-NOVOPROD-1236317,NOVO NORDISK,"",67,YR,"",F,Y,,"",20240617,"",CN,US,US,239826371,HO,Abdominal hernia,"",1,PS,OZEMPIC,SEMAGLUTIDE,1,Subcutaneous,2.0 mg,,"","","","",,209637,,"",Solution for injection,"",3
23982638,239826381,1,I,20240425,20240606,20240617,20240617,EXP,"",US-NOVOPROD-1236648,NOVO NORDISK,"",76,YR,"",M,Y,,"",20240617,"",CN,US,US,239826381,OT,Seizure,"",1,PS,OZEMPIC,SEMAGLUTIDE,1,Subcutaneous,UNK,,"","","",nzf72x85,,209637,,"",Solution for injection,"",7
23982641,239826411,1,I,,20240606,20240617,20240617,EXP,"",US-NOVOPROD-1236128,NOVO NORDISK,"",,"",A,F,Y,,"",20240617,"",CN,US,US,239826411,OT,Myocardial infarction,"",1,PS,OZEMPIC,SEMAGLUTIDE,1,Subcutaneous,UNK,,"",U,"","",,209637,,"",Solution for injection,"",7
23982643,239826431,1,I,20240529,20240606,20240617,20240617,EXP,"",US-NOVOPROD-1236749,NOVO NORDISK,"",73,YR,"",F,Y,,"",20240617,"",CN,US,US,239826431,OT,Cataract operation,"",1,PS,OZEMPIC,SEMAGLUTIDE,1,Subcutaneous,"2 mg, qw",,"",U,"",PAR0232,,209637,2,MG,Solution for injection,/WK,7
23982654,239826541,1,I,,20240606,20240617,20240617,EXP,"",US-NOVOPROD-1237056,NOVO NORDISK,"",,"","",F,Y,,"",20240617,"",CN,US,US,239826541,OT,Medical procedure,"",1,PS,OZEMPIC,SEMAGLUTIDE,1,Subcutaneous,1mg,,"",U,"","",,209637,,"",Solution for injection,"",7
23982655,239826551,1,I,20240520,20240606,20240617,20240617,EXP,"",US-NOVOPROD-1237446,NOVO NORDISK,"",63,YR,"",F,Y,,"",20240617,"",CN,US,US,239826551,OT,Haematochezia,"",1,PS,OZEMPIC,SEMAGLUTIDE,1,Subcutaneous,1 mg,,"","","",PAR0153,,209637,1,MG,Solution for injection,"",7
23982659,239826591,1,I,,20240606,20240617,20240617,EXP,"",US-NOVOPROD-1237305,NOVO NORDISK,"",79,YR,"",F,Y,,"",20240617,"",MD,US,US,239826591,OT,Diverticulitis,"",1,PS,OZEMPIC,SEMAGLUTIDE,1,Subcutaneous,"1 mg, qw",,"",Y,"","",,209637,1,MG,Solution for injection,/WK,7
23982688,239826881,1,I,,20240605,20240617,20240617,PER,"",US-BEH-2024173577,CSL BEHRING,"",,"",E,F,Y,95.238,KG,20240617,"",HP,US,US,239826881,OT,Back pain,"",3,C,OZEMPIC,SEMAGLUTIDE,1,"","",,"","","","",,"",,"","","",7
23982719,239827191,1,I,,20230531,20240617,20240617,EXP,"",US-NOVOPROD-1233289,NOVO NORDISK,"",,"","",F,Y,,"",20240617,"",CN,US,US,239827191,OT,Amputee,"",1,PS,WEGOVY,SEMAGLUTIDE,1,Subcutaneous,UNK,,"",U,"","",,215256,,"",Solution for injection,"",7
23982722,239827221,1,I,,20230811,20240617,20240617,EXP,"",US-NOVOPROD-1235233,NOVO NORDISK,"",,"","","",Y,,"",20240617,"",CN,US,US,239827221,OT,Hunger,"",1,PS,OZEMPIC,SEMAGLUTIDE,1,Subcutaneous,"2 mg, qw",,"",U,"","",,209637,2,MG,Solution for injection,/WK,7
23983187,239831871,1,I,20240301,20240613,20240617,20240617,PER,"",US-BRISTOL-MYERS SQUIBB COMPANY-2024-097307,BRISTOL MYERS SQUIBB,"",64,YR,A,M,Y,114.7,KG,20240617,"",CN,US,US,,,Sedation,"",8,C,OZEMPIC,SEMAGLUTIDE,1,"","",,"",U,"","",,"",,"","","",
23983302,239833021,1,I,20240601,20240614,20240617,20240617,PER,"","US-B.I. Pharmaceuticals,Inc./Ridgefield-2024-BI-034110",BOEHRINGER INGELHEIM,"",67,YR,E,M,Y,,"",20240617,"",CN,US,US,,,Glomerular filtration rate decreased,"",2,C,RYBELSUS,SEMAGLUTIDE,1,"","",,"","","","",,"",,"","","",
23983783,239837831,1,I,,20240607,20240618,20240618,EXP,"",US-NOVOPROD-1238772,NOVO NORDISK,"",,"",A,M,Y,,"",20240618,"",CN,US,US,239837831,OT,Foot amputation,"",1,PS,OZEMPIC,SEMAGLUTIDE,1,Subcutaneous,UNK,,"",U,"","",,209637,,"",Solution for injection,"",7
23983784,239837841,1,I,,20240606,20240618,20240618,EXP,"",US-NOVOPROD-1238638,NOVO NORDISK,"",,"","",F,Y,,"",20240618,"",CN,US,US,239837841,OT,Abdominoplasty,"",1,PS,WEGOVY,SEMAGLUTIDE,1,Subcutaneous,UNK,,"",U,"","",,215256,,"",Solution for injection,"",7
23983785,239837851,1,I,,20240607,20240618,20240618,EXP,"",US-NOVOPROD-1236860,NOVO NORDISK,"",59,YR,"",M,Y,,"",20240618,"",CN,US,US,239837851,DE,Appendicitis perforated,"",1,PS,OZEMPIC,SEMAGLUTIDE,1,Subcutaneous,UNK (1 shot weekly),,"","","","",,209637,,"",Solution for injection,"",1
23983786,239837861,1,I,,20240607,20240618,20240618,EXP,"",US-NOVOPROD-1237135,NOVO NORDISK,"",,"",A,F,Y,,"",20240618,"",CN,US,US,239837861,OT,Cardiomegaly,"",1,PS,OZEMPIC,SEMAGLUTIDE,1,Subcutaneous,1 mg,,"",U,"","",,209637,1,MG,Solution for injection,"",7
23983788,239837881,1,I,,20240607,20240618,20240618,EXP,"",US-NOVOPROD-1236985,NOVO NORDISK,"",,"","",M,Y,,"",20240618,"",CN,US,US,239837881,OT,Cataract,"",1,PS,OZEMPIC,SEMAGLUTIDE,1,Subcutaneous,UNK,,"","","",PZF8P92,,209637,,"",Solution for injection,"",7
23983790,239837901,1,I,20240521,20240608,20240618,20240618,EXP,"",US-NOVOPROD-1238631,NOVO NORDISK,"",49,YR,"",F,Y,,"",20240618,"",CN,US,US,239837901,HO,Blood pressure increased,"",1,PS,OZEMPIC,SEMAGLUTIDE,1,"","",,"",Y,"","",,209637,,"",Solution for injection,"",3
23983791,239837911,1,I,20240503,20240607,20240618,20240618,EXP,"",US-NOVOPROD-1236519,NOVO NORDISK,"",69,YR,"",F,Y,103.4,KG,20240618,"",MD,US,US,239837911,HO,Vomiting,"",1,PS,OZEMPIC,SEMAGLUTIDE,1,Subcutaneous,UNK,,"",U,"","",,209637,,"",Solution for injection,"",3
23983803,239838031,1,I,20230202,20240607,20240618,20240618,EXP,"",US-NOVOPROD-1237385,NOVO NORDISK,"",60,YR,"",F,Y,,"",20240618,"",CN,US,US,239838031,OT,Adrenal calcification,"",1,PS,OZEMPIC,SEMAGLUTIDE,1,Subcutaneous,UNK,,"",N,"","",,209637,,"",Solution for injection,"",7
23984031,239840311,1,I,,20240610,20240618,20240618,PER,"",US-UNITED THERAPEUTICS-UNT-2024-017778,UNITED THERAPEUTICS,"",,"","",M,Y,100.68,KG,20240618,"","",US,US,,,Infusion site erythema,"",2,C,OZEMPIC,SEMAGLUTIDE,1,"","",,"","","","",,"",,"","","",
23984733,239847331,1,I,20240601,20240609,20240618,20240618,EXP,"",US-UNITED THERAPEUTICS-UNT-2024-017569,UNITED THERAPEUTICS,"",58,YR,"",M,Y,80.272,KG,20240618,"","",US,US,239847331,OT,Dyspnoea exertional,"",6,C,WEGOVY,SEMAGLUTIDE,1,"","",,"","","","",,"",,"","","",7
23986130,239861301,1,I,,20240613,20240618,20240618,PER,"",US-ELI_LILLY_AND_COMPANY-US202406010550,ELI LILLY AND CO,"",,"","","",Y,,"",20240618,"",CN,US,US,,,Diarrhoea,"",5,SS,OZEMPIC,SEMAGLUTIDE,1,Unknown,"UNK UNK, unknown",,"",Y,"","",,"",,"","","",
23986225,239862251,1,I,,20240610,20240618,20240618,EXP,"",US-TEVA-VS-3208971,TEVA,"",,"",A,F,Y,,"",20240618,"",CN,US,US,239862251,OT,Decreased appetite,"",12,SS,OZEMPIC,SEMAGLUTIDE,1,Unknown,(0.2 SOP 2MG/3ML),,"",U,"","",,"",,"","","",7
23986619,239866191,1,I,,20230925,20240618,20240618,EXP,"",US-NOVOPROD-1220015,NOVO NORDISK,"",,"","",F,Y,,"",20240618,"",CN,US,US,239866191,OT,Cardiac disorder,"",1,PS,WEGOVY,SEMAGLUTIDE,1,Subcutaneous,UNK,,"",U,"","",,215256,,"",Solution for injection,"",7
23986627,239866271,1,I,20240613,20240617,20240617,20240617,DIR,707092,"",FDA-CTU,"",48,YR,"",F,N,63.45,KG,20240617,N,CN,US,"",239866271,HO,Appendicitis,"",1,PS,SEMAGLUTIDE,SEMAGLUTIDE,1,Other,OTHER QUANTITY : 40 Injection(s);?OTHER FREQUENCY : Weekly;?OTHER ROUTE : injection in the stomach;?,,"","",D,244315,20240926,99,,"","",999,3
23986758,239867581,1,I,20240215,20240617,20240617,20240617,DIR,707100,"",FDA-CTU,"",61,YR,"",F,N,96.75,KG,20240617,N,CN,US,"",239867581,LT,Electrocardiogram abnormal,"",1,PS,RYBELSUS,SEMAGLUTIDE,1,"","",,"",Y,D,"",,"",,"","","",2
23986805,239868051,1,I,20240301,20240613,20240618,20240618,PER,"",US-PFIZER INC-202400194994,PFIZER,"",64,YR,"",M,Y,114.7,KG,20240618,"",CN,US,US,,,Heart rate increased,"",8,C,OZEMPIC,SEMAGLUTIDE,1,"","",,"","","","",,"",,"","","",
23986974,239869741,1,I,,20240613,20240618,20240618,PER,"",US-PFIZER INC-202400194304,PFIZER,"",76,YR,"",F,Y,,"",20240618,"",HP,US,US,,,Nausea,"",2,SS,OZEMPIC,SEMAGLUTIDE,1,"","",,"",U,"","",,"",,"","","",
23987100,239871001,1,I,,20240611,20240618,20240618,EXP,"",US-ELI_LILLY_AND_COMPANY-US202406008131,ELI LILLY AND CO,"",62,YR,A,F,Y,,"",20240618,"",CN,US,US,239871001,OT,Liver disorder,"",7,C,OZEMPIC,SEMAGLUTIDE,1,"","",,"","","","",,"",,"","","",7
23987781,239877811,1,I,,20240610,20240619,20240619,EXP,"",US-NOVOPROD-1238709,NOVO NORDISK,"",,"","","",Y,,"",20240619,"",CN,US,US,239877811,OT,Surgery,"",1,PS,WEGOVY,SEMAGLUTIDE,1,Subcutaneous,UNK,,"",D,"","",,215256,,"",Solution for injection,"",7
23987784,239877841,1,I,,20240610,20240619,20240619,EXP,"",US-NOVOPROD-1239254,NOVO NORDISK,"",,"","",M,Y,,"",20240619,"",HP,US,US,239877841,OT,Rash,"",1,PS,OZEMPIC,SEMAGLUTIDE,1,Subcutaneous,1 mg,,"","","","",,209637,1,MG,Solution for injection,"",7
23987789,239877891,1,I,,20240610,20240619,20240619,EXP,"",US-NOVOPROD-1238871,NOVO NORDISK,"",,"","","",Y,,"",20240619,"",CN,US,US,239877891,OT,Gastrointestinal disorder,"",1,PS,OZEMPIC,SEMAGLUTIDE,1,Subcutaneous,UNK,,"",U,"","",,209637,,"",Solution for injection,"",7
23987791,239877911,1,I,20240407,20240610,20240619,20240619,EXP,"",US-NOVOPROD-1237963,NOVO NORDISK,"",79,YR,"",M,Y,,"",20240619,"",CN,US,US,239877911,OT,Lung neoplasm malignant,"",1,PS,OZEMPIC,SEMAGLUTIDE,1,Subcutaneous,0.5 mg,,"","","",PZF8M47,,209637,0.5,MG,Solution for injection,"",7
23987792,239877921,1,I,,20240610,20240619,20240619,EXP,"",US-NOVOPROD-1239074,NOVO NORDISK,"",,"","",F,Y,,"",20240619,"",MD,US,US,239877921,OT,Thyroid mass,"",1,PS,WEGOVY,SEMAGLUTIDE,1,Subcutaneous,"2.4 mg, qw",,"",N,"","",,215256,2.4,MG,Solution for injection,/WK,7
23987795,239877951,1,I,,20240610,20240619,20240619,EXP,"",US-NOVOPROD-1237633,NOVO NORDISK,"",,"","",F,Y,,"",20240619,"",CN,US,US,239877951,OT,Foot operation,"",1,PS,OZEMPIC,SEMAGLUTIDE,1,Subcutaneous,0.5 mg,,"",U,"",NZF7P60,,209637,0.5,MG,Solution for injection,"",7
23987798,239877981,1,I,,20240610,20240619,20240619,EXP,"",US-NOVOPROD-1238110,NOVO NORDISK,"",,"","",F,Y,,"",20240619,"",CN,US,US,239877981,HO,Psoriasis,"",1,PS,OZEMPIC,SEMAGLUTIDE,1,Subcutaneous,Unk,,"",U,"","",,209637,,"",Solution for injection,"",3
23987807,239878071,1,I,20240101,20240611,20240619,20240619,EXP,"",US-NOVOPROD-1240038,NOVO NORDISK,"",57,YR,"",F,Y,,"",20240619,"",CN,US,US,239878071,OT,Bone tuberculosis,"",2,C,OZEMPIC,SEMAGLUTIDE,1,Subcutaneous,"0.5 mg, qw",,"",U,"",NZF8J93,,"",0.5,MG,Solution for injection,/WK,7
23987937,239879371,1,I,20240530,20240612,20240619,20240619,PER,"",US-BIOGEN-2024BI01264628,BIOGEN,"",36,YR,"",F,Y,,"",20240619,"",CN,US,US,,,Off label use,"",13,C,RYBELSUS,SEMAGLUTIDE,1,Other,"",,"","","","",,"",14,MG,Tablets,"",
23988772,239887721,1,I,20240501,20240610,20240619,20240619,EXP,"",US-SA-2024SA178270,SANOFI AVENTIS,"",75,YR,E,F,Y,,"",20240619,"",CN,US,US,239887721,HO,Blood potassium increased,"",3,SS,OZEMPIC,SEMAGLUTIDE,1,Subcutaneous,UNK,,"",D,"","",,"",,"","","",3
23990094,239900941,1,I,,20240612,20240619,20240619,PER,"",US-SA-2024SA178470,SANOFI AVENTIS,"",,"","",M,Y,,"",20240619,"",CN,US,US,,,Blood glucose increased,"",2,C,OZEMPIC,SEMAGLUTIDE,1,"","",,"",U,"","",,"",,"","","",
23990237,239902371,1,I,,20240610,20240619,20240619,PER,"",US-SA-2024SA172599,SANOFI AVENTIS,"",42,YR,A,M,Y,137,KG,20240619,"",MD,US,US,,,Inappropriate schedule of product administration,"",4,C,OZEMPIC,SEMAGLUTIDE,1,"","",,"",U,"","",,"",,"","","",
23991870,239918701,1,I,,20240613,20240619,20240619,EXP,"",US-ABBVIE-4710865,ABBVIE,"",,"","",F,Y,,"",20240619,"",CN,US,US,239918701,OT,Hernia,"",2,C,WEGOVY,SEMAGLUTIDE,1,"","",,"","","","",,"",,"","","",7
23991918,239919181,1,I,20230101,20240613,20240620,20240620,EXP,"",US-ABBVIE-5610787,ABBVIE,"",,"","",M,Y,,"",20240620,"",CN,US,US,239919181,OT,Skin discolouration,"",4,SS,OZEMPIC,SEMAGLUTIDE,1,Unknown,"",,"",U,"","",,"",,"","","",7
23992278,239922781,1,I,,20240610,20240620,20240620,EXP,"",US-NOVOPROD-1240362,NOVO NORDISK,"",,"","",F,Y,,"",20240620,"",CN,US,US,239922781,OT,Knee arthroplasty,"",1,PS,OZEMPIC,SEMAGLUTIDE,1,Subcutaneous,UNK,,"",U,"","",,209637,,"",Solution for injection,"",7
23992307,239923071,1,I,,20240612,20240620,20240620,EXP,"",US-NOVOPROD-1240638,NOVO NORDISK,"",,"","","",Y,,"",20240620,"",CN,US,US,239923071,OT,Aortic valve replacement,"",1,PS,OZEMPIC,SEMAGLUTIDE,1,Subcutaneous,UNK,,"",U,"","",,209637,,"",Solution for injection,"",7
23992308,239923081,1,I,,20240612,20240620,20240620,EXP,"",US-NOVOPROD-1240174,NOVO NORDISK,"",,"","",M,Y,,"",20240620,"",CN,US,US,239923081,DS,Disability,"",1,PS,OZEMPIC,SEMAGLUTIDE,1,Subcutaneous,"1 mg, qw",,"",U,"","",,209637,1,MG,Solution for injection,/WK,4
23992309,239923091,1,I,20240505,20240612,20240620,20240620,EXP,"",US-NOVOPROD-1224492,NOVO NORDISK,"",63,YR,"",M,Y,,"",20240620,"",CN,US,US,239923091,HO,Condition aggravated,"",1,PS,OZEMPIC,SEMAGLUTIDE,1,Subcutaneous,"0.25 mg, qw",,"",Y,"","",,209637,0.25,MG,Solution for injection,/WK,3
23992311,239923111,1,I,20221201,20240611,20240620,20240620,EXP,"",US-NOVOPROD-1239253,NOVO NORDISK,"",74,YR,"",F,Y,,"",20240620,"",CN,US,US,239923111,OT,Chronic kidney disease,"",1,PS,OZEMPIC,SEMAGLUTIDE,1,Subcutaneous,"0.5 mg, qw",,"","","",NZF8E91,,209637,0.5,MG,Solution for injection,/WK,7
23992312,239923121,1,I,,20240611,20240620,20240620,EXP,"",US-NOVOPROD-1239113,NOVO NORDISK,"",,"","",F,Y,,"",20240620,"",CN,US,US,239923121,HO,Surgery,"",1,PS,OZEMPIC,SEMAGLUTIDE,1,Subcutaneous,"0.5 mg, qw",,"","","","",,209637,0.5,MG,Solution for injection,/WK,3
23992313,239923131,1,I,,20240612,20240620,20240620,EXP,"",US-NOVOPROD-1240170,NOVO NORDISK,"",,"","","",Y,71.202,KG,20240620,"",CN,US,US,239923131,OT,Off label use,"",1,PS,OZEMPIC,SEMAGLUTIDE,1,Subcutaneous,0.75 weekly,,"",D,"","",,209637,,"",Solution for injection,"",7
23992314,239923141,1,I,20240401,20240612,20240620,20240620,EXP,"",US-NOVOPROD-1240213,NOVO NORDISK,"",,"",A,F,Y,,"",20240620,"",CN,US,US,239923141,OT,Hypertension,"",1,PS,OZEMPIC,SEMAGLUTIDE,1,Subcutaneous,2 mg,,"",Y,"","",,209637,,"",Solution for injection,"",7
23992315,239923151,1,I,,20240611,20240620,20240620,EXP,"",US-NOVOPROD-1240214,NOVO NORDISK,"",,"","",F,Y,,"",20240620,"",HP,US,US,239923151,OT,Pancreatic disorder,"",1,PS,RYBELSUS,SEMAGLUTIDE,1,Oral,7 mg,,"","","","",,213051,7,MG,Tablet,"",7
23992380,239923801,1,I,,20240607,20240620,20240620,PER,"",US-TEVA-VS-3209029,TEVA,"",,"",A,F,Y,,"",20240620,"",HP,US,US,,,Rapid eye movement sleep behaviour disorder,"",7,C,OZEMPIC,SEMAGLUTIDE,1,"","",,"",U,"","",,"",,"","","",
23992910,239929101,1,I,20240101,20240611,20240620,20240620,EXP,"",US-RECORDATI-2024004452,RECORDATI,"",,"","","",Y,,"",20240620,"",CN,US,US,239929101,HO,Heart rate decreased,"",11,C,OZEMPIC,SEMAGLUTIDE,1,"","0.25 unspecified dose units, qw",,"",D,"","",,"",,"","",/WK,3
23993786,239937861,1,I,20240615,20240618,20240618,20240618,DIR,707173,"",FDA-CTU,"",54,YR,"",F,N,96,KG,20240618,N,PH,US,"",239937861,DE,Cardiac arrest,"",1,PS,WEGOVY,SEMAGLUTIDE,1,Subcutaneous,OTHER FREQUENCY : once weekly;?,,"",D,D,"",,"",0.5,MG,"",999,1
23993796,239937961,1,I,20140601,20240618,20240618,20240618,DIR,707180,"",FDA-CTU,"",38,YR,"",F,N,60.3,KG,20240618,Y,PH,US,"",239937961,DS,Malnutrition,"",1,PS,WEGOVY,SEMAGLUTIDE,1,Subcutaneous,OTHER FREQUENCY : Weekly;?,,"",D,D,"",,"",2.4,MG,"",999,4
23994883,239948831,1,I,20240101,20240617,20240620,20240620,EXP,"",US-PFIZER INC-PV202400080010,PFIZER,"",,"","",F,Y,,"",20240620,"",CN,US,US,239948831,HO,Drug interaction,"",4,I,OZEMPIC,SEMAGLUTIDE,1,"",UNK,,"",U,"","",,"",,"","","",3
23994970,239949701,1,I,20240401,20240619,20240619,20240619,DIR,707263,"",FDA-CTU,"",80,YR,"",M,N,90,KG,20240619,N,CN,US,"",239949701,LT,Pancreatic carcinoma,"",1,PS,OZEMPIC,SEMAGLUTIDE,1,"","",,"",N,D,"",,"",,"","","",2
23995665,239956651,1,I,20230101,20240615,20240620,20240620,EXP,"",US-ABBVIE-5670711,ABBVIE,"",,"","",F,Y,,"",20240620,"",CN,US,US,239956651,OT,Lacrimation increased,"",8,C,OZEMPIC,SEMAGLUTIDE,1,"","",,"","","","",,"",,"","",/WK,7
23995779,239957791,1,I,20240614,20240619,20240619,20240619,DIR,707319,"",FDA-CTU,"",23,YR,"",M,N,,"",20240619,N,HP,US,"",239957791,OT,Therapy cessation,"",1,PS,OZEMPIC,SEMAGLUTIDE,1,"","",,"","","","",,"",,"","","",7
23996537,239965371,1,I,,20240618,20240620,20240620,PER,"",US-PFIZER INC-PV202400081126,PFIZER,"",48,YR,"",F,Y,,"",20240620,"",HP,US,US,,,Arthralgia,"",8,C,RYBELSUS,SEMAGLUTIDE,1,"",UNK,,"","","","",,"",,"",Tablet,"",
23996542,239965421,1,I,,20231002,20240620,20240620,EXP,"",US-NOVOPROD-1206942,NOVO NORDISK,"",,"","",F,Y,,"",20240620,"",CN,US,US,239965421,OT,Eye operation,"",1,PS,OZEMPIC,SEMAGLUTIDE,1,Subcutaneous,0.25 mg,,"",U,"",NZF6C01,,209637,0.25,MG,Solution for injection,"",7
23996546,239965461,1,I,,20231010,20240620,20240620,EXP,"",US-NOVOPROD-1206621,NOVO NORDISK,"",,"","","",Y,,"",20240620,"",CN,US,US,239965461,HO,Cellulitis,"",1,PS,OZEMPIC,SEMAGLUTIDE,1,Subcutaneous,2 mg,,"",U,"","",,209637,,"",Solution for injection,"",3
23996578,239965781,1,I,20230518,20230622,20240620,20240620,EXP,"",US-NOVOPROD-1207688,NOVO NORDISK,"",71,YR,"",F,Y,,"",20240620,"",CN,US,US,239965781,OT,Stress fracture,"",1,PS,OZEMPIC,SEMAGLUTIDE,1,Subcutaneous,UNK,,"",U,"",nzf5j43,,209637,,"",Solution for injection,"",7
23997124,239971241,1,I,,20240611,20240621,20240621,EXP,"",US-NOVOPROD-1240393,NOVO NORDISK,"",,"","","",Y,,"",20240621,"",CN,US,US,239971241,DS,Blood cholesterol increased,"",1,PS,WEGOVY,SEMAGLUTIDE,1,Subcutaneous,Unk,,"",U,"","",,215256,,"",Solution for injection,"",4
23997134,239971341,1,I,,20240612,20240621,20240621,EXP,"",US-NOVOPROD-1240598,NOVO NORDISK,"",,"",A,F,Y,,"",20240621,"",CN,US,US,239971341,OT,Breast cancer,"",1,PS,WEGOVY,SEMAGLUTIDE,1,Subcutaneous,UNK,,"",U,"","",,215256,,"",Solution for injection,"",7
23997140,239971401,1,I,20230101,20240612,20240621,20240621,EXP,"",US-NOVOPROD-1241299,NOVO NORDISK,"",,"","","",Y,,"",20240621,"",CN,US,US,239971401,OT,Transient ischaemic attack,"",1,SS,RYBELSUS,SEMAGLUTIDE,1,Oral,7 mg,,"",U,"","",,"",,"",Tablet,"",7
23997175,239971751,1,I,,20240618,20240621,20240621,PER,"",US-ELI_LILLY_AND_COMPANY-US202406012715,ELI LILLY AND CO,"",,"","",M,Y,,"",20240621,"",CN,US,US,239971751,OT,Pancreatitis,"",2,SS,OZEMPIC,SEMAGLUTIDE,1,Subcutaneous,"1.34mg/ml, unknown",,"",U,"","",,"",,"","","",7
23997637,239976371,1,I,20240607,20240612,20240621,20240621,PER,"",US-SA-2024SA181288,SANOFI AVENTIS,"",52,YR,A,F,Y,74.8,KG,20240621,"",MD,US,US,,,Dyspnoea,"",8,C,OZEMPIC,SEMAGLUTIDE,1,"","",,"",U,"","",,"",,"","","",
23998195,239981951,1,I,,20240618,20240621,20240621,PER,"",US-BRISTOL-MYERS SQUIBB COMPANY-2024-099346,BRISTOL MYERS SQUIBB,"",,"",A,F,Y,,"",20240621,"",CN,US,US,239981951,OT,Neutropenia,"",2,C,WEGOVY,SEMAGLUTIDE,1,"",2.4mg/0.75ml Auto,,"","","","",,"",,"","","",7
23998687,239986871,1,I,,20240618,20240621,20240621,EXP,"",US-TAKEDA-2024TUS061463,TAKEDA,"Patel D, Patel D, Chittal A, Malik KJ, Disilvio BE. A ^tail^ of caution: pioglitazone induced recurrent pleural effusion. American Journal of Respiratory and Critical Care Medicine. 2024;209:A2015",68,YR,"",F,Y,,"",20240621,"",HP,US,US,239986871,OT,Pleural effusion,"",4,C,SEMAGLUTIDE,SEMAGLUTIDE,1,"",UNK,,"","","","",,"",,"","","",7
23998834,239988341,1,I,20240520,20240620,20240620,20240620,DIR,FDA-CDER-CTU-2024-43665,"",FDA-CTU,"",37,YR,"",F,N,292,LBS,20240620,N,"",US,"",239988341,HO,Impaired gastric emptying,"",1,PS,OZEMPIC,SEMAGLUTIDE,1,Subcutaneous,Frequency : Weekly;?,,"",D,"","",,"",2,MG,"",QW,3
23998903,239989032,2,F,20240201,20240620,20240621,20240627,EXP,"",US-ABBVIE-5806967,ABBVIE,"",62,YR,"",F,Y,100,KG,20240627,"",CN,US,US,,,Joint dislocation,"",4,C,OZEMPIC,SEMAGLUTIDE,1,"","",,"","","","",,"",,"","","",
23999010,239990101,1,I,20240501,20240619,20240620,20240620,DIR,FDA-CDER-CTU-2024-43614,"",FDA-CTU,"",37,YR,"",F,N,292,LBS,20240619,N,"",US,"",239990101,HO,Impaired gastric emptying,"",1,PS,OZEMPIC,SEMAGLUTIDE,1,Subcutaneous,"",,"",N,D,"",,99,2,MG,"","",3
23999853,239998531,1,I,20230701,20240620,20240620,20240620,DIR,707418,"",FDA-CTU,"",53,YR,"",UNK,N,148.5,KG,20240620,N,CN,US,"",239998531,HO,Impaired gastric emptying,"",1,PS,SEMAGLUTIDE,SEMAGLUTIDE,1,"",OTHER FREQUENCY : Weekly;?,,"",Y,D,"",,"",,"","",999,3
23999915,239999151,1,I,20240619,20240620,20240620,20240620,DIR,707474,"",FDA-CTU,"",44,YR,"",F,N,121.5,KG,20240620,N,CN,US,"",239999151,HO,Fatigue,"",1,PS,WEGOVY,SEMAGLUTIDE,1,"","",,"","",D,"",,999999,,"","","",3
23999917,239999171,1,I,20240501,20240612,20240621,20240621,PER,"",US-SA-2024SA178208,SANOFI AVENTIS,"",62,YR,A,F,Y,97,KG,20240621,"",MD,US,US,,,Dermatitis atopic,"",6,C,RYBELSUS,SEMAGLUTIDE,1,"",UNK,,"",U,"","",,"",,"",Tablet,"",
23999965,239999651,1,I,20240619,20240620,20240620,20240620,DIR,707353,"",FDA-CTU,"",44,YR,"",F,N,117.45,KG,20240620,N,CN,US,"",,,Pain,"",1,PS,WEGOVY,SEMAGLUTIDE,1,Other,OTHER QUANTITY : 1 Injection(s);?Frequency : Weekly;?OTHER ROUTE : Injection;?,,"",N,D,PZF8w69,20250430,"",,"",Injection,QW,
24000015,240000151,1,I,,20240614,20240621,20240621,EXP,"",US-MYOVANT SCIENCES GMBH-2023MYSCI0800774,MYOVANT SCIENCES,"",,"","",M,Y,,"",20240621,"",CN,US,US,240000151,OT,Asthenia,"",10,C,SEMAGLUTIDE,SEMAGLUTIDE,1,Unknown,UNK,,"","","","",,"",,"","","",7
24000067,240000671,1,I,20240521,20240619,20240621,20240621,PER,"",US-ELI_LILLY_AND_COMPANY-US202406013767,ELI LILLY AND CO,"",70,YR,E,M,Y,,"",20240621,"",MD,US,US,,,Blood glucose increased,"",13,C,OZEMPIC,SEMAGLUTIDE,1,"","0.5 mg, unknown",,"","","","",,"",0.5,MG,"","",
24000369,240003691,1,I,20240219,20240405,20240621,20240621,DIR,FDA-CDER-CTU-2024-43881,"",FDA-CTU,"",75,YR,"",M,N,84,KG,20240405,N,PH,US,"",240003691,LT,Euglycaemic diabetic ketoacidosis,"",2,SS,SEMAGLUTIDE,SEMAGLUTIDE,1,Subcutaneous,OTHER FREQUENCY : QWEEK;?,,"","","",NZF7T43,,"",0.25,MG,"",999,2
24000959,240009591,1,I,20240611,20240612,20240621,20240621,PER,"",US-SA-2024SA177509,SANOFI AVENTIS,"",42,YR,A,F,Y,,"",20240621,"",CN,US,US,,,Product prescribing error,"",2,C,OZEMPIC,SEMAGLUTIDE,1,"",UNK,,"",U,"","",,"",,"","","",
24000968,240009681,1,I,20240301,20240613,20240621,20240621,EXP,"",US-UNITED THERAPEUTICS-UNT-2024-007352,UNITED THERAPEUTICS,"",40,YR,"",F,Y,75.737,KG,20240621,"",MD,US,US,240009681,HO,Device use error,"",16,C,OZEMPIC,SEMAGLUTIDE,1,"",UNK,,"","","","",,"",,"","","",3
24001067,240010671,1,I,,20230803,20240621,20240621,EXP,"",US-NOVOPROD-1238031,NOVO NORDISK,"",,"","","",Y,,"",20240621,"",CN,US,US,240010671,OT,Diabetes mellitus,"",1,PS,OZEMPIC,SEMAGLUTIDE,1,Subcutaneous,2 mg,,"",U,"","",,209637,2,MG,Solution for injection,"",7
24001068,240010681,1,I,,20230906,20240621,20240621,EXP,"",US-NOVOPROD-1209089,NOVO NORDISK,"",,"","",F,Y,,"",20240621,"",CN,US,US,240010681,OT,Hyperglycaemia,"",1,PS,OZEMPIC,SEMAGLUTIDE,1,Subcutaneous,0.5 mg,,"",U,"",NZF5Y21,,209637,,"",Solution for injection,"",7
24001193,240011931,1,I,,20240611,20240621,20240621,EXP,"",US-ELI_LILLY_AND_COMPANY-US202406013634,ELI LILLY AND CO,"",,"","",F,Y,167.8,KG,20240621,"",CN,US,US,240011931,OT,Palpitations,"",14,C,SEMAGLUTIDE,SEMAGLUTIDE,1,"","",,"","","","",,"",,"","","",7
24002719,240027191,1,I,20220101,20240328,20240624,20240624,PER,"",US-STRIDES ARCOLAB LIMITED-2024SP003937,STRIDES,"Guerdjikova AI, Ward A, Ontiveros M, McElroy SL.. Semaglutide Misuse in Atypical Anorexia Nervosa-A Case Report.. J-Clin-Psychopharmacol. 2024;44 (2):179-180",,"","",F,Y,,"",20240624,"",HP,US,US,,,Off label use,"",3,C,SEMAGLUTIDE,SEMAGLUTIDE,1,Unknown,"2.4 milligram, Once A Week",,"","","","",,"",2.4,MG,Injection,"",
24002895,240028951,1,I,20240418,20240612,20240624,20240624,EXP,"",US-NOVOPROD-1240628,NOVO NORDISK,"",65,YR,"",M,Y,,"",20240624,"",HP,US,US,240028951,OT,Inappropriate schedule of product administration,"",1,PS,OZEMPIC,SEMAGLUTIDE,1,Subcutaneous,0.25,,"",Y,"","",,209637,,"",Solution for injection,"",7
24002896,240028961,1,I,,20240612,20240624,20240624,EXP,"",US-NOVOPROD-1240705,NOVO NORDISK,"",,"","","",Y,,"",20240624,"",CN,US,US,240028961,OT,Knee arthroplasty,"",1,PS,WEGOVY,SEMAGLUTIDE,1,Subcutaneous,unk,,"",U,"","",,215256,,"",Solution for injection,"",7
24003144,240031441,1,I,20240101,20240613,20240624,20240624,PER,"",US-SA-2024SA182791,SANOFI AVENTIS,"",47,YR,A,M,Y,,"",20240624,"",MD,US,US,,,Lack of injection site rotation,"",3,C,OZEMPIC,SEMAGLUTIDE,1,"",UNK,,"",U,"","",,"",,"","","",
24003152,240031521,1,I,20240602,20240614,20240624,20240624,PER,"",US-SA-2024SA182846,SANOFI AVENTIS,"",55,YR,A,F,Y,148,KG,20240624,"",MD,US,US,,,Injection site pain,"",2,C,OZEMPIC,SEMAGLUTIDE,1,"","",,"",U,"","",,"",,"",Injection,"",
24003201,240032011,1,I,20240101,20240615,20240624,20240624,PER,"",US-SA-2024SA182086,SANOFI AVENTIS,"",48,YR,A,F,Y,,"",20240624,"",MD,US,US,,,Dysphagia,"",8,C,OZEMPIC,SEMAGLUTIDE,1,"","",,"",U,"","",,"",,"",Injection,"",
24003299,240032991,1,I,,20240617,20240624,20240624,PER,"",US-SA-2024SA184508,SANOFI AVENTIS,"",,"",A,F,Y,,"",20240624,"",MD,US,US,,,Nausea,"",18,C,OZEMPIC,SEMAGLUTIDE,1,"",unk,,"",U,"","",,"",,"","","",
24003316,240033161,1,I,,20240618,20240624,20240624,PER,"",US-SA-2024SA185089,SANOFI AVENTIS,"",69,YR,E,F,Y,93.44,KG,20240624,"",MD,US,US,,,Therapeutic response decreased,"",2,C,OZEMPIC,SEMAGLUTIDE,1,"","",,"",U,"","",,"",,"",Injection,"",
24003371,240033711,1,I,,20240613,20240624,20240624,EXP,"",US-NOVOPROD-1241334,NOVO NORDISK,"",,"","",M,Y,,"",20240624,"",CN,US,US,240033711,OT,Periorbital fat herniation,"",1,PS,OZEMPIC,SEMAGLUTIDE,1,Subcutaneous,UNK,,"",U,"","",,209637,,"",Solution for injection,"",7
24003372,240033721,1,I,,20240613,20240624,20240624,EXP,"",US-NOVOPROD-1241645,NOVO NORDISK,"",,"","",F,Y,,"",20240624,"",HP,US,US,240033721,OT,Inappropriate schedule of product administration,"",1,PS,OZEMPIC,SEMAGLUTIDE,1,Subcutaneous,UNK,,"",Y,"","",,209637,,"",Solution for injection,"",7
24003374,240033741,1,I,,20240613,20240624,20240624,EXP,"",US-NOVOPROD-1241045,NOVO NORDISK,"",,"","",F,Y,,"",20240624,"",CN,US,US,240033741,OT,Nephrolithiasis,"",1,PS,WEGOVY,SEMAGLUTIDE,1,"","",,"","","","",,215256,,"",Solution for injection,"",7
24003375,240033751,1,I,,20240613,20240624,20240624,EXP,"",US-NOVOPROD-1241635,NOVO NORDISK,"",50,YR,"",F,Y,,"",20240624,"",MD,US,US,240033751,OT,Bradycardia,"",1,PS,WEGOVY,SEMAGLUTIDE,1,Subcutaneous,UNK,,"",Y,"","",,215256,,"",Solution for injection,"",7
24003376,240033761,1,I,,20240613,20240624,20240624,EXP,"",US-NOVOPROD-1241641,NOVO NORDISK,"",,"","",F,Y,,"",20240624,"",HP,US,US,240033761,HO,Dehydration,"",1,PS,OZEMPIC,SEMAGLUTIDE,1,Subcutaneous,UNK,,"",U,"","",,209637,,"",Solution for injection,"",3
24003377,240033771,1,I,,20240613,20240624,20240624,EXP,"",US-NOVOPROD-1240412,NOVO NORDISK,"",,"","",F,Y,,"",20240624,"",HP,US,US,240033771,HO,Diabetic ketoacidosis,"",1,PS,RYBELSUS,SEMAGLUTIDE,1,Oral,Unk,,"",Y,"","",,213051,,"",Tablet,"",3
24003380,240033801,1,I,,20240613,20240624,20240624,EXP,"",US-NOVOPROD-1241297,NOVO NORDISK,"",,"","",M,Y,,"",20240624,"",HP,US,US,240033801,OT,Pancreatic carcinoma,"",1,PS,OZEMPIC,SEMAGLUTIDE,1,Subcutaneous,UNK,,"",U,"","",,209637,,"",Solution for injection,"",7
24003382,240033821,1,I,,20240613,20240624,20240624,EXP,"",US-NOVOPROD-1241473,NOVO NORDISK,"",,"","",M,Y,,"",20240624,"",MD,US,US,240033821,OT,Pancreatic carcinoma,"",1,PS,OZEMPIC,SEMAGLUTIDE,1,Subcutaneous,UNK,,"",Y,"","",,209637,,"",Solution for injection,"",7
24003383,240033831,1,I,,20240613,20240624,20240624,EXP,"",US-NOVOPROD-1242262,NOVO NORDISK,"",,"","","",Y,,"",20240624,"",CN,US,US,240033831,OT,Type 1 diabetes mellitus,"",1,PS,WEGOVY,SEMAGLUTIDE,1,Subcutaneous,"2.4 mg, qw",,"","","","",,215256,2.4,MG,Solution for injection,/WK,7
24005068,240050681,1,I,20240408,20240621,20240621,20240621,DIR,707614,"",FDA-CTU,"",71,YR,"",M,N,72,KG,20240621,N,CN,US,"",240050681,DS,Myalgia,"",3,C,Ozempic HCTZ,"",2,"","",,"","","","",,"",,"","","",4
24005142,240051421,1,I,20231107,20240621,20240621,20240621,DIR,707641,"",FDA-CTU,"",39,YR,"",F,N,65.25,KG,20240621,N,CN,US,"",240051421,LT,Intentional self-injury,"",1,PS,SEMAGLUTIDE,SEMAGLUTIDE,1,Subcutaneous,OTHER QUANTITY : 1 Injection(s)?OTHER FREQUENCY : 1 injection/week?,,"",Y,Y,247956,20240926,99,,"","INJECTION, SOLUTION",999,2
24005298,240052981,1,I,,20240617,20240621,20240621,DIR,FDA-CDER-CTU-2024-44233,"",FDA-CTU,"",76,YR,"",F,N,92.99,KG,20240617,Y,CN,US,"",240052981,HO,Nonspecific reaction,"",1,PS,OZEMPIC,SEMAGLUTIDE,1,Intramuscular,Frequency : Weekly;?,,"",Y,"","",,"",,"","INJECTION, SOLUTION",QW,3
24006275,240062751,1,I,,20240613,20240624,20240624,PER,"",US-SA-2024SA179711,SANOFI AVENTIS,"",,"",A,F,Y,,"",20240624,"",MD,US,US,,,Urticaria,"",3,C,OZEMPIC,SEMAGLUTIDE,1,"","",,"",U,"","",,"",,"","","",
24006297,240062971,1,I,20240616,20240621,20240621,20240621,DIR,FDA-CDER-CTU-2024-44336,"",FDA-CTU,"",75,YR,"","",N,,"",20240621,Y,CN,US,"",240062971,OT,Decreased appetite,"",1,PS,OZEMPIC,SEMAGLUTIDE,1,Intramuscular,Frequency : Weekly;?,,"",Y,"","",,"",0.5,MG,"INJECTION, SOLUTION",QW,7
24006394,240063941,1,I,20240219,20240405,20240624,20240624,DIR,FDA-CDER-CTU-2024-44303,"",FDA-CTU,"",75,YR,"",M,N,84,KG,20240405,N,PH,US,"",240063941,LT,Hyperglycaemia,"",2,SS,SEMAGLUTIDE,SEMAGLUTIDE,1,Subcutaneous,Frequency : Weekly;?,,"",Y,D,NZF7T43,,"",,"","INJECTION, SOLUTION",QW,2
24006928,240069281,1,I,20190101,20240619,20240624,20240624,EXP,"",US-SA-2024SA185804,SANOFI AVENTIS,"",38,YR,A,F,Y,,"",20240624,"",MD,US,US,240069281,HO,Seizure,"",8,C,OZEMPIC,SEMAGLUTIDE,1,"","",,"",U,"","",,"",,"","","",3
24007268,240072681,1,I,,20240618,20240624,20240624,EXP,"",US-JNJFOC-20240574852,JOHNSON AND JOHNSON,"",77,YR,E,F,Y,,"",20240625,"",CN,US,US,240072681,OT,Alopecia,"",37,C,OZEMPIC,SEMAGLUTIDE,1,"","",,"","","","",,"",,"","","",7
24007450,240074501,1,I,20220101,20240612,20240625,20240625,EXP,"",US-NOVOPROD-1241322,NOVO NORDISK,"",,"","","",Y,,"",20240625,"",CN,US,US,240074501,OT,Diarrhoea,"",1,PS,RYBELSUS,SEMAGLUTIDE,1,Oral,3 mg,,"",Y,U,"",,213051,3,MG,Tablet,"",7
24007452,240074521,1,I,20240101,20240613,20240625,20240625,EXP,"",US-NOVOPROD-1068563,NOVO NORDISK,"",76,YR,"",M,Y,,"",20240625,"",CN,US,US,240074521,OT,Renal neoplasm,"",1,PS,RYBELSUS,SEMAGLUTIDE,1,Oral,"6 mg (2 doses of 3 mg), qd",,"",Y,"","",,213051,6,MG,Tablet,QD,7
24007454,240074541,1,I,,20240613,20240625,20240625,EXP,"",US-NOVOPROD-1242265,NOVO NORDISK,"",,"","",F,Y,,"",20240625,"",CN,US,US,240074541,HO,Dysplasia,"",1,PS,WEGOVY,SEMAGLUTIDE,1,Subcutaneous,UNK,,"",N,"","",,215256,,"",Solution for injection,"",3
24007456,240074561,1,I,20231201,20240614,20240625,20240625,EXP,"",US-NOVOPROD-1232475,NOVO NORDISK,"",,"","",F,Y,,"",20240625,"",CN,US,US,240074561,OT,Alopecia,"",1,PS,OZEMPIC,SEMAGLUTIDE,1,Subcutaneous,0.25 mg,,"","","",NZF8B14,,209637,0.25,MG,Solution for injection,"",7
24007459,240074591,1,I,,20240614,20240625,20240625,EXP,"",US-NOVOPROD-1241007,NOVO NORDISK,"",,"","","",Y,,"",20240625,"",CN,US,US,240074591,HO,Suicide attempt,"",1,PS,SEMAGLUTIDE,SEMAGLUTIDE,1,Subcutaneous,UNK,,"",U,"","",,209637,,"","","",3
24007506,240075061,1,I,,20240614,20240625,20240625,EXP,"",US-NOVOPROD-1242002,NOVO NORDISK,"",,"","",M,Y,,"",20240625,"",CN,US,US,240075061,OT,Myocardial infarction,"",1,PS,RYBELSUS,SEMAGLUTIDE,1,Oral,3 mg,,"",U,"","",,213051,3,MG,Tablet,"",7
24007509,240075091,1,I,,20240614,20240625,20240625,EXP,"",US-NOVOPROD-1241519,NOVO NORDISK,"",,"",A,F,Y,,"",20240625,"",HP,US,US,240075091,OT,Decreased appetite,"",1,PS,OZEMPIC,SEMAGLUTIDE,1,Subcutaneous,UNK,,"",U,"","",,209637,,"",Solution for injection,"",7
24007510,240075101,1,I,20240101,20240614,20240625,20240625,EXP,"",US-NOVOPROD-1242391,NOVO NORDISK,"",,"","",M,Y,,"",20240625,"",MD,US,US,240075101,OT,Hepatic cancer,"",1,PS,OZEMPIC,SEMAGLUTIDE,1,Subcutaneous,UNK,,"","","","",,209637,,"",Solution for injection,"",7
24007512,240075121,1,I,20231201,20240614,20240625,20240625,EXP,"",US-NOVOPROD-1241520,NOVO NORDISK,"",65,YR,"",F,Y,,"",20240625,"",CN,US,US,240075121,OT,Rotator cuff syndrome,"",1,PS,OZEMPIC,SEMAGLUTIDE,1,Subcutaneous,UNK,,"",Y,"","",,209637,,"",Solution for injection,"",7
24007515,240075151,1,I,,20240614,20240625,20240625,EXP,"",US-NOVOPROD-1242979,NOVO NORDISK,"",,"","",F,Y,,"",20240625,"",CN,US,US,240075151,DS,Disability,"",1,PS,WEGOVY,SEMAGLUTIDE,1,Subcutaneous,UNK,,"",U,"","",,215256,,"",Solution for injection,"",4
24007521,240075211,1,I,,20240616,20240625,20240625,EXP,"",US-NOVOPROD-1242443,NOVO NORDISK,"",,"",A,F,Y,,"",20240625,"",CN,US,US,240075211,OT,Spinal operation,"",1,PS,OZEMPIC,SEMAGLUTIDE,1,Subcutaneous,UNK,,"","","","",,209637,,"",Solution for injection,"",7
24007921,240079211,1,I,20240515,20240620,20240625,20240625,EXP,"",US-UCBSA-2024031529,UCB,"",63,YR,"",F,Y,,"",20240625,"",CN,US,US,240079211,HO,Gastrointestinal disorder,"",3,C,OZEMPIC,SEMAGLUTIDE,1,"",UNK,,"",U,"","",,"",,"",Injection,"",3
24009345,240093451,1,I,20240520,20240528,20240625,20240625,PER,"",US-Eisai-EC-2024-166710,EISAI,"",85,YR,E,M,Y,96,KG,20240625,"",CN,US,US,,,Infusion related reaction,"",3,C,RYBELSUS,SEMAGLUTIDE,1,"","",,"","","","",,"",,"","","",
24009755,240097551,1,I,,20240619,20240625,20240625,EXP,"",US-MYLANLABS-2024M1057280,MYLAN,"Gutierrez L, Ramanujam D, Patel D, Modugula S, Disilvio BE. The Downside of Your Uppers: Venlafaxine-induced Hypertriglyceridemia Causing Acute Pancreatitis. Am-J-Respir-Crit-Care-Med 2024; 209.",45,YR,"",F,Y,,"",20240625,"",HP,US,US,240097551,HO,Hypotriglyceridaemia,"",2,SS,SEMAGLUTIDE,SEMAGLUTIDE,1,Unknown,UNK,,"",Y,"","",,"",,"",Unknown,"",3
24009993,240099931,1,I,20240611,20240612,20240625,20240625,PER,"",US-ALKERMES INC.-ALK-2024-001645,ALKERMES,"",56,YR,"",M,Y,145.58,KG,20240625,"",CN,US,US,,,Diabetes mellitus,"",2,C,OZEMPIC,SEMAGLUTIDE,1,Unknown,UNK,,"","","","",,"",,"","","",
24010010,240100101,1,I,20240101,20240621,20240625,20240625,EXP,"",US-UCBSA-2024024790,UCB,"",,"","",F,Y,81.37,KG,20240625,"",HP,US,US,240100101,OT,Pain,"",7,C,SEMAGLUTIDE,SEMAGLUTIDE,1,"",UNK,,"",U,"","",,"",,"","","",7
24010629,240106291,1,I,20240422,20240624,20240624,20240624,DIR,707834,"",FDA-CTU,"",54,YR,"",F,N,69.75,KG,20240624,N,CN,US,"",240106291,OT,Dyspepsia,"",4,SS,WEGOVY,SEMAGLUTIDE,1,"","",,"","","","",,"",,"","","",7
24010950,240109501,1,I,,20240620,20240625,20240625,PER,"",US-DSJP-DSU-2024-128905,DAIICHI,"",,"","",F,Y,,"",20240625,"",HP,US,US,,,Fall,"",2,SS,OZEMPIC,SEMAGLUTIDE,1,Unknown,UNK,,"","","","",,"",,"","","",
24010957,240109571,1,I,20240426,20240624,20240624,20240624,DIR,707913,"",FDA-CTU,"",37,YR,"",F,N,65.25,KG,20240624,N,CN,US,"",,,Anxiety,"",1,PS,WEGOVY,SEMAGLUTIDE,1,Subcutaneous,OTHER FREQUENCY : Once weekly;?,,"",Y,Y,"",,"",,"","",999,
24011046,240110461,1,I,20240620,20240624,20240624,20240624,DIR,FDA-CDER-CTU-2024-44633,"",FDA-CTU,"",41,YR,"",F,N,113.4,KG,20240624,N,CN,US,"",240110461,OT,Vision blurred,"",5,C,OZEMPIC,SEMAGLUTIDE,1,"","",,"","","","",,"",,"","","",7
24011206,240112061,1,I,,20240625,20240625,20240625,DIR,707967,"",FDA-CTU,"",,"","",F,N,62.1,KG,20240625,N,CN,US,"",,,Hyperaesthesia,"",1,PS,OZEMPIC,SEMAGLUTIDE,1,Subcutaneous,OTHER QUANTITY : 1 Injection(s);?Frequency : Weekly;?,,"",N,D,"",,"",,"","",QW,
24011207,240112071,1,I,20240624,20240625,20240625,20240625,DIR,707971,"",FDA-CTU,"",,"","",UNK,N,,"",20240625,N,CN,US,"",,,Weight decreased,"",1,PS,SEMAGLUTIDE,SEMAGLUTIDE,1,"","",,"","","",UNKNOWN,,"",,"","","",
24011614,240116141,1,I,,20230821,20240625,20240625,EXP,"",US-NOVOPROD-1203519,NOVO NORDISK,"",,"","","",Y,,"",20240625,"",CN,US,US,240116141,HO,Illness,"",1,PS,OZEMPIC,SEMAGLUTIDE,1,Subcutaneous,0.5 mg,,"",U,"","",,209637,0.5,MG,Solution for injection,"",3
24011615,240116151,1,I,,20230705,20240625,20240625,EXP,"",US-NOVOPROD-1201284,NOVO NORDISK,"",,"","",F,Y,,"",20240625,"",CN,US,US,240116151,OT,Ketoacidosis,"",1,PS,WEGOVY,SEMAGLUTIDE,1,Subcutaneous,1.7 mg,,"",U,"","",,215256,1.7,MG,Solution for injection,"",7
24011618,240116181,1,I,,20230823,20240625,20240625,EXP,"",US-NOVOPROD-1203540,NOVO NORDISK,"",,"","",F,Y,,"",20240625,"",CN,US,US,240116181,DS,Disability,"",1,PS,OZEMPIC,SEMAGLUTIDE,1,Subcutaneous,0.25 mg,,"",U,"","",,209637,,"",Solution for injection,"",4
24011620,240116201,1,I,,20230822,20240625,20240625,EXP,"",US-NOVOPROD-1203542,NOVO NORDISK,"",,"","","",Y,,"",20240625,"",CN,US,US,240116201,OT,Metabolic surgery,"",1,PS,OZEMPIC,SEMAGLUTIDE,1,Subcutaneous,"0.25 mg, qw",,"",U,"","",,209637,0.25,MG,Solution for injection,/WK,7
24011639,240116391,1,I,20240620,20240621,20240625,20240625,EXP,"",US-BRISTOL-MYERS SQUIBB COMPANY-2024-101196,BRISTOL MYERS SQUIBB,"",62,YR,A,M,Y,81.65,KG,20240625,"",PH,US,US,240116391,HO,Skin disorder,"",9,C,RYBELSUS,SEMAGLUTIDE,1,"","",,"","","","",,"",14,MG,Tablet,"",3
24011689,240116891,1,I,,20240610,20240625,20240625,EXP,"",US-NOVOPROD-1239258,NOVO NORDISK,"",,"",A,F,Y,,"",20240625,"",HP,US,US,240116891,OT,Counterfeit product administered,"",1,PS,SEMAGLUTIDE,SEMAGLUTIDE,1,Subcutaneous,UNK,,"",Y,"","",,209637,,"","","",7
24011690,240116901,1,I,,20230724,20240625,20240625,EXP,"",US-NOVOPROD-1207607,NOVO NORDISK,"",,"","",F,Y,,"",20240625,"",CN,US,US,240116901,OT,Off label use,"",1,PS,OZEMPIC,SEMAGLUTIDE,1,Subcutaneous,unk,,"",U,"",NP5G101,,209637,,"",Solution for injection,"",7
24011884,240118841,1,I,20240101,20240621,20240625,20240625,PER,"",US-UNITED THERAPEUTICS-UNT-2024-019224,UNITED THERAPEUTICS,"",,"","",F,Y,103.4,KG,20240625,"","",US,US,,,Weight increased,"",24,C,OZEMPIC,SEMAGLUTIDE,1,Oral use,UNK,,"","","","",,"",,"","","",
24012201,240122011,1,I,,20240619,20240625,20240625,PER,"",US-BIOMARINAP-US-2024-158700,BIOMARIN,"",,"","","",Y,,"",20240625,"",CN,US,US,,,Blood creatinine increased,"",2,SS,OZEMPIC,SEMAGLUTIDE,1,Unknown,"",,"",U,"",not reported,,"",,"","","",
24012303,240123031,1,I,,20240617,20240625,20240625,PER,"",US-ABBVIE-5812404,ABBVIE,"",,"","",F,Y,,"",20240625,"",CN,US,US,,,Illness,"",3,C,OZEMPIC,SEMAGLUTIDE,1,"",.25 or 0.5 pen injectr,,"","","","",,"",,"","","",
24012392,240123921,1,I,,20240618,20240625,20240625,EXP,"",US-ABBVIE-5812747,ABBVIE,"",,"","",F,Y,,"",20240625,"",CN,US,US,240123921,OT,Dyspepsia,"",3,C,OZEMPIC,SEMAGLUTIDE,1,"",25 OR 0.5 PEN Injector,,"","","","",,"",,"","","",7
24012585,240125851,1,I,,20240621,20240626,20240626,EXP,"",US-SANDOZ INC.-SDZ2024US060498,SANDOZ,"",,"","","",Y,,"",20240626,"",CN,US,US,,,Drug ineffective,"",4,SS,OZEMPIC,SEMAGLUTIDE,1,Unknown,3 frickin weeks,,"",U,"","",,"",,"",Unknown,"",
24012640,240126401,1,I,20240101,20240621,20240626,20240626,PER,"","US-B.I. Pharmaceuticals,Inc./Ridgefield-2024-BI-035547",BOEHRINGER INGELHEIM,"",7,DEC,"",F,Y,,"",20240626,"",HP,US,US,,,Urinary tract infection,"",2,C,OZEMPIC,SEMAGLUTIDE,1,"","",,"","","","",,"",,"","","",
24012745,240127451,1,I,20240101,20240615,20240626,20240626,EXP,"",US-NOVOPROD-1243021,NOVO NORDISK,"",41,YR,"",F,Y,172.34,KG,20240626,"",CN,US,US,240127451,OT,Crohn's disease,"",1,PS,WEGOVY,SEMAGLUTIDE,1,Subcutaneous,UNK,,"",U,"","",,215256,,"",Solution for injection,"",7
24012761,240127611,1,I,,20240617,20240626,20240626,EXP,"",US-NOVOPROD-1242350,NOVO NORDISK,"",,"",A,F,Y,,"",20240626,"",CN,US,US,240127611,OT,Foot operation,"",1,PS,OZEMPIC,SEMAGLUTIDE,1,Subcutaneous,2 mg,,"",D,"","",,209637,2,MG,Solution for injection,"",7
24012767,240127671,1,I,,20240617,20240626,20240626,EXP,"",US-NOVOPROD-1242103,NOVO NORDISK,"",,"","",M,Y,,"",20240626,"",CN,US,US,240127671,HO,Nephrolithiasis,"",1,PS,OZEMPIC,SEMAGLUTIDE,1,Subcutaneous,UNK,,"","","","",,209637,,"",Solution for injection,"",3
24012768,240127681,1,I,20240601,20240617,20240626,20240626,EXP,"",US-NOVOPROD-1242343,NOVO NORDISK,"",,"","",F,Y,,"",20240626,"",CN,US,US,240127681,OT,Off label use,"",1,PS,OZEMPIC,SEMAGLUTIDE,1,Subcutaneous,"2 mg, qw",,"","","","",,209637,2,MG,Solution for injection,/WK,7
24013231,240132311,1,I,20240603,20240625,20240626,20240626,EXP,"","US-B.I. Pharmaceuticals,Inc./Ridgefield-2024-BI-036147",BOEHRINGER INGELHEIM,"",61,YR,A,F,Y,,"",20240626,"",HP,US,US,240132311,HO,Fournier's gangrene,"",2,C,OZEMPIC,SEMAGLUTIDE,1,"","",,"","","","",,"",,"","","",3
24013478,240134781,1,I,,20240620,20240626,20240626,EXP,"",US-ABBVIE-5812979,ABBVIE,"",,"","",F,Y,,"",20240626,"",CN,US,US,240134781,OT,Breast cancer,"",2,C,OZEMPIC,SEMAGLUTIDE,1,"","",,"","","","",,"",,"","","",7
24013542,240135421,1,I,20220501,20240623,20240626,20240626,PER,"",US-ELI_LILLY_AND_COMPANY-US202406016716,ELI LILLY AND CO,"",59,YR,A,F,Y,,"",20240626,"",CN,US,US,,,Infusion site erythema,"",2,C,OZEMPIC,SEMAGLUTIDE,1,"",0.5 mg,,"","","","",,"",0.5,MG,"","",
24014201,240142011,1,I,20240530,20240625,20240625,20240625,DIR,FDA-CDER-CTU-2024-44759,"",FDA-CTU,"",41,YR,"",F,N,,"",20240625,Y,PH,US,"",,,Dizziness,"",2,SS,OZEMPIC,SEMAGLUTIDE,1,"","",,"","","","",,"",,"","","",
24014277,240142771,1,I,20240623,20240625,20240625,20240625,DIR,FDA-CDER-CTU-2024-44757,"",FDA-CTU,"",55,YR,"",F,N,,"",20240625,N,"",US,"",,,Nausea,"",2,SS,OZEMPIC,SEMAGLUTIDE,1,"","",,"","","","",,"",,"","","",
24014861,240148611,1,I,20240607,20240625,20240625,20240625,DIR,708055,"",FDA-CTU,"",29,YR,"",F,N,66.6,KG,20240625,N,CN,US,"",240148611,HO,Abdominal pain upper,"",1,PS,METHYLCOBALAMIN\SEMAGLUTIDE,METHYLCOBALAMIN\SEMAGLUTIDE,1,"","",,"",N,D,"",,99,,"","","",3
24014870,240148701,1,I,,20240620,20240626,20240626,PER,"",US-DSJP-DSU-2024-128900,DAIICHI,"",,"","",F,Y,,"",20240626,"",HP,US,US,,,Dizziness,"",2,SS,OZEMPIC,SEMAGLUTIDE,1,Unknown,"",,"","","","",,"",,"","","",
24015402,240154021,1,I,,20240612,20240626,20240626,PER,"",US-JNJFOC-20240636734,JOHNSON AND JOHNSON,"",,"","","",Y,,"",20240626,"",MD,US,US,,,Hepatic enzyme increased,"",2,SS,WEGOVY,SEMAGLUTIDE,1,Unknown,"",,"",U,"","",,"",,"",Unknown,"",
24015521,240155211,1,I,20220920,20240626,20240626,20240626,DIR,708096,"",FDA-CTU,"",31,YR,"",F,N,67.05,KG,20240626,N,CN,US,"",240155211,HO,Diabetic ketoacidosis,"",1,PS,OZEMPIC,SEMAGLUTIDE,1,"","",,"",N,D,"",,99,,"","","",3
24015576,240155761,1,I,20240622,20240626,20240626,20240626,DIR,708111,"",FDA-CTU,"",44,YR,"",F,N,,"",20240626,N,HP,US,"",,,Heavy menstrual bleeding,"",1,PS,CYANOCOBALAMIN\GLYCINE\SEMAGLUTIDE,CYANOCOBALAMIN\GLYCINE\SEMAGLUTIDE,1,Subcutaneous,OTHER FREQUENCY : weekly;?,,"","","",LG5067683,20240827,99,0.05,ML,"",999,
24016378,240163781,1,I,20240101,20240621,20240626,20240626,PER,"",US-SA-2024SA187838,SANOFI AVENTIS,"",58,YR,A,F,Y,,"",20240626,"",MD,US,US,240163781,HO,Peripheral swelling,"",7,C,OZEMPIC,SEMAGLUTIDE,1,"","",,"",U,"","",,"",,"","","",3
24016578,240165781,1,I,,20230705,20240626,20240626,EXP,"",US-NOVOPROD-1195575,NOVO NORDISK,"",,"","","",Y,,"",20240626,"",CN,US,US,240165781,HO,Incorrect dose administered,"",1,PS,OZEMPIC,SEMAGLUTIDE,1,Subcutaneous,ended up giving 2 mg,,"",U,"","",,209637,,"",Solution for injection,"",3
24017081,240170812,2,F,20240618,20240621,20240626,20240628,PER,"",US-JNJFOC-20240663350,JOHNSON AND JOHNSON,"",54,YR,A,M,Y,94.4,KG,20240628,"",PH,US,US,240170812,OT,Hypersensitivity,"",4,C,OZEMPIC,SEMAGLUTIDE,1,"","",,"","","","",,"",,"","","",7
24017398,240173981,1,I,,20240624,20240627,20240627,PER,"",US-BRISTOL-MYERS SQUIBB COMPANY-2024-102358,BRISTOL MYERS SQUIBB,"",59,YR,A,F,Y,91.17,KG,20240627,"",PH,US,US,,,Product storage error,"",9,C,OZEMPIC,SEMAGLUTIDE,1,"","",,"",U,"","",,"",10,MG,"",/WK,
24017717,240177171,1,I,,20240620,20240627,20240627,PER,"",US-AMGEN-USASP2024122318,AMGEN,"",,"","",F,Y,,"",20240627,"",CN,US,US,,,Incorrect dose administered by device,"",2,C,OZEMPIC,SEMAGLUTIDE,1,"","",,"","","","",,"",,"","","",
24018125,240181251,1,I,20240221,20240222,20240627,20240627,PER,"",US-AJANTA-2024AJA00032,AJANTA PHARMA,"",,"","","",Y,,"",20240627,"",CN,US,US,,,Headache,"",4,C,RYBELSUS,SEMAGLUTIDE,1,"","",,"","","","",,"",3,MG,"","",
24018500,240185001,1,I,,20240617,20240627,20240627,EXP,"",US-MYLANLABS-2024M1056609,MYLAN,"Shah CV, Robbins TS, Sparks MA. Sodium-Glucose Cotransporter 2 Inhibitors and Management of Refractory Hypomagnesemia Without Overt Urinary Magnesium Wasting: A Report of 2 Cases. Kidney-Med 2022; 4 (10):.",78,YR,"",F,Y,,"",20240627,"",MD,US,US,240185001,OT,Drug dependence,"",6,C,SEMAGLUTIDE,SEMAGLUTIDE,1,Unknown,"1 milligram, qw",,"","","","",,"",1,MG,Unknown,/WK,7
24018885,240188851,1,I,20240101,20240621,20240627,20240627,PER,"",US-SA-2024SA188328,SANOFI AVENTIS,"",77,YR,E,F,Y,,"",20240627,"",CN,US,US,,,Injection site pain,"",2,SS,OZEMPIC,SEMAGLUTIDE,1,"",UNK,,"","","","",,"",,"","","",
24019978,240199781,1,I,20240524,20240621,20240627,20240627,PER,"",US-AMGEN-USASP2024123667,AMGEN,"",68,YR,E,F,Y,,"",20240627,"",CN,US,US,,,Incorrect disposal of product,"",2,C,OZEMPIC,SEMAGLUTIDE,1,"","",,"","","","",,"",,"","","",
24020280,240202801,1,I,20230920,20240627,20240627,20240627,DIR,708245,"",FDA-CTU,"",36,YR,"",F,N,108,KG,20240627,N,CN,US,"",240202801,OT,Cholelithiasis,"",1,PS,OZEMPIC,SEMAGLUTIDE,1,Subcutaneous,OTHER QUANTITY : 1 Injection(s);?OTHER FREQUENCY : 1x every 7 days;?,,"",N,D,"",,"",,"","",999,7
24020289,240202891,1,I,20240627,20240627,20240627,20240627,DIR,708252,"",FDA-CTU,"",67,YR,"",F,N,63,KG,20240627,Y,CN,US,"",,,Suspected counterfeit product,"",1,PS,SEMAGLUTIDE,SEMAGLUTIDE,1,Intramuscular,OTHER QUANTITY : 30 Injection(s)?OTHER FREQUENCY : Once a week?,,"",N,D,299643,20250429,99,,"","",999,
24020359,240203591,1,I,,20240617,20240627,20240627,EXP,"",US-NOVOPROD-1242263,NOVO NORDISK,"",51,YR,"",M,Y,,"",20240627,"",CN,US,US,240203591,HO,Diabetic ketoacidosis,"",1,SS,OZEMPIC,SEMAGLUTIDE,1,Subcutaneous,"2 mg, qw",,"",U,"","",,"",2,MG,Solution for injection,/WK,3
24020370,240203701,1,I,20240101,20240617,20240627,20240627,EXP,"",US-NOVOPROD-1243030,NOVO NORDISK,"",,"",E,F,Y,,"",20240627,"",CN,US,US,240203701,HO,Blood glucose decreased,"",1,PS,OZEMPIC,SEMAGLUTIDE,1,Subcutaneous,"0.5 mg, qw",,"",Y,"","",,209637,0.5,MG,Solution for injection,/WK,3
24020372,240203721,1,I,,20240617,20240627,20240627,EXP,"",US-NOVOPROD-1243811,NOVO NORDISK,"",,"","","",Y,,"",20240627,"",CN,US,US,240203721,HO,Fatigue,"",1,PS,OZEMPIC,SEMAGLUTIDE,1,Subcutaneous,UNK,,"",U,"","",,209637,,"",Solution for injection,"",3
24020373,240203731,1,I,20230405,20240617,20240627,20240627,EXP,"",US-NOVOPROD-1242655,NOVO NORDISK,"",30,YR,"",M,Y,,"",20240627,"",CN,US,US,240203731,HO,Glycosylated haemoglobin increased,"",1,PS,OZEMPIC,SEMAGLUTIDE,1,Subcutaneous,UNK,,"",U,"","",,209637,,"",Solution for injection,"",3
24020375,240203751,1,I,,20240617,20240627,20240627,EXP,"",US-NOVOPROD-1243029,NOVO NORDISK,"",,"",A,F,Y,,"",20240627,"",CN,US,US,240203751,OT,Arthritis,"",1,PS,OZEMPIC,SEMAGLUTIDE,1,Subcutaneous,UNK,,"",U,"","",,209637,,"",Solution for injection,"",7
24020378,240203781,1,I,,20240617,20240627,20240627,EXP,"",US-NOVOPROD-1242999,NOVO NORDISK,"",,"","",M,Y,,"",20240627,"",CN,US,US,240203781,OT,Renal disorder,"",1,PS,OZEMPIC,SEMAGLUTIDE,1,Subcutaneous,UNK,,"",Y,"","",,209637,,"",Solution for injection,"",7
24020381,240203811,1,I,20240410,20240617,20240627,20240627,EXP,"",US-NOVOPROD-1243031,NOVO NORDISK,"",67,YR,"",F,Y,,"",20240627,"",CN,US,US,240203811,OT,Hip surgery,"",1,PS,WEGOVY,SEMAGLUTIDE,1,Subcutaneous,2.4 mg,,"",D,"",PZF8R96,,215256,2.4,MG,Solution for injection,"",7
24020382,240203821,1,I,20240430,20240617,20240627,20240627,EXP,"",US-NOVOPROD-1242338,NOVO NORDISK,"",50,YR,"",F,Y,,"",20240627,"",CN,US,US,240203821,LT,Inappropriate schedule of product administration,"",1,PS,OZEMPIC,SEMAGLUTIDE,1,Subcutaneous,0.25 mg,,"",Y,"","",,209637,0.25,MG,Solution for injection,"",2
24020384,240203841,1,I,20231201,20240617,20240627,20240627,EXP,"",US-NOVOPROD-1243027,NOVO NORDISK,"",54,YR,"",M,Y,,"",20240627,"",CN,US,US,240203841,OT,Renal stone removal,"",1,PS,OZEMPIC,SEMAGLUTIDE,1,Subcutaneous,"0.5 mg, qw",,"",U,"",pzf8m47,,209637,0.5,MG,Solution for injection,/WK,7
24020730,240207301,1,I,20240623,20240624,20240627,20240627,PER,"",US-PFIZER INC-202400200917,PFIZER,"",62,YR,"",M,Y,,"",20240627,"",HP,US,US,,,Arthralgia,"",9,C,OZEMPIC,SEMAGLUTIDE,1,"",1/0.75,,"","","","",,"",,"","","",
24020947,240209471,1,I,,20240620,20240627,20240627,EXP,"",US-MYLANLABS-2024M1057832,MYLAN,"Patel D, Chittal A, Malik KJ, Disilvio BE. A ^Tail^ of Caution: Pioglitazone Induced Recurrent Pleural Effusion. Am-J-Respir-Crit-Care-Med 2024; 209 (0):.",68,YR,"",F,Y,,"",20240627,"",HP,US,US,240209471,HO,Pleural effusion,"",3,C,SEMAGLUTIDE,SEMAGLUTIDE,1,Unknown,UNK,,"",U,"","",,"",,"",Unknown,"",3
24021154,240211541,1,I,20240611,20240626,20240627,20240627,PER,"",US-PFIZER INC-202400201988,PFIZER,"",68,YR,"",M,Y,,"",20240627,"",PH,US,US,,,Blood glucose decreased,"",2,C,OZEMPIC,SEMAGLUTIDE,1,"",UNK,,"","","","",,"",,"","","",
24021597,240215971,1,I,,20240329,20240627,20240627,PER,"",US-ROCHE-3536411,ROCHE,"",56,YR,A,F,Y,,"",20240627,"",MD,US,US,,,Off label use,"",8,C,OZEMPIC,SEMAGLUTIDE,1,"","",,"","","","",,"",,"","","",
24022883,240228832,2,F,,20240607,20240627,20240627,PER,"",US-ROCHE-3421048,ROCHE,"",61,YR,A,M,Y,106.59,KG,20240628,"",MD,US,US,,,No adverse event,"",6,C,OZEMPIC,SEMAGLUTIDE,1,"","",,"","","","",,"",,"","","",
24023228,240232282,2,F,,20230717,20240627,20240628,PER,"",US-ROCHE-2399366,ROCHE,"",72,YR,E,M,Y,74.84,KG,20240628,"",CN,US,US,,,Arthralgia,"",6,C,OZEMPIC,SEMAGLUTIDE,1,"","",,"","","","",,"",,"","","",
24023457,240234571,1,I,,20240523,20240627,20240627,PER,"",US-ROCHE-3570154,ROCHE,"",67,YR,E,F,Y,,"",20240628,"",MD,US,US,,,No adverse event,"",5,C,RYBELSUS,SEMAGLUTIDE,1,"","",,"","","","",,"",,"","","",
24023678,240236781,1,I,20240304,20240617,20240627,20240627,EXP,"",US-NOVOPROD-1216431,NOVO NORDISK,"",78,YR,"",M,Y,112.47,KG,20240628,"",HP,US,US,240236781,HO,Inappropriate schedule of product administration,"",1,PS,OZEMPIC,SEMAGLUTIDE,1,Subcutaneous,"0.75 mg, qw(Dose increased)",,"",Y,"","",,209637,0.75,MG,Solution for injection,/WK,3
24023717,240237171,1,I,20240101,20240618,20240627,20240627,EXP,"",US-NOVOPROD-1243636,NOVO NORDISK,"",,"","",F,Y,,"",20240628,"",CN,US,US,240237171,HO,Ulcer,"",1,PS,OZEMPIC,SEMAGLUTIDE,1,Subcutaneous,UNK,,"",U,"","",,209637,,"",Solution for injection,"",3
24023873,240238731,1,I,20240207,20240618,20240627,20240627,EXP,"",US-NOVOPROD-1243638,NOVO NORDISK,"",56,YR,"",F,Y,,"",20240628,"",CN,US,US,240238731,OT,Liver transplant,"",1,PS,OZEMPIC,SEMAGLUTIDE,1,Subcutaneous,0.5 mg,,"",Y,"","",,209637,0.5,MG,Solution for injection,"",7
24023875,240238751,1,I,,20240618,20240627,20240627,EXP,"",US-NOVOPROD-1243905,NOVO NORDISK,"",,"","",F,Y,,"",20240628,"",HP,US,US,240238751,OT,Blood glucose decreased,"",1,PS,OZEMPIC,SEMAGLUTIDE,1,Subcutaneous,2 mg,,"",U,"","",,209637,2,MG,Solution for injection,"",7
24023876,240238761,1,I,20240501,20240618,20240627,20240627,EXP,"",US-NOVOPROD-1243747,NOVO NORDISK,"",,"","",F,Y,,"",20240628,"",CN,US,US,240238761,OT,Cataract operation,"",1,PS,OZEMPIC,SEMAGLUTIDE,1,Subcutaneous,"1 mg, qw",,"",U,"","",,209637,1,MG,Solution for injection,/WK,7
24025057,240250571,1,I,20240501,20240618,20240628,20240628,PER,"",US-SA-2024SA150659,SANOFI AVENTIS,"",50,YR,A,F,Y,,"",20240628,"",MD,US,US,,,Injection site bruising,"",15,C,OZEMPIC,SEMAGLUTIDE,1,"","",,"",U,"","",,"",,"",Injection,"",
24025563,240255631,1,I,,20240531,20240628,20240628,PER,"",US-AUROBINDO-AUR-APL-2024-020032,AUROBINDO,"",,"","",F,Y,,"",20240628,"",CN,US,US,,,Nausea,"",12,C,OZEMPIC,SEMAGLUTIDE,1,Unknown,2 milligram,,"",U,"","",,"",2,MG,"","",
24025658,240256581,1,I,,20240618,20240628,20240628,PER,"",US-UNITED THERAPEUTICS-UNT-2024-018753,UNITED THERAPEUTICS,"",,"","",F,Y,92.971,KG,20240628,"","",US,US,,,Blood iron decreased,"",4,C,OZEMPIC,SEMAGLUTIDE,1,"",UNK,,"","","","",,"",,"","","",
24027858,240278581,1,I,,20240617,20240628,20240628,PER,"",US-PHARMING-PHAUS2024000496,PHARMING GROUP,"",,"","","",Y,,"",20240628,"",CN,US,US,,,Tooth disorder,"",5,C,OZEMPIC,SEMAGLUTIDE,1,"","",,"","","","",,"",,"",Injection,"",
24028247,240282471,1,I,20240603,20240627,20240627,20240627,DIR,FDA-CDER-CTU-2024-45355,"",FDA-CTU,"",62,YR,"",M,N,,"",20240627,Y,PH,US,"",240282471,DE,Pulmonary embolism,"",2,C,OZEMPIC,"",1,"","",,"","","","",,"",,"","","",1
24028266,240282661,1,I,20240617,20240625,20240628,20240628,PER,"",US-ELI_LILLY_AND_COMPANY-US202406018891,ELI LILLY AND CO,"",65,YR,E,M,Y,,"",20240628,"",CN,US,US,,,Hunger,"",9,C,OZEMPIC,SEMAGLUTIDE,1,"","",,"","","","",,"",,"","","",
24028996,240289961,1,I,,20240624,20240628,20240628,EXP,"",US-BIOGEN-2024BI01271236,BIOGEN,"",,"","",F,Y,,"",20240628,"",CN,US,US,240289961,OT,Product dose omission issue,"",7,C,OZEMPIC,SEMAGLUTIDE,1,Other,2MG/3ML PEN,,"","","","",,"",,"",Unknown,"",7
24029010,240290101,1,I,20240318,20240627,20240627,20240627,DIR,708399,"",FDA-CTU,"",47,YR,"",F,N,,"",20240627,N,CN,US,"",240290101,HO,Abdominal pain,"",1,PS,OZEMPIC,SEMAGLUTIDE,1,"","",,"",N,D,"",,"",,"","","",3
24029181,240291811,1,I,20240101,20240614,20240628,20240628,PER,"",US-COSETTE-CP2024US000136,COSETTE PHARMACEUTICALS,"",51,YR,A,F,Y,216,KG,20240628,"",CN,US,US,,,Product container issue,"",2,C,RYBELSUS,SEMAGLUTIDE,1,Unknown,"",,"","","",Unknown,,"",,"","","",
24029224,240292241,1,I,20240516,20240617,20240628,20240628,PER,"",US-INCYTE CORPORATION-2024IN006474,INCYTE,"",,"","","",Y,,"",20240628,"",CN,US,US,,,Alopecia,"",9,C,RYBELSUS,SEMAGLUTIDE,1,Unknown,UNK,,"","","","",,"",,"","","",
24029759,240297591,1,I,,20240620,20240628,20240628,EXP,US-MLMSERVICE-20240613-PI098869-00330-1,US-RDY-SPO/USA/24/0009176,DR REDDYS,"Gutierrez L, Patel D, Ramanujam D, Patel D, Modugula S, Disilvio B. The Downside of Your Uppers: Venlafaxine-induced Hypertriglyceridemia Causing Acute Pancreatitis. American Journal of Respiratory and Critical Care Medicine. 2024;209:A5693. DOI: 10.1164/ajrccm-conference.2024.209.1_MeetingAbstracts.A5693.",45,YR,A,F,Y,,"",20240628,"",MD,US,US,240297591,LT,Hyponatraemia,"",2,SS,SEMAGLUTIDE,SEMAGLUTIDE,1,"","",,"",Y,U,Unknown,,"",,"","","",2
24029933,240299331,1,I,20240626,20240628,20240628,20240628,DIR,708425,"",FDA-CTU,"",40,YR,"",F,N,129.5,KG,20240628,Y,HP,US,"",240299331,LT,Cerebrovascular accident,"",1,PS,LEVOCARNITINE\SEMAGLUTIDE,LEVOCARNITINE\SEMAGLUTIDE,1,"","",,"",Y,N,"",,99,,"","","",2
24030424,240304241,1,I,,20240619,20240628,20240628,PER,"",US-SA-2024SA185946,SANOFI AVENTIS,"",,"",E,F,Y,,"",20240628,"",MD,US,US,,,Depression,"",12,C,OZEMPIC,SEMAGLUTIDE,1,"","",,"",U,"","",,"",,"",Tablet,"",
24030483,240304831,1,I,,20240616,20240628,20240628,EXP,"",US-FARMAPROD-202406-2215,DOMPE FARMACEUTICI,"",,"",E,F,Y,81.65,KG,20240628,"",CN,US,US,240304831,OT,Intentional product misuse,"",24,C,OZEMPIC,SEMAGLUTIDE,1,"",2MG/0.75ML,,"","","","",,"",,"","","",7
24030594,240305941,1,I,,20240312,20240628,20240628,PER,"",US-RIGEL-2023OLU000080,RIGEL PHARMACEUTICALS,"",,"","",M,Y,138.78,KG,20240628,"",MD,US,US,,,Off label use,"",2,C,SEMAGLUTIDE,SEMAGLUTIDE,1,Unknown,UNK,,"",D,"","",,"",,"","","",
24031462,240314621,1,I,20240601,20240621,20240629,20240629,EXP,"",US-VIIV HEALTHCARE LIMITED-US2024078039,VIIV,"",,"","","",Y,,"",20240628,"",PH,US,US,240314621,OT,Angioedema,"",4,C,OZEMPIC,SEMAGLUTIDE,1,"",UNK,,"",U,"","",,"",,"","","",7
24031858,240318581,1,I,,20240620,20240629,20240629,EXP,"",US-HETERO-HET2024US01971,HETERO,"Patel D, Patel D, Chittal A, Malik K, Disilvio B.. A Tail of Caution: Pioglitazone Induced  Recurrent Pleural Effusion. American Journal of Respiratory and Critical Care Medicine.. 2024;209:A2015",68,YR,"",F,Y,,"",20240629,"",MD,US,US,240318581,HO,Pleural effusion,"",5,C,SEMAGLUTIDE,SEMAGLUTIDE,1,Unknown,UNK,,"",D,"","",,"",,"","","",3
24032021,240320211,1,I,,20240627,20240630,20240630,EXP,US-MLMSERVICE-20240613-PI098869-00330-1,US-DEXPHARM-2024-2042,DEXCEL,"Gutierrez L, Patel D, Ramanujam D, Patel D, Modugula S, Disilvio B. The Downside of Your Uppers: Venlafaxine-induced Hypertriglyceridemia Causing Acute Pancreatitis. American Journal of Respiratory and Critical Care Medicine. 2024;209:A5693. DOI: 10.1164/ajrccm-conference.2024.209.1_MeetingAbstracts.A5693.",45,YR,A,F,Y,,"",20240630,"",MD,US,US,240320211,LT,Hypertriglyceridaemia,"",2,SS,SEMAGLUTIDE,SEMAGLUTIDE,1,"","",,"",Y,U,"",,"",,"","","",2
24032044,240320441,1,I,,20240620,20240630,20240630,EXP,"",US-AUROBINDO-AUR-APL-2024-031050,AUROBINDO,"Gutierrez L, Patel D, Ramanujam D, Patel D, Modugula S, Disilvio B.. The Downside of Your Uppers: Venlafaxine-induced Hypertriglyceridemia Causing Acute Pancreatitis.. American Journal of Respiratory and Critical Care Medicine. 2024;209:A5693",45,YR,"",F,Y,,"",20240630,"",MD,US,US,240320441,LT,Hypertriglyceridaemia,"",2,SS,SEMAGLUTIDE,SEMAGLUTIDE,1,Unknown,UNK,,"",Y,"","",,"",,"","","",2
24032253,240322531,1,I,20230101,20240624,20240630,20240630,PER,"","US-B.I. Pharmaceuticals,Inc./Ridgefield-2024-BI-036588",BOEHRINGER INGELHEIM,"",,"",A,M,Y,,"",20240701,"",CN,US,US,,,Glycosylated haemoglobin increased,"",3,C,OZEMPIC,SEMAGLUTIDE,1,"","",,"","","","",,"",,"","","",
24035110,240351101,1,I,20240215,20240629,20240629,20240629,DIR,708559,"",FDA-CTU,"",45,YR,"",F,N,99.9,KG,20240629,N,CN,US,"",240351101,RI,Tooth loss,"",1,PS,OZEMPIC,SEMAGLUTIDE,1,Subcutaneous,OTHER QUANTITY : 1 Injection(s);?OTHER FREQUENCY : Once weekly;?,,"",N,Y,"",,99,,"","",999,6
24035486,240354861,1,I,20240627,20240629,20240629,20240629,DIR,708617,"",FDA-CTU,"",44,YR,"",F,N,63,KG,20240629,N,CN,US,"",240354861,LT,Defaecation urgency,"",1,PS,SEMAGLUTIDE,SEMAGLUTIDE,1,Subcutaneous,1 INJECTION WEEKLY SUBCUTANEOUS,,"",N,D,"",,99,,"","",QW,2
24036562,240365621,1,I,20240607,20240630,20240630,20240630,DIR,708638,"",FDA-CTU,"",52,YR,"",F,N,,"",20240630,N,CN,US,"",240365621,RI,Weight decreased,"",1,PS,SEMAGLUTIDE,SEMAGLUTIDE,1,Subcutaneous,OTHER QUANTITY : 4 ML?OTHER FREQUENCY : Once weekly?,,"",Y,D,I827F 002A2,20240822,99,4,ML,"",999,6
24036579,240365791,1,I,20240112,20240630,20240630,20240630,DIR,708640,"",FDA-CTU,"",40,YR,"",F,N,62.1,KG,20240630,N,CN,US,"",240365791,HO,Anxiety,"",1,PS,SEMAGLUTIDE,SEMAGLUTIDE,1,Subcutaneous,OTHER FREQUENCY : Once a week;?,,"",N,D,"",,"",,"","",999,3
