caseid,primaryid.x,caseversion,i_f_code,event_dt,mfr_dt,init_fda_dt,fda_dt,rept_cod,auth_num,mfr_num,mfr_sndr,lit_ref,age,age_cod,age_grp,sex,e_sub,wt,wt_cod,rept_dt,to_mfr,occp_cod,reporter_country,occr_country,primaryid.y,outc_cod,pt,drug_rec_act,drug_seq,role_cod,drugname,prod_ai,val_vbm,route,dose_vbm,cum_dose_chr,cum_dose_unit,dechal,rechal,lot_num,exp_dt,nda_num,dose_amt,dose_unit,dose_form,dose_freq,rank
11472947,114729472,2,F,20140101,20240612,20150908,20241022,PER,"",US-JAZZ-2014-US-002901,JAZZ,"",,"","",F,Y,120.18,KG,20241022,"",MD,US,US,114729472,OT,Blood glucose decreased,"",5,SS,OZEMPIC,SEMAGLUTIDE,1,"",UNK,,"",U,"","",,"",,"","","",7
12543649,1254364912,12,F,20210801,20240325,20160711,20241022,PER,"",US-JAZZ-2016-US-000407,JAZZ,"",61,YR,"",M,Y,,"",20241022,"",CN,US,US,1254364912,HO,Pre-existing condition improved,"",5,SS,OZEMPIC,SEMAGLUTIDE,1,"",UNK,,"",Y,"","",,"",,"","","",3
15093632,150936324,4,F,20180501,20241213,20180629,20241217,PER,"","US-B.I. Pharmaceuticals,Inc./Ridgefield-2018-BI-032762",BOEHRINGER INGELHEIM,"",57,YR,A,F,Y,69.9,KG,20241217,"",HP,US,US,150936324,LT,Dyspnoea exertional,"",3,SS,OZEMPIC,SEMAGLUTIDE,1,Subcutaneous,"Formulation: Solution for injection, Strength: 1.34 mg/mL",,"",Y,"",UNKNOWN,,"",0.25,MG,Solution for injection,/WK,2
15244738,1524473815,15,F,,20241212,20180806,20241218,EXP,"",US-SHIRE-US201829650,TAKEDA,"",,"","",F,Y,97,KG,20241218,"","",US,US,1524473815,HO,Myocardial infarction,"",46,C,OZEMPIC,SEMAGLUTIDE,1,"",UNK,,"","","","",,"",,"","","",3
15982936,159829366,6,F,,20241021,20190219,20241025,EXP,"",US-TAKEDA-2019TUS006685,TAKEDA,"",,"","",F,Y,,"",20241025,"",HP,US,US,159829366,HO,SARS-CoV-2 test positive,"",15,C,SEMAGLUTIDE,SEMAGLUTIDE,1,Unknown,UNK,,"","","","",,"",,"","","",3
16378267,163782675,5,F,20110101,20241111,20190531,20241118,EXP,"",US-JAZZ-2019-US-007458,JAZZ,"",,"","",M,Y,,"",20241118,"",MD,US,US,163782675,OT,Pulmonary mass,"",38,C,OZEMPIC,SEMAGLUTIDE,1,"",UNK,,"","","","",,"",,"","","",7
16914023,169140237,7,F,,20241031,20191014,20241105,EXP,"",US-PFIZER INC-2019440552,PFIZER,"",69,YR,"",F,Y,,"",20241105,"",CN,US,US,169140237,OT,Renal impairment,"",3,C,RYBELSUS,SEMAGLUTIDE,1,"",UNK,,"","","","",,"",,"","","",7
16962049,1696204911,11,F,20191001,20241217,20191025,20241222,EXP,"",US-SHIRE-US201934913,TAKEDA,"",68,YR,"",F,Y,79.37,KG,20241222,"","",US,US,1696204911,HO,COVID-19,"",5,C,OZEMPIC,SEMAGLUTIDE,1,"",UNK,,"","","","",,"",,"","","",3
17211068,1721106816,16,F,20210609,20241104,20191228,20241108,EXP,"",US-SHIRE-US201945193,TAKEDA,"",56,YR,"",F,Y,102,KG,20241108,"",HP,US,US,1721106816,OT,Inappropriate schedule of product administration,"",43,C,OZEMPIC,SEMAGLUTIDE,1,Unknown,UNK,,"","","","",,"",,"","","",7
17248500,1724850016,16,F,20210112,20241018,20200108,20241023,EXP,"",US-SHIRE-US202000081,TAKEDA,"",77,YR,"",F,Y,72,KG,20241023,"",HP,US,US,1724850016,HO,Femur fracture,"",34,C,OZEMPIC,SEMAGLUTIDE,1,Unknown,UNK,,"","","","",,"",,"","","",3
17283221,172832219,9,F,20200102,20241212,20200117,20241218,PER,"",US-PFIZER INC-2020019606,PFIZER,"",69,YR,"",F,Y,77.098,KG,20241218,"",CN,US,US,,,Laryngitis,"",9,C,RYBELSUS,SEMAGLUTIDE,1,"","",,"","","","",,"",,"","","",
17356368,1735636813,13,F,,20241210,20200131,20241218,EXP,"",US-SHIRE-US202003090,TAKEDA,"",,"","",F,Y,76,KG,20241218,"","",US,US,1735636813,HO,Fatigue,"",34,C,OZEMPIC,SEMAGLUTIDE,1,"",UNK,,"","","","",,"",,"","","",3
17390682,1739068213,13,F,,20241217,20200207,20241220,EXP,"",US-SHIRE-US202004225,TAKEDA,"",,"","",M,Y,138,KG,20241220,"","",US,US,1739068213,HO,Syncope,"",32,C,OZEMPIC,SEMAGLUTIDE,1,"",UNK,,"","","","",,"",,"","","",3
17438289,1743828934,34,F,,20241210,20200220,20241217,PER,"",US-SHIRE-US202006415,TAKEDA,"",,"","",F,Y,90,KG,20241217,"","",US,US,,,Application site rash,"",46,C,OZEMPIC,SEMAGLUTIDE,1,"",UNK,,"","","","",,"",,"","","",
17609134,1760913441,41,F,,20241218,20200401,20241224,EXP,"",US-SHIRE-US202011949,TAKEDA,"",,"","",M,Y,104,KG,20241224,"","",US,US,1760913441,HO,Limb injury,"",23,C,OZEMPIC,SEMAGLUTIDE,1,"",UNK,,"","","","",,"",,"","","",3
17750120,1775012031,31,F,20200608,20241213,20200506,20241219,EXP,"",US-SHIRE-US202015421,TAKEDA,"",41,YR,"",F,Y,69,KG,20241219,"","",US,US,1775012031,HO,Restless legs syndrome,"",16,C,OZEMPIC,SEMAGLUTIDE,1,"",UNK,,"","","","",,"",,"","","",3
17878147,178781477,7,F,20110224,20241112,20200610,20241118,EXP,"",US-SHIRE-US202019052,TAKEDA,"",52,YR,"",M,Y,87,KG,20241118,"","",US,US,178781477,OT,Weight increased,"",24,C,OZEMPIC,SEMAGLUTIDE,1,"",UNK,,"","","","",,"",,"","","",7
17948170,1794817011,11,F,20211217,20241213,20200626,20241216,EXP,"",US-SHIRE-US202020747,TAKEDA,"",60,YR,"",F,Y,113,KG,20241216,"","",US,US,1794817011,OT,Insurance issue,"",36,C,OZEMPIC,SEMAGLUTIDE,1,"",UNK,,"","","","",,"",,"","","",7
17964982,1796498216,16,F,20231222,20241205,20200630,20241209,EXP,"",US-SHIRE-US202020683,TAKEDA,"",52,YR,"",F,Y,98,KG,20241209,"","",US,US,1796498216,DE,Pneumonia bacterial,"",11,C,OZEMPIC,SEMAGLUTIDE,1,"",UNK,,"","","","",,"",,"","","",1
17985133,1798513310,10,F,20230305,20241016,20200706,20241022,EXP,"",US-SHIRE-US202021553,TAKEDA,"",57,YR,"",F,Y,85.71,KG,20241022,"",HP,US,US,1798513310,OT,Back pain,"",55,C,OZEMPIC,SEMAGLUTIDE,1,Unknown,UNK,,"","","","",,"",,"","","",7
18015884,1801588437,37,F,20201213,20241202,20200713,20241207,EXP,"",US-SHIRE-US202022395,TAKEDA,"",72,YR,"",F,Y,63.94,KG,20241207,"","",US,US,1801588437,HO,Pulse abnormal,"",5,C,OZEMPIC,SEMAGLUTIDE,1,"",UNK,,"","","","",,"",,"","","",3
18158161,181581616,6,F,,20241024,20200817,20241030,EXP,"",US-SHIRE-US202026271,TAKEDA,"",,"","",M,Y,75,KG,20241030,"",CN,US,US,181581616,OT,Inappropriate schedule of product administration,"",29,C,OZEMPIC,SEMAGLUTIDE,1,Unknown,UNK,,"","","","",,"",,"","","",7
18257951,182579514,4,F,,20241210,20200911,20241217,EXP,"",US-PFIZER INC-2020190247,PFIZER,"",69,YR,"",F,Y,94.998,KG,20241217,"",CN,US,US,182579514,OT,Blindness unilateral,"",5,C,OZEMPIC,SEMAGLUTIDE,1,"",UNK,,"","","","",,"",,"","","",7
18259777,1825977725,25,F,20241001,20241011,20200912,20241016,EXP,"",US-SHIRE-US202029725,TAKEDA,"",67,YR,"",F,Y,76,KG,20241016,"",CN,US,US,1825977725,OT,Headache,"",43,C,OZEMPIC,SEMAGLUTIDE,1,Unknown,UNK,,"","","","",,"",,"","","",7
18321048,1832104848,48,F,20220108,20241220,20200928,20241225,EXP,"",US-SHIRE-US202031165,TAKEDA,"",46,YR,"",F,Y,85,KG,20241225,"","",US,US,1832104848,HO,Sinus disorder,"",38,C,OZEMPIC,SEMAGLUTIDE,1,"",UNK,,"","","","",,"",,"","","",3
18330079,1833007920,20,F,20220101,20241218,20200930,20241227,EXP,"",US-PFIZER INC-2020376975,PFIZER,"",65,YR,"",F,Y,,"",20241227,"",CN,US,US,1833007920,OT,Intentional product misuse,"",8,C,OZEMPIC,SEMAGLUTIDE,1,"",UNK,,"","","","",,"",,"","","",7
18444738,1844473826,26,F,20210801,20241223,20201030,20241231,EXP,"",US-SHIRE-US202017087,TAKEDA,"",63,YR,"",F,Y,,"",20241231,"","",US,US,1844473826,OT,Pancreatitis chronic,"",3,C,OZEMPIC,SEMAGLUTIDE,1,"",UNK,,"","","","",,"",,"","","",7
18456134,184561344,4,F,,20241205,20201103,20241213,EXP,"",US-TAKEDA-2020TUS041604,TAKEDA,"",,"","",F,Y,82,KG,20241213,"","",US,US,184561344,OT,Drug ineffective,"",5,C,OZEMPIC,SEMAGLUTIDE,1,"",UNK,,"","","","",,"",,"",Injection,"",7
18505770,1850577012,12,F,20200101,20241203,20201116,20241210,EXP,"",US-PFIZER INC-2019462781,PFIZER,"",67,YR,"",F,Y,82.55,KG,20241210,"",MD,US,US,1850577012,OT,Expired product administered,"",6,C,RYBELSUS,SEMAGLUTIDE,1,"",UNK,,"","","","",,"",,"","","",7
18517210,1851721016,16,F,20200702,20241210,20201118,20241216,EXP,"",US-TAKEDA-US202028232,TAKEDA,"",54,YR,"",F,Y,89,KG,20241216,"","",US,US,1851721016,OT,Diarrhoea,"",2,SS,WEGOVY,SEMAGLUTIDE,1,"",UNK,,"",U,"","",,"",,"","","",7
18615040,186150404,4,F,,20241109,20201214,20241114,EXP,"",US-TAKEDA-2020TUS054086,TAKEDA,"",,"","",M,Y,133,KG,20241114,"","",US,US,186150404,HO,Animal bite,"",34,C,OZEMPIC,SEMAGLUTIDE,1,"",UNK,,"","","","",,"",,"","","",3
18617874,186178744,4,F,20200101,20241203,20201215,20241209,PER,"",US-SA-2020SA358489,SANOFI AVENTIS,"",62,YR,A,F,Y,,"",20241209,"",MD,US,US,186178744,HO,Injection site pain,"",2,C,OZEMPIC,SEMAGLUTIDE,1,"",UNK,,"",U,"","",,"",,"","","",3
18629231,1862923135,35,F,20140811,20241226,20201217,20241230,EXP,"",US-SHIRE-US201942724AA,TAKEDA,"",36,YR,"",F,Y,114,KG,20241230,"","",US,US,1862923135,OT,Gastroenteritis viral,"",3,SS,OZEMPIC,SEMAGLUTIDE,1,"",UNK,,"",U,"","",,"",,"","","",7
18638976,186389767,7,F,,20241104,20201218,20241106,PER,"",US-PFIZER INC-2020500490,PFIZER,"",65,YR,"",F,Y,,"",20241106,"",CN,US,US,,,Skin disorder,"",3,C,OZEMPIC,SEMAGLUTIDE,1,"",UNK,,"","","","",,"",,"","","",
18639283,1863928316,16,F,20241122,20241122,20201219,20241127,EXP,"",US-TAKEDA-2020TUS058351,TAKEDA,"",47,YR,"",F,Y,98,KG,20241127,"","",US,US,1863928316,OT,Accident at work,"",19,C,OZEMPIC,SEMAGLUTIDE,1,"",UNK,,"","","","",,"",,"","","",7
18670466,1867046618,18,F,20201207,20241022,20201228,20241025,EXP,"",US-TAKEDA-2020TUS060726,TAKEDA,"",38,YR,"",F,Y,85,KG,20241025,"",HP,US,US,1867046618,OT,Skin infection,"",4,C,OZEMPIC,SEMAGLUTIDE,1,Unknown,UNK,,"","","","",,"",,"","","",7
18701343,187013434,4,F,20120327,20241104,20210105,20241107,EXP,"",US-TAKEDA-2021TUS000019,TAKEDA,"",54,YR,"",M,Y,90.703,KG,20241107,"",CN,US,US,187013434,OT,Musculoskeletal stiffness,"",13,C,RYBELSUS,SEMAGLUTIDE,1,Unknown,UNK,,"","","","",,"",,"","","",7
18785144,187851443,3,F,,20241108,20210125,20241114,EXP,"",US-JAZZ-2021-US-000865,JAZZ,"",,"","",F,Y,,"",20241114,"",CN,US,US,187851443,OT,Nephrolithiasis,"",8,C,SEMAGLUTIDE,SEMAGLUTIDE,1,"",UNK,,"","","","",,"",,"","","",7
18886153,1888615325,25,F,20230907,20241226,20210212,20241231,EXP,"",US-KAMADA LIMITED-2021US001022,TAKEDA,"",63,YR,"",F,Y,105,KG,20241231,"","",US,US,1888615325,HO,Urinary tract infection,"",72,C,OZEMPIC,SEMAGLUTIDE,1,"",UNK,,"","","","",,"",,"","","",3
18886827,188868273,3,F,20000301,20241213,20210212,20241218,PER,"",US-BIOGEN-2021BI00976344,BIOGEN,"",20,YR,"",F,Y,,"",20241218,"",CN,US,US,,,Hypersensitivity,"",2,C,SEMAGLUTIDE,SEMAGLUTIDE,1,Other,"",,"","","","",,"",,"",Unknown,"",
19069840,190698403,3,F,,20241029,20210329,20241030,EXP,"",US-PFIZER INC-2021324265,PFIZER,"",55,YR,"",F,Y,,"",20241030,"",CN,US,US,190698403,OT,Mood altered,"",2,C,WEGOVY,SEMAGLUTIDE,1,"",UNK,,"","","","",,"",,"","","",7
19086846,1908684614,14,F,20210425,20241104,20210402,20241107,EXP,"",US-TAKEDA-2021TUS018459,TAKEDA,"",60,YR,"",F,Y,66,KG,20241107,"",CN,US,US,1908684614,HO,Sinusitis,"",17,C,RYBELSUS,SEMAGLUTIDE,1,Unknown,UNK,,"","","","",,"",,"","","",3
19650314,1965031414,14,F,20210724,20241003,20210802,20241016,EXP,"",NVSC2021US173999,NOVARTIS,"",80,YR,"",M,Y,,"",20241016,"",CN,US,US,1965031414,DE,Bronchial secretion retention,"",8,SS,SEMAGLUTIDE,SEMAGLUTIDE,1,Unknown,UNK,,"",D,"","",,"",,"","","",1
19653721,196537219,9,F,,20241212,20210803,20241218,EXP,"",US-TAKEDA-2021TUS025659,TAKEDA,"",,"","",M,Y,,"",20241218,"","",US,US,196537219,OT,Fall,"",14,C,OZEMPIC,SEMAGLUTIDE,1,"",UNK,,"","","","",,"",,"","","",7
19695200,196952005,5,F,,20241212,20210813,20241227,PER,"",US-ELI_LILLY_AND_COMPANY-US202108003208,ELI LILLY AND COMPANY,"",40,YR,A,F,Y,,"",20241227,"",CN,US,US,,,Diabetic retinopathy,"",51,C,RYBELSUS,SEMAGLUTIDE,1,"","",,"","","","",,"",,"","","",
19707275,1970727514,14,F,,20241204,20210817,20241210,EXP,"",US-TAKEDA-2021TUS042278,TAKEDA,"",,"","",F,Y,88,KG,20241210,"","",US,US,1970727514,HO,Pleural effusion,"",25,C,OZEMPIC,SEMAGLUTIDE,1,"","",,"","","","",,"",,"","","",3
19708174,197081742,2,F,,20241106,20210817,20241120,PER,"",US-SA-2021SA268488,SANOFI AVENTIS,"",78,YR,E,M,Y,,"",20241120,"",CN,US,US,,,Off label use,"",4,C,OZEMPIC,SEMAGLUTIDE,1,"",UNK,,"",U,"","",,"",,"","","",
20021639,200216392,2,F,20210101,20240325,20211101,20241022,PER,"",US-JAZZ-2021-US-016012,JAZZ,"",,"","",F,Y,,"",20241022,"",HP,US,US,200216392,HO,Weight increased,"",7,C,WEGOVY,SEMAGLUTIDE,1,"",UNK,,"","","","",,"",,"","","",3
20024320,200243205,5,F,20210101,20241007,20211102,20241015,EXP,"",US-AMGEN-USASP2021168672,AMGEN,"",51,YR,A,F,Y,,"",20241015,"",HP,US,US,200243205,HO,Neoplasm,"",17,C,OZEMPIC,SEMAGLUTIDE,1,"",UNK (2mg/3ml),,"","","","",,"",,"",Injection,"",3
20075717,200757174,4,F,20210520,20211014,20211116,20241122,PER,"",US-NOVOPROD-824568,NOVO NORDISK,"",70,YR,"",F,Y,,"",20241122,"",MD,US,US,,,Pyrexia,"",1,SS,OZEMPIC,SEMAGLUTIDE,1,Subcutaneous,"0.5 mg, qw",,"",Y,"",KP53175,,"",0.5,MG,Solution for injection,/WK,
20139630,201396304,4,F,20211101,20240212,20211202,20241022,PER,"",US-JAZZ-2021-US-021346,JAZZ,"",41,YR,"",F,Y,,"",20241022,"",CN,US,US,201396304,OT,Hysterectomy,"",18,C,WEGOVY,SEMAGLUTIDE,1,"",UNK,,"","","","",,"",,"","","",7
20223270,202232705,5,F,20240530,20241122,20211223,20241126,EXP,"",US-KYOWAKIRIN-2021BKK021212,KYOWA,"",,"","","",Y,,"",20241126,"",CN,US,US,,,Blood phosphorus decreased,"",26,C,OZEMPIC,SEMAGLUTIDE,1,Unknown,UNK,,"","","","",,"",,"","","",
20228062,2022806213,13,F,20210623,20241216,20211224,20241223,EXP,"",US-INCYTE CORPORATION-2021IN011785,INCYTE,"",,"","","",Y,,"",20241223,"",CN,US,US,2022806213,HO,Discouragement,"",92,C,OZEMPIC,SEMAGLUTIDE,1,Unknown,0.2 SOP 2mg/1.5M,,"","","","",,"",,"","","",3
20289891,202898919,9,F,20211101,20240924,20220104,20241001,EXP,"",US-JAZZ-2021-US-022884,JAZZ,"",55,YR,"",F,Y,,"",20241001,"",HP,US,US,202898919,HO,Inflammation,"",18,C,OZEMPIC,SEMAGLUTIDE,1,"",UNK,,"","","","",,"",,"","","",3
20380616,203806162,2,F,20220117,20240920,20220127,20241017,PER,"",US-SA-2022SA005959,SANOFI AVENTIS,"",71,YR,E,F,Y,46.82,KG,20241017,"",HP,US,US,,,Medication error,"",32,C,OZEMPIC,SEMAGLUTIDE,1,"","",,"",U,"","",,"",,"","","",
20439071,204390714,4,F,,20241127,20220207,20241203,PER,"",US-PFIZER INC-202101561625,PFIZER,"",55,YR,"",F,Y,,"",20241203,"",HP,US,US,,,Product dose omission issue,"",10,C,OZEMPIC,SEMAGLUTIDE,1,"",UNK,,"","","","",,"",,"","","",
20487863,2048786314,14,F,20220425,20241210,20220218,20241216,EXP,"",US-TAKEDA-2021TUS042264,TAKEDA,"",54,YR,"",M,Y,150,KG,20241216,"","",US,US,2048786314,HO,Staphylococcal infection,"",28,C,OZEMPIC,SEMAGLUTIDE,1,"",UNK,,"","","","",,"",,"","","",3
20490917,204909173,3,F,,20241108,20220218,20241114,EXP,"",US-AMGEN-USASP2022028093,AMGEN,"",,"",A,F,Y,,"",20241114,"",HP,US,US,204909173,OT,Psoriatic arthropathy,"",12,C,OZEMPIC,SEMAGLUTIDE,1,"",UNK (2/1.5ml),,"","","","",,"",,"","","",7
20565951,205659512,2,F,20200101,20241002,20220308,20241021,PER,"",US-SA-2022SA073592,SANOFI AVENTIS,"",46,YR,A,M,Y,,"",20241021,"",MD,US,US,,,Nasal congestion,"",6,C,OZEMPIC,SEMAGLUTIDE,1,"",UNK,,"",U,"","",,"",,"","","",
20599088,205990883,3,F,,20241125,20220315,20241202,PER,"",US-SA-2022SA082692,SANOFI AVENTIS,"",59,YR,A,M,Y,,"",20241202,"",MD,US,US,205990883,HO,Impaired quality of life,"",25,C,OZEMPIC,SEMAGLUTIDE,1,"",UNK,,"",U,"","",,"",,"","","",3
20612805,2061280517,17,F,20230801,20241101,20220318,20241108,EXP,"",US-JAZZ-2021-US-021534,JAZZ,"",50,YR,"",F,Y,,"",20241108,"",MD,US,US,2061280517,HO,Amnesia,"",13,C,OZEMPIC,SEMAGLUTIDE,1,"",0.25-0.5 MG/DOSE PEN,,"","","","",,"",,"","","",3
20703470,207034706,6,F,20231101,20241205,20220413,20241212,EXP,"",US-AMGEN-USASP2022061809,AMGEN,"",73,YR,E,M,Y,,"",20241212,"",HP,US,US,207034706,OT,Therapy non-responder,"",3,C,OZEMPIC,SEMAGLUTIDE,1,"","1 MG/DOSE, 4MG PEN 3-1",,"","","","",,"",,"","","",7
20737826,207378262,2,F,,20220411,20220422,20241119,EXP,"",US-NOVOPROD-910303,NOVO NORDISK,"",,"","",F,Y,,"",20241119,"",CN,US,US,207378262,OT,Angioplasty,"",2,SS,OZEMPIC,SEMAGLUTIDE,1,Subcutaneous,UNK,,"",U,"","",,"",,"",Solution for injection,"",7
20761052,2076105216,16,F,20220209,20241113,20220428,20241121,EXP,"",US-TAKEDA-2021TUS022373,TAKEDA,"",45,YR,"",F,Y,80,KG,20241121,"","",US,US,2076105216,HO,Ear pain,"",33,C,OZEMPIC,SEMAGLUTIDE,1,"",UNK,,"","","","",,"",,"","","",3
20819045,2081904515,15,F,20220101,20241126,20220512,20241210,PER,"",US-XERIS PHARMACEUTICALS-2022XER00179,XERIS PHARMACEUTICALS,"",,"","",F,Y,107.48,KG,20241205,"",CN,US,US,2081904515,HO,Weight decreased,"",12,C,WEGOVY,SEMAGLUTIDE,1,"","",,"","","","",,"",,"","","",3
20856318,208563182,2,F,,20241223,20220520,20241230,PER,"",US-SA-2022SA167551,SANOFI AVENTIS,"",,"",A,F,Y,,"",20241230,"",MD,US,US,,,Injection site pain,"",5,C,WEGOVY,SEMAGLUTIDE,1,"",UNK,,"",U,"","",,"",,"",Injection,"",
20866517,208665177,7,F,20150220,20241214,20220524,20241218,EXP,"",US-TAKEDA-2022TUS033569,TAKEDA,"",47,YR,"",M,Y,133,KG,20241218,"","",US,US,208665177,OT,Fall,"",26,C,OZEMPIC,SEMAGLUTIDE,1,"",UNK,,"","","","",,"",,"","","",7
21031379,210313792,2,F,20220615,20241031,20220701,20241112,EXP,"",US-NOVOPROD-931743,NOVO NORDISK,"",76,YR,"",F,Y,,"",20241112,"",CN,US,US,210313792,HO,Thrombosis,"",1,PS,OZEMPIC,SEMAGLUTIDE,1,Subcutaneous,0.25 mg,,"",U,"",MP58278,,209637,0.25,MG,Solution for injection,"",3
21059659,210596593,3,F,20190101,20241118,20220708,20241122,EXP,"",US-JAZZ-2022-US-021876,JAZZ,"",45,YR,"",F,Y,,"",20241122,"",CN,US,US,210596593,OT,Narcolepsy,"",11,C,OZEMPIC,SEMAGLUTIDE,1,"",0.25-0.5 MG/DOSE PEN,,"","","","",,"",,"","","",7
21071344,210713442,2,F,,20241023,20220712,20241108,EXP,"",US-THERATECHNOLOGIES INC.-2022-THE-TES-000177,THERATECHNOLOGIES,"",,"","","",Y,,"",20241108,"",CN,US,US,,,Glycosylated haemoglobin increased,"",3,C,OZEMPIC,SEMAGLUTIDE,1,Unknown,"",,"","","","",,"",,"","","",
21152993,211529932,2,F,,20241212,20220730,20241220,PER,"",US-SA-2022SA303386,SANOFI AVENTIS,"",56,YR,A,F,Y,65.91,KG,20241220,"",MD,US,US,,,Illness,"",3,C,WEGOVY,SEMAGLUTIDE,1,"","",,"",U,"","",,"",,"",Injection,"",
21156059,2115605911,11,F,20221201,20240927,20220801,20241006,EXP,"",US-JAZZ-2022-US-024619,JAZZ,"",53,YR,"",F,Y,,"",20241006,"",CN,US,US,2115605911,OT,Surgery,"",9,C,OZEMPIC,SEMAGLUTIDE,1,"",Inject 1 mg under the skin every week,,"","","","",,"",,"","","",7
21197247,211972478,8,F,20240820,20241212,20220810,20241218,EXP,"",US-TAKEDA-2022TUS054190,TAKEDA,"",74,YR,"",F,Y,88,KG,20241218,"","",US,US,211972478,HO,Drug hypersensitivity,"",45,C,RYBELSUS,SEMAGLUTIDE,1,"",UNK,,"","","","",,"",,"","","",3
21361208,2136120816,16,F,20220613,20241203,20220921,20241209,EXP,"",US-TAKEDA-2022TUS059155,TAKEDA,"",47,YR,"",F,Y,77,KG,20241209,"","",US,US,2136120816,HO,Hernia,"",41,C,RYBELSUS,SEMAGLUTIDE,1,"",UNK,,"","","","",,"",,"","","",3
21533963,215339634,4,F,20220927,20241112,20221101,20241125,EXP,"",US-ABBVIE-4182446,ABBVIE,"",58,YR,"",F,Y,73.02,KG,20241125,"",CN,US,US,215339634,OT,Hypoaesthesia,"",6,C,semaglutide (OZEMPIC ),"",2,Subcutaneous,1 mg?Frequency Text: 1 mg under the skin once a week Fridays,,"","","","",,"",,"","","",7
21546201,215462018,8,F,20230121,20241216,20221103,20241220,EXP,"",US-KYOWAKIRIN-2022BKK017022,KYOWA,"",,"","","",Y,,"",20241220,"",PH,US,US,215462018,HO,Musculoskeletal stiffness,"",35,C,WEGOVY,SEMAGLUTIDE,1,Unknown,UNK,,"","","","",,"",,"","","",3
21647900,216479003,3,F,20221001,20240923,20221128,20241008,PER,"",US-SA-2022SA485743,SANOFI AVENTIS,"",64,YR,A,M,Y,63.5,KG,20241008,"",MD,US,US,,,Accidental exposure to product,"",11,C,RYBELSUS,SEMAGLUTIDE,1,"",UNK,,"",U,"","",,"",,"",Tablet,"",
21668746,2166874619,19,F,20190823,20241030,20221201,20241106,EXP,"",US-HORIZON THERAPEUTICS-HZN-2021-004820,AMGEN,"",53,YR,A,F,Y,102,KG,20241106,"",MD,US,US,2166874619,HO,Myalgia,"",30,C,OZEMPIC,SEMAGLUTIDE,1,Subcutaneous,"0.5 milligram, qwk",,"","","","",,"",0.5,MG,"",/WK,3
21679027,216790273,3,F,20220101,20241220,20221204,20241230,EXP,"",US-RECORDATI-2022003355,RECORDATI,"",,"","","",Y,,"",20241230,"",CN,US,US,216790273,HO,Somnolence,"",18,C,RYBELSUS,SEMAGLUTIDE,1,"",UNK,,"",D,"","",,"",,"","","",3
21682228,216822283,3,F,20220101,20240315,20221205,20241003,PER,"",US-HARMONY BIOSCIENCES-2022HMY01656,HARMONY BIOSCIENCES,"",,"","",F,Y,92.971,KG,20241003,"",CN,US,US,,,Insomnia,"",20,C,OZEMPIC,SEMAGLUTIDE,1,"","",,"","","","",,"",,"","","",
21754074,217540745,5,F,,20241112,20221220,20241120,EXP,"",US-SA-2022SA510114,SANOFI AVENTIS,"",,"",E,M,Y,,"",20241120,"",MD,US,US,217540745,OT,Hyponatraemia,"",2,C,RYBELSUS,SEMAGLUTIDE,1,"",UNK,,"",U,"","",,"",,"","","",7
21772701,2177270115,15,F,20190101,20241016,20221223,20241016,30DAY,"",US-PFIZER INC-PV202200124535,PFIZER,"",50,YR,"",F,Y,,"",20241016,"",CN,US,US,,,Off label use,"",15,C,OZEMPIC,SEMAGLUTIDE,1,"",2 mg/3ml,,"","","","",,"",,"",Injection,"",
21776028,217760282,2,F,20211219,20241219,20221226,20241226,PER,"",US-SA-2022SA518867,SANOFI AVENTIS,"",65,YR,E,M,Y,,"",20241226,"",MD,US,US,217760282,OT,Skin haemorrhage,"",12,C,OZEMPIC,SEMAGLUTIDE,1,"","",,"",U,"","",,"",,"","","",7
21825198,218251989,9,F,20220501,20241111,20230105,20241115,EXP,"",US-JAZZ-2022-US-016665,JAZZ,"",35,YR,"",F,Y,,"",20241115,"",HP,US,US,218251989,OT,Gastrooesophageal reflux disease,"",4,SS,WEGOVY,SEMAGLUTIDE,1,"",2.4mg weekly /0.75 ML PEN,,"",U,"","",,"",,"","","",7
21834459,218344594,4,F,20220113,20240521,20230108,20241017,PER,"",US-ROCHE-3216568,ROCHE,"",58,YR,A,M,Y,,"",20241017,"",CN,US,US,,,Contusion,"",9,C,OZEMPIC,SEMAGLUTIDE,1,"","",,"","","","",,"",,"","","",
21879981,218799813,3,F,20230107,20241010,20230118,20241024,EXP,"",US-MYOVANT SCIENCES GMBH-2023MYSCI0100206,SUNOVION,"",,"","","",Y,,"",20241024,"",CN,US,US,218799813,HO,Urinary tract infection,"",15,C,OZEMPIC,SEMAGLUTIDE,1,Unknown,"",,"","","","",,"",,"","","",3
21892402,218924022,2,F,20221101,20240702,20230120,20241022,PER,"",US-JAZZ-2022-US-024716,JAZZ,"",71,YR,"",F,Y,,"",20241022,"",CN,US,US,218924022,OT,Loss of consciousness,"",22,C,OZEMPIC,SEMAGLUTIDE,1,"",0.25-0.5 MG/DOSE PEN,,"","","","",,"",,"","","",7
21963159,219631599,9,F,20211217,20241119,20230207,20241125,EXP,"",US-PFIZER INC-202300051814,PFIZER,"",57,YR,"",M,Y,74.39,KG,20241125,"",CN,US,US,219631599,OT,Pain in extremity,"",11,C,OZEMPIC,SEMAGLUTIDE,1,"","1 mg, weekly (injected into the stomach, Been on it for four months)",,"","","","",,"",1,MG,"",/WK,7
21996860,219968606,6,F,20230101,20240904,20230215,20241031,EXP,"",US-BEH-2023155276,CSL BEHRING,"",66,YR,E,F,Y,,"",20241031,"",CN,US,US,219968606,LT,Fall,"",22,C,OZEMPIC,SEMAGLUTIDE,1,"",0.2 milligram,,"","","","",,"",0.2,MG,"","",2
22004085,220040854,4,F,20241001,20241109,20230217,20241121,PER,"",US-SA-2023SA048826,SANOFI AVENTIS,"",57,YR,A,F,Y,,"",20241121,"",MD,US,US,,,Renal disorder,"",7,C,OZEMPIC,SEMAGLUTIDE,1,Unknown,UNK,,"",U,"","",,"",,"",Injection,"",
22034406,220344062,2,F,20241104,20241105,20230224,20241118,PER,"",US-SA-2023SA063292,SANOFI AVENTIS,"",55,YR,A,F,Y,82.73,KG,20241119,"",MD,US,US,,,Therapeutic response decreased,"",2,C,WEGOVY,SEMAGLUTIDE,1,"","",,"",U,"","",,"",,"","","",
22057579,220575796,6,F,20220628,20241206,20230303,20241216,EXP,"",US-TAKEDA-2022TUS062719,TAKEDA,"",47,YR,"",F,Y,154.19,KG,20241216,"","",US,US,220575796,OT,Blindness,"",37,C,OZEMPIC,SEMAGLUTIDE,1,"",UNK,,"","","","",,"",,"","","",7
22114225,221142255,5,F,,20241105,20230320,20241118,PER,"",US-SA-2023SA088070,SANOFI AVENTIS,"",60,YR,A,F,Y,,"",20241119,"",MD,US,US,,,Cough,"",6,C,OZEMPIC,SEMAGLUTIDE,1,"",UNK,,"",U,"","",,"",,"",Injection,"",
22125071,221250712,2,F,20230311,20241209,20230322,20241218,PER,"",US-SA-2023SA088919,SANOFI AVENTIS,"",43,YR,A,F,Y,87.982,KG,20241218,"",MD,US,US,,,Product use in unapproved indication,"",3,C,WEGOVY,SEMAGLUTIDE,1,"",UNK,,"",U,"","",,"",,"",Injection,"",
22127525,221275259,9,F,20230901,20241107,20230323,20241113,PER,"",US-VIIV HEALTHCARE LIMITED-US2023AMR041864,VIIV,"",37,YR,"","",Y,,"",20241113,"",CN,US,US,221275259,OT,Abdominal discomfort,"",5,C,WEGOVY,SEMAGLUTIDE,1,"",UNK,,"",U,"","",,"",,"","","",7
22129447,221294476,6,F,20230221,20241127,20230323,20241206,EXP,"",US-THERATECHNOLOGIES INC.-2023-THE-TES-000074,THERATECHNOLOGIES,"",,"","","",Y,,"",20241206,"",CN,US,US,221294476,OT,Rotator cuff syndrome,"",7,C,OZEMPIC,SEMAGLUTIDE,1,Unknown,UNK,,"","","","",,"",,"","","",7
22132079,221320799,9,F,20230901,20241107,20230323,20241125,PER,"",US-JNJFOC-20230357803,JOHNSON AND JOHNSON,"",37,YR,A,"",Y,,"",20241125,"",CN,US,US,221320799,OT,Wrong technique in device usage process,"",4,C,WEGOVY,SEMAGLUTIDE,1,"",UNK,,"",U,"","",,"",,"","","",7
22167453,2216745313,13,F,20230101,20241113,20230403,20241122,EXP,"",US-SA-2023SA102713,SANOFI AVENTIS,"",20,YR,A,M,Y,81.633,KG,20241122,"",MD,US,US,2216745313,HO,Gait disturbance,"",9,SS,OZEMPIC,SEMAGLUTIDE,1,"",UNK,,"",U,"","",,"",,"","","",3
22186405,221864055,5,F,20210101,20230526,20230407,20241227,EXP,"",US-TORRENT-00012590,TORRENT PHARMA INC.,"",30,YR,A,M,Y,113,KG,20241227,"",CN,US,US,221864055,HO,Depression,"",12,C,semaglutide 0.25 mg or 0.5 mg(2 mg/1.5 mL) Pnij,"",2,Intradermal,Inject 0.25 mg under the skin every seven (7) days.,,"",U,"","",,"",0.25,MG,Injection,"",3
22220697,222206972,2,F,20220101,20230406,20230417,20241227,EXP,"",US-NOVOPROD-1051081,NOVO NORDISK,"",68,YR,"",F,Y,,"",20241227,"",CN,US,US,222206972,DS,Abdominal pain,"",1,PS,OZEMPIC,SEMAGLUTIDE,1,Subcutaneous,0.25 mg,,"",U,"",MP5D682,,209637,0.25,MG,Solution for injection,"",4
22260652,222606527,7,F,20230418,20241202,20230427,20241209,EXP,"",US-VIIV HEALTHCARE LIMITED-US2023AMR057403,VIIV,"",,"","","",Y,,"",20241209,"",CN,US,US,222606527,OT,Vomiting,"",4,C,OZEMPIC,SEMAGLUTIDE,1,"",UNK,,"",U,"","",,"",,"","","",7
22261924,222619246,6,F,20230418,20241202,20230428,20241211,EXP,"",US-JNJFOC-20230462963,JOHNSON AND JOHNSON,"",54,YR,A,F,Y,,"",20241211,"",CN,US,US,222619246,OT,Spinal operation,"",3,C,OZEMPIC,SEMAGLUTIDE,1,Unknown,UNK,,"","","","",,"",,"",Unknown,"",7
22288083,222880833,3,F,20220101,20241217,20230505,20241223,PER,"",US-SA-2023SA139247,SANOFI AVENTIS,"",61,YR,A,F,Y,134.55,KG,20241223,"",MD,US,US,222880833,HO,Hypersensitivity,"",3,C,WEGOVY,SEMAGLUTIDE,1,"","",,"",U,"","",,"",,"","","",3
22297767,222977675,5,F,20210610,20240805,20230509,20241022,PER,"",US-JAZZ PHARMACEUTICALS-2022-US-033895,JAZZ,"",67,YR,"",F,Y,,"",20241022,"",MD,US,US,222977675,HO,Hypotension,"",21,C,OZEMPIC,SEMAGLUTIDE,1,"",1 MG/DOSE (4 MG/3 ML),,"","","","",,"",,"","","",3
22300797,223007973,3,F,,20241024,20230509,20241110,PER,"",US-SA-2023SA140261,SANOFI AVENTIS,"",58,YR,A,F,Y,,"",20241110,"",CN,US,US,,,Arthralgia,"",3,C,OZEMPIC,SEMAGLUTIDE,1,"","",,"",U,"","",,"",,"","","",
22339146,223391462,2,F,20230201,20240626,20230518,20241022,PER,"",US-JAZZ PHARMACEUTICALS-2022-US-030828,JAZZ,"",62,YR,"",F,Y,,"",20241022,"",CN,US,US,223391462,OT,Intentional product use issue,"",15,C,OZEMPIC,SEMAGLUTIDE,1,"",UNK,,"","","","",,"",,"","","",7
22339293,223392932,2,F,,20240325,20230518,20241022,PER,"",US-JAZZ PHARMACEUTICALS-2022-US-014878,JAZZ,"",,"","",F,Y,,"",20241022,"",CN,US,US,223392932,OT,Post-acute COVID-19 syndrome,"",11,C,WEGOVY,SEMAGLUTIDE,1,"",UNK,,"","","","",,"",,"",Injection,"",7
22340409,223404097,7,F,20210301,20241111,20230518,20241119,EXP,"",US-JAZZ-2023-US-003064,JAZZ,"",64,YR,"",M,Y,,"",20241119,"",MD,US,US,223404097,HO,COVID-19,"",4,SS,OZEMPIC,SEMAGLUTIDE,1,"",UNK,,"",Y,"","",,"",,"","","",3
22360961,223609613,3,F,,20241217,20230524,20241223,PER,"",US-PFIZER INC-PV202300089726,PFIZER,"",60,YR,"",M,Y,,"",20241223,"",CN,US,US,,,Osteoporosis,"",3,C,OZEMPIC,SEMAGLUTIDE,1,"",UNK,,"","","","",,"",,"","","",
22393611,223936112,2,F,20230327,20241107,20230601,20241120,PER,"",US-SA-2023SA165642,SANOFI AVENTIS,"",64,YR,A,F,Y,,"",20241120,"",MD,US,US,,,Surgery,"",5,C,OZEMPIC,SEMAGLUTIDE,1,"",UNK,,"",U,"","",,"",,"","","",
22669934,226699348,8,F,,20241011,20230704,20241016,EXP,"",US-JAZZ PHARMACEUTICALS-2023-US-002780,JAZZ,"",,"","",F,Y,,"",20241016,"",CN,US,US,226699348,OT,Product administration interrupted,"",40,C,SEMAGLUTIDE,SEMAGLUTIDE,1,"",UNK,,"","","","",,"",,"","","",7
22673732,226737325,5,F,20220101,20241204,20230705,20241210,EXP,"",US-PFIZER INC-202300235229,PFIZER,"",89,YR,"",M,Y,59.69,KG,20241210,"",CN,US,US,226737325,DE,Cardiogenic shock,"",2,SS,OZEMPIC,SEMAGLUTIDE,1,"",UNK,,"",D,"","",,"",,"","","",1
22695029,226950296,6,F,,20241105,20230712,20241112,EXP,"",US-ABBVIE-5323007,ABBVIE,"",76,YR,"",M,Y,,"",20241112,"",CN,US,US,226950296,OT,Vomiting,"",4,SS,OZEMPIC,SEMAGLUTIDE,1,Unknown,"",,"",U,"","",,"",,"","","",7
22699469,226994692,2,F,20230501,20230705,20230713,20241030,EXP,"",US-NOVOPROD-1089132,NOVO NORDISK,"",75,YR,"",F,Y,,"",20241030,"",CN,US,US,226994692,HO,Myocardial infarction,"",1,PS,OZEMPIC,SEMAGLUTIDE,1,Subcutaneous,2 mg,,"",U,"",NP5F516,,209637,2,MG,Solution for injection,"",3
22722360,227223603,3,F,,20241203,20230719,20241212,PER,"",US-SA-2023SA216157,SANOFI AVENTIS,"",52,YR,A,F,Y,,"",20241212,"",MD,US,US,,,Migraine,"",10,C,OZEMPIC,SEMAGLUTIDE,1,"","",,"",U,"","",,"",,"","","",
22754830,2275483011,11,F,20230721,20241209,20230727,20241213,EXP,"",US-TAKEDA-2023TUS072873,TAKEDA,"",48,YR,"",F,Y,86,KG,20241213,"","",US,US,2275483011,OT,Malaise,"",6,C,OZEMPIC,SEMAGLUTIDE,1,"",UNK,,"","","","",,"",,"","","",7
22761930,227619305,5,F,20220101,20241127,20230728,20241206,EXP,"",US-UCBSA-2022043986,UCB,"",,"","",M,Y,,"",20241206,"",CN,US,US,227619305,HO,Product dose omission issue,"",4,SS,OZEMPIC,SEMAGLUTIDE,1,"",2MG/0.75ML PEN INJCTR,,"",Y,U,"",,"",,"",Solution for injection in pre-filled pen,"",3
22767306,227673062,2,F,20221201,20240513,20230731,20241022,PER,"",US-JAZZ PHARMACEUTICALS-2023-US-009363,JAZZ,"",51,YR,"",F,Y,,"",20241022,"",MD,US,US,227673062,HO,Thyroid neoplasm,"",9,C,RYBELSUS,SEMAGLUTIDE,1,"",UNK,,"","","","",,"",,"",Tablet,"",3
22767505,227675052,2,F,20230501,20240426,20230731,20241022,PER,"",US-JAZZ PHARMACEUTICALS-2023-US-007614,JAZZ,"",59,YR,"",F,Y,,"",20241022,"",MD,US,US,227675052,OT,Drug effect less than expected,"",7,C,WEGOVY,SEMAGLUTIDE,1,"",UNK,,"","","","",,"",,"","","",7
22781520,227815202,2,F,,20241001,20230803,20241016,PER,"",US-SA-2023SA236899,SANOFI AVENTIS,"",,"",A,M,Y,136.07,KG,20241016,"",MD,US,US,,,Tremor,"",16,C,OZEMPIC,SEMAGLUTIDE,1,"",UNK,,"",U,"","",,"",,"",Injection,"",
22788283,227882832,2,F,20230101,20241113,20230804,20241125,PER,"",US-SA-2023SA236932,SANOFI AVENTIS,"",35,YR,A,M,Y,,"",20241125,"",MD,US,US,,,Product use in unapproved indication,"",3,C,WEGOVY,SEMAGLUTIDE,1,"",UNK,,"",U,"","",,"",,"",Injection,"",
22832803,2283280311,11,F,,20241211,20230817,20241216,EXP,"",US-TAKEDA-2023TUS019386,TAKEDA,"",,"","",F,Y,70,KG,20241216,"","",US,US,2283280311,HO,Inappropriate schedule of product administration,"",3,C,WEGOVY,SEMAGLUTIDE,1,"",UNK,,"","","","",,"",,"","","",3
22859385,228593853,3,F,20240101,20241007,20230824,20241022,PER,"",US-SA-2023SA257896,SANOFI AVENTIS,"",87,YR,E,F,Y,,"",20241023,"",MD,US,US,,,Arthralgia,"",2,C,OZEMPIC,SEMAGLUTIDE,1,"","",,"",U,"","",,"",,"","","",
22863498,228634985,5,F,20211119,20241009,20230825,20241018,EXP,"",US-ELI_LILLY_AND_COMPANY-US202308009859,ELI LILLY AND COMPANY,"",45,YR,A,F,Y,77.098,KG,20241018,"",CN,US,US,228634985,HO,Nausea,"",11,SS,OZEMPIC,SEMAGLUTIDE,1,Subcutaneous,"1 mg, weekly (1/W)",,"",U,"","",,"",1,MG,Solution for injection,/WK,3
22884650,228846505,5,F,,20241011,20230830,20241018,EXP,"",US-SANDOZ INC.-NVSC2022US152298,SANDOZ,"",,"","",F,Y,87.075,KG,20241018,"",CN,US,US,228846505,HO,Pain,"",14,C,OZEMPIC,SEMAGLUTIDE,1,Unknown,UNK,,"","","","",,"",,"","","",3
22910800,229108003,3,F,20230801,20241121,20230906,20241130,PER,"",US-SA-2023SA267670,SANOFI AVENTIS,"",60,YR,A,F,Y,158.75,KG,20241130,"",MD,US,US,,,Skin swelling,"",17,C,RYBELSUS,SEMAGLUTIDE,1,"",UNK,,"",U,"","",,"",,"",Tablet,"",
22915134,229151342,2,F,20191119,20241010,20230907,20241022,EXP,"",US-NOVOPROD-1100633,NOVO NORDISK,"",41,YR,"",F,Y,,"",20241022,"",CN,US,US,229151342,HO,Decreased appetite,"",1,PS,OZEMPIC,SEMAGLUTIDE,1,Subcutaneous,"1 mg, qw",17.143,MG,U,"","",,209637,1,MG,Solution for injection,/WK,3
22922918,229229183,3,F,,20241007,20230908,20241022,PER,"",US-SA-2023SA270399,SANOFI AVENTIS,"",,"",A,F,Y,93.878,KG,20241023,"",MD,US,US,,,Product dose omission issue,"",2,C,OZEMPIC,SEMAGLUTIDE,1,"",UNK,,"",U,"","",,"",,"",Injection,"",
22928062,229280623,3,F,20230101,20241119,20230911,20241129,PER,"",US-SA-2023SA274024,SANOFI AVENTIS,"",63,YR,A,F,Y,89.796,KG,20241129,"",MD,US,US,,,Inappropriate schedule of product administration,"",9,C,WEGOVY,SEMAGLUTIDE,1,"",UNK,,"",U,"","",,"",,"","","",
22930798,2293079814,14,F,20230828,20241205,20230911,20241213,EXP,"",US-TAKEDA-2023TUS085085,TAKEDA,"",58,YR,"",F,Y,91,KG,20241213,"","",US,US,2293079814,HO,Nausea,"",26,C,RYBELSUS,SEMAGLUTIDE,1,"",UNK,,"","","","",,"",,"","","",3
22960918,229609185,5,F,20220101,20240920,20230920,20241121,EXP,"",US-BEH-2023163274,CSL BEHRING,"",,"",E,F,Y,,"",20241121,"",HP,US,US,229609185,OT,Cough,"",6,C,OZEMPIC,SEMAGLUTIDE,1,"",UNK,,"","","","",,"",,"","","",7
22963774,229637742,2,F,20230901,20241210,20230921,20241218,PER,"",US-SA-2023SA285599,SANOFI AVENTIS,"",,"",A,F,Y,87,KG,20241218,"",MD,US,US,,,Constipation,"",2,SS,OZEMPIC,SEMAGLUTIDE,1,"",UNK,,"",U,"","",,"",,"","","",
22969024,229690249,9,F,20230222,20241016,20230922,20241022,EXP,"",US-TAKEDA-2023TUS024478,TAKEDA,"",30,YR,"",F,Y,94,KG,20241022,"",HP,US,US,229690249,OT,Incorrect drug administration rate,"",15,C,OZEMPIC,SEMAGLUTIDE,1,Unknown,UNK,,"","","","",,"",,"","","",7
22982320,229823204,4,F,20230101,20241111,20230926,20241121,PER,"",US-SA-2023SA286350,SANOFI AVENTIS,"",74,YR,E,F,Y,77.098,KG,20241121,"",MD,US,US,,,Sinusitis,"",2,C,OZEMPIC,SEMAGLUTIDE,1,"","",,"",U,"","",,"",,"",Injection,"",
22996640,229966405,5,F,20230801,20241008,20230928,20241011,EXP,"",US-JAZZ PHARMACEUTICALS-2023-US-019950,JAZZ,"",50,YR,"",F,Y,,"",20241011,"",MD,US,US,229966405,OT,Product administration interrupted,"",50,C,OZEMPIC,SEMAGLUTIDE,1,"","",,"","","","",,"",,"","","",7
23008381,230083815,5,F,20230922,20241218,20230929,20241219,EXP,"",NVSC2023US207076,NOVARTIS,"",61,YR,"",F,Y,,"",20241219,"",CN,US,US,230083815,OT,Lung disorder,"",2,C,WEGOVY,SEMAGLUTIDE,1,Unknown,UNK,,"",U,"","",,"",,"","","",7
23021253,230212533,3,F,,20241118,20231003,20241124,EXP,"",US-TAKEDA-US202022873,TAKEDA,"",,"","",F,Y,139,KG,20241124,"","",US,US,230212533,HO,Anxiety,"",6,C,OZEMPIC,SEMAGLUTIDE,1,"","",,"","","","",,"",,"","","",3
23039366,230393662,2,F,20230101,20230828,20231006,20241007,PER,"",US-INDIVIOR EUROPE LIMITED-INDV-139219-2023,RECKITT BENCKISER,"",,"","",M,Y,,"",20241007,"",CN,US,US,230393662,HO,Drug hypersensitivity,"",4,SS,OZEMPIC,SEMAGLUTIDE,1,Unknown,UNK,,"",U,U,"",,"",,"",Injection,"",3
23039489,2303948911,11,F,20230405,20241101,20231006,20241107,EXP,"",US-OTSUKA-2023_009110,OTSUKA,"",30,YR,"",M,Y,,"",20241107,"",MD,US,US,2303948911,HO,Adverse drug reaction,"",3,SS,OZEMPIC,SEMAGLUTIDE,1,Unknown,UNK,,"",U,"","",,"",,"","","",3
23043626,230436265,5,F,,20241113,20231009,20241119,PER,"",US-ELI_LILLY_AND_COMPANY-US202310002635,ELI LILLY AND COMPANY,"",53,YR,A,F,Y,,"",20241119,"",MD,US,US,,,Hypokalaemia,"",3,C,WEGOVY,SEMAGLUTIDE,1,"","",,"","","","",,"",,"","","",
23045377,230453772,2,F,20230101,20240909,20231009,20241003,PER,"",US-SA-2023SA301899,SANOFI AVENTIS,"",56,YR,A,F,Y,78,KG,20241003,"",MD,US,US,,,Injection site haemorrhage,"",10,C,OZEMPIC,SEMAGLUTIDE,1,"","",,"",U,"","",,"",,"","","",
23068470,230684705,5,F,20230801,20241015,20231016,20241028,EXP,"",US-THERATECHNOLOGIES INC.-2023-THE-TES-000392,THERATECHNOLOGIES,"",,"","","",Y,,"",20241028,"",CN,US,US,,,Therapeutic response unexpected,"",2,C,OZEMPIC,SEMAGLUTIDE,1,Unknown,"",,"","","","",,"",,"","","",
23074008,230740082,2,F,20230901,20241009,20231017,20241017,EXP,"",US-ORPHANEU-2023007223,RECORDATI,"",,"","","",Y,,"",20241017,"",CN,US,US,230740082,OT,Hepatic adenoma,"",8,C,OZEMPIC,SEMAGLUTIDE,1,"",UNK,,"",D,"",UNK,,"",,"","","",7
23084631,2308463111,11,F,20240318,20241118,20231019,20241125,EXP,"",US-SANDOZ INC.-NVSC2022US170245,SANDOZ,"",32,YR,"",F,Y,93.424,KG,20241125,"",CN,US,US,2308463111,HO,Flushing,"",42,C,OZEMPIC,SEMAGLUTIDE,1,Unknown,"",,"","","","",,"",,"","","",3
23084792,230847923,3,F,20230101,20241121,20231019,20241126,EXP,"",US-PFIZER INC-PV202300172081,PFIZER,"",61,YR,"",F,Y,,"",20241126,"",CN,US,US,230847923,HO,Neoplasm progression,"",22,C,OZEMPIC,SEMAGLUTIDE,1,"",0.25mg or 0.5 mg/dose,,"","","","",,"",0.25,MG,"","",3
23085887,230858873,3,F,20230404,20241029,20231019,20241031,EXP,"",US-JAZZ PHARMACEUTICALS-2023-US-005656,JAZZ,"",59,YR,"",F,Y,,"",20241031,"",CN,US,US,230858873,OT,Condition aggravated,"",16,C,OZEMPIC,SEMAGLUTIDE,1,"",0.25-0.5 MG/DOSE PEN,,"","","","",,"",,"","","",7
23119037,231190374,4,F,20210723,20241104,20231028,20241108,EXP,"",US-SANDOZ INC.-NVSC2021US171053,SANDOZ,"",49,YR,"",F,Y,83.9,KG,20241108,"",CN,US,US,231190374,HO,Catheter site infection,"",34,C,OZEMPIC,SEMAGLUTIDE,1,Unknown,OZEMPIC .25 OR,,"","","","",,"",,"","","",3
23157371,231573712,2,F,,20241021,20231108,20241029,EXP,"",US-UCBSA-2023045809,UCB,"",,"","",F,Y,71.882,KG,20241030,"",HP,US,US,231573712,OT,Urinary tract infection,"",4,C,RYBELSUS,SEMAGLUTIDE,1,"",7 milligram,,"",U,"","",,"",7,MG,Tablet,"",7
23160750,231607509,9,F,20230101,20241011,20231108,20241018,EXP,"",US-SA-2023SA336003,SANOFI AVENTIS,"",53,YR,A,F,Y,,"",20241018,"",MD,US,US,231607509,OT,Injection site swelling,"",9,C,WEGOVY,SEMAGLUTIDE,1,Unknown,UNK,,"",U,"","",,"",,"","","",7
23175086,231750862,2,F,,20241022,20231112,20241028,PER,"",US-BIOGEN-2023BI01234847,BIOGEN,"",,"","",F,Y,124.28,KG,20241028,"",CN,US,US,,,Electric shock sensation,"",16,C,OZEMPIC,SEMAGLUTIDE,1,Other,"",,"","","","",,"",,"",Unknown,"",
23179965,231799653,3,F,20241101,20241121,20231114,20241129,EXP,"",US-ABBVIE-5489642,ABBVIE,"",62,YR,"",F,Y,,"",20241129,"",CN,US,US,231799653,OT,End stage renal disease,"",4,SS,WEGOVY,SEMAGLUTIDE,1,Unknown,"",,"",U,"","",,"",,"","","",7
23187803,231878034,4,F,20230619,20230619,20231115,20241115,PER,"",US-NOVOPROD-1085905,NOVO NORDISK,"",,"","",F,Y,,"",20241115,"",CN,US,US,,,Rhinorrhoea,"",2,SS,OZEMPIC,SEMAGLUTIDE,1,Subcutaneous,"0.25 mg, qw",,"",U,"",NZF5M35,,"",0.25,MG,Solution for injection,/WK,
23204777,232047773,3,F,,20241008,20231120,20241009,PER,"",US-BRISTOL-MYERS SQUIBB COMPANY-2023-166726,BRISTOL MYERS SQUIBB,"",63,YR,A,F,Y,,"",20241009,"",CN,US,US,,,Weight increased,"",4,C,OZEMPIC,SEMAGLUTIDE,1,"","",,"",U,"","",,"",,"","","",
23215478,232154784,4,F,20240101,20241107,20231122,20241118,PER,"",US-SA-2023SA357826,SANOFI AVENTIS,"",50,YR,A,F,Y,79.3,KG,20241119,"",MD,US,US,,,COVID-19,"",3,C,OZEMPIC,SEMAGLUTIDE,1,"",UNK,,"",U,"","",,"",,"","","",
23215507,232155073,3,F,20231101,20241022,20231122,20241110,PER,"",US-SA-2023SA357923,SANOFI AVENTIS,"",59,YR,A,M,Y,95.2,KG,20241110,"",MD,US,US,,,Injection site urticaria,"",3,C,WEGOVY,SEMAGLUTIDE,1,"",UNK,,"",U,"","",,"",,"","","",
23231378,232313783,3,F,20230101,20241022,20231127,20241125,PER,"","US-AVADEL CNS PHARMACEUTICALS, LLC-2023AVA00332","AVADEL CNS PHARMACEUTICALS, LLC","",,"","",F,Y,107.48,KG,20241125,"",CN,US,US,,,Enuresis,"",12,C,OZEMPIC,SEMAGLUTIDE,1,"",UNK,,"","","","",,"",,"","","",
23247123,232471234,4,F,20230610,20230616,20231130,20241122,PER,"",US-NOVOPROD-1083040,NOVO NORDISK,"",72,YR,"",F,Y,,"",20241122,"",CN,US,US,,,Vomiting,"",2,SS,OZEMPIC,SEMAGLUTIDE,1,Subcutaneous,"0. mg, qw",,"",U,"","",,"",,"",Solution for injection,/WK,
23249513,232495133,3,F,20210303,20241010,20231201,20241021,PER,"",US-ELI_LILLY_AND_COMPANY-US202311012870,ELI LILLY AND COMPANY,"",44,YR,A,F,Y,,"",20241021,"",CN,US,US,232495133,HO,Pain,"",4,SS,OZEMPIC,SEMAGLUTIDE,1,Unknown,"0.25 mg, weekly (1/W)",7.25,MG,N,"","",,"",0.25,MG,"",/WK,3
23254140,232541403,3,F,,20241111,20231202,20241124,PER,"",US-SA-2023SA373682,SANOFI AVENTIS,"",59,YR,A,M,Y,,"",20241124,"",CN,US,US,,,Product storage error,"",2,C,OZEMPIC,SEMAGLUTIDE,1,"",UNK,,"",U,"","",,"",,"","","",
23269997,232699975,5,F,20230101,20240920,20231207,20241018,PER,"",US-SA-2023SA374338,SANOFI AVENTIS,"",36,YR,A,F,Y,,"",20241018,"",MD,US,US,,,Therapeutic response shortened,"",3,C,SEMAGLUTIDE,SEMAGLUTIDE,1,"",UNK,,"",U,"","",,"",,"","","",
23272069,232720692,2,F,,20231127,20231207,20241016,PER,"",US-ALKERMES INC.-ALK-2023-002105,ALKERMES,"",,"","",F,Y,,"",20241016,"",PH,US,US,,,Needle issue,"",3,C,OZEMPIC,SEMAGLUTIDE,1,Unknown,UNK,,"","","","",,"",,"","","",
23293539,232935393,3,F,20230727,20230727,20231213,20241213,PER,"",US-NOVOPROD-1100841,NOVO NORDISK,"",61,YR,"",F,Y,,"",20241213,"",CN,US,US,,,Abdominal discomfort,"",2,SS,OZEMPIC,SEMAGLUTIDE,1,Subcutaneous,"0.25 mg, qw",,"",U,"",ndc0169,,"",0.25,MG,Solution for injection,/WK,
23293648,232936484,4,F,20220301,20240122,20231213,20241213,PER,"",US-NOVOPROD-1134317,NOVO NORDISK,"",66,YR,"",F,Y,219,KG,20241213,"",CN,US,US,232936484,OT,Blood glucose increased,"",3,C,OZEMPIC,SEMAGLUTIDE,1,Subcutaneous,UNK,,"","","","",,"",,"",Solution for injection,"",7
23293653,232936533,3,F,,20231026,20231213,20241115,PER,"",US-NOVOPROD-1137008,NOVO NORDISK,"",,"","",F,Y,,"",20241115,"",CN,US,US,,,Decreased appetite,"",1,SS,OZEMPIC,SEMAGLUTIDE,1,Subcutaneous,1 mg,,"",U,"",NZF5M33,,"",,"",Solution for injection,"",
23296585,232965852,2,F,20230101,20241016,20231214,20241024,PER,"",US-ELI_LILLY_AND_COMPANY-US202312001847,ELI LILLY AND COMPANY,"",26,YR,A,F,Y,87.08,KG,20241024,"",CN,US,US,232965852,HO,Impaired gastric emptying,"",9,SS,OZEMPIC,SEMAGLUTIDE,1,Unknown,"0.5 mg, weekly (1/W)",1.5,MG,N,"","",,"",0.5,MG,"",/WK,3
23303956,233039562,2,F,,20241209,20231215,20241217,EXP,"",US-PFIZER INC-PV202300198749,PFIZER,"",49,YR,"",F,Y,107.94,KG,20241217,"",MD,US,US,233039562,OT,White blood cell count decreased,"",4,C,OZEMPIC,SEMAGLUTIDE,1,"",UNK,,"","","","",,"",,"","","",7
23309383,233093836,6,F,20230720,20241115,20231218,20241120,PER,"",US-BIOGEN-2023BI01217338,BIOGEN,"",53,YR,"",F,Y,,"",20241120,"",CN,US,US,,,Gait disturbance,"",13,C,OZEMPIC,SEMAGLUTIDE,1,Other,"",,"","","","",,"",,"",Unknown,"",
23311415,233114152,2,F,20221001,20241009,20231219,20241021,EXP,"",US-NOVOPROD-1151111,NOVO NORDISK,"",46,YR,"",F,Y,,"",20241021,"",CN,US,US,233114152,LT,Intestinal obstruction,"",1,PS,OZEMPIC,SEMAGLUTIDE,1,Subcutaneous,"0.5 mg, qw",,"",Y,"","",,209637,0.5,MG,Solution for injection,/WK,2
23311416,233114162,2,F,20230224,20241008,20231219,20241022,EXP,"",US-NOVOPROD-1151109,NOVO NORDISK,"",46,YR,"",F,Y,,"",20241022,"",CN,US,US,233114162,HO,Impaired gastric emptying,"",1,PS,WEGOVY,SEMAGLUTIDE,1,Subcutaneous,"1 mg, qw",6.911,MG,N,"","",,215256,1,MG,Solution for injection,/WK,3
23311428,233114286,6,F,20221021,20241213,20231219,20241224,EXP,"",US-NOVOPROD-1150507,NOVO NORDISK,"",48,YR,"",M,Y,,"",20241224,"",CN,US,US,233114286,LT,Vomiting,"",1,PS,OZEMPIC,SEMAGLUTIDE,1,Subcutaneous,UNK,,"",Y,"","",,209637,,"",Solution for injection,"",2
23319941,233199414,4,F,20231101,20241202,20231220,20241210,PER,"",US-SA-2023SA390958,SANOFI AVENTIS,"",58,YR,A,M,Y,,"",20241210,"",MD,US,US,,,Injection site reaction,"",3,C,OZEMPIC,SEMAGLUTIDE,1,"","",,"",U,"","",,"",,"",Injection,"",
23326521,233265213,3,F,20240401,20241014,20231221,20241112,EXP,"",US-BEH-2023166584,CSL BEHRING,"",52,YR,A,F,Y,,"",20241112,"",CN,US,US,233265213,HO,Treatment delayed,"",8,C,OZEMPIC,SEMAGLUTIDE,1,"","",,"","","","",,"",,"","","",3
23336235,233362352,2,F,20230101,20241210,20231225,20241218,PER,"",US-SA-2023SA397682,SANOFI AVENTIS,"",56,YR,A,F,Y,68,KG,20241218,"",MD,US,US,,,Injection site pain,"",2,C,OZEMPIC,SEMAGLUTIDE,1,"","",,"",U,"","",,"",,"","","",
23336640,233366402,2,F,20220607,20241021,20231226,20241030,EXP,"",US-NOVOPROD-1154743,NOVO NORDISK,"",29,YR,"",F,Y,111.57,KG,20241030,"",CN,US,US,233366402,HO,Intestinal obstruction,"",1,PS,OZEMPIC,SEMAGLUTIDE,1,Subcutaneous,"0.25 mg, qw",,"",Y,"","",,209637,0.25,MG,Solution for injection,/WK,3
23336643,233366432,2,F,20230523,20241014,20231226,20241023,EXP,"",US-NOVOPROD-1154660,NOVO NORDISK,"",44,YR,"",F,Y,99.32,KG,20241023,"",CN,US,US,233366432,HO,Gastroenteritis,"",1,PS,WEGOVY,SEMAGLUTIDE,1,Subcutaneous,"0.25 mg, qw",0.25,MG,Y,"","",,215256,0.25,MG,Solution for injection,/WK,3
23340601,233406012,2,F,20230501,20241009,20231227,20241023,EXP,"",US-NOVOPROD-1154637,NOVO NORDISK,"",72,YR,"",M,Y,,"",20241023,"",CN,US,US,233406012,HO,Vocal cord paralysis,"",1,PS,OZEMPIC,SEMAGLUTIDE,1,Subcutaneous,"1 mg, qw",13,MG,Y,"","",,209637,1,MG,Solution for injection,/WK,3
23342762,233427622,2,F,20231201,20241029,20231227,20241107,EXP,"",US-ORPHANEU-2023009176,RECORDATI,"",,"","","",Y,,"",20241107,"",CN,US,US,233427622,HO,Diarrhoea,"",11,C,OZEMPIC,SEMAGLUTIDE,1,Subcutaneous,"4 mg/3ml (1 mg/dose), qw",,"",D,"","",,"",,"","",/WK,3
23344599,233445992,2,F,20230101,20241007,20231228,20241018,EXP,"",US-NOVOPROD-1155170,NOVO NORDISK,"",76,YR,"",M,Y,,"",20241018,"",CN,US,US,233445992,DE,Bile duct stone,"",1,PS,OZEMPIC,SEMAGLUTIDE,1,Subcutaneous,"0.5 mg, qw",,"",U,"","",,209637,0.5,MG,Solution for injection,/WK,1
23344626,233446262,2,F,20230516,20241014,20231228,20241023,EXP,"",US-NOVOPROD-1155657,NOVO NORDISK,"",48,YR,"",F,Y,107.03,KG,20241023,"",CN,US,US,233446262,HO,Vomiting,"",1,PS,OZEMPIC,SEMAGLUTIDE,1,Subcutaneous,"2 mg, qw",,"",Y,"","",,209637,2,MG,Solution for injection,/WK,3
23349060,233490602,2,F,20230201,20241007,20231229,20241018,EXP,"",US-NOVOPROD-1155937,NOVO NORDISK,"",54,YR,"",F,Y,96.145,KG,20241018,"",CN,US,US,233490602,HO,Haematemesis,"",1,PS,OZEMPIC,SEMAGLUTIDE,1,Subcutaneous,UNK,53.25,MG,Y,"","",,209637,,"",Solution for injection,"",3
23354276,233542762,2,F,20231201,20240913,20240101,20241016,PER,"",US-SA-2023SA401561,SANOFI AVENTIS,"",31,YR,A,F,Y,,"",20241016,"",MD,US,US,,,Discomfort,"",3,C,WEGOVY,SEMAGLUTIDE,1,"","",,"",U,"","",,"",,"",Injection,"",
23355683,233556832,2,F,,20241115,20240102,20241126,EXP,"",US-NOVOPROD-1155970,NOVO NORDISK,"",,"","",F,Y,,"",20241126,"",CN,US,US,233556832,DS,Disability,"",1,PS,OZEMPIC,SEMAGLUTIDE,1,Subcutaneous,UNK,,"",U,"","",,209637,,"",Solution for injection,"",4
23359658,233596583,3,F,20231201,20241002,20240103,20241022,PER,"",US-SA-2023SA403837,SANOFI AVENTIS,"",64,YR,A,F,Y,,"",20241023,"",MD,US,US,,,Arthralgia,"",7,C,OZEMPIC,SEMAGLUTIDE,1,"",UNK,,"",U,"","",,"",,"","","",
23360990,233609902,2,F,20231022,20241202,20240103,20241210,EXP,"",US-ORPHANEU-2023009249,RECORDATI,"",,"","","",Y,,"",20241210,"",CN,US,US,233609902,HO,Myocardial infarction,"",32,C,OZEMPIC,SEMAGLUTIDE,1,Subcutaneous,"(0.25 or 0.5 MG/DOSE) 2 MG/1.5ML, weekly",,"",D,"","",,"",,"","",/WK,3
23376221,2337622111,11,F,20231201,20241113,20240108,20241121,EXP,"",US-SA-2024SA000302,SANOFI AVENTIS,"",58,YR,A,F,Y,,"",20241121,"",MD,US,US,2337622111,HO,Hospitalisation,"",31,C,OZEMPIC,SEMAGLUTIDE,1,"","",,"",U,"","",,"",,"","","",3
23377467,233774673,3,F,20230518,20241010,20240108,20241018,EXP,"",US-ELI_LILLY_AND_COMPANY-US202312015882,ELI LILLY AND COMPANY,"",59,YR,A,F,Y,,"",20241018,"",LW,US,US,233774673,HO,Nausea,"",4,SS,OZEMPIC,SEMAGLUTIDE,1,Unknown,"0.25 mg, weekly (1/W)",,"",N,"","",,"",0.25,MG,"",/WK,3
23381296,233812962,2,F,20230101,20241010,20240109,20241018,EXP,"",US-NOVOPROD-1159089,NOVO NORDISK,"",45,YR,"",F,Y,163.27,KG,20241018,"",CN,US,US,233812962,HO,Dehydration,"",1,PS,OZEMPIC,SEMAGLUTIDE,1,Subcutaneous,"0.5 mg, qw",,"",N,"","",,209637,0.5,MG,Solution for injection,/WK,3
23381321,233813212,2,F,20220414,20241021,20240109,20241030,EXP,"",US-NOVOPROD-1159514,NOVO NORDISK,"",49,YR,"",F,Y,124.72,KG,20241030,"",CN,US,US,233813212,HO,Decreased appetite,"",1,PS,OZEMPIC,SEMAGLUTIDE,1,Subcutaneous,"0.5 mg, qw",,"",D,"","",,209637,0.5,MG,Solution for injection,/WK,3
23381322,233813222,2,F,20190601,20241010,20240109,20241016,EXP,"",US-NOVOPROD-1159547,NOVO NORDISK,"",65,YR,"",M,Y,83.9,KG,20241016,"",CN,US,US,233813222,HO,Off label use,"",1,PS,OZEMPIC,SEMAGLUTIDE,1,Subcutaneous,"2 mg, qw",,"","","","",,209637,2,MG,Solution for injection,/WK,3
23381326,233813264,4,F,20230101,20240102,20240109,20241213,PER,"",US-NOVOPROD-1159511,NOVO NORDISK,"",,"",A,M,Y,,"",20241213,"",CN,US,US,233813264,HO,Chest pain,"",3,SS,OZEMPIC,SEMAGLUTIDE,1,Subcutaneous,UNK,,"",N,"","",,"",,"",Solution for injection,"",3
23384526,233845262,2,F,,20240927,20240109,20241001,PER,"",US-PFIZER INC-202400005813,PFIZER,"",37,YR,"",F,Y,,"",20241001,"",CN,US,US,,,Intentional dose omission,"",2,C,WEGOVY,SEMAGLUTIDE,1,"",UNK,,"","","","",,"",,"","","",
23387094,233870942,2,F,,20241029,20240110,20241113,PER,"",US-SA-2024SA005862,SANOFI AVENTIS,"",76,YR,E,F,Y,,"",20241113,"",MD,US,US,,,Dry skin,"",5,C,OZEMPIC,SEMAGLUTIDE,1,"","",,"",U,"","",,"",,"","","",
23389953,233899532,2,F,,20240927,20240111,20241023,PER,"",US-SA-2024SA006645,SANOFI AVENTIS,"",,"",A,M,Y,,"",20241023,"",MD,US,US,,,Therapeutic response decreased,"",11,C,OZEMPIC,SEMAGLUTIDE,1,"",20 mg,,"",U,"","",,"",20,MG,Injection,"",
23393935,233939353,3,F,20231201,20241113,20240111,20241117,PER,"",US-SA-2024SA007791,SANOFI AVENTIS,"",76,YR,E,F,Y,79.365,KG,20241117,"",MD,US,US,233939353,OT,Middle ear effusion,"",5,C,OZEMPIC,SEMAGLUTIDE,1,"",UNK,,"",U,"","",,"",,"","","",7
23394285,233942852,2,F,20230306,20241010,20240111,20241022,EXP,"",US-ELI_LILLY_AND_COMPANY-US202401000874,ELI LILLY AND COMPANY,"",71,YR,E,F,Y,,"",20241022,"",CN,US,US,233942852,HO,Vomiting,"",2,SS,OZEMPIC,SEMAGLUTIDE,1,Unknown,"0.25 mg, weekly (1/W)",,"",U,"","",,"",0.25,MG,"",/WK,3
23403570,234035702,2,F,20170101,20241014,20240116,20241023,EXP,"",US-NOVOPROD-1160098,NOVO NORDISK,"",46,YR,"",M,Y,,"",20241024,"",CN,US,US,234035702,HO,Constipation,"",1,PS,OZEMPIC,SEMAGLUTIDE,1,"","",,"",U,"","",,209637,,"",Solution for injection,"",3
23411197,234111972,2,F,20230201,20241212,20240117,20241220,EXP,"",US-NOVOPROD-1112529,NOVO NORDISK,"",,"",A,F,Y,,"",20241220,"",CN,US,US,234111972,OT,Abdominal distension,"",1,PS,OZEMPIC,SEMAGLUTIDE,1,Subcutaneous,0.25mg,,"","","",NZF4P81,,209637,,"",Solution for injection,"",7
23412279,234122793,3,F,,20230707,20240117,20241122,PER,"",US-NOVOPROD-1092715,NOVO NORDISK,"",,"","",F,Y,,"",20241122,"",CN,US,US,,,Weight increased,"",1,SS,OZEMPIC,SEMAGLUTIDE,1,Subcutaneous,"0.5 mg, qw",,"","","","",,"",0.5,MG,Solution for injection,/WK,
23413334,234133342,2,F,,20231102,20240117,20241122,PER,"",US-NOVOPROD-1138273,NOVO NORDISK,"",,"","",F,Y,,"",20241122,"",CN,US,US,,,Diabetes mellitus inadequate control,"",1,SS,OZEMPIC,SEMAGLUTIDE,1,Subcutaneous,2 mg,,"",U,"","",,"",,"",Solution for injection,"",
23413349,234133494,4,F,20231029,20231031,20240117,20241122,PER,"",US-NOVOPROD-1137561,NOVO NORDISK,"",57,YR,"",F,Y,,"",20241122,"",CN,US,US,,,Fatigue,"",4,SS,OZEMPIC,SEMAGLUTIDE,1,Subcutaneous,.25mg once weekly,,"",U,"",MP5C202,,"",,"",Solution for injection,"",
23413473,234134733,3,F,20220601,20241010,20240117,20241127,EXP,"",US-NOVOPROD-1143044,NOVO NORDISK,"",47,YR,"",M,Y,80.2,KG,20241127,"",CN,US,US,234134733,HO,Nausea,"",1,PS,OZEMPIC,SEMAGLUTIDE,1,Subcutaneous,"0.25 mg, qw",2.942,MG,U,"","",,209637,0.25,MG,Solution for injection,/WK,3
23413502,234135022,2,F,20221201,20241014,20240117,20241023,EXP,"",US-NOVOPROD-1143661,NOVO NORDISK,"",36,YR,"",F,Y,111.11,KG,20241023,"",CN,US,US,234135022,HO,Dehydration,"",1,PS,OZEMPIC,SEMAGLUTIDE,1,Subcutaneous,"0.25 mg, qw",,"",U,"","",,209637,0.25,MG,Solution for injection,/WK,3
23413644,234136442,2,F,20220215,20241014,20240117,20241023,EXP,"",US-NOVOPROD-1148248,NOVO NORDISK,"",60,YR,"",F,Y,102.04,KG,20241023,"",CN,US,US,234136442,HO,Ileus,"",1,PS,OZEMPIC,SEMAGLUTIDE,1,Subcutaneous,"0.25 mg, qw",28.07,MG,Y,"","",,209637,0.25,MG,Solution for injection,/WK,3
23414628,234146282,2,F,20190410,20241010,20240118,20241018,EXP,"",US-NOVOPROD-1162680,NOVO NORDISK,"",64,YR,"",M,Y,86.168,KG,20241018,"",CN,US,US,234146282,HO,Cholecystitis,"",1,PS,OZEMPIC,SEMAGLUTIDE,1,Subcutaneous,"0.5 mg, qw",,"",D,"","",,209637,0.5,MG,Solution for injection,/WK,3
23420872,234208722,2,F,20220125,20241010,20240119,20241018,EXP,"",US-NOVOPROD-1162711,NOVO NORDISK,"",44,YR,"",F,Y,,"",20241018,"",CN,US,US,234208722,HO,Vomiting,"",1,PS,OZEMPIC,SEMAGLUTIDE,1,Subcutaneous,"0.5 mg, qw",101,MG,Y,"","",,209637,0.5,MG,Solution for injection,/WK,3
23425209,234252092,2,F,20231201,20240918,20240121,20241001,EXP,"",US-NOVOPROD-1155963,NOVO NORDISK,"",69,YR,"",F,Y,,"",20241001,"",CN,US,US,234252092,HO,Spinal operation,"",1,PS,OZEMPIC,SEMAGLUTIDE,1,Subcutaneous,UNK,,"",Y,"",NP5H127,,209637,,"",Solution for injection,"",3
23426307,234263075,5,F,20240913,20241105,20240122,20241111,EXP,"",US-SANDOZ INC.-SDZ2023US057179,SANDOZ,"",29,YR,"",F,Y,84.807,KG,20241111,"",CN,US,US,234263075,HO,Injection site haemorrhage,"",14,C,OZEMPIC,SEMAGLUTIDE,1,Unknown,UNK,,"","","","",,"",,"","","",3
23430464,234304642,2,F,20231001,20241024,20240123,20241101,EXP,"",US-NOVOPROD-1164997,NOVO NORDISK,"",58,YR,"",M,Y,,"",20241101,"",CN,US,US,234304642,HO,Small intestinal obstruction,"",1,PS,OZEMPIC,SEMAGLUTIDE,1,Subcutaneous,2 mg,,"",U,"","",,209637,2,MG,Solution for injection,"",3
23435723,234357233,3,F,20230101,20241010,20240124,20241022,EXP,"",US-NOVOPROD-1158696,NOVO NORDISK,"",23,YR,"",F,Y,,"",20241022,"",CN,US,US,234357233,HO,Off label use,"",1,PS,OZEMPIC,SEMAGLUTIDE,1,"","",,"",Y,"","",,209637,,"",Solution for injection,"",3
23447665,234476652,2,F,20230501,20241007,20240126,20241017,EXP,"",US-NOVOPROD-1166033,NOVO NORDISK,"",52,YR,"",F,Y,,"",20241017,"",CN,US,US,234476652,HO,Dehydration,"",1,PS,WEGOVY,SEMAGLUTIDE,1,Subcutaneous,"0.5 mg, qw",7,MG,U,"","",,215256,0.5,MG,Solution for injection,/WK,3
23467265,234672653,3,F,,20241212,20240201,20241218,PER,"",US-PFIZER INC-202400030365,PFIZER,"",71,YR,"",F,Y,,"",20241218,"",MD,US,US,,,Weight decreased,"",20,C,OZEMPIC,SEMAGLUTIDE,1,"",UNK,,"","","","",,"",,"","","",
23484449,234844492,2,F,20220126,20241121,20240206,20241202,EXP,"",US-NOVOPROD-1170481,NOVO NORDISK,"",60,YR,"",F,Y,81,KG,20241202,"",CN,US,US,234844492,HO,Ileus,"",1,PS,OZEMPIC,SEMAGLUTIDE,1,Subcutaneous,"0.5 mg, qw",,"",Y,"","",,209637,0.5,MG,Solution for injection,/WK,3
23487802,234878023,3,F,20230401,20241010,20240206,20241022,EXP,"",US-ELI_LILLY_AND_COMPANY-US202401014863,ELI LILLY AND COMPANY,"",59,YR,A,F,Y,,"",20241022,"",CN,US,US,234878023,HO,Decreased appetite,"",4,SS,RYBELSUS,SEMAGLUTIDE,1,Oral,"3 mg, weekly (1/W)",,"",N,"","",,"",3,MG,"",/WK,3
23491056,234910564,4,F,,20241029,20240206,20241112,PER,"",US-SA-2024SA040118,SANOFI AVENTIS,"",27,YR,A,F,Y,,"",20241112,"",MD,US,US,,,Sleep disorder due to a general medical condition,"",3,C,OZEMPIC,SEMAGLUTIDE,1,"","",,"",U,"","",,"",,"",Injection,"",
23496284,234962842,2,F,20230222,20241018,20240207,20241022,PER,"",US-ROCHE-3298711,ROCHE,"",63,YR,A,F,Y,96.16,KG,20241022,"",CN,US,US,,,Injection site pain,"",3,C,WEGOVY,SEMAGLUTIDE,1,"","",,"","","","",,"",,"","","",
23501842,235018422,2,F,20231123,20240924,20240208,20241115,PER,"",US-ANIPHARMA-2023-US-040779,ANI,"",50,YR,"",F,Y,,"",20241115,"",HP,US,US,,,Limb injury,"",24,C,WEGOVY,SEMAGLUTIDE,1,Unknown,"",,"","",N,"",,"",,"","","",
23507530,235075303,3,F,,20241121,20240209,20241202,PER,"",US-SA-2024SA042735,SANOFI AVENTIS,"",63,YR,A,F,Y,,"",20241202,"",MD,US,US,,,Arthralgia,"",4,C,OZEMPIC,SEMAGLUTIDE,1,"",UNK,,"",U,"","",,"",,"","","",
23513533,235135335,5,F,,20241127,20240212,20241204,EXP,"",US-SA-2024SA038041,SANOFI AVENTIS,"",76,YR,E,M,Y,97.52,KG,20241204,"",MD,US,US,235135335,OT,Impaired gastric emptying,"",2,SS,OZEMPIC,SEMAGLUTIDE,1,"",UNK,,"",U,"","",,"",,"","","",7
23518199,235181994,4,F,20240101,20241217,20240213,20241226,PER,"",US-AMGEN-USASP2024029244,AMGEN,"",38,YR,A,F,Y,,"",20241226,"",MD,US,US,235181994,OT,Abdominal hernia,"",13,C,OZEMPIC,SEMAGLUTIDE,1,"",2 MG/1.5ML,,"","","","",,"",,"","","",7
23520337,235203373,3,F,20211001,20241211,20240214,20241217,EXP,"",US-NOVOPROD-1171891,NOVO NORDISK,"",51,YR,"",F,Y,127.45,KG,20241217,"",CN,US,US,235203373,HO,Inappropriate schedule of product administration,"",1,PS,OZEMPIC,SEMAGLUTIDE,1,Subcutaneous,UNK,,"",Y,"","",,209637,,"",Solution for injection,"",3
23526626,235266265,5,F,,20241223,20240215,20241230,PER,"",US-AMGEN-USASP2024031123,AMGEN,"",59,YR,A,F,Y,98.866,KG,20241230,"",MD,US,US,,,Drug hypersensitivity,"",5,C,OZEMPIC,SEMAGLUTIDE,1,Unknown,UNK,,"","","","",,"",,"","","",
23530111,235301115,5,F,,20241024,20240216,20241028,EXP,"",US-TAKEDA-2021TUS021353,TAKEDA,"",,"","",F,Y,83.9,KG,20241028,"",CN,US,US,235301115,OT,Suspected COVID-19,"",31,C,OZEMPIC,SEMAGLUTIDE,1,Unknown,UNK,,"","","","",,"",,"","","",7
23535718,235357183,3,F,,20241107,20240218,20241114,EXP,"",NVSC2024US033829,NOVARTIS,"",,"","",F,Y,,"",20241114,"",CN,US,US,235357183,OT,Headache,"",3,C,OZEMPIC,SEMAGLUTIDE,1,Unknown,UNK,,"",U,"","",,"",,"","","",7
23542061,235420612,2,F,20210901,20241007,20240220,20241021,EXP,"",US-NOVOPROD-1177306,NOVO NORDISK,"",67,YR,"",F,Y,,"",20241021,"",CN,US,US,235420612,HO,Ileus,"",1,PS,OZEMPIC,SEMAGLUTIDE,1,Subcutaneous,"0.25 mg, qw",,"",U,"","",,209637,0.25,MG,Solution for injection,/WK,3
23552972,235529722,2,F,,20240930,20240222,20241009,EXP,"",US-JNJFOC-20240237963,JOHNSON AND JOHNSON,"",,"","",F,Y,,"",20241009,"",CN,US,US,,,Product storage error,"",3,SS,OZEMPIC,SEMAGLUTIDE,1,Unknown,"",,"",D,"","",,"",,"",Unknown,"",
23555999,235559995,5,F,20240415,20240917,20240222,20241121,EXP,"",US-BEH-2024169002,CSL BEHRING,"",50,YR,A,F,Y,90.703,KG,20241121,"",CN,US,US,235559995,HO,Anaphylactic reaction,"",5,C,OZEMPIC,SEMAGLUTIDE,1,"",UNK,,"","","","",,"",,"","","",3
23562180,235621802,2,F,20220214,20241121,20240226,20241202,EXP,"",US-NOVOPROD-1179313,NOVO NORDISK,"",59,YR,"",F,Y,112,KG,20241202,"",CN,US,US,235621802,HO,Abdominal pain,"",1,PS,OZEMPIC,SEMAGLUTIDE,1,Subcutaneous,"0.25 mg, qw",,"",Y,"","",,209637,0.25,MG,Solution for injection,/WK,3
23562268,235622682,2,F,20230101,20241217,20240226,20241224,EXP,"",US-SA-2024SA060252,SANOFI AVENTIS,"",51,YR,A,F,Y,67.1,KG,20241224,"",MD,US,US,235622682,HO,Pneumonia,"",3,C,OZEMPIC,SEMAGLUTIDE,1,"","",,"",U,"","",,"",,"","","",3
23567824,235678247,7,F,20240101,20241108,20240226,20241111,EXP,"",US-SA-2024SA057739,SANOFI AVENTIS,"",77,YR,E,F,Y,,"",20241111,"",MD,US,US,235678247,DE,Hospitalisation,"",3,C,OZEMPIC,SEMAGLUTIDE,1,"",UNK,,"",U,"","",,"",,"","","",1
23568583,235685832,2,F,20230101,20241113,20240227,20241125,EXP,"",US-NOVOPROD-1179346,NOVO NORDISK,"",55,YR,"",F,Y,85,KG,20241126,"",MD,US,US,235685832,HO,Hypotension,"",1,PS,WEGOVY,SEMAGLUTIDE,1,Subcutaneous,"0.25 mg, qw",,"",Y,"","",,215256,0.25,MG,Solution for injection,/WK,3
23572611,235726112,2,F,20230101,20241021,20240227,20241125,PER,"","US-AVADEL CNS PHARMACEUTICALS, LLC-2023AVA00416","AVADEL CNS PHARMACEUTICALS, LLC","",,"","",F,Y,,"",20241125,"",CN,US,US,,,Balance disorder,"",14,C,WEGOVY,SEMAGLUTIDE,1,"","",,"","","","",,"",,"",Injection,"",
23577313,235773132,2,F,20221021,20241007,20240228,20241018,EXP,"",US-ELI_LILLY_AND_COMPANY-US202402013689,ELI LILLY AND COMPANY,"",20,YR,A,F,Y,58,KG,20241018,"",LW,US,US,235773132,HO,Off label use,"",9,SS,OZEMPIC,SEMAGLUTIDE,1,Unknown,"UNK UNK, weekly (1/W)",,"",N,"","",,"",,"","",/WK,3
23577947,235779472,2,F,20230626,20241007,20240228,20241018,EXP,"",US-NOVOPROD-1181027,NOVO NORDISK,"",53,YR,"",M,Y,,"",20241018,"",CN,US,US,235779472,HO,Intestinal obstruction,"",1,PS,OZEMPIC,SEMAGLUTIDE,1,Subcutaneous,"0.25 mg, qw",,"",U,"","",,209637,0.25,MG,Solution for injection,/WK,3
23581137,235811374,4,F,,20241214,20240229,20241220,PER,"",US-PFIZER INC-PV202300113993,PFIZER,"",66,YR,"",F,Y,77.098,KG,20241220,"",CN,US,US,235811374,OT,Neutropenia,"",5,C,OZEMPIC,SEMAGLUTIDE,1,"",2.66 mg/ml (8mg/3ml),,"","","","",,"",,"",Injection,"",7
23582048,235820483,3,F,20240101,20240910,20240229,20241007,PER,"",US-SA-2024SA062474,SANOFI AVENTIS,"",50,YR,A,F,Y,,"",20241007,"",MD,US,US,,,Impaired quality of life,"",6,C,OZEMPIC,SEMAGLUTIDE,1,"",UNK,,"",U,"","",,"",,"",Injection,"",
23584917,235849174,4,F,20240216,20241106,20240301,20241115,EXP,"",US-UNITED THERAPEUTICS-UNT-2024-005717,UNITED THERAPEUTICS,"",73,YR,"",M,Y,124.26,KG,20241115,"","",US,US,235849174,HO,Heart rate decreased,"",3,C,OZEMPIC,SEMAGLUTIDE,1,"",UNK,,"","","","",,"",,"","","",3
23589671,235896712,2,F,20210101,20240221,20240304,20241202,EXP,"",US-NOVOPROD-1181212,NOVO NORDISK,"",59,YR,"",M,Y,,"",20241202,"",CN,US,US,235896712,OT,Constipation,"",1,PS,OZEMPIC,SEMAGLUTIDE,1,Subcutaneous,1 mg,,"",U,"","",,209637,,"",Solution for injection,"",7
23590022,235900222,2,F,20230101,20241014,20240304,20241027,EXP,"",US-NOVOPROD-1182337,NOVO NORDISK,"",39,YR,"",F,Y,74.83,KG,20241027,"",CN,US,US,235900222,HO,Impaired gastric emptying,"",1,PS,OZEMPIC,SEMAGLUTIDE,1,Subcutaneous,"0.25 mg, qw",56.25,MG,U,"","",,209637,0.25,MG,Solution for injection,/WK,3
23596234,235962343,3,F,20231107,20240926,20240305,20241022,PER,"",US-SA-2024SA065934,SANOFI AVENTIS,"",64,YR,A,F,Y,,"",20241023,"",MD,US,US,,,Pruritus,"",10,C,WEGOVY,SEMAGLUTIDE,1,"","",,"",U,"","",,"",,"","","",
23596953,235969534,4,F,20220518,20241217,20240305,20241225,EXP,"",US-SA-2024SA072706,SANOFI AVENTIS,"",62,YR,A,F,Y,58.594,KG,20241225,"",MD,US,US,235969534,HO,Avian influenza,"",17,C,OZEMPIC,SEMAGLUTIDE,1,"",UNK,,"",U,"","",,"",,"","","",3
23597242,235972422,2,F,20230701,20241010,20240305,20241022,EXP,"",US-ELI_LILLY_AND_COMPANY-US202402013898,ELI LILLY AND COMPANY,"",39,YR,A,F,Y,74.376,KG,20241022,"",LW,US,US,235972422,HO,Abdominal pain upper,"",2,SS,OZEMPIC,SEMAGLUTIDE,1,Unknown,"0.25 mg, weekly (1/W)",85.308,MG,U,"","",,"",0.25,MG,"",/WK,3
23603401,236034013,3,F,20231001,20241118,20240307,20241127,EXP,"",US-NOVOPROD-1184159,NOVO NORDISK,"",67,YR,"",F,Y,,"",20241127,"",CN,US,US,236034013,HO,Condition aggravated,"",1,PS,OZEMPIC,SEMAGLUTIDE,1,Subcutaneous,0.5 mg,,"","","","",,209637,,"",Solution for injection,"",3
23617725,236177252,2,F,,20240923,20240311,20241003,EXP,"",US-TEVA-VS-3165523,TEVA,"Kido K, Carey B, Caccamo M, Bianco C, Sokos G. Call to action for drug interactions between tirzepatide and heart failure guideline-directed medical therapy. J-Am-Pharmacists-Assoc 2024; 64 (1): 169-173.; Kido K, Carey B, Caccamo M, Bianco C, Sokos G. Call to action for drug interactions between tirzepatide and heart failure guideline-directed medical therapy. J-Am-Pharm-Assoc 2023; 64 (1): 169-173.",64,YR,"",M,Y,,"",20241003,"",PH,US,US,236177252,OT,Drug interaction,"",5,SS,SEMAGLUTIDE,SEMAGLUTIDE,1,Unknown,"",,"",Y,"",Unknown,,"",2,MG,"",/WK,7
23624781,236247812,2,F,20220501,20241213,20240313,20241219,EXP,"",US-NOVOPROD-1186463,NOVO NORDISK,"",71,YR,"",F,Y,75.74,KG,20241219,"",CN,US,US,236247812,HO,Intestinal obstruction,"",1,PS,OZEMPIC,SEMAGLUTIDE,1,Subcutaneous,"0.5 mg, qw",34.5,MG,Y,"","",,209637,0.5,MG,Solution for injection,/WK,3
23628885,236288853,3,F,20240508,20241021,20240313,20241023,PER,"",US-BRISTOL-MYERS SQUIBB COMPANY-2024-040607,BRISTOL-MYERS SQUIBB COMPANY,"",67,YR,E,F,Y,,"",20241023,"",CN,US,US,,,Product dose omission issue,"",2,SS,SEMAGLUTIDE,SEMAGLUTIDE,1,"","",,"",U,"",Unknown,,"",1,MG,"","",
23630482,236304823,3,F,20230101,20241022,20240314,20241106,EXP,"",US-SA-2024SA081161,SANOFI AVENTIS,"",66,YR,E,M,Y,,"",20241106,"",MD,US,US,236304823,HO,Liver disorder,"",19,C,OZEMPIC,SEMAGLUTIDE,1,"",UNK,,"",U,"","",,"",,"","","",3
23639121,236391212,2,F,20200101,20241010,20240315,20241022,PER,"",US-ELI_LILLY_AND_COMPANY-US202403002669,ELI LILLY AND COMPANY,"",46,YR,A,F,Y,106.58,KG,20241022,"",LW,US,US,236391212,HO,Diarrhoea,"",14,SS,OZEMPIC,SEMAGLUTIDE,1,Unknown,"0.25 mg, weekly (1/W)",,"",U,"","",,"",0.25,MG,"",/WK,3
23643841,236438414,4,F,20240301,20241030,20240318,20241111,PER,"",US-Calliditas-2024CAL00409,CALLIDITAS THERAPEUTICS AB,"",52,YR,A,F,Y,,"",20241111,"",CN,US,US,,,Blood glucose increased,"",2,SS,OZEMPIC,SEMAGLUTIDE,1,"","",,"",U,"","",,"",,"","","",
23645634,236456342,2,F,20220301,20241010,20240319,20241018,EXP,"",US-NOVOPROD-1189425,NOVO NORDISK,"",65,YR,"",M,Y,145.13,KG,20241018,"",CN,US,US,236456342,HO,Small intestinal obstruction,"",1,PS,OZEMPIC,SEMAGLUTIDE,1,Subcutaneous,"0.25 mg, qw",,"",N,"","",,209637,0.25,MG,Solution for injection,/WK,3
23646830,236468306,6,F,20240201,20241015,20240319,20241024,EXP,"",US-UCBSA-2024013163,UCB,"",64,YR,"",F,Y,,"",20241024,"",HP,US,US,236468306,HO,Rheumatoid arthritis,"",3,C,OZEMPIC,SEMAGLUTIDE,1,"","",,"","","","",,"",,"","","",3
23656575,236565752,2,F,20221205,20241007,20240321,20241018,EXP,"",US-NOVOPROD-1191327,NOVO NORDISK,"",37,YR,"",M,Y,,"",20241018,"",CN,US,US,236565752,HO,Off label use,"",1,PS,OZEMPIC,SEMAGLUTIDE,1,Subcutaneous,"0.25 mg, qw",4.274,MG,Y,"","",,209637,0.25,MG,Solution for injection,/WK,3
23664200,236642007,7,F,,20241205,20240322,20241213,EXP,"",US-TAKEDA-US201721679,TAKEDA,"",,"","",F,Y,53,KG,20241213,"","",US,US,236642007,HO,Hypothyroidism,"",29,C,OZEMPIC,SEMAGLUTIDE,1,"",UNK,,"","","","",,"",,"","","",3
23666996,236669962,2,F,20230101,20241010,20240325,20241022,EXP,"",US-NOVOPROD-1191322,NOVO NORDISK,"",65,YR,"",F,Y,,"",20241022,"",CN,US,US,236669962,HO,Syncope,"",1,PS,OZEMPIC,SEMAGLUTIDE,1,Subcutaneous,"0.5 mg, qw",,"",N,"","",,209637,0.5,MG,Solution for injection,/WK,3
23675481,236754813,3,F,20231201,20241213,20240327,20241224,EXP,"",US-NOVOPROD-1193713,NOVO NORDISK,"",50,YR,"",M,Y,,"",20241224,"",HP,US,US,236754813,HO,Glycosylated haemoglobin decreased,"",1,PS,OZEMPIC,SEMAGLUTIDE,1,Subcutaneous,"2 mg, qw",,"",D,"",NP5J254,,209637,2,MG,Solution for injection,/WK,3
23679117,236791175,5,F,20240101,20241028,20240327,20241031,PER,"",US-ABBVIE-5694818,ABBVIE,"",67,YR,"",F,Y,,"",20241031,"",CN,US,US,,,Constipation,"",3,C,OZEMPIC,SEMAGLUTIDE,1,"","",,"","","","",,"",,"","","",
23685111,236851114,4,F,20240222,20241111,20240329,20241118,EXP,"",US-JAZZ PHARMACEUTICALS-2024-US-003336,JAZZ,"",64,YR,"",M,Y,,"",20241118,"",CN,US,US,236851114,HO,Colon cancer,"",4,SS,OZEMPIC,SEMAGLUTIDE,1,"",UNK,,"",U,"","",,"",,"","","",3
23687425,236874255,5,F,20240315,20241016,20240329,20241021,EXP,"",US-OTSUKA-2024_008118,OTSUKA,"",51,YR,"",F,Y,,"",20241021,"",MD,US,US,236874255,HO,Dysarthria,"",24,C,OZEMPIC,SEMAGLUTIDE,1,Subcutaneous,1 mg (Inject under the skin every 7 days),,"","","","",,"",1,MG,Injection,"",3
23694092,236940924,4,F,20240101,20241202,20240401,20241205,PER,"",US-PFIZER INC-PV202400042313,PFIZER,"",67,YR,"",F,Y,,"",20241205,"",HP,US,US,,,Blood cholesterol increased,"",8,C,OZEMPIC,SEMAGLUTIDE,1,"","0.25 mg, weekly",,"","","","",,"",0.25,MG,Injection,/WK,
23695101,236951012,2,F,20220101,20241008,20240402,20241022,EXP,"",US-NOVOPROD-1195673,NOVO NORDISK,"",57,YR,"",F,Y,,"",20241022,"",CN,US,US,236951012,OT,Foot operation,"",1,PS,WEGOVY,SEMAGLUTIDE,1,Subcutaneous,2.4 mg,,"",U,"",NZF7X69,,215256,,"",Solution for injection,"",7
23699906,236999062,2,F,20220501,20241007,20240403,20241018,EXP,"",US-NOVOPROD-1198054,NOVO NORDISK,"",,"",A,F,Y,,"",20241018,"",CN,US,US,236999062,HO,Constipation,"",1,PS,OZEMPIC,SEMAGLUTIDE,1,Subcutaneous,"1 mg, qw",,"",Y,"","",,209637,1,MG,Solution for injection,/WK,3
23704556,237045567,7,F,20240213,20241017,20240404,20241028,EXP,"",US-NOVOPROD-1198031,NOVO NORDISK,"",64,YR,"",F,Y,70.8,KG,20241028,"",HP,US,US,237045567,HO,Splenic vein thrombosis,"",1,PS,OZEMPIC,SEMAGLUTIDE,1,Subcutaneous,"1 mg, qw",49,MG,Y,"","",,209637,1,MG,Solution for injection,/WK,3
23704576,237045763,3,F,20240311,20241010,20240404,20241023,EXP,"",US-NOVOPROD-1197484,NOVO NORDISK,"",65,YR,"",F,Y,,"",20241023,"",CN,US,US,237045763,HO,Nausea,"",1,SS,OZEMPIC,SEMAGLUTIDE,1,Subcutaneous,UNK,,"",U,"","",,"",,"",Solution for injection,"",3
23706428,237064283,3,F,20241201,20241217,20240404,20241224,PER,"",US-SA-2024SA098976,SANOFI AVENTIS,"",69,YR,E,F,Y,58.97,KG,20241224,"",MD,US,US,,,Diarrhoea,"",2,C,WEGOVY,SEMAGLUTIDE,1,"",UNK,,"",U,"","",,"",,"",Injection,"",
23717681,237176812,2,F,20240301,20241211,20240408,20241219,PER,"",US-SA-2024SA100758,SANOFI AVENTIS,"",43,YR,A,F,Y,,"",20241219,"",MD,US,US,,,Nasopharyngitis,"",3,C,OZEMPIC,SEMAGLUTIDE,1,"",2 M SOP,,"",U,"","",,"",,"","","",
23722768,237227682,2,F,20210623,20241216,20240409,20241227,EXP,"",US-PFIZER INC-PV202400044515,PFIZER,"",57,YR,"",M,Y,123.38,KG,20241227,"",HP,US,US,237227682,HO,Mean platelet volume increased,"",28,C,OZEMPIC,SEMAGLUTIDE,1,"",UNK,,"","","","",,"",,"","","",3
23725136,237251362,2,F,20191101,20241121,20240410,20241202,EXP,"",US-NOVOPROD-1199941,NOVO NORDISK,"",63,YR,"",M,Y,149.66,KG,20241202,"",CN,US,US,237251362,HO,Nausea,"",1,PS,OZEMPIC,SEMAGLUTIDE,1,Subcutaneous,0.25 mg,,"",U,"","",,"",0.25,MG,Solution for injection,/WK,3
23725140,237251402,2,F,20211101,20241121,20240410,20241202,EXP,"",US-NOVOPROD-1199960,NOVO NORDISK,"",50,YR,"",F,Y,97.052,KG,20241202,"",CN,US,US,237251402,HO,Cholecystitis,"",1,PS,OZEMPIC,SEMAGLUTIDE,1,Subcutaneous,"2 mg, qw",,"",Y,"","",,209637,2,MG,Solution for injection,/WK,3
23732695,237326953,3,F,20240101,20240909,20240411,20241008,PER,"",US-SA-2024SA109240,SANOFI AVENTIS,"",76,YR,E,F,Y,,"",20241008,"",CN,US,US,,,Injection site pain,"",3,SS,OZEMPIC,SEMAGLUTIDE,1,Unknown,UNK,,"",U,"","",,"",,"","","",
23752080,237520804,4,F,20240101,20241023,20240417,20241111,PER,"",US-SA-2024SA112561,SANOFI AVENTIS,"",54,YR,A,F,Y,108,KG,20241111,"",MD,US,US,,,Sinus disorder,"",6,C,OZEMPIC,SEMAGLUTIDE,1,"","",,"",U,"","",,"",,"","","",
23753433,237534333,3,F,20241021,20241021,20240417,20241029,PER,"",US-BRISTOL-MYERS SQUIBB COMPANY-2024-059309,BRISTOL-MYERS SQUIBB COMPANY,"",70,YR,E,M,Y,,"",20241029,"",CN,US,US,,,Gastroenteritis,"",3,SS,OZEMPIC,SEMAGLUTIDE,1,"","",,"",U,"",Unknown,,"",,"","","",
23756617,237566175,5,F,20240401,20241021,20240418,20241028,EXP,"",US-MYOVANT SCIENCES GMBH-2024MYSCI0400476,SUNOVION,"",,"","","",Y,,"",20241028,"",CN,US,US,237566175,OT,Anxiety,"",7,C,SEMAGLUTIDE,SEMAGLUTIDE,1,Unknown,UNK,,"","","","",,"",,"","","",7
23760190,237601905,5,F,,20241004,20240419,20241009,EXP,"",US-TAKEDA-2023TUS063755,TAKEDA,"",,"","",F,Y,81,KG,20241009,"",HP,US,US,237601905,HO,Infusion site pain,"",27,C,OZEMPIC,SEMAGLUTIDE,1,Unknown,UNK,,"","","","",,"",,"","","",3
23763076,237630763,3,F,20240101,20241107,20240419,20241116,PER,"",US-SA-2024SA118367,SANOFI AVENTIS,"",39,YR,A,F,Y,108.84,KG,20241116,"",MD,US,US,237630763,HO,Pyrexia,"",4,C,WEGOVY,SEMAGLUTIDE,1,"",UNK,,"",U,"","",,"",,"","","",3
23770045,237700454,4,F,20240101,20241211,20240422,20241223,EXP,"",US-NOVOPROD-1208235,NOVO NORDISK,"",82,YR,"",M,Y,,"",20241223,"",CN,US,US,237700454,HO,Intercepted product dispensing error,"",1,PS,OZEMPIC,SEMAGLUTIDE,1,Subcutaneous,"0.25 mg, qw",,"","","",NZFS72,,209637,0.25,MG,Solution for injection,/WK,3
23775636,237756365,5,F,20240501,20241010,20240423,20241018,EXP,"",US-BEH-2024170736,CSL BEHRING,"",64,YR,A,F,Y,,"",20241018,"",CN,US,US,237756365,OT,Pain,"",19,C,RYBELSUS,SEMAGLUTIDE,1,"","",,"","","","",,"",,"",Tablet,"",7
23776063,237760632,2,F,20230915,20241007,20240424,20241017,EXP,"",US-NOVOPROD-1207838,NOVO NORDISK,"",47,YR,"",M,Y,,"",20241017,"",CN,US,US,237760632,HO,Constipation,"",1,PS,WEGOVY,SEMAGLUTIDE,1,Subcutaneous,"2.4 mg, qw",10.607,MG,Y,"","",,215256,2.4,MG,Solution for injection,/WK,3
23777088,237770884,4,F,,20241021,20240424,20241024,PER,"",US-BIOGEN-2023BI01194630,BIOGEN,"",,"","",F,Y,,"",20241024,"",CN,US,US,,,Visual acuity reduced,"",4,C,OZEMPIC,SEMAGLUTIDE,1,Other,"",,"","","","",,"",,"",Unknown,"",
23779546,237795462,2,F,20240101,20240926,20240424,20241011,PER,"",US-SA-2024SA119514,SANOFI AVENTIS,"",,"",A,M,Y,99.33,KG,20241011,"",MD,US,US,,,Dizziness,"",2,C,OZEMPIC,SEMAGLUTIDE,1,"",ozempic 1/0.75 (3) pen injctr,,"",U,"","",,"",,"","","",
23781888,237818884,4,F,,20241111,20240425,20241119,EXP,"",US-ABBVIE-5731816,ABBVIE,"",70,YR,"",F,Y,,"",20241119,"",CN,US,US,237818884,OT,Animal scratch,"",2,C,WEGOVY,SEMAGLUTIDE,1,"","",,"","","","",,"",,"","","",7
23784982,237849823,3,F,20241018,20241031,20240425,20241107,EXP,"",US-TAKEDA-2024TUS019582,TAKEDA,"",62,YR,"",F,Y,92,KG,20241107,"",HP,US,US,237849823,OT,Product use issue,"",5,C,OZEMPIC,SEMAGLUTIDE,1,Unknown,UNK,,"","","","",,"",,"","","",7
23788276,237882765,5,F,,20241202,20240426,20241207,EXP,"",US-UNITED THERAPEUTICS-UNT-2024-006298,UNITED THERAPEUTICS,"",,"","",F,Y,81.361,KG,20241207,"","",US,US,,,Fatigue,"",4,C,OZEMPIC,SEMAGLUTIDE,1,"",UNK,,"","","","",,"",,"","","",
23792049,237920492,2,F,20220101,20241021,20240429,20241030,EXP,"",US-NOVOPROD-1209371,NOVO NORDISK,"",46,YR,"",M,Y,99.32,KG,20241030,"",CN,US,US,237920492,LT,Ileus,"",1,PS,OZEMPIC,SEMAGLUTIDE,1,Subcutaneous,"0.25 mg, qw",10.25,MG,U,"","",,209637,0.25,MG,Solution for injection,/WK,2
23792706,237927062,2,F,20240101,20241121,20240429,20241130,PER,"",US-SA-2024SA127751,SANOFI AVENTIS,"",62,YR,A,F,Y,,"",20241130,"",CN,US,US,,,Product dose omission in error,"",3,C,OZEMPIC,SEMAGLUTIDE,1,"","",,"",U,"","",,"",,"","","",
23801517,238015173,3,F,,20241101,20240430,20241115,PER,"",US-SA-2024SA129249,SANOFI AVENTIS,"",53,YR,A,F,Y,,"",20241115,"",MD,US,US,,,Asthma,"",22,C,OZEMPIC,SEMAGLUTIDE,1,"",UNK,,"",U,"","",,"",,"",Injection,"",
23812911,238129112,2,F,20240101,20241007,20240503,20241017,EXP,"",US-ORPHANEU-2024003093,RECORDATI,"",,"","","",Y,,"",20241017,"",CN,US,US,238129112,HO,Product administration interrupted,"",11,C,OZEMPIC,SEMAGLUTIDE,1,Subcutaneous,"8 MG/3ML qw, 2 mg",,"",D,"","",,"",,"","",/WK,3
23819332,238193324,4,F,,20241021,20240506,20241028,EXP,"",US-SANDOZ INC.-NVSC2022US079247,SANDOZ,"",,"","",F,Y,195.01,KG,20241028,"",CN,US,US,238193324,HO,Complication associated with device,"",20,C,OZEMPIC,SEMAGLUTIDE,1,Unknown,"",,"","","","",,"",,"","","",3
23823224,238232242,2,F,20230904,20241007,20240507,20241016,EXP,"",US-NOVOPROD-1214904,NOVO NORDISK,"",46,YR,"",F,Y,,"",20241016,"",CN,US,US,238232242,HO,Diarrhoea,"",1,PS,WEGOVY,SEMAGLUTIDE,1,Subcutaneous,"0.25 mg, qw",24.15,MG,Y,"","",,215256,0.25,MG,Solution for injection,/WK,3
23828402,238284022,2,F,20220101,20241021,20240508,20241030,EXP,"",US-NOVOPROD-1216043,NOVO NORDISK,"",39,YR,"",F,Y,128.35,KG,20241030,"",CN,US,US,238284022,HO,Haematemesis,"",1,PS,OZEMPIC,SEMAGLUTIDE,1,Subcutaneous,"0.25 mg, qw",,"",Y,"","",,209637,0.25,MG,Solution for injection,/WK,3
23843343,238433434,4,F,20240412,20240923,20240510,20241004,PER,"",US-Calliditas-2024CAL00676,CALLIDITAS THERAPEUTICS,"",53,YR,A,F,Y,77.6,KG,20241004,"",CN,US,US,,,Weight decreased,"",8,C,WEGOVY,SEMAGLUTIDE,1,"","",,"","","","",,"",,"","","",
23845368,238453686,6,F,20240401,20241113,20240511,20241118,EXP,"",US-TRAVERE-2024TVT00344,TRAVERE THERAPEUTICS,"",44,YR,A,F,Y,,"",20241118,"",CN,US,US,238453686,OT,Renal pain,"",6,C,OZEMPIC,SEMAGLUTIDE,1,"","",,"","","","",,"",,"","","",7
23845797,238457973,3,F,,20241030,20240512,20241113,PER,"",US-SA-2024SA138953,SANOFI AVENTIS,"",,"",A,M,Y,,"",20241113,"",MD,US,US,,,Sinus disorder,"",7,C,OZEMPIC,SEMAGLUTIDE,1,"","",,"",U,"","",,"",,"","","",
23855050,238550502,2,F,20240930,20241001,20240514,20241023,PER,"",US-SA-2024SA137382,SANOFI AVENTIS,"",61,YR,A,F,Y,,"",20241024,"",MD,US,US,,,Drug ineffective,"",7,C,OZEMPIC,SEMAGLUTIDE,1,"","",,"",U,"","",,"",,"",Injection,"",
23855372,238553723,3,F,20240507,20241118,20240514,20241129,PER,"",US-SA-2024SA142572,SANOFI AVENTIS,"",60,YR,A,F,Y,,"",20241129,"",MD,US,US,,,Pain in extremity,"",13,C,OZEMPIC,SEMAGLUTIDE,1,"",UNK,,"",U,"","",,"",,"","","",
23864033,238640333,3,F,,20241125,20240516,20241129,PER,"",US-ELI_LILLY_AND_COMPANY-US202405009243,ELI LILLY AND COMPANY,"",76,YR,E,F,Y,,"",20241129,"",CN,US,US,,,Weight increased,"",25,C,WEGOVY,SEMAGLUTIDE,1,Unknown,"UNK, unknown",,"","","","",,"",,"","","",
23864637,238646373,3,F,20240101,20241209,20240516,20241216,PER,"",US-SA-2024SA146975,SANOFI AVENTIS,"",57,YR,A,M,Y,,"",20241216,"",MD,US,US,,,Dry skin,"",2,C,OZEMPIC,SEMAGLUTIDE,1,"",UNK,,"",U,"","",,"",,"","","",
23868389,238683893,3,F,20240301,20241004,20240517,20241014,PER,"",US-LUPIN PHARMACEUTICALS INC.-2024-04028,LUPIN,"",,"","","",Y,,"",20241014,"",CN,US,US,238683893,LT,Angioedema,"",7,C,OZEMPIC,SEMAGLUTIDE,1,Subcutaneous,"0.25 mg, qw, 1 shot once a week",,"","","","",,"",,"",Unknown,"",2
23876435,238764355,5,F,,20241003,20240521,20241016,EXP,"",US-MALLINCKRODT-MNK202403196,MALLINCKRODT,"",,"","",M,Y,,"",20241017,"",CN,US,US,238764355,OT,Weight decreased,"",3,C,RYBELSUS,SEMAGLUTIDE,1,"","",,"","","","",,"",3,MG,"","",7
23882421,238824216,6,F,20230410,20241014,20240522,20241024,EXP,"",US-NOVOPROD-1222005,NOVO NORDISK,"",62,YR,"",F,Y,,"",20241025,"",CN,US,US,238824216,HO,Colitis ischaemic,"",1,PS,WEGOVY,SEMAGLUTIDE,1,Subcutaneous,"0.25 mg, qw",1,MG,Y,"","",,215256,0.25,MG,Solution for injection,/WK,3
23889625,238896258,8,F,20240913,20241220,20240523,20241224,EXP,"",US-TAKEDA-2024TUS051356,TAKEDA,"",72,YR,"",F,Y,109,KG,20241224,"","",US,US,238896258,OT,Procedural headache,"",17,C,RYBELSUS,SEMAGLUTIDE,1,"",UNK,,"","","","",,"",,"","","",7
23890031,238900312,2,F,20240101,20240927,20240523,20241018,PER,"",US-SA-2024SA152010,SANOFI AVENTIS,"",60,YR,A,F,Y,77.24,KG,20241018,"",MD,US,US,,,Dermatitis atopic,"",8,C,OZEMPIC,SEMAGLUTIDE,1,"","",,"",U,"","",,"",,"","","",
23893076,238930767,7,F,20230416,20241030,20240524,20241106,EXP,"",US-ABBVIE-5729608,ABBVIE,"",75,YR,"",F,Y,90,KG,20241106,"",CN,US,US,238930767,OT,Pancreatic duct stenosis,"",5,SS,OZEMPIC,SEMAGLUTIDE,1,Unknown,"",,"",U,"","",,"",,"","","",7
23910701,239107013,3,F,20240101,20240920,20240528,20241125,PER,"","US-AVADEL CNS PHARMACEUTICALS, LLC-2024AVA00184","AVADEL CNS PHARMACEUTICALS, LLC","",,"","",F,Y,,"",20241125,"",CN,US,US,,,Oesophageal irritation,"",7,SS,OZEMPIC,SEMAGLUTIDE,1,"",^0.25 or 0.5^,,"","","","",,"",,"",Injection,"",
23910868,239108682,2,F,20240101,20240925,20240528,20241125,PER,"","US-AVADEL CNS PHARMACEUTICALS, LLC-2024AVA00480","AVADEL CNS PHARMACEUTICALS, LLC","",,"","",M,Y,105.99,KG,20241125,"",CN,US,US,,,Fall,"",17,C,OZEMPIC,SEMAGLUTIDE,1,"","",,"","","","",,"",,"",Injection,"",
23913279,239132793,3,F,20240501,20241113,20240529,20241126,PER,"",US-LUPIN PHARMACEUTICALS INC.-2024-04318,LUPIN,"",,"","","",Y,,"",20241126,"",CN,US,US,,,Wrong technique in product usage process,"",5,C,RYBELSUS,SEMAGLUTIDE,1,Unknown,UNK,,"","","","",,"",,"",Unknown,"",
23920843,239208435,5,F,20240101,20241218,20240530,20241223,PER,"",US-KARYOPHARM-2024KPT001074,KARYOPHARM THERAPEUTICS,"",,"","","",Y,,"",20241223,"",CN,US,US,,,Plasma cell myeloma,"",18,C,OZEMPIC,SEMAGLUTIDE,1,"","",,"","","","",,"",,"","","",
23922094,239220942,2,F,20220601,20241010,20240531,20241021,EXP,"",US-NOVOPROD-1227179,NOVO NORDISK,"",54,YR,"",M,Y,79.365,KG,20241021,"",CN,US,US,239220942,HO,Nausea,"",1,PS,OZEMPIC,SEMAGLUTIDE,1,Subcutaneous,"0.25 mg, qw",,"",Y,"","",,209637,0.25,MG,Solution for injection,/WK,3
23931227,239312272,2,F,20240520,20241210,20240603,20241220,EXP,"",US-NOVOPROD-1229011,NOVO NORDISK,"",68,YR,"",F,Y,,"",20241220,"",CN,US,US,239312272,OT,Cataract operation,"",1,PS,OZEMPIC,SEMAGLUTIDE,1,Subcutaneous,0.5 mg,,"",U,"",PZF8M47,,209637,0.5,MG,Solution for injection,"",7
23931235,239312352,2,F,20240519,20241104,20240603,20241113,EXP,"",US-NOVOPROD-1228578,NOVO NORDISK,"",75,YR,"",F,Y,,"",20241113,"",CN,US,US,239312352,HO,Dehydration,"",1,PS,OZEMPIC,SEMAGLUTIDE,1,Subcutaneous,UNK,,"","","","",,209637,,"",Solution for injection,"",3
23931612,239316129,9,F,,20241209,20240603,20241217,PER,"",US-TAKEDA-2022TUS073610,TAKEDA,"",,"","",F,Y,81,KG,20241217,"","",US,US,,,Tobacco user,"",11,C,WEGOVY,SEMAGLUTIDE,1,"",UNK,,"","","","",,"",,"","","",
23941578,239415786,6,F,,20241119,20240605,20241125,PER,"",US-PFIZER INC-PV202400073242,PFIZER,"",58,YR,"",F,Y,,"",20241125,"",HP,US,US,,,Breast mass,"",6,C,OZEMPIC,SEMAGLUTIDE,1,"",2MG/3ML,,"","","","",,"",,"",Injection,"",
23948102,2394810225,25,F,20240101,20241212,20240607,20241220,EXP,"",US-UNITED THERAPEUTICS-UNT-2024-015726,UNITED THERAPEUTICS,"",,"","",F,Y,101.13,KG,20241220,"","",US,US,2394810225,LT,Discoloured vomit,"",18,C,OZEMPIC,SEMAGLUTIDE,1,"",UNK (0.25),,"","","","",,"",,"","","",2
23950462,239504622,2,F,20240101,20241107,20240607,20241112,EXP,"","US-REGENERON PHARMACEUTICALS, INC.-2024-082066",REGENERON,"",,"","",F,Y,,"",20241112,"",CN,US,US,239504622,OT,Neuropathy peripheral,"",2,C,OZEMPIC,SEMAGLUTIDE,1,Unknown,UNK,,"",U,"","",,"",,"","","",7
23956517,239565174,4,F,20241016,20241017,20240610,20241028,EXP,"",US-SA-2024SA170602,SANOFI AVENTIS,"",56,YR,A,F,Y,,"",20241028,"",CN,US,US,239565174,OT,Sinus polyp,"",8,C,OZEMPIC,SEMAGLUTIDE,1,Subcutaneous,1 mg/dose,,"",U,"","",,"",1,MG,"","",7
23958684,239586842,2,F,20220101,20241014,20240610,20241024,EXP,"",US-NOVOPROD-1233417,NOVO NORDISK,"",56,YR,"",F,Y,,"",20241025,"",CN,US,US,239586842,HO,Product use issue,"",1,PS,OZEMPIC,SEMAGLUTIDE,1,Subcutaneous,"0.5 mg, qw",54.5,MG,U,"","",,209637,0.5,MG,Solution for injection,/WK,3
23958687,239586872,2,F,20230101,20241007,20240610,20241017,EXP,"",US-NOVOPROD-1233420,NOVO NORDISK,"",36,YR,"",F,Y,76.19,KG,20241017,"",CN,US,US,239586872,HO,Haematemesis,"",1,PS,OZEMPIC,SEMAGLUTIDE,1,Subcutaneous,"0.05 mg, qw",,"",Y,"","",,209637,0.05,MG,Solution for injection,/WK,3
23963114,239631144,4,F,,20241216,20240611,20241224,EXP,"",US-BRISTOL-MYERS SQUIBB COMPANY-2024-089049,BRISTOL-MYERS SQUIBB COMPANY,"",48,YR,A,F,Y,130.82,KG,20241224,"",HP,US,US,,,Human chorionic gonadotropin increased,"",36,C,OZEMPIC,SEMAGLUTIDE,1,"",1/0.75(3)PENINJCTR,,"",U,"","",,"",,"","","",
23964318,239643182,2,F,20220101,20241010,20240611,20241022,EXP,"",US-ELI_LILLY_AND_COMPANY-US202406000121,ELI LILLY AND COMPANY,"",58,YR,A,F,Y,,"",20241022,"",LW,US,US,239643182,HO,Intestinal obstruction,"",5,SS,OZEMPIC,SEMAGLUTIDE,1,Unknown,"0.5 mg, weekly (1/W)",,"",U,"","",,"",0.5,MG,"",/WK,3
23967267,239672672,2,F,20230501,20241029,20240612,20241104,EXP,"",US-ABBVIE-5462111,ABBVIE,"",65,YR,"",F,Y,,"",20241104,"",CN,US,US,239672672,OT,Hearing aid user,"",5,C,OZEMPIC,SEMAGLUTIDE,1,"","",,"","","","",,"",,"","","",7
23967693,239676932,2,F,,20241029,20240612,20241105,EXP,"",US-NOVOPROD-1235170,NOVO NORDISK,"",,"","",F,Y,,"",20241105,"",CN,US,US,239676932,OT,Idiopathic intracranial hypertension,"",1,PS,WEGOVY,SEMAGLUTIDE,1,Subcutaneous,"0.25 mg, qw",,"",U,"",NZF6T60,,215256,0.25,MG,Solution for injection,/WK,7
23970015,239700155,5,F,20231001,20241203,20240613,20241206,EXP,"","US-B.I. Pharmaceuticals,Inc./Ridgefield-2024-BI-033156",BOEHRINGER INGELHEIM,"",66,YR,E,M,Y,95,KG,20241206,"",CN,US,US,239700155,LT,Amnesia,"",3,C,OZEMPIC,SEMAGLUTIDE,1,"","",,"","","","",,"",,"","","",2
23975027,239750277,7,F,,20241021,20240614,20241107,PER,"",US-Blueprint Medicines Corporation-SP-US-2024-001201,BLUEPRINT MEDICINES,"",,"","",M,Y,,"",20241107,"",CN,US,US,,,Nausea,"",7,C,OZEMPIC,SEMAGLUTIDE,1,Unknown,"",,"","","","",,"",,"",Unknown,"",
23977162,239771622,2,F,20240101,20241029,20240614,20241211,PER,"",US-INTERCEPT-PM2024000155,INTERCEPT PHARMACEUTICALS,"",73,YR,"",F,Y,,"",20241211,"",CN,US,US,,,Therapy cessation,"",3,C,OZEMPIC,SEMAGLUTIDE,1,"","",,"","","","",,"",,"","","",
23983784,239837844,4,F,,20241029,20240618,20241110,EXP,"",US-NOVOPROD-1238638,NOVO NORDISK,"",,"","",F,Y,,"",20241111,"",CN,US,US,239837844,OT,Abdominoplasty,"",1,PS,WEGOVY,SEMAGLUTIDE,1,Subcutaneous,UNK,,"",U,"",PZF8S62,,215256,,"",Solution for injection,"",7
23983803,239838032,2,F,20220601,20241010,20240618,20241023,EXP,"",US-NOVOPROD-1237385,NOVO NORDISK,"",59,YR,"",F,Y,82.993,KG,20241024,"",CN,US,US,239838032,HO,Pyrexia,"",1,PS,OZEMPIC,SEMAGLUTIDE,1,Subcutaneous,"1 mg, qw",,"",U,"","",,209637,1,MG,Solution for injection,/WK,3
24003201,240032014,4,F,20240101,20241213,20240624,20241220,PER,"",US-SA-2024SA182086,SANOFI AVENTIS,"",48,YR,A,F,Y,,"",20241220,"",MD,US,US,,,Impaired quality of life,"",9,C,OZEMPIC,SEMAGLUTIDE,1,"","",,"",U,"","",,"",,"",Injection,"",
24003316,240033163,3,F,,20240925,20240624,20241010,PER,"",US-SA-2024SA185089,SANOFI AVENTIS,"",69,YR,E,F,Y,93.44,KG,20241010,"",MD,US,US,,,Injection site pain,"",2,C,OZEMPIC,SEMAGLUTIDE,1,"","",,"",U,"","",,"",,"",Injection,"",
24006270,240062703,3,F,20230101,20241002,20240624,20241007,EXP,"",US-PFIZER INC-PV202400081763,PFIZER,"",68,YR,"",M,Y,,"",20241007,"",HP,US,US,240062703,OT,Prostatic operation,"",8,C,OZEMPIC,SEMAGLUTIDE,1,"",UNK,,"","","","",,"",,"","","",7
24010010,240100103,3,F,20240101,20241028,20240625,20241106,EXP,"",US-UCBSA-2024024790,UCB,"",,"","",F,Y,76,KG,20241106,"",HP,US,US,240100103,OT,Night sweats,"",9,C,SEMAGLUTIDE,SEMAGLUTIDE,1,"",UNK,,"",U,"","",,"",,"","","",7
24016378,240163782,2,F,20240101,20241217,20240626,20241224,PER,"",US-SA-2024SA187838,SANOFI AVENTIS,"",58,YR,A,F,Y,,"",20241224,"",MD,US,US,240163782,HO,Depression,"",7,C,OZEMPIC,SEMAGLUTIDE,1,"","",,"",U,"","",,"",,"","","",3
24023678,240236782,2,F,20240304,20240925,20240627,20241008,EXP,"",US-NOVOPROD-1216431,NOVO NORDISK,"",78,YR,"",M,Y,112.47,KG,20241008,"",HP,US,US,240236782,HO,Hypotension,"",1,PS,OZEMPIC,SEMAGLUTIDE,1,Subcutaneous,"1 mg, qwSQ for 4 weeks",,"",Y,"","",,209637,1,MG,Solution for injection,/WK,3
24025897,240258972,2,F,20240601,20241113,20240628,20241125,PER,"",US-SA-2024SA184124,SANOFI AVENTIS,"",64,YR,A,F,Y,77.11,KG,20241125,"",HP,US,US,,,Product dose omission issue,"",3,C,SEMAGLUTIDE,SEMAGLUTIDE,1,"","",,"",U,"","",,"",,"","","",
24030424,240304242,2,F,,20241213,20240628,20241220,PER,"",US-SA-2024SA185946,SANOFI AVENTIS,"",,"",E,F,Y,,"",20241220,"",MD,US,US,,,Pain in extremity,"",12,C,OZEMPIC,SEMAGLUTIDE,1,"","",,"",U,"","",,"",,"",Tablet,"",
24031900,240319007,7,F,20240101,20241210,20240629,20241216,EXP,"",US-UNITED THERAPEUTICS-UNT-2024-019404,UNITED THERAPEUTICS,"",,"","",F,Y,146.49,KG,20241216,"","",US,US,240319007,OT,Dyspnoea,"",13,C,OZEMPIC,SEMAGLUTIDE,1,"",UNK,,"","","","",,"",,"","","",7
24032880,240328803,3,F,20240613,20241014,20240701,20241210,PER,"",US-CIPLA LTD.-2024US06499,CIPLA,"",,"","","",Y,,"",20241210,"",PH,US,US,,,Product dose omission issue,"",8,C,OZEMPIC,SEMAGLUTIDE,1,Unknown,"0.5 milligram, once a week",,"",D,"","",,"",0.5,MG,"","",
24035965,240359652,2,F,,20241016,20240701,20241024,PER,"",US-BRISTOL-MYERS SQUIBB COMPANY-2024-103992,BRISTOL-MYERS SQUIBB COMPANY,"",74,YR,E,F,Y,,"",20241024,"",CN,US,US,,,Balance disorder,"",5,C,OZEMPIC,SEMAGLUTIDE,1,"","",,"",U,"","",,"",,"","","",
24040125,240401253,3,F,20240602,20241218,20240702,20241227,EXP,"",US-BRISTOL-MYERS SQUIBB COMPANY-2024-103818,BRISTOL-MYERS SQUIBB COMPANY,"",76,YR,E,F,Y,73.94,KG,20241227,"",PH,US,US,240401253,HO,Paraesthesia,"",13,C,OZEMPIC,SEMAGLUTIDE,1,"",1MG/DOSE SOL 1.34MG/ML INJ,,"",U,"","",,"",,"","","",3
24042842,240428422,2,F,20221205,20241125,20240702,20241204,PER,"",US-ELI_LILLY_AND_COMPANY-US202406014708,ELI LILLY AND COMPANY,"",48,YR,A,F,Y,90.703,KG,20241204,"",LW,US,US,240428422,HO,Dehydration,"",13,SS,OZEMPIC,SEMAGLUTIDE,1,Unknown,"UNK UNK, unknown",,"",U,"","",,"",,"","","",3
24043515,240435152,2,F,20191216,20241010,20240703,20241021,EXP,"",US-NOVOPROD-1245217,NOVO NORDISK,"",39,YR,"",M,Y,,"",20241021,"",CN,US,US,240435152,OT,Nausea,"",1,PS,OZEMPIC,SEMAGLUTIDE,1,Subcutaneous,"0.5 mg, qw",,"",U,"","",,209637,0.5,MG,Solution for injection,/WK,7
24048398,240483982,2,F,20221230,20241014,20240704,20241028,EXP,"",US-NOVOPROD-1245218,NOVO NORDISK,"",46,YR,"",F,Y,,"",20241028,"",CN,US,US,240483982,HO,Nausea,"",1,PS,OZEMPIC,SEMAGLUTIDE,1,Subcutaneous,UNK,0.071,MG,Y,"","",,209637,,"",Solution for injection,"",3
24055561,240555612,2,F,19980101,20241010,20240705,20241022,EXP,"",US-ELI_LILLY_AND_COMPANY-US202406019604,ELI LILLY AND COMPANY,"",46,YR,A,F,Y,260,KG,20241022,"",LW,US,US,240555612,OT,Dyspepsia,"",2,SS,OZEMPIC,SEMAGLUTIDE,1,Subcutaneous,"UNK UNK, unknown",,"",U,"","",,"",0.25,MG,"",/WK,7
24057774,240577742,2,F,20240101,20240904,20240707,20241001,PER,"",US-SA-2024SA196433,SANOFI AVENTIS,"",,"",A,F,Y,105.23,KG,20241001,"",MD,US,US,,,Condition aggravated,"",2,SS,OZEMPIC,SEMAGLUTIDE,1,"",UNK,,"",U,"","",,"",,"",Injection,"",
24058522,240585222,2,F,20230301,20241010,20240708,20241022,EXP,"",US-NOVOPROD-1247271,NOVO NORDISK,"",46,YR,"",F,Y,,"",20241022,"",CN,US,US,240585222,OT,Dyspepsia,"",1,PS,OZEMPIC,SEMAGLUTIDE,1,Subcutaneous,UNK,,"",U,"","",,209637,,"",Solution for injection,"",7
24058533,240585332,2,F,20220820,20241014,20240708,20241024,EXP,"",US-NOVOPROD-1247326,NOVO NORDISK,"",36,YR,"",M,Y,,"",20241024,"",CN,US,US,240585332,HO,Ileus,"",1,PS,OZEMPIC,SEMAGLUTIDE,1,"",UNK,,"",Y,"","",,209637,,"",Solution for injection,"",3
24061331,240613312,2,F,20220615,20241010,20240708,20241021,PER,"",US-ELI_LILLY_AND_COMPANY-US202406018238,ELI LILLY AND COMPANY,"",53,YR,A,M,Y,,"",20241021,"",CN,US,US,240613312,HO,Vomiting,"",9,SS,OZEMPIC,SEMAGLUTIDE,1,Unknown,"0.25 mg, weekly (1/W)",3.285,MG,N,"","",,"",0.25,MG,"",/WK,3
24066779,240667793,3,F,20240621,20241113,20240709,20241118,EXP,"",US-TAKEDA-2024TUS045631,TAKEDA,"",50,YR,"",M,Y,,"",20241118,"","",US,US,240667793,OT,Deep vein thrombosis,"",15,C,OZEMPIC,SEMAGLUTIDE,1,"",UNK,,"","","","",,"",,"","","",7
24067811,240678112,2,F,20230109,20241122,20240710,20241203,EXP,"",US-NOVOPROD-1248705,NOVO NORDISK,"",63,YR,"",F,Y,,"",20241203,"",CN,US,US,240678112,OT,Cholecystectomy,"",1,PS,WEGOVY,SEMAGLUTIDE,1,Subcutaneous,UNK,,"","","","",,215256,,"",Solution for injection,"",7
24067818,240678182,2,F,20220802,20241007,20240710,20241021,EXP,"",US-NOVOPROD-1248832,NOVO NORDISK,"",54,YR,"",F,Y,,"",20241021,"",CN,US,US,240678182,HO,Impaired gastric emptying,"",1,PS,OZEMPIC,SEMAGLUTIDE,1,"","",,"",Y,"","",,209637,,"",Solution for injection,"",3
24072380,240723806,6,F,,20241004,20240710,20241129,PER,"",US-ALXN-202407USA000229US,ALEXION PHARMACEUTICALS,"",,"",A,"",Y,,"",20241129,"","",US,US,,,Chest pain,"",2,C,OZEMPIC,SEMAGLUTIDE,1,Unknown,UNK,,"","","","",,"",,"","","",
24074361,240743616,6,F,20240101,20241111,20240710,20241125,PER,"",US-SA-2024SA201734,SANOFI AVENTIS,"",72,YR,E,M,Y,,"",20241125,"",MD,US,US,,,Eyelids pruritus,"",3,SS,WEGOVY,SEMAGLUTIDE,1,"",UNK,,"",U,"","",,"",,"","","",
24078210,240782105,5,F,20240101,20241017,20240711,20241018,PER,"",US-AMGEN-USASP2024137109,AMGEN,"",66,YR,E,F,Y,,"",20241018,"",CN,US,US,,,Back pain,"",5,C,OZEMPIC,SEMAGLUTIDE,1,"",UNK,,"","","","",,"",,"","","",
24081533,240815332,2,F,20230501,20241009,20240712,20241022,EXP,"",US-NOVOPROD-1250234,NOVO NORDISK,"",59,YR,"",F,Y,,"",20241022,"",CN,US,US,240815332,HO,Suicidal ideation,"",1,PS,OZEMPIC,SEMAGLUTIDE,1,Subcutaneous,"0.25 mg, qw",,"",N,"","",,209637,0.25,MG,Solution for injection,/WK,3
24081697,240816972,2,F,20221101,20241010,20240712,20241022,EXP,"",US-NOVOPROD-1251785,NOVO NORDISK,"",47,YR,"",M,Y,,"",20241022,"",CN,US,US,240816972,HO,Chest discomfort,"",1,PS,OZEMPIC,SEMAGLUTIDE,1,Subcutaneous,"0.5 mg, qw",0.75,MG,U,"","",,209637,0.5,MG,Solution for injection,/WK,3
24082710,240827102,2,F,,20241022,20240712,20241025,EXP,"",US-BRISTOL-MYERS SQUIBB COMPANY-2024-106954,BRISTOL-MYERS SQUIBB COMPANY,"",66,YR,E,F,Y,,"",20241025,"",HP,US,US,240827102,OT,Product dose confusion,"",7,C,OZEMPIC,SEMAGLUTIDE,1,"",Dose: 2MG/3ML,,"",U,"","",,"",,"",Injection,"",7
24083391,240833912,2,F,,20240918,20240712,20241003,EXP,"",NVSC2024US142973,NOVARTIS,"",,"","",F,Y,63.039,KG,20241003,"",CN,US,US,240833912,OT,Diabetes mellitus,"",13,C,SEMAGLUTIDE,SEMAGLUTIDE,1,Subcutaneous,"1 mg, QW",,"",U,"","",,"",1,MG,Injection,/WK,7
24083467,240834672,2,F,,20241211,20240712,20241220,PER,"",US-SA-2024SA203677,SANOFI AVENTIS,"",,"",A,F,Y,,"",20241220,"",MD,US,US,,,Injection site erythema,"",20,C,OZEMPIC,SEMAGLUTIDE,1,"",UNK,,"",U,"","",,"",,"","","",
24086586,240865863,3,F,,20241004,20240713,20241010,PER,"",US-UNITED THERAPEUTICS-UNT-2024-020823,UNITED THERAPEUTICS,"",,"","",F,Y,122.45,KG,20241010,"","",US,US,,,Seasonal allergy,"",13,C,OZEMPIC,SEMAGLUTIDE,1,"",UNK (0.25),,"","","","",,"",,"","","",
24086918,240869182,2,F,,20241002,20240713,20241007,EXP,"",US-ABBVIE-5835831,ABBVIE,"",,"","",F,Y,,"",20241007,"",CN,US,US,240869182,OT,Endometrial cancer,"",3,C,OZEMPIC,SEMAGLUTIDE,1,"",1/0.75(3) PEN INJCTR,,"","","","",,"",,"","","",7
24088000,240880002,2,F,20211121,20241021,20240715,20241030,EXP,"",US-NOVOPROD-1252686,NOVO NORDISK,"",66,YR,"",F,Y,92.971,KG,20241030,"",CN,US,US,240880002,HO,Intestinal obstruction,"",1,PS,WEGOVY,SEMAGLUTIDE,1,Subcutaneous,"0.5 mg, qw",,"",N,"","",,215256,0.5,MG,Solution for injection,/WK,3
24088405,240884053,3,F,20240101,20241028,20240715,20241219,PER,"",US-SA-2024SA199680,SANOFI AVENTIS,"",52,YR,A,M,Y,,"",20241219,"",CN,US,US,,,Gout,"",8,C,OZEMPIC,SEMAGLUTIDE,1,"","",,"",U,"","",,"",,"",Injection,"",
24090632,240906322,2,F,20240709,20240930,20240715,20241003,PER,"","US-B.I. Pharmaceuticals,Inc./Ridgefield-2024-BI-039626",BOEHRINGER INGELHEIM,"",44,YR,A,M,Y,174.63,KG,20241003,"",MD,US,US,240906322,HO,Euglycaemic diabetic ketoacidosis,"",2,C,OZEMPIC,SEMAGLUTIDE,1,Subcutaneous,"",,"","","","",,"",0.5,MG,"",/WK,3
24093288,240932882,2,F,20221101,20241009,20240715,20241021,EXP,"",US-ELI_LILLY_AND_COMPANY-US202407003161,ELI LILLY AND COMPANY,"",47,YR,A,M,Y,102.49,KG,20241021,"",LW,US,US,240932882,HO,Postoperative wound infection,"",14,SS,OZEMPIC,SEMAGLUTIDE,1,Unknown,"0.25 mg, weekly (1/W)",,"",U,"","",,"",0.25,MG,"",/WK,3
24099181,240991812,2,F,,20240530,20240716,20241115,PER,"",US-NOVOPROD-1168073,NOVO NORDISK,"",,"","",F,Y,,"",20241115,"",CN,US,US,,,Blood glucose abnormal,"",1,SS,OZEMPIC,SEMAGLUTIDE,1,Subcutaneous,1 mg,,"",U,"",NZF4L19,,"",,"",Solution for injection,"",
24099251,240992513,3,F,20240101,20240131,20240716,20241122,PER,"",US-NOVOPROD-1171208,NOVO NORDISK,"",69,YR,"",F,Y,156,KG,20241122,"",CN,US,US,,,Fatigue,"",4,SS,OZEMPIC,SEMAGLUTIDE,1,Subcutaneous,UNK,,"",U,"","",,"",,"",Solution for injection,"",
24099463,240994633,3,F,,20231010,20240716,20241115,PER,"",US-NOVOPROD-1211115,NOVO NORDISK,"",,"","","",Y,,"",20241115,"",CN,US,US,,,Injection site haemorrhage,"",1,SS,OZEMPIC,SEMAGLUTIDE,1,Subcutaneous,1 mg,,"",U,"","",,"",1,MG,Solution for injection,"",
24099582,240995822,2,F,20220401,20240418,20240716,20241122,PER,"",US-NOVOPROD-1213535,NOVO NORDISK,"",,"","",F,Y,,"",20241122,"",CN,US,US,,,Weight fluctuation,"",2,SS,OZEMPIC,SEMAGLUTIDE,1,Subcutaneous,1 mg,,"","","","",,"",,"",Solution for injection,"",
24099746,240997462,2,F,20210101,20240703,20240716,20241122,PER,"",US-NOVOPROD-1217144,NOVO NORDISK,"",80,YR,"","",Y,,"",20241122,"",CN,US,US,,,Alopecia,"",1,SS,OZEMPIC,SEMAGLUTIDE,1,Subcutaneous,".5 mg,qw",,"","","",NZF7X42,,"",0.5,MG,Solution for injection,/WK,
24099760,240997602,2,F,20210515,20241202,20240716,20241210,EXP,"",US-NOVOPROD-1217555,NOVO NORDISK,"",59,YR,"",F,Y,48.526,KG,20241210,"",CN,US,US,240997602,HO,Malnutrition,"",1,PS,OZEMPIC,SEMAGLUTIDE,1,Subcutaneous,"0.5 mg, qw",87.905,MG,Y,"","",,209637,0.5,MG,Solution for injection,/WK,3
24100040,241000402,2,F,20230701,20241104,20240717,20241113,EXP,"",US-NOVOPROD-1200350,NOVO NORDISK,"",54,YR,"",M,Y,,"",20241114,"",CN,US,US,241000402,OT,Decreased appetite,"",1,PS,OZEMPIC,SEMAGLUTIDE,1,Subcutaneous,"0.25 mg, qw",,"",U,"","",,209637,0.25,MG,Solution for injection,/WK,7
24100448,241004482,2,F,20240101,20241125,20240717,20241204,EXP,"",US-NOVOPROD-1209190,NOVO NORDISK,"",71,YR,"",F,Y,,"",20241204,"",CN,US,US,241004482,OT,Fear of eating,"",1,PS,OZEMPIC,SEMAGLUTIDE,1,Subcutaneous,"0.25 mg, qw",,"",U,"",PZF8M47,,209637,0.25,MG,Solution for injection,/WK,7
24100721,241007212,2,F,20240422,20240508,20240717,20241122,PER,"",US-NOVOPROD-1223800,NOVO NORDISK,"",72,YR,"",F,Y,,"",20241122,"",CN,US,US,,,Gastrointestinal disorder,"",2,SS,OZEMPIC,SEMAGLUTIDE,1,Subcutaneous,1mg,,"",U,"","",,"",,"",Solution for injection,"",
24100724,241007242,2,F,20240501,20240506,20240717,20241115,PER,"",US-NOVOPROD-1223465,NOVO NORDISK,"",73,YR,"",F,Y,,"",20241115,"",CN,US,US,,,Asthenia,"",1,SS,OZEMPIC,SEMAGLUTIDE,1,Subcutaneous,2mg,,"",U,"","",,"",,"",Solution for injection,"",
24100861,241008612,2,F,20230601,20241009,20240717,20241022,EXP,"",US-NOVOPROD-1184189,NOVO NORDISK,"",49,YR,"",M,Y,,"",20241022,"",CN,US,US,241008612,HO,Vomiting,"",1,PS,OZEMPIC,SEMAGLUTIDE,1,Subcutaneous,"0.25 mg, qw",7,MG,U,"","",,209637,0.25,MG,Solution for injection,/WK,3
24100927,241009272,2,F,20240501,20240522,20240717,20241122,PER,"",US-NOVOPROD-1224490,NOVO NORDISK,"",41,YR,"",M,Y,,"",20241122,"",CN,US,US,,,Wrong technique in device usage process,"",1,SS,OZEMPIC,SEMAGLUTIDE,1,Subcutaneous,2mg,,"",U,"","",,"",,"",Solution for injection,"",
24101015,241010153,3,F,20161001,20241014,20240717,20241023,EXP,"",US-NOVOPROD-1225927,NOVO NORDISK,"",44,YR,"",F,Y,,"",20241024,"",CN,US,US,241010153,HO,Diarrhoea,"",1,PS,RYBELSUS,SEMAGLUTIDE,1,Oral,"3 mg, qw",,"",U,"","",,213051,3,MG,Tablet,/WK,3
24101298,241012982,2,F,,20240304,20240717,20241115,PER,"",US-NOVOPROD-1188257,NOVO NORDISK,"",,"","",F,Y,,"",20241115,"",CN,US,US,,,Illness,"",2,SS,OZEMPIC,SEMAGLUTIDE,1,Subcutaneous,UNK,,"",U,"","",,"",,"",Solution for injection,"",
24101367,241013673,3,F,20210601,20241202,20240717,20241212,EXP,"",US-NOVOPROD-1185109,NOVO NORDISK,"",50,YR,"",F,Y,108.84,KG,20241212,"",CN,US,US,241013673,OT,Pancreatic failure,"",1,PS,OZEMPIC,SEMAGLUTIDE,1,Subcutaneous,"1 mg, qw",,"",U,"","",,209637,1,MG,Solution for injection,/WK,7
24101497,241014972,2,F,,20240705,20240717,20241122,PER,"",US-NOVOPROD-1228669,NOVO NORDISK,"",,"","",M,Y,,"",20241122,"",CN,US,US,,,Product dispensing error,"",1,SS,OZEMPIC,SEMAGLUTIDE,1,Subcutaneous,UNK,,"",Y,"",PZF8P92,,"",,"",Solution for injection,"",
24101570,241015702,2,F,20191101,20241014,20240717,20241023,EXP,"",US-NOVOPROD-1150243,NOVO NORDISK,"",53,YR,"",F,Y,97.506,KG,20241023,"",CN,US,US,241015702,HO,Diarrhoea,"",1,PS,OZEMPIC,SEMAGLUTIDE,1,Subcutaneous,"0.5 mg, qw",,"",D,"","",,209637,0.5,MG,Solution for injection,/WK,3
24101695,241016952,2,F,20231013,20231013,20240717,20241122,PER,"",US-NOVOPROD-1218767,NOVO NORDISK,"",75,YR,"","",Y,,"",20241122,"",CN,US,US,,,Incorrect dose administered by device,"",1,SS,OZEMPIC,SEMAGLUTIDE,1,Subcutaneous,1 mg,,"",U,"","",,"",1,MG,Solution for injection,"",
24101787,241017872,2,F,20240417,20240502,20240717,20241122,PER,"",US-NOVOPROD-1220686,NOVO NORDISK,"",,"",A,F,Y,,"",20241122,"",CN,US,US,,,Blood glucose decreased,"",1,SS,OZEMPIC,SEMAGLUTIDE,1,Subcutaneous,.25mg,,"",U,"","",,"",,"",Solution for injection,"",
24101941,241019413,3,F,,20230905,20240717,20241213,PER,"",US-NOVOPROD-1230040,NOVO NORDISK,"",,"",E,M,Y,,"",20241213,"",CN,US,US,,,Eye disorder,"",1,SS,OZEMPIC,SEMAGLUTIDE,1,Subcutaneous,UNK,,"",U,"","",,"",,"",Solution for injection,"",
24102189,241021893,3,F,20221001,20241104,20240717,20241113,EXP,"",US-NOVOPROD-1154336,NOVO NORDISK,"",32,YR,"",F,Y,,"",20241114,"",CN,US,US,241021893,HO,Off label use,"",1,PS,OZEMPIC,SEMAGLUTIDE,1,Subcutaneous,0.25 mg,,"",U,"","",,209637,0.25,MG,Solution for injection,"",3
24102206,241022063,3,F,20230430,20240314,20240717,20241122,PER,"",US-NOVOPROD-1191161,NOVO NORDISK,"",69,YR,"",F,Y,,"",20241122,"",CN,US,US,241022063,OT,Blood glucose increased,"",2,SS,OZEMPIC,SEMAGLUTIDE,1,Subcutaneous,"1 mg, qw",,"","","",NZF7X24,,"",1,MG,Solution for injection,/WK,7
24102352,241023522,2,F,,20240528,20240717,20241122,PER,"",US-NOVOPROD-1234404,NOVO NORDISK,"",,"","",F,Y,,"",20241122,"",CN,US,US,,,Blood glucose increased,"",1,SS,OZEMPIC,SEMAGLUTIDE,1,Subcutaneous,"1 mg, qw",,"","","",PAR0029,,"",1,MG,Solution for injection,/WK,
24102400,241024002,2,F,,20240530,20240717,20241122,PER,"",US-NOVOPROD-1235515,NOVO NORDISK,"",,"","",M,Y,,"",20241122,"",CN,US,US,,,Nausea,"",2,SS,OZEMPIC,SEMAGLUTIDE,1,Subcutaneous,0.25 mg,,"","","",NZF7T43,,"",0.25,MG,Solution for injection,"",
24102409,241024092,2,F,20230217,20241014,20240717,20241023,EXP,"",US-NOVOPROD-1158649,NOVO NORDISK,"",64,YR,"",F,Y,78.458,KG,20241023,"",CN,US,US,241024092,HO,Decreased appetite,"",1,PS,OZEMPIC,SEMAGLUTIDE,1,Subcutaneous,"1 mg, qw",40,MG,Y,"","",,209637,1,MG,Solution for injection,/WK,3
24102850,241028502,2,F,20221001,20241121,20240717,20241202,EXP,"",US-NOVOPROD-1155987,NOVO NORDISK,"",56,YR,"",F,Y,111,KG,20241202,"",CN,US,US,241028502,HO,Acute kidney injury,"",1,PS,OZEMPIC,SEMAGLUTIDE,1,Subcutaneous,"1 mg, qw",,"",N,"","",,209637,1,MG,Solution for injection,/WK,3
24102938,241029382,2,F,,20240111,20240717,20241122,PER,"",US-NOVOPROD-1158419,NOVO NORDISK,"",67,YR,"",M,Y,,"",20241122,"",CN,US,US,,,Weight fluctuation,"",1,SS,OZEMPIC,SEMAGLUTIDE,1,Subcutaneous,Once a week,,"",U,"","",,"",,"",Solution for injection,"",
24102943,241029432,2,F,,20241014,20240717,20241023,EXP,"",US-NOVOPROD-1158035,NOVO NORDISK,"",54,YR,"",F,Y,97.506,KG,20241023,"",CN,US,US,241029432,HO,Dyspepsia,"",1,PS,OZEMPIC,SEMAGLUTIDE,1,"","",108.767,MG,N,"","",,209637,,"",Solution for injection,"",3
24102960,241029603,3,F,,20240927,20240717,20241008,EXP,"",US-NOVOPROD-1252270,NOVO NORDISK,"",69,YR,"",M,Y,,"",20241008,"",MD,US,US,241029603,OT,Aortic stenosis,"",1,PS,OZEMPIC,SEMAGLUTIDE,1,Subcutaneous,1 mg,,"",N,"",PAR0225,,209637,1,MG,Solution for injection,"",7
24106005,241060052,2,F,,20241107,20240717,20241110,PER,"",US-BRISTOL-MYERS SQUIBB COMPANY-2024-113718,BRISTOL-MYERS SQUIBB COMPANY,"",67,YR,E,M,Y,94.8,KG,20241111,"",HP,US,US,,,Prothrombin level increased,"",8,C,OZEMPIC,SEMAGLUTIDE,1,Subcutaneous,"",,"",U,"","",,"",2,MG,"",/WK,
24107538,241075382,2,F,20231101,20241007,20240718,20241021,EXP,"",US-NOVOPROD-1164422,NOVO NORDISK,"",57,YR,"",M,Y,,"",20241021,"",CN,US,US,241075382,HO,Dehydration,"",1,PS,OZEMPIC,SEMAGLUTIDE,1,"","",,"",Y,"","",,209637,,"",Solution for injection,"",3
24109010,241090103,3,F,20240101,20241002,20240718,20241022,EXP,"",US-TEVA-VS-3219940,TEVA,"",59,YR,"",F,Y,,"",20241022,"",CN,US,US,241090103,OT,Retching,"",4,C,OZEMPIC,SEMAGLUTIDE,1,"",0.2 SOP 2MG/3ML,,"","","","",,"",,"","","",7
24111776,241117762,2,F,,20241022,20240718,20241025,PER,"",US-PHARMING-PHAUS2024000588,PHARMING GROUP,"",,"","","",Y,,"",20241025,"",CN,US,US,,,Intentional product use issue,"",7,C,WEGOVY,SEMAGLUTIDE,1,"","",,"","","","",,"",,"",Injection,"",
24111950,241119502,2,F,20240710,20240906,20240718,20241007,PER,"",US-SA-2024SA207667,SANOFI AVENTIS,"",56,YR,A,F,Y,,"",20241007,"",MD,US,US,,,Impaired quality of life,"",4,C,OZEMPIC,SEMAGLUTIDE,1,"",UNK,,"",U,"","",,"",,"",Injection,"",
24113248,241132482,2,F,20230630,20241011,20240719,20241023,EXP,"",US-ELI_LILLY_AND_COMPANY-US202407006413,ELI LILLY AND COMPANY,"",58,YR,A,M,Y,102,KG,20241023,"",LW,US,US,241132482,OT,Abdominal pain upper,"",27,SS,OZEMPIC,SEMAGLUTIDE,1,Unknown,"0.25 mg, weekly (1/W)",1.75,MG,U,"","",,"",0.25,MG,"",/WK,7
24114994,241149942,2,F,20230701,20241007,20240721,20241016,EXP,"",US-NOVOPROD-1164957,NOVO NORDISK,"",43,YR,"",F,Y,193,KG,20241016,"",CN,US,US,241149942,HO,Inappropriate schedule of product administration,"",1,PS,WEGOVY,SEMAGLUTIDE,1,Subcutaneous,"2.4 mg, qw",9.188,MG,Y,"","",,215256,2.4,MG,Solution for injection,/WK,3
24115049,241150492,2,F,20230404,20241003,20240721,20241016,EXP,"",US-NOVOPROD-1170587,NOVO NORDISK,"",62,YR,"",F,Y,,"",20241016,"",CN,US,US,241150492,HO,Vomiting,"",1,PS,WEGOVY,SEMAGLUTIDE,1,Subcutaneous,"0.5 mg, qw",2.615,MG,Y,"","",,215256,0.5,MG,Solution for injection,/WK,3
24115629,241156292,2,F,20230101,20230711,20240721,20241104,EXP,"",US-NOVOPROD-1232033,NOVO NORDISK,"",46,YR,"",F,Y,,"",20241104,"",CN,US,US,241156292,OT,Head injury,"",1,PS,WEGOVY,SEMAGLUTIDE,1,Subcutaneous,0.25 mg,,"",Y,"","",,215256,0.25,MG,Solution for injection,"",7
24116043,241160434,4,F,20240101,20241223,20240722,20241227,EXP,"",US-UCBSA-2024035795,UCB,"",,"","",F,Y,81.65,KG,20241227,"",HP,US,US,241160434,LT,Intentional dose omission,"",6,C,OZEMPIC,SEMAGLUTIDE,1,"",UNK,,"","","","",,"",,"","","",2
24116278,241162782,2,F,20240501,20240927,20240722,20241008,EXP,"",US-NOVOPROD-1253467,NOVO NORDISK,"",68,YR,"",F,Y,,"",20241008,"",CN,US,US,241162782,OT,Cataract operation,"",1,PS,OZEMPIC,SEMAGLUTIDE,1,Subcutaneous,2mg,,"",U,"",NAR0334,,209637,,"",Solution for injection,"",7
24116343,241163432,2,F,20200201,20241007,20240722,20241021,EXP,"",US-NOVOPROD-1255188,NOVO NORDISK,"",36,YR,"",F,Y,,"",20241021,"",CN,US,US,241163432,OT,Constipation,"",1,PS,OZEMPIC,SEMAGLUTIDE,1,"",UNK,,"",Y,"","",,209637,,"",Solution for injection,"",7
24124645,241246452,2,F,20240101,20241212,20240723,20241220,EXP,"",US-UCBSA-2024027964,UCB,"",,"","",F,Y,,"",20241220,"",HP,US,US,241246452,OT,Psoriasis,"",6,C,WEGOVY,SEMAGLUTIDE,1,"",UNK,,"",U,"","",,"",,"","","",7
24125607,241256073,3,F,20210405,20241011,20240723,20241022,EXP,"",US-ELI_LILLY_AND_COMPANY-US202407007470,ELI LILLY AND COMPANY,"",50,YR,A,F,Y,89.796,KG,20241022,"",CN,US,US,241256073,HO,Abdominal pain,"",2,SS,OZEMPIC,SEMAGLUTIDE,1,Unknown,"UNK UNK, unknown",,"",U,"","",,"",,"","","",3
24129112,241291122,2,F,,20241115,20240723,20241126,PER,"",US-INCYTE CORPORATION-2024IN007574,INCYTE,"",,"","","",Y,,"",20241126,"",CN,US,US,,,Sinusitis,"",2,SS,OZEMPIC,SEMAGLUTIDE,1,Unknown,UNK,,"",U,U,"",,"",,"","","",
24131261,241312612,2,F,20230101,20241125,20240724,20241206,PER,"",US-ELI_LILLY_AND_COMPANY-US202407012352,ELI LILLY AND COMPANY,"",41,YR,A,F,Y,,"",20241206,"",LW,US,US,241312612,OT,Abdominal pain,"",3,SS,OZEMPIC,SEMAGLUTIDE,1,Unknown,"0.25 mg, weekly (1/W)",1.25,MG,N,"","",,"",0.25,MG,"",/WK,7
24131262,241312622,2,F,20230601,20241127,20240724,20241208,PER,"",US-ELI_LILLY_AND_COMPANY-US202407013359,ELI LILLY AND COMPANY,"",61,YR,A,F,Y,98.866,KG,20241208,"",CN,US,US,241312622,HO,Nausea,"",4,SS,OZEMPIC,SEMAGLUTIDE,1,Unknown,"1 mg, weekly (1/W)",19.238,MG,N,"","",,"",1,MG,"",/WK,3
24132982,241329822,2,F,20240101,20241009,20240724,20241011,PER,"",US-AMGEN-USASP2024145839,AMGEN,"",64,YR,A,F,Y,,"",20241011,"",CN,US,US,,,Product communication issue,"",2,C,OZEMPIC,SEMAGLUTIDE,1,"",UNK,,"","","","",,"",,"","","",
24134994,241349944,4,F,20240601,20241029,20240725,20241107,EXP,"",US-NOVOPROD-1258951,NOVO NORDISK,"",48,YR,"",F,Y,,"",20241107,"",MD,US,US,241349944,OT,Oral discomfort,"",1,PS,WEGOVY,SEMAGLUTIDE,1,Subcutaneous,"0.5 mg, single",0.75,MG,Y,"",PZFAB33,,215256,0.5,MG,Solution for injection,"",7
24139177,241391777,7,F,,20241210,20240726,20241212,PER,"",US-AMGEN-USASP2024147550,AMGEN,"",,"","",F,Y,,"",20241212,"",CN,US,US,,,Injection site pain,"",4,C,SEMAGLUTIDE,SEMAGLUTIDE,1,Unknown,UNK,,"","","","",,"",,"","","",
24140831,241408312,2,F,20231019,20241120,20240726,20241128,EXP,"",US-ELI_LILLY_AND_COMPANY-US202407011714,ELI LILLY AND COMPANY,"",46,YR,A,F,Y,190,KG,20241128,"",CN,US,US,241408312,OT,Malnutrition,"",3,SS,RYBELSUS,SEMAGLUTIDE,1,Unknown,"3 mg, daily",1326,MG,N,"","",,"",3,MG,"",QD,7
24145434,241454342,2,F,20220501,20241014,20240729,20241024,EXP,"",US-NOVOPROD-1258474,NOVO NORDISK,"",46,YR,"",M,Y,180.5,KG,20241024,"",CN,US,US,241454342,HO,Gastritis,"",1,PS,OZEMPIC,SEMAGLUTIDE,1,Subcutaneous,"0.25 mg, qw",,"",Y,"","",,209637,0.25,MG,Solution for injection,/WK,3
24145785,241457852,2,F,20230727,20241217,20240729,20241224,EXP,"",US-NOVOPROD-1259139,NOVO NORDISK,"",55,YR,"",F,Y,90.703,KG,20241224,"",CN,US,US,241457852,HO,Nausea,"",1,PS,OZEMPIC,SEMAGLUTIDE,1,Subcutaneous,"0.5 mg, qw",14.047,MG,U,"","",,209637,0.5,MG,Solution for injection,/WK,3
24146383,241463832,2,F,20230901,20241126,20240729,20241205,PER,"",US-ELI_LILLY_AND_COMPANY-US202407012477,ELI LILLY AND COMPANY,"",38,YR,A,F,Y,179.59,KG,20241205,"",LW,US,US,241463832,OT,Vomiting,"",9,SS,OZEMPIC,SEMAGLUTIDE,1,Unknown,"0.5 mg, weekly (1/W)",,"",U,"","",,"",0.5,MG,"",/WK,7
24147546,241475462,2,F,20230101,20241018,20240729,20241023,EXP,"","US-REGENERON PHARMACEUTICALS, INC.-2024-098678",REGENERON,"",,"","",M,Y,,"",20241023,"",CN,US,US,241475462,OT,Weight decreased,"",2,C,OZEMPIC,SEMAGLUTIDE,1,Unknown,"",,"","","","",,"",,"","","",7
24148837,241488372,2,F,20230414,20241120,20240729,20241202,PER,"",US-ELI_LILLY_AND_COMPANY-US202407011552,ELI LILLY AND COMPANY,"",56,YR,A,F,Y,145,KG,20241202,"",LW,US,US,241488372,HO,Off label use,"",9,SS,OZEMPIC,SEMAGLUTIDE,1,Unknown,"0.25 mg, weekly (1/W)",5,MG,N,"","",,"",0.25,MG,"",/WK,3
24149672,241496722,2,F,20230620,20241126,20240730,20241208,EXP,"",US-NOVOPROD-1259154,NOVO NORDISK,"",55,YR,"",F,Y,99,KG,20241209,"",CN,US,US,241496722,HO,Ileus,"",1,PS,OZEMPIC,SEMAGLUTIDE,1,Subcutaneous,"0.25 mg, weekly",0.173,MG,N,"","",,209637,0.25,MG,Solution for injection,/WK,3
24149673,241496732,2,F,20220701,20241010,20240730,20241022,EXP,"",US-NOVOPROD-1259174,NOVO NORDISK,"",49,YR,"",F,Y,92.063,KG,20241022,"",CN,US,US,241496732,HO,Faecalith,"",1,PS,OZEMPIC,SEMAGLUTIDE,1,Subcutaneous,0.25 mg,,"",U,"","",,209637,0.25,MG,Solution for injection,"",3
24149674,241496742,2,F,20230801,20241216,20240730,20241220,EXP,"",US-NOVOPROD-1259159,NOVO NORDISK,"",49,YR,"",F,Y,99.79,KG,20241220,"",CN,US,US,241496742,HO,Small intestinal obstruction,"",1,PS,OZEMPIC,SEMAGLUTIDE,1,Subcutaneous,"0.5 mg, qw",,"",N,"","",,"",0.5,MG,Solution for injection,/WK,3
24149685,241496852,2,F,20230501,20241114,20240730,20241127,EXP,"",US-NOVOPROD-1258894,NOVO NORDISK,"",49,YR,"",F,Y,,"",20241127,"",CN,US,US,241496852,HO,Aplastic anaemia,"",1,PS,OZEMPIC,SEMAGLUTIDE,1,Subcutaneous,0.25 mg,,"",Y,"","",,209637,0.25,MG,Solution for injection,"",3
24149719,241497192,2,F,20220418,20241218,20240730,20241224,EXP,"",US-NOVOPROD-1259709,NOVO NORDISK,"",61,YR,"",F,Y,88.45,KG,20241224,"",CN,US,US,241497192,HO,Diarrhoea,"",1,PS,OZEMPIC,SEMAGLUTIDE,1,Subcutaneous,"0.25 mg, qw",7,MG,Y,"","",,209637,0.25,MG,Solution for injection,/WK,3
24149720,241497202,2,F,20190101,20241218,20240730,20241224,EXP,"",US-NOVOPROD-1259738,NOVO NORDISK,"",48,YR,"",F,Y,70.748,KG,20241224,"",CN,US,US,241497202,OT,Constipation,"",1,SS,OZEMPIC,SEMAGLUTIDE,1,"","",2.143,MG,U,"","",,"",,"",Solution for injection,"",7
24149721,241497212,2,F,20211206,20241104,20240730,20241113,EXP,"",US-NOVOPROD-1259708,NOVO NORDISK,"",39,YR,"",F,Y,,"",20241114,"",CN,US,US,241497212,HO,Impaired gastric emptying,"",1,PS,OZEMPIC,SEMAGLUTIDE,1,"","",16.143,MG,Y,"","",,209637,,"",Solution for injection,"",3
24149724,241497242,2,F,20221218,20241218,20240730,20241226,EXP,"",US-NOVOPROD-1259715,NOVO NORDISK,"",53,YR,"",F,Y,68.027,KG,20241226,"",CN,US,US,241497242,HO,Nausea,"",1,PS,OZEMPIC,SEMAGLUTIDE,1,Subcutaneous,"0.25 mg, qw",7.25,MG,U,"","",,209637,0.25,MG,Solution for injection,/WK,3
24149727,241497272,2,F,20220518,20241218,20240730,20241226,EXP,"",US-NOVOPROD-1259705,NOVO NORDISK,"",53,YR,"",F,Y,105.22,KG,20241226,"",CN,US,US,241497272,HO,Product use issue,"",1,PS,OZEMPIC,SEMAGLUTIDE,1,Subcutaneous,"0.5 mg, qw",5.5,MG,U,"","",,209637,0.5,MG,Solution for injection,/WK,3
24149729,241497292,2,F,20230101,20241104,20240730,20241113,EXP,"",US-NOVOPROD-1259702,NOVO NORDISK,"",49,YR,"",F,Y,,"",20241113,"",CN,US,US,241497292,HO,Malnutrition,"",1,PS,WEGOVY,SEMAGLUTIDE,1,Subcutaneous,"0.25 mg, qw",0.5,MG,Y,"","",,215256,0.25,MG,Solution for injection,/WK,3
24151778,241517782,2,F,20220311,20241202,20240730,20241212,EXP,"",US-ELI_LILLY_AND_COMPANY-US202407015670,ELI LILLY AND COMPANY,"",42,YR,A,F,Y,150,KG,20241212,"",LW,US,US,241517782,OT,Constipation,"",6,SS,OZEMPIC,SEMAGLUTIDE,1,Unknown,"UNK UNK, unknown",14.556,MG,N,"","",,"",,"","","",7
24153013,241530132,2,F,,20241014,20240730,20241016,30DAY,"",US-PFIZER INC-202400222422,PFIZER,"",53,YR,"",F,Y,82.1,KG,20241016,"",CN,US,US,,,Malaise,"",2,C,OZEMPIC,SEMAGLUTIDE,1,"",UNK,,"","","","",,"",,"","","",
24154783,241547832,2,F,,20241212,20240731,20241220,PER,"",US-ELI_LILLY_AND_COMPANY-US202407013737,ELI LILLY AND COMPANY,"",66,YR,E,F,Y,,"",20241220,"",CN,US,US,,,Illness,"",17,SS,OZEMPIC,SEMAGLUTIDE,1,Unknown,"UNK UNK, unknown",,"",Y,"","",,"",,"","","",
24156567,241565673,3,F,20220324,20241126,20240731,20241205,EXP,"",US-ELI_LILLY_AND_COMPANY-US202407013752,ELI LILLY AND COMPANY,"",51,YR,A,M,Y,,"",20241205,"",CN,US,US,241565673,OT,Intestinal obstruction,"",3,SS,OZEMPIC,SEMAGLUTIDE,1,Unknown,"0.25 mg, weekly (1/W)",26.789,MG,N,"","",,"",0.25,MG,"",/WK,7
24156913,241569132,2,F,20221001,20241126,20240731,20241129,PER,"",US-ELI_LILLY_AND_COMPANY-US202407013209,ELI LILLY AND COMPANY,"",62,YR,A,M,Y,87.982,KG,20241129,"",LW,US,US,241569132,OT,Nausea,"",3,SS,OZEMPIC,SEMAGLUTIDE,1,Unknown,"0.5 mg, weekly (1/W)",88.906,MG,"","","",,"",0.5,MG,"",/WK,7
24157870,241578703,3,F,,20241216,20240731,20241224,PER,"",US-SA-2024SA223064,SANOFI AVENTIS,"",,"",A,M,Y,,"",20241224,"",MD,US,US,,,Fatigue,"",26,C,OZEMPIC,SEMAGLUTIDE,1,"",UNK,,"",U,"","",,"",,"",Injection,"",
24162741,241627412,2,F,20230808,20241127,20240801,20241203,PER,"",US-ELI_LILLY_AND_COMPANY-US202407014515,ELI LILLY AND COMPANY,"",60,YR,A,F,Y,180,KG,20241203,"",CN,US,US,241627412,OT,Anxiety,"",2,SS,OZEMPIC,SEMAGLUTIDE,1,Unknown,"UNK UNK, unknown",95.256,MG,N,"","",,"",1,MG,"",/WK,7
24163254,241632542,2,F,20240627,20241120,20240801,20241123,PER,"",US-AMGEN-USASP2024151264,AMGEN,"",51,YR,A,M,Y,,"",20241123,"",HP,US,US,,,Product preparation error,"",4,C,OZEMPIC,SEMAGLUTIDE,1,"",2 milligram,,"","","","",,"",2,MG,"","",
24165086,241650863,3,F,20220501,20240924,20240802,20241004,EXP,"",US-NOVOPROD-1250312,NOVO NORDISK,"",75,YR,"",F,Y,,"",20241004,"",CN,US,US,241650863,HO,Thrombosis,"",1,PS,OZEMPIC,SEMAGLUTIDE,1,Subcutaneous,1 mg,,"",Y,"","",,209637,,"",Solution for injection,"",3
24165842,241658422,2,F,20200605,20241127,20240802,20241206,PER,"",US-ELI_LILLY_AND_COMPANY-US202407014513,ELI LILLY AND COMPANY,"",41,YR,A,F,Y,157,KG,20241206,"",CN,US,US,241658422,HO,Abdominal pain,"",2,SS,OZEMPIC,SEMAGLUTIDE,1,Unknown,"UNK UNK, unknown",,"",N,"","",,"",,"","",/WK,3
24166309,241663092,2,F,20210311,20241127,20240802,20241209,EXP,"",US-ELI_LILLY_AND_COMPANY-US202407014761,ELI LILLY AND COMPANY,"",46,YR,A,F,Y,102.04,KG,20241209,"",CN,US,US,241663092,HO,Diarrhoea,"",4,SS,OZEMPIC,SEMAGLUTIDE,1,Unknown,"2 mg, weekly (1/W)",,"",Y,"","",,"",2,MG,"",/WK,3
24166427,241664272,2,F,20220110,20241204,20240802,20241210,PER,"",US-ELI_LILLY_AND_COMPANY-US202407014772,ELI LILLY AND COMPANY,"",34,YR,A,F,Y,116,KG,20241210,"",LW,US,US,241664272,HO,Anxiety,"",2,SS,WEGOVY,SEMAGLUTIDE,1,Unknown,"0.25 mg, weekly (1/W)",2.813,MG,N,"","",,"",0.25,MG,"",/WK,3
24169017,241690175,5,F,,20241028,20240802,20241030,PER,"",US-PFIZER INC-PV202400100406,PFIZER,"",57,YR,"",F,Y,,"",20241030,"",HP,US,US,,,Diarrhoea,"",2,SS,OZEMPIC,SEMAGLUTIDE,1,"",UNK,,"",N,"","",,"",,"","","",
24170344,241703444,4,F,,20241007,20240803,20241016,PER,"",US-UNITED THERAPEUTICS-UNT-2024-023205,UNITED THERAPEUTICS,"",,"","",F,Y,85.714,KG,20241016,"","",US,US,,,Haematology test abnormal,"",18,C,OZEMPIC,SEMAGLUTIDE,1,"",UNK,,"","","","",,"",,"","","",
24171964,241719642,2,F,20221007,20241121,20240805,20241202,EXP,"",US-NOVOPROD-1261642,NOVO NORDISK,"",44,YR,"",F,Y,108.84,KG,20241202,"",CN,US,US,241719642,HO,Impaired gastric emptying,"",1,PS,OZEMPIC,SEMAGLUTIDE,1,Subcutaneous,"0.5 mg, qw",23.5,MG,U,"","",,209637,0.5,MG,Solution for injection,/WK,3
24171983,241719832,2,F,20230406,20241219,20240805,20241226,EXP,"",US-NOVOPROD-1262180,NOVO NORDISK,"",40,YR,"",F,Y,91.61,KG,20241226,"",CN,US,US,241719832,HO,Intestinal obstruction,"",1,PS,OZEMPIC,SEMAGLUTIDE,1,Subcutaneous,"0.25 mg, qw",2.5,MG,D,"","",,209637,0.25,MG,Solution for injection,/WK,3
24171989,241719892,2,F,20230404,20241211,20240805,20241217,EXP,"",US-NOVOPROD-1262212,NOVO NORDISK,"",69,YR,"",F,Y,93.424,KG,20241218,"",CN,US,US,241719892,HO,Ileus,"",1,PS,OZEMPIC,SEMAGLUTIDE,1,Subcutaneous,"0.25 mg, qw",3,MG,U,"","",,209637,0.25,MG,Solution for injection,/WK,3
24172058,241720582,2,F,20210529,20241202,20240805,20241212,PER,"",US-ELI_LILLY_AND_COMPANY-US202407017068,ELI LILLY AND COMPANY,"",52,YR,A,F,Y,126.98,KG,20241212,"",CN,US,US,241720582,OT,Dyspepsia,"",4,SS,OZEMPIC,SEMAGLUTIDE,1,Unknown,"2 mg, weekly (1/W)",72,MG,N,"","",,"",2,MG,"",/WK,7
24172071,241720713,3,F,20240710,20240928,20240805,20241008,EXP,"",US-NOVOPROD-1262309,NOVO NORDISK,"",66,YR,"",F,Y,,"",20241008,"",CN,US,US,241720713,OT,Cataract operation,"",1,PS,OZEMPIC,SEMAGLUTIDE,1,Subcutaneous,1 mg,,"","","",PAR0335,,209637,1,MG,Solution for injection,"",7
24172418,241724182,2,F,20230205,20241204,20240805,20241211,EXP,"",US-ELI_LILLY_AND_COMPANY-US202407017317,ELI LILLY AND COMPANY,"",32,YR,A,F,Y,108.84,KG,20241211,"",LW,US,US,241724182,HO,Vertigo,"",17,SS,OZEMPIC,SEMAGLUTIDE,1,Unknown,"0.25 mg, weekly (1/W)",0.5,MG,N,"","",,"",0.25,MG,"",/WK,3
24173300,241733002,2,F,20230310,20241203,20240805,20241213,EXP,"",US-NOVOPROD-1260775,NOVO NORDISK,"",38,YR,"",F,Y,106.58,KG,20241213,"",CN,US,US,241733002,HO,Off label use,"",1,PS,OZEMPIC,SEMAGLUTIDE,1,Subcutaneous,"0.5 mg, qw",,"",U,"","",,209637,0.5,MG,Solution for injection,/WK,3
24173383,241733832,2,F,,20241216,20240805,20241230,EXP,"",US-NOVOPROD-1262144,NOVO NORDISK,"",,"","",F,Y,,"",20241230,"",CN,US,US,241733832,OT,Diabetic coma,"",2,PS,OZEMPIC,SEMAGLUTIDE,1,Subcutaneous,UNK,,"",D,"","",,209637,,"",Solution for injection,"",7
24173384,241733842,2,F,20230730,20241211,20240805,20241217,EXP,"",US-NOVOPROD-1262196,NOVO NORDISK,"",43,YR,"",M,Y,126.08,KG,20241217,"",CN,US,US,241733842,HO,Product use issue,"",1,PS,OZEMPIC,SEMAGLUTIDE,1,"","",7.175,MG,U,"","",,209637,,"",Solution for injection,"",3
24173387,241733872,2,F,20231101,20241126,20240805,20241208,EXP,"",US-NOVOPROD-1262175,NOVO NORDISK,"",49,YR,"",F,Y,68.027,KG,20241209,"",CN,US,US,241733872,HO,Intestinal obstruction,"",1,PS,OZEMPIC,SEMAGLUTIDE,1,Subcutaneous,"0.5 mg, qw",4,MG,Y,"","",,209637,0.5,MG,Solution for injection,/WK,3
24174548,241745483,3,F,20240719,20240910,20240805,20241017,PER,"","US-BELCHER PHARMACEUTICALS, LLC-2024US002402",PAREXEL,"",,"","","",Y,,"",20241017,"",HP,US,US,,,Insomnia,"",1,PS,SEMAGLUTIDE,SEMAGLUTIDE,1,Unknown,5 mg/2 mL (2.5 mg/mL),,"","","",I827G002A1,,"",,"",Injection,"",
24174549,241745493,3,F,20240714,20240910,20240805,20241014,PER,"","US-BELCHER PHARMACEUTICALS, LLC-2024US002400",PAREXEL,"",,"","","",Y,,"",20241014,"",HP,US,US,,,Vomiting,"",1,PS,SEMAGLUTIDE,SEMAGLUTIDE,1,Unknown,5 mg/2mL (2.5 mg/mL),,"",Y,"",I827G002A1,,"",,"",Injection,"",
24175351,241753512,2,F,20220827,20241122,20240805,20241204,EXP,"",US-ELI_LILLY_AND_COMPANY-US202407017915,ELI LILLY AND COMPANY,"",37,YR,A,M,Y,,"",20241204,"",LW,US,US,241753512,HO,Vomiting,"",17,SS,OZEMPIC,SEMAGLUTIDE,1,Unknown,"0.5 mg, weekly (1/W)",2.5,MG,Y,"","",,"",0.5,MG,"",/WK,3
24175362,241753622,2,F,20231018,20241127,20240805,20241209,EXP,"",US-ELI_LILLY_AND_COMPANY-US202407016833,ELI LILLY AND COMPANY,"",70,YR,E,F,Y,92.063,KG,20241209,"",LW,US,US,241753622,HO,Intestinal obstruction,"",2,SS,OZEMPIC,SEMAGLUTIDE,1,Unknown,"UNK UNK, unknown",1.92,MG,N,"","",,"",0.25,MG,"",/WK,3
24176862,241768622,2,F,20230601,20241125,20240806,20241206,PER,"",US-ELI_LILLY_AND_COMPANY-US202407019977,ELI LILLY AND COMPANY,"",62,YR,A,M,Y,136,KG,20241206,"",LW,US,US,241768622,HO,Vomiting,"",7,SS,OZEMPIC,SEMAGLUTIDE,1,Unknown,"0.25 mg, weekly (1/W)",0.75,MG,N,"","",,"",0.25,MG,"",/WK,3
24176911,241769112,2,F,20220801,20241202,20240806,20241211,EXP,"",US-ELI_LILLY_AND_COMPANY-US202407017945,ELI LILLY AND COMPANY,"",42,YR,A,F,Y,136,KG,20241211,"",LW,US,US,241769112,HO,Discomfort,"",5,SS,OZEMPIC,SEMAGLUTIDE,1,Unknown,"0.25 mg, weekly (1/W)",13.75,MG,N,"","",,"",0.25,MG,"",/WK,3
24177311,241773112,2,F,,20241205,20240806,20241210,PER,"",US-ELI_LILLY_AND_COMPANY-US202407017927,ELI LILLY AND COMPANY,"",63,YR,A,M,Y,91,KG,20241210,"",LW,US,US,241773112,OT,Dehydration,"",2,SS,OZEMPIC,SEMAGLUTIDE,1,Unknown,"UNK UNK, unknown",,"",N,"","",,"",,"","","",7
24177424,241774242,2,F,20230821,20241203,20240806,20241209,PER,"",US-ELI_LILLY_AND_COMPANY-US202407017937,ELI LILLY AND COMPANY,"",65,YR,E,M,Y,113,KG,20241209,"",LW,US,US,241774242,OT,Impaired gastric emptying,"",3,SS,OZEMPIC,SEMAGLUTIDE,1,Unknown,"0.25 mg, weekly (1/W)",5.083,MG,"","","",,"",0.25,MG,"",/WK,7
24182479,241824792,2,F,20230223,20241202,20240807,20241204,PER,"",US-ELI_LILLY_AND_COMPANY-US202407019079,ELI LILLY AND COMPANY,"",31,YR,A,F,Y,,"",20241204,"",LW,US,US,241824792,HO,Diarrhoea,"",3,SS,OZEMPIC,SEMAGLUTIDE,1,Unknown,"1 mg, weekly (1/W)",,"",N,"","",,"",1,MG,"",/WK,3
24182484,241824842,2,F,20220701,20241202,20240807,20241209,PER,"",US-ELI_LILLY_AND_COMPANY-US202407017951,ELI LILLY AND COMPANY,"",51,YR,A,F,Y,,"",20241209,"",LW,US,US,241824842,HO,Abdominal pain,"",3,SS,OZEMPIC,SEMAGLUTIDE,1,Unknown,"0.5 mg, weekly (1/W)",,"",N,"","",,"",0.5,MG,"",/WK,3
24182594,241825942,2,F,20230621,20241209,20240807,20241218,PER,"",US-ELI_LILLY_AND_COMPANY-US202407019106,ELI LILLY AND COMPANY,"",60,YR,A,M,Y,118.82,KG,20241218,"",LW,US,US,241825942,OT,Impaired gastric emptying,"",2,SS,OZEMPIC,SEMAGLUTIDE,1,Unknown,"0.25 mg, weekly (1/W)",11.75,MG,N,"","",,"",0.25,MG,"",/WK,7
24182657,241826572,2,F,20181201,20241205,20240807,20241212,PER,"",US-ELI_LILLY_AND_COMPANY-US202407019099,ELI LILLY AND COMPANY,"",59,YR,A,F,Y,185,KG,20241212,"",CN,US,US,241826572,OT,Nausea,"",3,SS,OZEMPIC,SEMAGLUTIDE,1,Unknown,"UNK UNK, unknown",,"",N,"","",,"",,"","","",7
24183024,241830242,2,F,20230201,20241127,20240807,20241209,EXP,"",US-ELI_LILLY_AND_COMPANY-US202407018112,ELI LILLY AND COMPANY,"",39,YR,A,F,Y,,"",20241209,"",LW,US,US,241830242,HO,Decreased appetite,"",21,SS,WEGOVY,SEMAGLUTIDE,1,Unknown,"1.7 mg, weekly (1/W)",,"",U,"","",,"",1.7,MG,"",/WK,3
24183028,241830282,2,F,20230101,20241202,20240807,20241210,PER,"",US-ELI_LILLY_AND_COMPANY-US202407019065,ELI LILLY AND COMPANY,"",54,YR,A,F,Y,103.86,KG,20241210,"",LW,US,US,241830282,OT,Diarrhoea,"",4,SS,OZEMPIC,SEMAGLUTIDE,1,Unknown,"1 mg, weekly (1/W)",95,MG,N,"","",,"",1,MG,"",/WK,7
24183987,241839872,2,F,20240101,20241013,20240807,20241022,PER,"",US-SA-2024SA231518,SANOFI AVENTIS,"",68,YR,E,M,Y,,"",20241023,"",HP,US,US,,,Nausea,"",2,SS,WEGOVY,SEMAGLUTIDE,1,Unknown,UNK,,"",U,"","",,"",,"","","",
24184043,241840433,3,F,20240101,20240916,20240807,20241003,PER,"",US-SA-2024SA231221,SANOFI AVENTIS,"",70,YR,E,F,Y,106,KG,20241003,"",MD,US,US,,,Injection site pain,"",5,C,OZEMPIC,SEMAGLUTIDE,1,"","",,"",U,"","",,"",,"","","",
24184634,241846342,2,F,20211001,20241210,20240807,20241217,EXP,"",US-ELI_LILLY_AND_COMPANY-US202408000439,ELI LILLY AND COMPANY,"",54,YR,A,F,Y,100.23,KG,20241217,"",LW,US,US,241846342,HO,Impaired gastric emptying,"",2,SS,OZEMPIC,SEMAGLUTIDE,1,Unknown,"0.25 mg, weekly (1/W)",,"",Y,"","",,"",0.25,MG,"",/WK,3
24186440,241864402,2,F,20220822,20241202,20240808,20241212,PER,"",US-ELI_LILLY_AND_COMPANY-US202408002265,ELI LILLY AND COMPANY,"",44,YR,A,F,Y,81.633,KG,20241212,"",LW,US,US,241864402,HO,Cholelithiasis,"",4,SS,OZEMPIC,SEMAGLUTIDE,1,Unknown,"0.5 mg, weekly (1/W)",21,MG,N,"","",,"",0.5,MG,"",/WK,3
24186646,241866462,2,F,20160701,20241216,20240808,20241220,PER,"",US-ELI_LILLY_AND_COMPANY-US202408003814,ELI LILLY AND COMPANY,"",47,YR,A,F,Y,85.261,KG,20241220,"",CN,US,US,241866462,HO,Emotional distress,"",2,SS,OZEMPIC,SEMAGLUTIDE,1,Unknown,"2 mg, weekly (1/W)",,"",N,"","",,"",2,MG,"",/WK,3
24186971,241869712,2,F,20220201,20241210,20240808,20241219,PER,"",US-ELI_LILLY_AND_COMPANY-US202408002331,ELI LILLY AND COMPANY,"",71,YR,E,M,Y,93,KG,20241219,"",LW,US,US,241869712,HO,Nausea,"",2,SS,OZEMPIC,SEMAGLUTIDE,1,Unknown,"1 mg, weekly (1/W)",13,MG,U,"","",,"",1,MG,"",/WK,3
24186982,241869823,3,F,20201224,20241206,20240808,20241212,PER,"",US-ELI_LILLY_AND_COMPANY-US202408002817,ELI LILLY AND COMPANY,"",59,YR,A,F,Y,,"",20241212,"",LW,US,US,241869823,HO,Nausea,"",2,SS,OZEMPIC,SEMAGLUTIDE,1,Unknown,"0.25 mg, weekly (1/W)",,"",N,"","",,"",0.25,MG,"",/WK,3
24187814,241878142,2,F,20230211,20241211,20240808,20241219,PER,"",US-ELI_LILLY_AND_COMPANY-US202408003975,ELI LILLY AND COMPANY,"",43,YR,A,F,Y,,"",20241219,"",LW,US,US,241878142,OT,Anxiety,"",3,SS,OZEMPIC,SEMAGLUTIDE,1,Unknown,"0.25 mg, weekly (1/W)",9.5,MG,N,"","",,"",0.25,MG,"",/WK,7
24189727,241897272,2,F,20230101,20241203,20240808,20241206,PER,"",US-ELI_LILLY_AND_COMPANY-US202407019753,ELI LILLY AND COMPANY,"",49,YR,A,F,Y,,"",20241206,"",LW,US,US,241897272,OT,Vomiting,"",2,SS,OZEMPIC,SEMAGLUTIDE,1,Unknown,"0.25 mg, weekly (1/W)",51.814,MG,N,"","",,"",0.25,MG,"",/WK,7
24189818,241898182,2,F,20210607,20241121,20240808,20241202,EXP,"",US-NOVOPROD-1262745,NOVO NORDISK,"",49,YR,"",F,Y,116.1,KG,20241202,"",CN,US,US,241898182,HO,Gastritis,"",1,PS,OZEMPIC,SEMAGLUTIDE,1,Subcutaneous,"0.5 mg, qw",45.5,MG,Y,"","",,209637,0.5,MG,Solution for injection,/WK,3
24189820,241898202,2,F,20230810,20241205,20240808,20241212,EXP,"",US-NOVOPROD-1263990,NOVO NORDISK,"",63,YR,"",F,Y,77.098,KG,20241212,"",CN,US,US,241898202,HO,Constipation,"",1,PS,WEGOVY,SEMAGLUTIDE,1,Subcutaneous,"0.25 mg, qw",0.581,MG,Y,"","",,215256,0.25,MG,Solution for injection,/WK,3
24189838,241898382,2,F,20221201,20241212,20240808,20241217,EXP,"",US-NOVOPROD-1264018,NOVO NORDISK,"",39,YR,"",F,Y,114.74,KG,20241218,"",CN,US,US,241898382,HO,Constipation,"",1,PS,OZEMPIC,SEMAGLUTIDE,1,Subcutaneous,"0.5 mg, qw",,"",U,"","",,209637,0.5,MG,Solution for injection,/WK,3
24189839,241898392,2,F,20230101,20241212,20240808,20241217,EXP,"",US-NOVOPROD-1264017,NOVO NORDISK,"",40,YR,"",F,Y,106.12,KG,20241218,"",CN,US,US,241898392,HO,Blood pressure abnormal,"",1,PS,WEGOVY,SEMAGLUTIDE,1,Subcutaneous,"0.5 mg, qw",0.5,MG,Y,"","",,215256,0.5,MG,Solution for injection,/WK,3
24191100,241911003,3,F,,20241001,20240808,20241014,EXP,"","US-BELCHER PHARMACEUTICALS, LLC-2024US002553",PAREXEL,"",,"","","",Y,,"",20241011,"",HP,US,US,241911003,HO,Vomiting,"",1,PS,SEMAGLUTIDE,SEMAGLUTIDE,1,Unknown,5 mg/2 mL (2.5 mg/mL),,"",Y,"",I827G001A3,,"",,"",Injection,"",3
24191478,241914782,2,F,20220607,20241205,20240808,20241211,EXP,"",US-ELI_LILLY_AND_COMPANY-US202407019955,ELI LILLY AND COMPANY,"",56,YR,A,M,Y,105.22,KG,20241211,"",LW,US,US,241914782,HO,Malnutrition,"",5,SS,OZEMPIC,SEMAGLUTIDE,1,Unknown,"0.25 mg, weekly (1/W)",1,MG,N,"","",,"",0.25,MG,"",/WK,3
24191726,241917263,3,F,20210621,20241206,20240809,20241212,PER,"",US-ELI_LILLY_AND_COMPANY-US202408003018,ELI LILLY AND COMPANY,"",47,YR,A,M,Y,93,KG,20241212,"",LW,US,US,241917263,HO,Nausea,"",2,SS,OZEMPIC,SEMAGLUTIDE,1,Subcutaneous,"0.25 mg, weekly (1/W)",0.25,MG,N,"","",,"",0.25,MG,"",/WK,3
24192111,241921112,2,F,20220101,20241010,20240809,20241018,EXP,"",US-NOVOPROD-1264093,NOVO NORDISK,"",66,YR,"",F,Y,102.49,KG,20241018,"",CN,US,US,241921112,HO,Constipation,"",1,PS,OZEMPIC,SEMAGLUTIDE,1,Subcutaneous,0.5 mg,,"",Y,"","",,209637,0.5,MG,Solution for injection,/WK,3
24192423,241924232,2,F,20230805,20241209,20240809,20241217,PER,"",US-ELI_LILLY_AND_COMPANY-US202408000339,ELI LILLY AND COMPANY,"",51,YR,A,F,Y,,"",20241217,"",LW,US,US,241924232,HO,Vomiting,"",3,SS,OZEMPIC,SEMAGLUTIDE,1,Unknown,"UNK, weekly (1/W)",,"","","","",,"",,"","",/WK,3
24193027,241930273,3,F,20240502,20241205,20240809,20241212,PER,"",US-ELI_LILLY_AND_COMPANY-US202408000375,ELI LILLY AND COMPANY,"",50,YR,A,F,Y,237,KG,20241212,"",LW,US,US,241930273,HO,Vomiting,"",9,SS,OZEMPIC,SEMAGLUTIDE,1,Unknown,"1 mg, weekly (1/W)",,"",U,"","",,"",1,MG,"",/WK,3
24193179,241931792,2,F,20200329,20241210,20240809,20241213,PER,"",US-ELI_LILLY_AND_COMPANY-US202408002932,ELI LILLY AND COMPANY,"",67,YR,E,M,Y,,"",20241213,"",LW,US,US,241931792,OT,Abdominal pain,"",3,SS,OZEMPIC,SEMAGLUTIDE,1,Unknown,"2 mg, weekly (1/W)",89.816,MG,N,"","",,"",2,MG,"",/WK,7
24193666,241936662,2,F,20140101,20241202,20240809,20241212,PER,"",US-ELI_LILLY_AND_COMPANY-US202407019821,ELI LILLY AND COMPANY,"",53,YR,A,F,Y,89.796,KG,20241212,"",LW,US,US,241936662,HO,Constipation,"",2,SS,OZEMPIC,SEMAGLUTIDE,1,Unknown,"0.25 mg, weekly (1/W)",,"",N,"","",,"",0.25,MG,"",/WK,3
24193982,241939822,2,F,20221212,20241125,20240809,20241206,PER,"",US-ELI_LILLY_AND_COMPANY-US202408000447,ELI LILLY AND COMPANY,"",44,YR,A,F,Y,95.238,KG,20241206,"",LW,US,US,241939822,HO,Diarrhoea,"",41,SS,OZEMPIC,SEMAGLUTIDE,1,Unknown,"UNK UNK, unknown",,"",U,"","",,"",,"","","",3
24194231,241942312,2,F,20230501,20241202,20240809,20241210,EXP,"",US-ELI_LILLY_AND_COMPANY-US202408000437,ELI LILLY AND COMPANY,"",42,YR,A,M,Y,102.04,KG,20241210,"",CN,US,US,241942312,HO,Diarrhoea,"",2,SS,OZEMPIC,SEMAGLUTIDE,1,Unknown,"0.5 mg, weekly (1/W)",148,MG,N,"","",,"",0.5,MG,"",/WK,3
24194359,241943592,2,F,20220301,20241206,20240809,20241212,PER,"",US-ELI_LILLY_AND_COMPANY-US202408000369,ELI LILLY AND COMPANY,"",51,YR,A,F,Y,199,KG,20241212,"",CN,US,US,241943592,OT,Vomiting,"",2,SS,OZEMPIC,SEMAGLUTIDE,1,Unknown,"UNK UNK, unknown",,"",N,"","",,"",,"","","",7
24195371,241953712,2,F,20200202,20241217,20240809,20241224,PER,"",US-ELI_LILLY_AND_COMPANY-US202408003905,ELI LILLY AND COMPANY,"",37,YR,A,F,Y,246,KG,20241224,"",LW,US,US,241953712,HO,Vomiting,"",2,SS,OZEMPIC,SEMAGLUTIDE,1,Unknown,"0.25 mg, weekly (1/W)",23.576,MG,N,"","",,"",0.25,MG,"",/WK,3
24195373,241953732,2,F,20230101,20241206,20240809,20241212,PER,"",US-ELI_LILLY_AND_COMPANY-US202407019951,ELI LILLY AND COMPANY,"",44,YR,A,F,Y,112.02,KG,20241212,"",LW,US,US,241953732,OT,Abdominal pain upper,"",4,SS,OZEMPIC,SEMAGLUTIDE,1,Unknown,"1 mg, weekly (1/W)",,"",N,"","",,"",1,MG,"",/WK,7
24195374,241953742,2,F,20220412,20241216,20240809,20241222,PER,"",US-ELI_LILLY_AND_COMPANY-US202408004144,ELI LILLY AND COMPANY,"",53,YR,A,F,Y,90,KG,20241222,"",LW,US,US,241953742,HO,Impaired gastric emptying,"",4,SS,OZEMPIC,SEMAGLUTIDE,1,Unknown,"UNK UNK, unknown",,"",N,"","",,"",2,MG,"",/WK,3
24195378,241953782,2,F,20230101,20241209,20240809,20241218,PER,"",US-ELI_LILLY_AND_COMPANY-US202408001253,ELI LILLY AND COMPANY,"",29,YR,A,F,Y,,"",20241218,"",LW,US,US,241953782,HO,Impaired gastric emptying,"",2,SS,OZEMPIC,SEMAGLUTIDE,1,Unknown,"UNK, weekly (1/W)",0.75,MG,N,"","",,"",,"","",/WK,3
24195851,241958512,2,F,,20230331,20240809,20241028,EXP,"",US-NOVOPROD-1248279,NOVO NORDISK,"",,"","",M,Y,,"",20241028,"",CN,US,US,241958512,OT,Blindness,"",1,PS,OZEMPIC,SEMAGLUTIDE,1,Subcutaneous,0.5 mg,,"",U,"",MP5E384,,209637,0.5,MG,Solution for injection,"",7
24195855,241958552,2,F,,20230320,20240809,20241104,EXP,"",US-NOVOPROD-1248266,NOVO NORDISK,"",84,YR,"",M,Y,,"",20241104,"",CN,US,US,241958552,OT,Cochlea implant,"",1,PS,OZEMPIC,SEMAGLUTIDE,1,Subcutaneous,UNK,,"",U,"",MP5E243,,209637,,"",Solution for injection,"",7
24196071,241960713,3,F,,20241007,20240809,20241017,EXP,"","US-BELCHER PHARMACEUTICALS, LLC-2024US002547",PAREXEL,"",,"","","",Y,,"",20241016,"",HP,US,US,241960713,HO,Illness,"",1,PS,SEMAGLUTIDE,SEMAGLUTIDE,1,Subcutaneous,5 mg/2 mL (2.5 mg/mL).,,"","","",I827G001A3,,"",,"",Injection,"",3
24196092,241960923,3,F,20240724,20241002,20240809,20241014,EXP,"","US-BELCHER PHARMACEUTICALS, LLC-2024US002555",PAREXEL,"",,"","","",Y,,"",20241011,"",HP,US,US,241960923,HO,Vomiting,"",1,PS,SEMAGLUTIDE,SEMAGLUTIDE,1,Unknown,"5 mg/2 mL (2.5 mg/mL), 8 units",,"","","",I827G003A1,,"",,"",Injection,"",3
24196099,241960993,3,F,,20241007,20240809,20241017,EXP,"","US-BELCHER PHARMACEUTICALS, LLC-2024US002549",PAREXEL,"",,"","","",Y,,"",20241016,"",HP,US,US,241960993,HO,Asthenia,"",1,PS,SEMAGLUTIDE,SEMAGLUTIDE,1,Unknown,5 mg/2 mL (2.5 mg/mL),,"",Y,"",I827G003A1,,"",,"",Injection,"",3
24196198,241961982,2,F,20230101,20241209,20240809,20241213,EXP,"",US-ELI_LILLY_AND_COMPANY-US202408000363,ELI LILLY AND COMPANY,"",35,YR,A,M,Y,106.5,KG,20241213,"",LW,US,US,241961982,OT,Dehydration,"",17,SS,OZEMPIC,SEMAGLUTIDE,1,Unknown,"0.25 mg, weekly (1/W)",20.183,MG,N,"","",,"",0.25,MG,"",/WK,7
24196200,241962002,2,F,20230217,20241125,20240809,20241204,EXP,"",US-ELI_LILLY_AND_COMPANY-US202408000422,ELI LILLY AND COMPANY,"",41,YR,A,F,Y,68.027,KG,20241204,"",LW,US,US,241962002,OT,Impaired gastric emptying,"",9,SS,OZEMPIC,SEMAGLUTIDE,1,Unknown,"UNK UNK, unknown",,"",U,"","",,"",0.25,MG,"",/WK,7
24196437,241964372,2,F,20190501,20241209,20240810,20241217,EXP,"",US-ELI_LILLY_AND_COMPANY-US202407019800,ELI LILLY AND COMPANY,"",69,YR,E,M,Y,,"",20241217,"",LW,US,US,241964372,HO,Nausea,"",2,SS,OZEMPIC,SEMAGLUTIDE,1,Unknown,"UNK UNK, unknown",,"",N,"","",,"",,"","","",3
24196991,241969912,2,F,,20241113,20240810,20241122,EXP,"",US-TEVA-VS-3230291,TEVA,"",42,YR,"",M,Y,,"",20241122,"",CN,US,US,241969912,OT,Parkinson's disease,"",7,C,OZEMPIC,SEMAGLUTIDE,1,Unknown,0.2 SOP 2mg/ml,,"","","","",,"",,"","","",7
24198196,241981962,2,F,20230101,20241010,20240812,20241021,EXP,"",US-NOVOPROD-1265064,NOVO NORDISK,"",53,YR,"",F,Y,,"",20241021,"",CN,US,US,241981962,HO,Cholelithiasis,"",1,PS,OZEMPIC,SEMAGLUTIDE,1,Subcutaneous,"0.25 mg, qw",,"",U,"","",,209637,0.25,MG,Solution for injection,/WK,3
24198207,241982072,2,F,,20241014,20240812,20241023,EXP,"",US-NOVOPROD-1265665,NOVO NORDISK,"",,"",E,F,Y,,"",20241023,"",CN,US,US,241982072,DS,Disability,"",1,PS,OZEMPIC,SEMAGLUTIDE,1,Subcutaneous,2 mg,,"","","",PAR0243,,209637,2,MG,Solution for injection,"",4
24198383,241983832,2,F,20240707,20240925,20240812,20241007,EXP,"",US-NOVOPROD-1265350,NOVO NORDISK,"",63,YR,"",F,Y,104.31,KG,20241007,"",CN,US,US,241983832,OT,Injection site bruising,"",1,PS,OZEMPIC,SEMAGLUTIDE,1,Subcutaneous,"2 mg, qw",,"",U,"",PAR0330,,209637,2,MG,Solution for injection,/WK,7
24198395,241983952,2,F,20220601,20241213,20240812,20241219,EXP,"",US-NOVOPROD-1265080,NOVO NORDISK,"",57,YR,"",F,Y,86.168,KG,20241219,"",CN,US,US,241983952,OT,Product use issue,"",1,PS,OZEMPIC,SEMAGLUTIDE,1,Subcutaneous,"0.5 mg, qw",,"",U,"","",,209637,0.5,MG,Solution for injection,/WK,7
24198396,241983962,2,F,20231018,20241104,20240812,20241113,EXP,"",US-NOVOPROD-1265703,NOVO NORDISK,"",57,YR,"",M,Y,,"",20241113,"",CN,US,US,241983962,HO,Constipation,"",1,PS,OZEMPIC,SEMAGLUTIDE,1,Subcutaneous,"0.5 mg, qw",,"",U,"","",,209637,0.5,MG,Solution for injection,/WK,3
24198408,241984082,2,F,20230217,20241213,20240812,20241224,EXP,"",US-NOVOPROD-1265733,NOVO NORDISK,"",40,YR,"",F,Y,58.957,KG,20241224,"",CN,US,US,241984082,OT,Constipation,"",1,PS,OZEMPIC,SEMAGLUTIDE,1,Subcutaneous,"0.25 mg, qw",7.25,MG,N,"","",,209637,0.25,MG,Solution for injection,/WK,7
24198585,241985852,2,F,,20241203,20240812,20241209,PER,"",US-ELI_LILLY_AND_COMPANY-US202408003031,ELI LILLY AND COMPANY,"",31,YR,A,F,Y,93,KG,20241209,"",LW,US,US,241985852,HO,Impaired gastric emptying,"",2,SS,OZEMPIC,SEMAGLUTIDE,1,Unknown,"UNK UNK, unknown",,"",N,"","",,"",,"","","",3
24198654,241986542,2,F,20240601,20241107,20240812,20241118,EXP,"",US-NOVOPROD-1264114,NOVO NORDISK,"",78,YR,"",F,Y,,"",20241118,"",CN,US,US,241986542,HO,Tremor,"",1,PS,SEMAGLUTIDE,SEMAGLUTIDE,1,"",UNK,,"","","","",,209637,,"","","",3
24198724,241987242,2,F,20220811,20241204,20240812,20241211,PER,"",US-ELI_LILLY_AND_COMPANY-US202408000357,ELI LILLY AND COMPANY,"",52,YR,A,M,Y,225,KG,20241211,"",LW,US,US,241987242,HO,Diarrhoea,"",4,SS,OZEMPIC,SEMAGLUTIDE,1,Unknown,"0.5 mg, weekly (1/W)",,"",N,"","",,"",0.5,MG,"",/WK,3
24198768,241987682,2,F,20230217,20241218,20240812,20241226,EXP,"",US-NOVOPROD-1266411,NOVO NORDISK,"",41,YR,"",M,Y,129.2,KG,20241227,"",CN,US,US,241987682,HO,Diarrhoea,"",1,PS,OZEMPIC,SEMAGLUTIDE,1,Subcutaneous,"0.5 mg, qw",0.554,MG,U,"","",,209637,0.5,MG,Solution for injection,/WK,3
24198809,241988092,2,F,20230308,20241216,20240812,20241220,PER,"",US-ELI_LILLY_AND_COMPANY-US202408004986,ELI LILLY AND COMPANY,"",47,YR,A,M,Y,99.32,KG,20241220,"",LW,US,US,241988092,OT,Impaired gastric emptying,"",3,SS,OZEMPIC,SEMAGLUTIDE,1,Unknown,"UNK UNK, unknown",,"",U,"","",,"",,"","","",7
24198873,241988733,3,F,20220301,20241217,20240812,20241224,PER,"",US-ELI_LILLY_AND_COMPANY-US202408004876,ELI LILLY AND COMPANY,"",65,YR,E,F,Y,,"",20241224,"",LW,US,US,241988733,OT,Diarrhoea,"",2,SS,OZEMPIC,SEMAGLUTIDE,1,Unknown,"UNK UNK, unknown",6.904,MG,N,"","",,"",0.25,MG,"",/WK,7
24198990,241989902,2,F,20230601,20241205,20240812,20241211,PER,"",US-ELI_LILLY_AND_COMPANY-US202408001162,ELI LILLY AND COMPANY,"",53,YR,A,M,Y,260,KG,20241211,"",LW,US,US,241989902,OT,Constipation,"",5,SS,OZEMPIC,SEMAGLUTIDE,1,Unknown,"UNK UNK, unknown",,"",N,"","",,"",,"","","",7
24199160,241991602,2,F,20181201,20241216,20240812,20241223,PER,"",US-ELI_LILLY_AND_COMPANY-US202408006326,ELI LILLY AND COMPANY,"",51,YR,A,M,Y,113.38,KG,20241223,"",LW,US,US,241991602,HO,Depression,"",2,SS,OZEMPIC,SEMAGLUTIDE,1,Unknown,"UNK UNK, unknown",,"",U,"","",,"",,"","","",3
24199663,241996632,2,F,20221201,20241203,20240812,20241211,EXP,"",US-NOVOPROD-1266296,NOVO NORDISK,"",62,YR,"",F,Y,91.61,KG,20241211,"",CN,US,US,241996632,HO,Ileus,"",1,PS,OZEMPIC,SEMAGLUTIDE,1,Subcutaneous,"0.25 mg, qw",1.75,MG,Y,"","",,209637,0.25,MG,Solution for injection,/WK,3
24199931,241999312,2,F,20230101,20241216,20240812,20241223,PER,"",US-ELI_LILLY_AND_COMPANY-US202408006378,ELI LILLY AND COMPANY,"",64,YR,A,F,Y,195,KG,20241223,"",LW,US,US,241999312,HO,Depression,"",3,SS,OZEMPIC,SEMAGLUTIDE,1,Unknown,"UNK UNK, unknown",,"",Y,"","",,"",,"","","",3
24200195,242001952,2,F,20220201,20241210,20240812,20241219,PER,"",US-ELI_LILLY_AND_COMPANY-US202408004945,ELI LILLY AND COMPANY,"",68,YR,E,F,Y,,"",20241219,"",CN,US,US,242001952,HO,Vomiting,"",2,SS,OZEMPIC,SEMAGLUTIDE,1,Unknown,"1 mg, weekly (1/W)",,"",N,"","",,"",1,MG,"",/WK,3
24200207,242002072,2,F,20210913,20241205,20240812,20241212,PER,"",US-ELI_LILLY_AND_COMPANY-US202408000271,ELI LILLY AND COMPANY,"",59,YR,A,F,Y,54,KG,20241212,"",LW,US,US,242002072,HO,Nausea,"",11,SS,RYBELSUS,SEMAGLUTIDE,1,Unknown,"7 mg, unknown",,"",N,"","",,"",7,MG,"","",3
24200696,242006963,3,F,,20241002,20240812,20241007,EXP,"",US-TAKEDA-2024TUS080298,TAKEDA,"",,"","",F,Y,68.93,KG,20241007,"",HP,US,US,242006963,HO,Blood pressure increased,"",21,C,OZEMPIC,SEMAGLUTIDE,1,Unknown,UNK,,"","","","",,"",,"","","",3
24201315,242013153,3,F,20220901,20241211,20240812,20241219,PER,"",US-ELI_LILLY_AND_COMPANY-US202408000385,ELI LILLY AND COMPANY,"",49,YR,A,F,Y,90.703,KG,20241219,"",LW,US,US,242013153,HO,Anxiety,"",13,SS,OZEMPIC,SEMAGLUTIDE,1,Unknown,"UNK UNK, unknown",,"",N,"","",,"",,"","","",3
24201481,242014813,3,F,20230531,20241212,20240812,20241217,EXP,"",US-ELI_LILLY_AND_COMPANY-US202408000441,ELI LILLY AND COMPANY,"",58,YR,A,F,Y,118.8,KG,20241217,"",LW,US,US,242014813,HO,Intestinal obstruction,"",25,SS,OZEMPIC,SEMAGLUTIDE,1,Unknown,"1 mg, weekly (1/W)",162,MG,N,"","",,"",1,MG,"",/WK,3
24201492,242014922,2,F,20230516,20241206,20240812,20241212,EXP,"",US-ELI_LILLY_AND_COMPANY-US202408000592,ELI LILLY AND COMPANY,"",45,YR,A,F,Y,77.098,KG,20241212,"",LW,US,US,242014922,OT,Abdominal pain,"",9,SS,OZEMPIC,SEMAGLUTIDE,1,Unknown,"02.5 mg, weekly (1/W)",21,MG,N,"","",,"",2.5,MG,"",/WK,7
24201527,242015273,3,F,20240101,20241104,20240812,20241111,EXP,"",US-AMGEN-USASP2024156481,AMGEN,"",48,YR,A,F,Y,,"",20241110,"",CN,US,US,242015273,OT,Injection site rash,"",6,C,OZEMPIC,SEMAGLUTIDE,1,"",UNK,,"","","","",,"",,"","","",7
24202369,242023692,2,F,20230911,20241206,20240813,20241212,PER,"",US-ELI_LILLY_AND_COMPANY-US202408006333,ELI LILLY AND COMPANY,"",72,YR,E,F,Y,,"",20241212,"",LW,US,US,242023692,OT,Abdominal pain upper,"",2,SS,OZEMPIC,SEMAGLUTIDE,1,Unknown,"UNK UNK, unknown",,"","","","",,"",,"","","",7
24202649,242026492,2,F,20221101,20241213,20240813,20241219,EXP,"",US-NOVOPROD-1266982,NOVO NORDISK,"",45,YR,"",F,Y,136.05,KG,20241219,"",CN,US,US,242026492,HO,Inappropriate schedule of product administration,"",1,PS,WEGOVY,SEMAGLUTIDE,1,Subcutaneous,"1.7 mg, qw",15.3,MG,U,"","",,215256,1.7,MG,Solution for injection,/WK,3
24202670,242026702,2,F,20240601,20240925,20240813,20241007,EXP,"",US-NOVOPROD-1266754,NOVO NORDISK,"",62,YR,"",M,Y,,"",20241007,"",CN,US,US,242026702,OT,Brain operation,"",1,PS,OZEMPIC,SEMAGLUTIDE,1,Subcutaneous,"2 mg, qw",,"",U,"",PAR0010,,209637,2,MG,Solution for injection,/WK,7
24202677,242026772,2,F,20221015,20241219,20240813,20241227,EXP,"",US-NOVOPROD-1266427,NOVO NORDISK,"",48,YR,"",F,Y,109.75,KG,20241227,"",CN,US,US,242026772,HO,Decreased appetite,"",1,PS,OZEMPIC,SEMAGLUTIDE,1,Subcutaneous,"2 mg, qw",,"",U,"","",,209637,2,MG,Solution for injection,/WK,3
24202679,242026792,2,F,20221228,20241216,20240813,20241220,EXP,"",US-NOVOPROD-1266380,NOVO NORDISK,"",69,YR,"",F,Y,61.678,KG,20241220,"",CN,US,US,242026792,HO,Constipation,"",1,PS,OZEMPIC,SEMAGLUTIDE,1,Subcutaneous,"0.25 mg, qw",0.25,MG,Y,"","",,209637,0.25,MG,Solution for injection,/WK,3
24203446,242034462,2,F,20230201,20241205,20240813,20241212,PER,"",US-ELI_LILLY_AND_COMPANY-US202408003051,ELI LILLY AND COMPANY,"",52,YR,A,F,Y,,"",20241212,"",CN,US,US,242034462,OT,Cholelithiasis,"",5,SS,OZEMPIC,SEMAGLUTIDE,1,Unknown,"1 mg, weekly (1/W)",,"",Y,"","",,"",1,MG,"",/WK,7
24203518,242035182,2,F,20210427,20241210,20240813,20241217,PER,"",US-ELI_LILLY_AND_COMPANY-US202408001069,ELI LILLY AND COMPANY,"",54,YR,A,M,Y,180,KG,20241217,"",LW,US,US,242035182,HO,Impaired gastric emptying,"",2,SS,OZEMPIC,SEMAGLUTIDE,1,Unknown,"0.25 mg, weekly (1/W)",,"",N,"","",,"",0.25,MG,"",/WK,3
24203865,242038652,2,F,20211101,20241216,20240813,20241226,PER,"",US-ELI_LILLY_AND_COMPANY-US202408005692,ELI LILLY AND COMPANY,"",55,YR,A,M,Y,,"",20241226,"",LW,US,US,242038652,HO,Impaired gastric emptying,"",2,SS,RYBELSUS,SEMAGLUTIDE,1,Unknown,"3 mg, daily",3319,MG,N,"","",,"",3,MG,"",QD,3
24203936,242039362,2,F,,20241210,20240813,20241212,PER,"",US-ELI_LILLY_AND_COMPANY-US202408005001,ELI LILLY AND COMPANY,"",42,YR,A,F,Y,86.168,KG,20241212,"",LW,US,US,242039362,OT,Vomiting,"",2,SS,OZEMPIC,SEMAGLUTIDE,1,Unknown,"1 mg, weekly (1/W)",,"","","","",,"",1,MG,"",/WK,7
24204122,242041222,2,F,20211101,20241211,20240813,20241218,PER,"",US-ELI_LILLY_AND_COMPANY-US202408003127,ELI LILLY AND COMPANY,"",62,YR,A,F,Y,122.45,KG,20241218,"",LW,US,US,242041222,OT,Vomiting,"",3,SS,OZEMPIC,SEMAGLUTIDE,1,Unknown,"2 mg, weekly (1/W)",7.209,MG,N,"","",,"",2,MG,"",/WK,7
24204227,242042272,2,F,20230301,20241204,20240813,20241211,PER,"",US-ELI_LILLY_AND_COMPANY-US202408002439,ELI LILLY AND COMPANY,"",39,YR,A,F,Y,81.633,KG,20241211,"",LW,US,US,242042272,HO,Vomiting,"",5,SS,OZEMPIC,SEMAGLUTIDE,1,Unknown,"1 mg, weekly (1/W)",,"",Y,"","",,"",1,MG,"",/WK,3
24204285,242042852,2,F,20221115,20241209,20240813,20241218,PER,"",US-ELI_LILLY_AND_COMPANY-US202408001977,ELI LILLY AND COMPANY,"",59,YR,A,F,Y,80.272,KG,20241218,"",LW,US,US,242042852,OT,Diarrhoea,"",5,SS,OZEMPIC,SEMAGLUTIDE,1,Unknown,"0.5 mg, weekly (1/W)",34.457,MG,N,"","",,"",0.5,MG,"",/WK,7
24204292,242042922,2,F,20210801,20241211,20240813,20241217,PER,"",US-ELI_LILLY_AND_COMPANY-US202408005856,ELI LILLY AND COMPANY,"",66,YR,E,M,Y,93,KG,20241217,"",LW,US,US,242042922,OT,Constipation,"",3,SS,OZEMPIC,SEMAGLUTIDE,1,Unknown,"UNK, weekly (1/W)",,"",N,"","",,"",,"","",/WK,7
24204575,242045755,5,F,20240529,20241107,20240813,20241114,EXP,"",US-ABBVIE-5875940,ABBVIE,"",44,YR,"",F,Y,137,KG,20241114,"",CN,US,US,242045755,OT,Diabetes mellitus,"",8,C,SEMAGLUTIDE,SEMAGLUTIDE,1,"","",,"","","","",,"",,"","","",7
24204758,242047582,2,F,20231205,20241209,20240813,20241215,PER,"",US-ELI_LILLY_AND_COMPANY-US202408001966,ELI LILLY AND COMPANY,"",59,YR,A,F,Y,80.73,KG,20241215,"",CN,US,US,242047582,OT,Decreased appetite,"",5,SS,OZEMPIC,SEMAGLUTIDE,1,Unknown,"1 mg, weekly (1/W)",,"",N,"","",,"",1,MG,"",/WK,7
24206875,242068752,2,F,20230322,20241204,20240813,20241211,EXP,"",US-ELI_LILLY_AND_COMPANY-US202408001338,ELI LILLY AND COMPANY,"",58,YR,A,M,Y,113.38,KG,20241211,"",CN,US,US,242068752,HO,Weight decreased,"",9,SS,OZEMPIC,SEMAGLUTIDE,1,Unknown,"UNK UNK, unknown",47.638,MG,N,"","",,"",1,MG,"",/WK,3
24206877,242068772,2,F,20190301,20241204,20240813,20241212,EXP,"",US-ELI_LILLY_AND_COMPANY-US202408001274,ELI LILLY AND COMPANY,"",69,YR,E,F,Y,82.086,KG,20241212,"",LW,US,US,242068772,OT,Vomiting,"",2,SS,OZEMPIC,SEMAGLUTIDE,1,Unknown,"UNK UNK, unknown",,"",N,"","",,"",,"","","",7
24206883,242068832,2,F,20230701,20241209,20240813,20241219,EXP,"",US-ELI_LILLY_AND_COMPANY-US202408002100,ELI LILLY AND COMPANY,"",64,YR,A,F,Y,87.075,KG,20241219,"",LW,US,US,242068832,OT,Nausea,"",9,SS,RYBELSUS,SEMAGLUTIDE,1,Unknown,"7 mg, daily",,"",N,"","",,"",7,MG,"",QD,7
24207575,242075752,2,F,20231026,20241121,20240814,20241203,EXP,"",US-NOVOPROD-1267714,NOVO NORDISK,"",39,YR,"",M,Y,145.13,KG,20241203,"",CN,US,US,242075752,HO,Decreased appetite,"",1,PS,WEGOVY,SEMAGLUTIDE,1,Subcutaneous,"0.5 mg, qw",4.5,MG,Y,"","",,215256,0.5,MG,Solution for injection,/WK,3
24208024,242080242,2,F,20220816,20241218,20240814,20241226,PER,"",US-ELI_LILLY_AND_COMPANY-US202408007389,ELI LILLY AND COMPANY,"",59,YR,A,M,Y,,"",20241226,"",LW,US,US,242080242,HO,Nausea,"",2,SS,OZEMPIC,SEMAGLUTIDE,1,Unknown,"UNK UNK, unknown",,"",N,"","",,"",,"","",/WK,3
24208027,242080272,2,F,20221101,20241204,20240814,20241212,EXP,"",US-ELI_LILLY_AND_COMPANY-US202408003057,ELI LILLY AND COMPANY,"",34,YR,A,F,Y,65,KG,20241212,"",LW,US,US,242080272,OT,Intestinal obstruction,"",17,SS,WEGOVY,SEMAGLUTIDE,1,Unknown,"UNK UNK, weekly (1/W)",,"",N,"","",,"",,"","",/WK,7
24209512,242095122,2,F,20240101,20240926,20240814,20241012,PER,"",US-SA-2024SA239439,SANOFI AVENTIS,"",59,YR,A,M,Y,113,KG,20241012,"",MD,US,US,,,Rash macular,"",5,C,OZEMPIC,SEMAGLUTIDE,1,"","",,"",U,"","",,"",,"","","",
24215170,242151702,2,F,20240713,20241001,20240816,20241014,EXP,"",US-NOVOPROD-1266626,NOVO NORDISK,"",39,YR,"",F,Y,79.37,KG,20241014,"",MD,US,US,242151702,HO,Vomiting,"",1,PS,OZEMPIC,SEMAGLUTIDE,1,"","",,"",Y,"","",,209637,,"",Solution for injection,"",3
24215178,242151786,6,F,20240701,20241119,20240816,20241201,EXP,"",US-NOVOPROD-1267030,NOVO NORDISK,"",84,YR,"",M,Y,,"",20241202,"",CN,US,US,242151786,HO,Craniofacial fracture,"",1,PS,OZEMPIC,SEMAGLUTIDE,1,Subcutaneous,"1 mg, qw",,"","","",PAR0153,,209637,1,MG,Solution for injection,/WK,3
24215396,242153962,2,F,20190625,20241211,20240816,20241218,PER,"",US-ELI_LILLY_AND_COMPANY-US202408005801,ELI LILLY AND COMPANY,"",51,YR,A,F,Y,82,KG,20241218,"",LW,US,US,242153962,HO,Decreased appetite,"",16,SS,OZEMPIC,SEMAGLUTIDE,1,Unknown,"UNK UNK, unknown",31,MG,N,"","",,"",1,MG,"",/WK,3
24215463,242154632,2,F,20230701,20241213,20240816,20241219,PER,"",US-ELI_LILLY_AND_COMPANY-US202408005583,ELI LILLY AND COMPANY,"",47,YR,A,"",Y,202,KG,20241219,"",LW,US,US,242154632,HO,Vomiting,"",2,SS,OZEMPIC,SEMAGLUTIDE,1,Unknown,"UNK UNK, unknown",,"",N,"","",,"",0.25,MG,"","",3
24215468,242154682,2,F,20221001,20241206,20240816,20241211,PER,"",US-ELI_LILLY_AND_COMPANY-US202408003210,ELI LILLY AND COMPANY,"",48,YR,A,F,Y,104.31,KG,20241211,"",LW,US,US,242154682,OT,Nausea,"",17,SS,OZEMPIC,SEMAGLUTIDE,1,Unknown,"0.25 mg, weekly (1/W)",3.25,MG,N,"","",,"",0.25,MG,"",/WK,7
24215589,242155892,2,F,20220901,20241218,20240816,20241226,PER,"",US-ELI_LILLY_AND_COMPANY-US202408007160,ELI LILLY AND COMPANY,"",49,YR,A,F,Y,,"",20241226,"",LW,US,US,242155892,HO,Decreased appetite,"",17,SS,OZEMPIC,SEMAGLUTIDE,1,Unknown,"0.25 mg, weekly (1/W)",,"",U,"","",,"",0.25,MG,"",/WK,3
24215592,242155922,2,F,20210101,20241213,20240816,20241219,EXP,"",US-ELI_LILLY_AND_COMPANY-US202408005821,ELI LILLY AND COMPANY,"",64,YR,A,F,Y,95.238,KG,20241219,"",LW,US,US,242155922,HO,Vomiting,"",6,SS,OZEMPIC,SEMAGLUTIDE,1,Unknown,"0.25 mg, weekly (1/W)",45.583,MG,N,"","",,"",0.25,MG,"",/WK,3
24215650,242156502,2,F,20221101,20241213,20240816,20241220,PER,"",US-ELI_LILLY_AND_COMPANY-US202408005782,ELI LILLY AND COMPANY,"",65,YR,E,F,Y,102.04,KG,20241219,"",LW,US,US,242156502,HO,Nausea,"",13,SS,OZEMPIC,SEMAGLUTIDE,1,Unknown,"0.25 mg, unknown",21.365,MG,N,"","",,"",0.25,MG,"","",3
24215651,242156512,2,F,20230418,20241210,20240816,20241216,PER,"",US-ELI_LILLY_AND_COMPANY-US202408005210,ELI LILLY AND COMPANY,"",66,YR,E,F,Y,92.063,KG,20241216,"",LW,US,US,242156512,HO,Nausea,"",13,SS,OZEMPIC,SEMAGLUTIDE,1,Unknown,"UNK UNK, unknown",13.5,MG,N,"","",,"",0.25,MG,"",/WK,3
24215765,242157652,2,F,20211101,20241211,20240816,20241218,PER,"",US-ELI_LILLY_AND_COMPANY-US202408003084,ELI LILLY AND COMPANY,"",62,YR,A,F,Y,122.45,KG,20241218,"",LW,US,US,242157652,OT,Impaired gastric emptying,"",13,SS,OZEMPIC,SEMAGLUTIDE,1,Unknown,"2 mg, weekly (1/W)",7.209,MG,N,"","",,"",2,MG,"",/WK,7
24215766,242157662,2,F,20210114,20241216,20240816,20241220,PER,"",US-ELI_LILLY_AND_COMPANY-US202408007513,ELI LILLY AND COMPANY,"",41,YR,A,F,Y,138.32,KG,20241220,"",LW,US,US,242157662,OT,Feeding disorder,"",5,SS,OZEMPIC,SEMAGLUTIDE,1,Unknown,"0.25 mg, weekly (1/W)",28.582,MG,N,"","",,"",0.25,MG,"",/WK,7
24215772,242157722,2,F,20230701,20241210,20240816,20241216,PER,"",US-ELI_LILLY_AND_COMPANY-US202408004840,ELI LILLY AND COMPANY,"",52,YR,A,M,Y,89.796,KG,20241216,"",LW,US,US,242157722,OT,Abdominal pain,"",2,SS,OZEMPIC,SEMAGLUTIDE,1,Unknown,"UNK UNK, unknown",1.444,MG,N,"","",,"",1,MG,"",/WK,7
24215774,242157742,2,F,20221101,20241211,20240816,20241218,PER,"",US-ELI_LILLY_AND_COMPANY-US202408003320,ELI LILLY AND COMPANY,"",66,YR,E,F,Y,81.633,KG,20241218,"",LW,US,US,242157742,HO,Impaired gastric emptying,"",9,SS,OZEMPIC,SEMAGLUTIDE,1,Unknown,"UNK UNK, unknown",,"",N,"","",,"",,"","","",3
24215949,242159492,2,F,20220614,20241216,20240816,20241224,EXP,"",US-ELI_LILLY_AND_COMPANY-US202408007144,ELI LILLY AND COMPANY,"",60,YR,A,M,Y,92.063,KG,20241224,"",LW,US,US,242159492,HO,Vomiting,"",12,SS,OZEMPIC,SEMAGLUTIDE,1,Unknown,"0.25 mg, weekly (1/W)",,"",N,"","",,"",0.25,MG,"",/WK,3
24216086,242160862,2,F,20230601,20241212,20240816,20241219,PER,"",US-ELI_LILLY_AND_COMPANY-US202408003065,ELI LILLY AND COMPANY,"",40,YR,A,M,Y,,"",20241219,"",LW,US,US,242160862,HO,Impaired gastric emptying,"",2,SS,OZEMPIC,SEMAGLUTIDE,1,Unknown,"UNK UNK, unknown",,"",N,"","",,"",1,MG,Injection,/WK,3
24216087,242160872,2,F,20190101,20241213,20240816,20241218,PER,"",US-ELI_LILLY_AND_COMPANY-US202408005019,ELI LILLY AND COMPANY,"",47,YR,A,M,Y,114.3,KG,20241218,"",LW,US,US,242160872,OT,Diarrhoea,"",3,SS,OZEMPIC,SEMAGLUTIDE,1,"","0.25 mg, weekly (1/W)",7.25,MG,N,"","",,"",0.25,MG,"",/WK,7
24216170,242161702,2,F,20231020,20241216,20240816,20241220,PER,"",US-ELI_LILLY_AND_COMPANY-US202408006327,ELI LILLY AND COMPANY,"",45,YR,A,F,Y,118,KG,20241220,"",LW,US,US,242161702,OT,Abdominal pain upper,"",5,SS,OZEMPIC,SEMAGLUTIDE,1,Unknown,"0.25 mg, weekly (1/W)",126.5,MG,N,"","",,"",0.25,MG,"",/WK,7
24216254,242162542,2,F,20230119,20241210,20240816,20241216,PER,"",US-ELI_LILLY_AND_COMPANY-US202408003899,ELI LILLY AND COMPANY,"",43,YR,A,F,Y,,"",20241216,"",LW,US,US,242162542,OT,Nausea,"",7,SS,OZEMPIC,SEMAGLUTIDE,1,Unknown,"0.25 mg, weekly (1/W)",28,MG,"","","",,"",0.25,MG,"",/WK,7
24216257,242162572,2,F,20201101,20241206,20240816,20241212,PER,"",US-ELI_LILLY_AND_COMPANY-US202408002924,ELI LILLY AND COMPANY,"",62,YR,A,F,Y,99.773,KG,20241212,"",CN,US,US,242162572,OT,Dyspepsia,"",3,SS,OZEMPIC,SEMAGLUTIDE,1,Unknown,"UNK UNK, unknown",,"",N,"","",,"",,"","","",7
24216344,242163442,2,F,,20241128,20240816,20241212,PER,"",US-LUPIN PHARMACEUTICALS INC.-2024-07292,LUPIN,"",,"","","",Y,,"",20241212,"",CN,US,US,,,Wrong technique in product usage process,"",2,C,OZEMPIC,SEMAGLUTIDE,1,Unknown,UNK,,"","","","",,"",,"",Unknown,"",
24218339,242183393,3,F,20240621,20240915,20240816,20241014,PER,"",US-SMPA-2024MYSCI0600940,SUNOVION,"",,"","","",Y,,"",20241014,"",CN,US,US,,,Fatigue,"",16,C,OZEMPIC,SEMAGLUTIDE,1,"","",,"","","","",,"",,"","","",
24218994,242189942,2,F,,20241017,20240816,20241110,PER,"",US-SA-2024SA240981,SANOFI AVENTIS,"",,"",A,F,Y,,"",20241110,"",MD,US,US,,,Pruritus,"",17,C,OZEMPIC,SEMAGLUTIDE,1,"",UNK,,"",U,"","",,"",,"","","",
24219421,242194212,2,F,20220701,20241216,20240816,20241226,PER,"",US-ELI_LILLY_AND_COMPANY-US202408007168,ELI LILLY AND COMPANY,"",56,YR,A,F,Y,87.075,KG,20241226,"",LW,US,US,242194212,OT,Impaired gastric emptying,"",4,SS,OZEMPIC,SEMAGLUTIDE,1,Unknown,"1 mg, weekly (1/W)",,"",N,"","",,"",1,MG,"",/WK,7
24219424,242194242,2,F,20230301,20241219,20240816,20241226,PER,"",US-ELI_LILLY_AND_COMPANY-US202408007193,ELI LILLY AND COMPANY,"",39,YR,A,F,Y,93.878,KG,20241226,"",LW,US,US,242194242,HO,Decreased appetite,"",5,SS,OZEMPIC,SEMAGLUTIDE,1,Unknown,"0.25 mg, weekly (1/W)",,"",N,"","",,"",0.25,MG,"",/WK,3
24219425,242194252,2,F,20230901,20241218,20240816,20241226,PER,"",US-ELI_LILLY_AND_COMPANY-US202408007203,ELI LILLY AND COMPANY,"",58,YR,A,M,Y,,"",20241226,"",LW,US,US,242194252,HO,Impaired gastric emptying,"",13,SS,OZEMPIC,SEMAGLUTIDE,1,Unknown,"1 mg, weekly (1/W)",53,MG,N,"","",,"",1,MG,"",/WK,3
24219539,242195392,2,F,20220201,20241213,20240816,20241219,EXP,"",US-ELI_LILLY_AND_COMPANY-US202408003791,ELI LILLY AND COMPANY,"",46,YR,A,F,Y,,"",20241219,"",LW,US,US,242195392,OT,Diarrhoea,"",10,SS,OZEMPIC,SEMAGLUTIDE,1,Unknown,"0.25 mg, weekly (1/W)",,"",N,"","",,"",0.25,MG,"",/WK,7
24219551,242195512,2,F,20210501,20241218,20240816,20241226,EXP,"",US-ELI_LILLY_AND_COMPANY-US202408006572,ELI LILLY AND COMPANY,"",62,YR,A,M,Y,135.6,KG,20241226,"",LW,US,US,242195512,HO,Impaired gastric emptying,"",5,SS,OZEMPIC,SEMAGLUTIDE,1,Unknown,"1 mg, weekly (1/W)",78,MG,U,"","",,"",1,MG,"",/WK,3
24219552,242195522,2,F,20230322,20241220,20240816,20241226,EXP,"",US-ELI_LILLY_AND_COMPANY-US202408007148,ELI LILLY AND COMPANY,"",45,YR,A,F,Y,54,KG,20241226,"",LW,US,US,242195522,HO,Impaired gastric emptying,"",9,SS,OZEMPIC,SEMAGLUTIDE,1,Unknown,"0.25 mg, weekly (1/W)",4.25,MG,U,"","",,"",0.25,MG,"",/WK,3
24219556,242195562,2,F,20210607,20241213,20240816,20241219,EXP,"",US-ELI_LILLY_AND_COMPANY-US202408005876,ELI LILLY AND COMPANY,"",54,YR,A,M,Y,,"",20241219,"",CN,US,US,242195562,HO,Abdominal pain,"",3,SS,OZEMPIC,SEMAGLUTIDE,1,Unknown,"0.25 mg, weekly (1/W)",,"",N,"","",,"",0.25,MG,"",/WK,3
24219572,242195722,2,F,20230801,20241211,20240816,20241219,EXP,"",US-ELI_LILLY_AND_COMPANY-US202408007477,ELI LILLY AND COMPANY,"",29,YR,A,F,Y,,"",20241219,"",LW,US,US,242195722,HO,Nausea,"",9,SS,OZEMPIC,SEMAGLUTIDE,1,Unknown,"0.25 mg, weekly (1/W)",9,MG,"","","",,"",0.25,MG,"",/WK,3
24221264,242212643,3,F,20240625,20241014,20240819,20241023,EXP,"",US-NOVOPROD-1267279,NOVO NORDISK,"",,"","",F,Y,,"",20241023,"",CN,US,US,242212643,HO,Tendon operation,"",1,PS,OZEMPIC,SEMAGLUTIDE,1,Subcutaneous,UNK (restarted),,"","","","",,209637,,"",Solution for injection,"",3
24221326,242213262,2,F,20230601,20240925,20240819,20241004,EXP,"",US-NOVOPROD-1266867,NOVO NORDISK,"",57,YR,"",F,Y,,"",20241004,"",CN,US,US,242213262,OT,Brain injury,"",1,PS,OZEMPIC,SEMAGLUTIDE,1,Subcutaneous,1mg,,"","","",PAR0037,,209637,1,MG,Solution for injection,"",7
24223776,242237762,2,F,20240101,20241113,20240819,20241125,PER,"",US-SA-2024SA193312,SANOFI AVENTIS,"",63,YR,A,F,Y,,"",20241125,"",MD,US,US,,,Pruritus,"",3,C,OZEMPIC,SEMAGLUTIDE,1,Unknown,UNK,,"",U,"","",,"",,"","","",
24224023,242240232,2,F,20190101,20241113,20240819,20241118,PER,"",US-PFIZER INC-202400238369,PFIZER,"",54,YR,"",F,Y,,"",20241118,"",HP,US,US,,,Product dose omission in error,"",5,C,OZEMPIC,SEMAGLUTIDE,1,"",UNK,,"","","","",,"",,"","","",
24224355,242243552,2,F,20230901,20241220,20240819,20241226,PER,"",US-ELI_LILLY_AND_COMPANY-US202408009276,ELI LILLY AND COMPANY,"",56,YR,A,F,Y,78.47,KG,20241226,"",LW,US,US,242243552,OT,Constipation,"",2,SS,OZEMPIC,SEMAGLUTIDE,1,Unknown,"0.25 mg, weekly (1/W)",0.5,MG,N,"","",,"",0.25,MG,"",/WK,7
24224530,242245302,2,F,20211201,20241216,20240819,20241224,PER,"",US-ELI_LILLY_AND_COMPANY-US202408007064,ELI LILLY AND COMPANY,"",56,YR,A,F,Y,102.04,KG,20241224,"",CN,US,US,242245302,HO,Diarrhoea,"",4,SS,OZEMPIC,SEMAGLUTIDE,1,Unknown,"0.5 mg, weekly (1/W)",,"",N,"","",,"",0.5,MG,"",/WK,3
24224670,242246702,2,F,20220803,20241219,20240819,20241227,PER,"",US-ELI_LILLY_AND_COMPANY-US202408007062,ELI LILLY AND COMPANY,"",36,YR,A,M,Y,117,KG,20241227,"",CN,US,US,242246702,OT,Impaired gastric emptying,"",4,SS,OZEMPIC,SEMAGLUTIDE,1,Unknown,"0.25 mg, weekly (1/W)",1.25,MG,N,"","",,"",0.25,MG,"",/WK,7
24225096,242250962,2,F,20240101,20241107,20240820,20241118,EXP,"",US-NOVOPROD-1266829,NOVO NORDISK,"",69,YR,"",F,Y,,"",20241118,"",CN,US,US,242250962,HO,Diarrhoea,"",1,PS,OZEMPIC,SEMAGLUTIDE,1,Subcutaneous,unk,,"",U,"","",,209637,,"",Solution for injection,"",3
24225450,242254502,2,F,20240806,20241124,20240820,20241204,EXP,"",US-NOVOPROD-1269433,NOVO NORDISK,"",54,YR,"",F,Y,,"",20241204,"",CN,US,US,242254502,HO,Dyspnoea,"",1,PS,WEGOVY,SEMAGLUTIDE,1,Subcutaneous,"1 mg, qw",,"",U,"",PZF8T73,,215256,1,MG,Solution for injection,/WK,3
24225462,242254622,2,F,,20241007,20240820,20241016,EXP,"",US-NOVOPROD-1270344,NOVO NORDISK,"",,"",A,F,Y,,"",20241016,"",CN,US,US,242254622,OT,Blood glucose increased,"",1,PS,OZEMPIC,SEMAGLUTIDE,1,Subcutaneous,0.5 mg,,"","","",8-9524-31-201-1,,209637,0.5,MG,Solution for injection,"",7
24225463,242254632,2,F,20240610,20240923,20240820,20241004,EXP,"",US-NOVOPROD-1269993,NOVO NORDISK,"",70,YR,"",M,Y,,"",20241004,"",CN,US,US,242254632,OT,Transitional cell carcinoma,"",1,PS,OZEMPIC,SEMAGLUTIDE,1,Subcutaneous,0.25 mg (restarted),,"","","","",,209637,,"",Solution for injection,"",7
24225888,242258882,2,F,20220101,20241216,20240820,20241220,PER,"",US-ELI_LILLY_AND_COMPANY-US202408006388,ELI LILLY AND COMPANY,"",67,YR,E,F,Y,170,KG,20241220,"",LW,US,US,242258882,OT,Depression,"",3,SS,OZEMPIC,SEMAGLUTIDE,1,Unknown,"0.25 mg, weekly (1/W)",,"",N,"","",,"",0.25,MG,"",/WK,7
24230785,242307853,3,F,,20241004,20240821,20241008,PER,"",US-ALXN-202408USA000908US,ALEXION PHARMACEUTICALS,"",,"",A,"",Y,103.86,KG,20241008,"","",US,US,,,Headache,"",4,C,OZEMPIC,SEMAGLUTIDE,1,"",UNK,,"","","","",,"",,"","","",
24231040,242310405,5,F,20240101,20241001,20240821,20241008,EXP,"",US-UNITED THERAPEUTICS-UNT-2024-025108,UNITED THERAPEUTICS,"",,"","",F,Y,69.388,KG,20241008,"",PH,US,US,242310405,HO,Staphylococcal infection,"",18,C,OZEMPIC,SEMAGLUTIDE,1,"",0.25,,"","","","",,"",,"","","",3
24231667,242316672,2,F,20230201,20241227,20240821,20241231,PER,"",US-ELI_LILLY_AND_COMPANY-US202408011558,ELI LILLY AND COMPANY,"",51,YR,A,F,Y,,"",20241231,"",LW,US,US,242316672,HO,Abdominal pain,"",4,SS,OZEMPIC,SEMAGLUTIDE,1,Unknown,"2 mg, weekly (1/W)",22.086,MG,N,"","",,"",2,MG,"",/WK,3
24231669,242316693,3,F,,20241220,20240821,20241226,PER,"",US-ELI_LILLY_AND_COMPANY-US202408010181,ELI LILLY AND COMPANY,"",52,YR,A,F,Y,92.97,KG,20241226,"",LW,US,US,242316693,OT,Diarrhoea,"",4,SS,OZEMPIC,SEMAGLUTIDE,1,Unknown,"1 mg, weekly (1/W)",,"",N,"","",,"",1,MG,"",/WK,7
24232781,242327816,6,F,20240724,20241203,20240821,20241210,EXP,"",US-PFIZER INC-202400237780,PFIZER,"",14,YR,"",M,Y,113.4,KG,20241210,"",MD,US,US,242327816,OT,Kidney transplant rejection,"",13,C,OZEMPIC,SEMAGLUTIDE,1,"",0.5 dose weekly by Injection,,"","","","",,"",,"","","",7
24233065,242330652,2,F,20210111,20241219,20240821,20241224,EXP,"",US-ELI_LILLY_AND_COMPANY-US202408007411,ELI LILLY AND COMPANY,"",40,YR,A,M,Y,76,KG,20241224,"",LW,US,US,242330652,HO,Nausea,"",2,SS,OZEMPIC,SEMAGLUTIDE,1,Unknown,"0.25 mg, weekly (1/W)",,"",N,"","",,"",0.25,MG,"",/WK,3
24233854,242338542,2,F,20240101,20241122,20240821,20241130,PER,"",US-SA-2024SA246795,SANOFI AVENTIS,"",68,YR,E,F,Y,95,KG,20241130,"",MD,US,US,,,Product use in unapproved indication,"",8,C,OZEMPIC,SEMAGLUTIDE,1,"",UNK,,"",U,"","",,"",,"","","",
24233867,242338673,3,F,,20241011,20240821,20241022,PER,"",US-SA-2024SA245312,SANOFI AVENTIS,"",75,YR,E,F,Y,,"",20241023,"",MD,US,US,,,Neck pain,"",2,C,OZEMPIC,SEMAGLUTIDE,1,"","",,"",U,"","",,"",,"","","",
24234433,242344332,2,F,20230710,20241223,20240821,20241227,EXP,"",US-ELI_LILLY_AND_COMPANY-US202408011573,ELI LILLY AND COMPANY,"",54,YR,A,F,Y,,"",20241227,"",LW,US,US,242344332,HO,Diarrhoea,"",2,SS,OZEMPIC,SEMAGLUTIDE,1,Unknown,"UNK UNK, unknown",,"",N,"","",,"",2,MG,"",/WK,3
24236178,242361782,2,F,20221001,20241223,20240822,20241230,PER,"",US-ELI_LILLY_AND_COMPANY-US202408009094,ELI LILLY AND COMPANY,"",59,YR,A,M,Y,163.27,KG,20241230,"",LW,US,US,242361782,HO,Vomiting,"",17,SS,OZEMPIC,SEMAGLUTIDE,1,Unknown,"UNK, weekly (1/W)",,"",N,"","",,"",,"","",/WK,3
24238003,242380032,2,F,20230911,20241213,20240822,20241217,PER,"",US-ELI_LILLY_AND_COMPANY-US202408007153,ELI LILLY AND COMPANY,"",41,YR,A,M,Y,86.18,KG,20241217,"",LW,US,US,242380032,OT,Constipation,"",2,SS,OZEMPIC,SEMAGLUTIDE,1,Unknown,"0.25 mg, weekly (1/W)",109.5,MG,N,"","",,"",0.25,MG,"",/WK,7
24239122,242391222,2,F,20240601,20240806,20240822,20241125,PER,"","US-AVADEL CNS PHARMACEUTICALS, LLC-2024AVA00925","AVADEL CNS PHARMACEUTICALS, LLC","",24,YR,"",F,Y,78.005,KG,20241125,"",CN,US,US,,,Somnolence,"",11,C,OZEMPIC,SEMAGLUTIDE,1,"","UNK, every 2 weeks",,"","","","",,"",,"","","",
24239566,242395662,2,F,20240101,20241008,20240822,20241125,PER,"","US-AVADEL CNS PHARMACEUTICALS, LLC-2024AVA01082","AVADEL CNS PHARMACEUTICALS, LLC","",,"","",F,Y,70.295,KG,20241125,"",CN,US,US,,,Product dose omission issue,"",18,C,OZEMPIC,SEMAGLUTIDE,1,"",1/0.75 (3) Pen Injctr,,"","","","",,"",,"",Injection,"",
24239988,242399882,2,F,20240801,20241017,20240822,20241029,EXP,"",US-SA-2024SA249575,SANOFI AVENTIS,"",68,YR,E,M,Y,108.86,KG,20241029,"",MD,US,US,242399882,HO,Diarrhoea haemorrhagic,"",4,C,RYBELSUS,SEMAGLUTIDE,1,"",UNK,,"",U,"","",,"",,"",Tablet,"",3
24240230,242402302,2,F,20240702,20241001,20240822,20241014,PER,"","US-BELCHER PHARMACEUTICALS, LLC-2024US002425",PAREXEL,"",,"","","",Y,,"",20241011,"",HP,US,US,,,Vomiting,"",1,PS,SEMAGLUTIDE,SEMAGLUTIDE,1,Unknown,5 mg/2mL (2.5 mg/mL),,"","","",I827G001A3,,"",,"",Injection,"",
24240774,242407742,2,F,20240725,20241211,20240823,20241220,EXP,"",US-NOVOPROD-1270271,NOVO NORDISK,"",42,YR,"",F,Y,,"",20241220,"",CN,US,US,242407742,HO,Fall,"",1,PS,OZEMPIC,SEMAGLUTIDE,1,Subcutaneous,2 mg,,"",U,"",PAR0246,,209637,2,MG,Solution for injection,"",3
24240865,242408652,2,F,20240119,20241009,20240823,20241018,EXP,"",US-NOVOPROD-1270656,NOVO NORDISK,"",73,YR,"",F,Y,,"",20241018,"",CN,US,US,242408652,OT,Injection site pain,"",3,SS,OZEMPIC,SEMAGLUTIDE,1,Subcutaneous,1 mg,,"",U,"","",,"",1,MG,Solution for injection,"",7
24243523,242435232,2,F,,20241007,20240823,20241010,PER,"",US-PFIZER INC-PV202400110093,PFIZER,"",71,YR,"",F,Y,,"",20241010,"",CN,US,US,,,Drug ineffective for unapproved indication,"",7,C,OZEMPIC,SEMAGLUTIDE,1,"","2 mg, weekly",,"","","","",,"",2,MG,"",/WK,
24245090,242450902,2,F,,20241014,20240823,20241016,PER,"",US-ALXN-202408USA001274US,ALEXION PHARMACEUTICALS,"",,"",A,"",Y,,"",20241016,"","",US,US,,,Spinal stenosis,"",2,SS,WEGOVY,SEMAGLUTIDE,1,Unknown,UNK,,"",U,U,"",,"",,"","","",
24245683,242456833,3,F,20240708,20241007,20240824,20241016,EXP,"",US-UNITED THERAPEUTICS-UNT-2024-025878,UNITED THERAPEUTICS,"",62,YR,"",F,Y,71.655,KG,20241016,"","",US,US,242456833,HO,Device delivery system issue,"",5,C,OZEMPIC,SEMAGLUTIDE,1,"","",,"","","","",,"",,"","","",3
24246122,242461222,2,F,,20241203,20240824,20241209,EXP,"",US-TAKEDA-US201824766,TAKEDA,"",,"","",M,Y,79.8,KG,20241209,"","",US,US,242461222,HO,Nephrolithiasis,"",11,C,OZEMPIC,SEMAGLUTIDE,1,"",UNK,,"","","","",,"",,"","","",3
24246812,242468123,3,F,20240301,20240930,20240826,20241014,EXP,"",US-NOVOPROD-1271118,NOVO NORDISK,"",,"","",F,Y,,"",20241014,"",CN,US,US,242468123,OT,Arteriosclerosis coronary artery,"",1,PS,OZEMPIC,SEMAGLUTIDE,1,Subcutaneous,0.25 mg,,"","","",PZF9A71,,209637,0.25,MG,Solution for injection,"",7
24246904,242469042,2,F,,20241011,20240826,20241022,EXP,"",US-NOVOPROD-1271453,NOVO NORDISK,"",,"","",F,Y,,"",20241022,"",CN,US,US,242469042,HO,Hospitalisation,"",1,PS,OZEMPIC,SEMAGLUTIDE,1,Subcutaneous,UNK,,"",U,"",par0359,,209637,,"",Solution for injection,"",3
24246909,242469092,2,F,,20241125,20240826,20241204,EXP,"",US-NOVOPROD-1271160,NOVO NORDISK,"",,"","",F,Y,,"",20241204,"",CN,US,US,242469092,OT,Intestinal obstruction,"",1,PS,WEGOVY,SEMAGLUTIDE,1,Subcutaneous,0.25 mg,,"",Y,"","",,215256,0.25,MG,Solution for injection,"",7
24246977,242469772,2,F,20230101,20241112,20240826,20241118,PER,"",US-ELI_LILLY_AND_COMPANY-US202408009834,ELI LILLY AND COMPANY,"",41,YR,A,F,Y,,"",20241118,"",CN,US,US,242469772,HO,Impaired gastric emptying,"",3,SS,OZEMPIC,SEMAGLUTIDE,1,Unknown,"UNK UNK, weekly (1/W)",,"",U,"","",,"",,"","",/WK,3
24246993,242469933,3,F,20240808,20241125,20240826,20241204,EXP,"",US-NOVOPROD-1272138,NOVO NORDISK,"",80,YR,"",F,Y,88,KG,20241204,"",MD,US,US,242469933,DE,Weight decreased,"",1,PS,OZEMPIC,SEMAGLUTIDE,1,Subcutaneous,"2 mg, qw",,"",U,"","",,209637,2,MG,Solution for injection,/WK,1
24247104,242471042,2,F,20220501,20241230,20240826,20241231,PER,"",US-ELI_LILLY_AND_COMPANY-US202408013891,ELI LILLY AND COMPANY,"",57,YR,A,F,Y,,"",20241231,"",LW,US,US,242471042,HO,Abdominal pain upper,"",2,SS,OZEMPIC,SEMAGLUTIDE,1,Unknown,"0.25 mg, weekly (1/W)",,"",N,"","",,"",0.25,MG,"",/WK,3
24247339,242473392,2,F,20210101,20241212,20240826,20241219,EXP,"",US-ELI_LILLY_AND_COMPANY-US202408013900,ELI LILLY AND COMPANY,"",42,YR,A,F,Y,79,KG,20241219,"",LW,US,US,242473392,HO,Nausea,"",3,SS,OZEMPIC,SEMAGLUTIDE,1,Unknown,"0.25 mg, weekly (1/W)",16.066,MG,N,"","",,"",0.25,MG,"",/WK,3
24250035,242500352,2,F,,20241127,20240826,20241212,PER,"",US-LUPIN PHARMACEUTICALS INC.-2024-07471,LUPIN,"",,"","","",Y,,"",20241212,"",CN,US,US,,,Therapeutic product effect incomplete,"",2,C,OZEMPIC,SEMAGLUTIDE,1,Unknown,UNK,,"","","","",,"",,"",Unknown,"",
24251609,242516093,3,F,,20241105,20240827,20241118,EXP,"",US-NOVOPROD-1272925,NOVO NORDISK,"",,"","",F,Y,99.773,KG,20241118,"",MD,US,US,242516093,OT,Oedema peripheral,"",1,PS,WEGOVY,SEMAGLUTIDE,1,Subcutaneous,UNK,,"",Y,"","",,215256,,"",Solution for injection,"",7
24251611,242516114,4,F,,20241031,20240827,20241111,EXP,"",US-NOVOPROD-1270229,NOVO NORDISK,"",47,YR,"",F,Y,98.6,KG,20241111,"",PH,US,US,242516114,HO,Uterine cyst,"",1,PS,OZEMPIC,SEMAGLUTIDE,1,Subcutaneous,"1 mg, qw",,"","","",PAR0226,,209637,1,MG,Solution for injection,/WK,3
24251700,242517002,2,F,20240701,20241014,20240827,20241024,EXP,"",US-NOVOPROD-1273169,NOVO NORDISK,"",71,YR,"",F,Y,,"",20241024,"",CN,US,US,242517002,OT,Spondylitis,"",1,PS,OZEMPIC,SEMAGLUTIDE,1,Subcutaneous,"1 mg, qw",,"",U,"",PAR0248,,209637,1,MG,Solution for injection,/WK,7
24252172,242521722,2,F,20240816,20241007,20240827,20241014,PER,"",US-UNITED THERAPEUTICS-UNT-2024-025293,UNITED THERAPEUTICS,"",49,YR,"",M,Y,92.517,KG,20241014,"","",US,US,,,Pulmonary pain,"",13,C,WEGOVY,SEMAGLUTIDE,1,"",UNK,,"","","","",,"",,"","","",
24253602,242536023,3,F,20230101,20241223,20240827,20241227,EXP,"",US-ABBVIE-5893934,ABBVIE,"",61,YR,"",M,Y,127,KG,20241227,"",CN,US,US,242536023,OT,Lipoma,"",5,C,OZEMPIC,SEMAGLUTIDE,1,Unknown,"",,"","","","",,"",,"","","",7
24254567,242545672,2,F,,20241029,20240827,20241106,EXP,"",US-BRISTOL-MYERS SQUIBB COMPANY-2024-133046,BRISTOL-MYERS SQUIBB COMPANY,"",62,YR,A,F,Y,,"",20241107,"",HP,US,US,242545672,HO,Acquired left ventricle outflow tract obstruction,"",26,C,OZEMPIC,SEMAGLUTIDE,1,"","",,"",U,"","",,"",,"","","",3
24254878,242548783,3,F,,20241121,20240827,20241129,EXP,"",US-ASTELLAS-2024-AER-000461,ASTELLAS,"",,"",E,M,Y,106.14,KG,20241129,"",CN,US,US,242548783,OT,Neuropathy peripheral,"",11,C,OZEMPIC,SEMAGLUTIDE,1,Oral,"1 mg/dose (2mg/1.5ml) pen injector, inject once week",,"",U,"","",,"",,"",Unknown,/WK,7
24256106,242561063,3,F,20230809,20241205,20240827,20241210,EXP,"",US-009507513-2408USA007047,MERCK,"",66,YR,"",M,Y,,"",20241210,"",CN,US,US,242561063,OT,Hypoacusis,"",4,C,RYBELSUS,SEMAGLUTIDE,1,"","",,"","","","",,"",,"","","",7
24256414,242564142,2,F,20240701,20241021,20240828,20241030,EXP,"",US-NOVOPROD-1273539,NOVO NORDISK,"",60,YR,"",F,Y,,"",20241030,"",CN,US,US,242564142,OT,Vision blurred,"",1,PS,OZEMPIC,SEMAGLUTIDE,1,Subcutaneous,1 mg,,"",U,"",PAR0359,,209637,,"",Solution for injection,"",7
24258907,242589072,2,F,20230201,20241216,20240828,20241223,EXP,"",US-ELI_LILLY_AND_COMPANY-US202408010946,ELI LILLY AND COMPANY,"",61,YR,A,F,Y,94.331,KG,20241223,"",LW,US,US,242589072,OT,Constipation,"",3,SS,OZEMPIC,SEMAGLUTIDE,1,Unknown,"0.25 mg, weekly (1/W)",24,MG,N,"","",,"",0.25,MG,"",/WK,7
24259039,242590393,3,F,20210701,20241216,20240828,20241219,PER,"",US-ELI_LILLY_AND_COMPANY-US202408010906,ELI LILLY AND COMPANY,"",71,YR,E,F,Y,,"",20241219,"",LW,US,US,242590393,HO,Cholelithiasis,"",2,SS,OZEMPIC,SEMAGLUTIDE,1,Unknown,"0.25 mg, weekly (1/W)",,"",N,"","",,"",0.25,MG,"",/WK,3
24259895,242598952,2,F,20220801,20241223,20240828,20241227,EXP,"",US-ELI_LILLY_AND_COMPANY-US202408010584,ELI LILLY AND COMPANY,"",46,YR,A,M,Y,275,KG,20241227,"",LW,US,US,242598952,HO,Diarrhoea,"",3,SS,OZEMPIC,SEMAGLUTIDE,1,Unknown,"1 mg, weekly (1/W)",13,MG,N,"","",,"",1,MG,"",/WK,3
24260440,242604402,2,F,20220820,20241223,20240828,20241230,EXP,"",US-ELI_LILLY_AND_COMPANY-US202408010583,ELI LILLY AND COMPANY,"",56,YR,A,M,Y,97.506,KG,20241230,"",LW,US,US,242604402,HO,Abdominal pain upper,"",2,SS,OZEMPIC,SEMAGLUTIDE,1,Unknown,"0.25 mg, weekly (1/W)",1.688,MG,N,"","",,"",0.25,MG,"",/WK,3
24261075,242610752,2,F,20240507,20241015,20240829,20241024,EXP,"",US-NOVOPROD-1273168,NOVO NORDISK,"",,"","",M,Y,,"",20241024,"",CN,US,US,242610752,OT,Spinal fusion surgery,"",1,PS,OZEMPIC,SEMAGLUTIDE,1,Subcutaneous,1mg,,"",U,"",PAR0019,,209637,1,MG,Solution for injection,"",7
24261076,242610762,2,F,20240601,20241017,20240829,20241025,EXP,"",US-NOVOPROD-1273926,NOVO NORDISK,"",48,YR,"",F,Y,,"",20241025,"",CN,US,US,242610762,HO,Seizure,"",1,PS,OZEMPIC,SEMAGLUTIDE,1,Subcutaneous,0.5 mg,,"",U,"",PZF9M93,,209637,0.5,MG,Solution for injection,"",3
24261082,242610822,2,F,20240101,20240925,20240829,20241007,EXP,"",US-NOVOPROD-1272651,NOVO NORDISK,"",,"","",M,Y,,"",20241007,"",CN,US,US,242610822,OT,Cataract,"",1,PS,OZEMPIC,SEMAGLUTIDE,1,Subcutaneous,0.5 mg,,"","","",PZF8M47,,209637,0.5,MG,Solution for injection,"",7
24261354,242613543,3,F,,20241029,20240829,20241121,PER,"",US-ACADIA PHARMACEUTICALS INC.-ACA-2024-PIM-004461,ACADIA PHARMACEUTICALS,"",,"","",M,Y,,"",20241121,"",CN,US,US,,,Constipation,"",10,C,OZEMPIC,SEMAGLUTIDE,1,"",2/1.5ml,,"","","","",,"",,"",Injection,"",
24265207,242652074,4,F,20240801,20241104,20240829,20241114,EXP,"","US-BELCHER PHARMACEUTICALS, LLC-2024US002765",PAREXEL,"",,"","","",Y,,"",20241114,"",HP,US,US,242652074,OT,Iridocyclitis,"",1,PS,SEMAGLUTIDE,SEMAGLUTIDE,1,Unknown,"5 mg/2 mL (2.5 mg/mL), 0.75 mg",,"",Y,"",I827G003A1,,"",,"",Injection,"",7
24266037,242660372,2,F,20230428,20241223,20240830,20241230,PER,"",US-ELI_LILLY_AND_COMPANY-US202408013859,ELI LILLY AND COMPANY,"",47,YR,A,M,Y,150,KG,20241230,"",LW,US,US,242660372,OT,Nausea,"",9,SS,OZEMPIC,SEMAGLUTIDE,1,Unknown,"UNK UNK, unknown",1,MG,N,"","",,"",0.5,MG,"",/WK,7
24266050,242660502,2,F,20240813,20241017,20240830,20241031,30DAY,"",US-NOVOPROD-1274051,NOVO NORDISK,"",47,YR,"",F,Y,,"",20241031,"",PH,US,US,242660502,OT,Blood glucose increased,"",1,PS,OZEMPIC,SEMAGLUTIDE,1,Subcutaneous,"1 mg, qw",,"",U,"",PAR0226,,209637,1,MG,Solution for injection,/WK,7
24266252,242662522,2,F,20240101,20240906,20240830,20241126,PER,"","US-Axsome Therapeutics, Inc.-AXS202407-001073","AXSOME THERAPEUTICS, INC.","",65,YR,E,F,Y,117,KG,20241122,"",CN,US,"",,,Weight increased,"",5,C,OZEMPIC,SEMAGLUTIDE,1,Unknown,UNK,,"","","","",,"",,"",Unknown,"",
24267531,242675312,2,F,20240724,20241202,20240830,20241205,EXP,"","US-REGENERON PHARMACEUTICALS, INC.-2024-116676",REGENERON,"",,"","",F,Y,,"",20241205,"",CN,US,US,242675312,OT,Blood calcium increased,"",3,C,OZEMPIC,SEMAGLUTIDE,1,"","UNK, since past 3 months",,"",U,"","",,"",,"","","",7
24268049,242680494,4,F,20240714,20241004,20240830,20241017,EXP,"",US-HIKMA PHARMACEUTICALS USA INC.-US-H14001-24-07943,HIKMA,"",68,YR,"",M,Y,111.65,KG,20241017,"",HP,US,US,242680494,HO,Off label use,"",24,C,OZEMPIC,SEMAGLUTIDE,1,Unknown,UNK,,"","","",UNKNOWN,,"",,"","","",3
24268248,242682483,3,F,20240801,20241206,20240830,20241211,EXP,"",US-BAYER-2024A124475,BAYER HEALTHCARE PHARMACEUTICALS INC.,"",79,YR,E,F,Y,57.6,KG,20241211,"",MD,US,US,242682483,LT,Orthostatic hypotension,"",7,C,OZEMPIC,SEMAGLUTIDE,1,"",1 mg,,"","","","",,"",1,MG,"","",2
24271831,242718312,2,F,20230618,20241021,20240902,20241030,EXP,"",US-NOVOPROD-1275184,NOVO NORDISK,"",70,YR,"",M,Y,,"",20241030,"",CN,US,US,242718312,OT,Muscle spasms,"",1,PS,OZEMPIC,SEMAGLUTIDE,1,Subcutaneous,0.5 mg,,"","","","",,209637,0.5,MG,Solution for injection,"",7
24272321,242723212,2,F,20160101,20241030,20240902,20241108,EXP,"",US-ABBVIE-5900966,ABBVIE,"",63,YR,"",F,Y,82,KG,20241108,"",CN,US,US,242723212,OT,Psoriasis,"",23,C,SEMAGLUTIDE,SEMAGLUTIDE,1,"",0.25 mg or 0.5 mg(2 mg/1.5 mL) Pen injector?Inject beneath the skin Every 7 Days.,,"","","","",,"",,"","","",7
24272945,242729452,2,F,20240101,20240920,20240902,20241016,PER,"",US-SA-2024SA249612,SANOFI AVENTIS,"",,"",A,F,Y,104,KG,20241016,"",MD,US,US,,,Foot fracture,"",7,C,RYBELSUS,SEMAGLUTIDE,1,"",UNK,,"",U,"","",,"",,"",Tablet,"",
24275314,242753144,4,F,20240101,20241118,20240903,20241123,EXP,"",US-ABBVIE-5900484,ABBVIE,"",61,YR,"",M,Y,,"",20241123,"",CN,US,US,242753144,DS,Blindness,"",3,C,OZEMPIC,SEMAGLUTIDE,1,"","",,"","","","",,"",,"","",/WK,4
24275354,242753542,2,F,20240810,20241028,20240903,20241105,EXP,"",US-NOVOPROD-1276315,NOVO NORDISK,"",69,YR,"",F,Y,78.005,KG,20241105,"",MD,US,US,242753542,OT,Dehydration,"",1,PS,OZEMPIC,SEMAGLUTIDE,1,Subcutaneous,"1 mg, qw",,"","","","",,209637,1,MG,Solution for injection,/WK,7
24275987,242759874,4,F,,20241216,20240903,20241217,PER,"",NVSC2024US176575,NOVARTIS,"",,"","",F,Y,,"",20241217,"",CN,US,US,,,Illness,"",3,C,SEMAGLUTIDE,SEMAGLUTIDE,1,Unknown,UNK,,"",U,"","",,"",,"","","",
24276574,242765742,2,F,,20240926,20240903,20241008,EXP,"",US-NOVOPROD-1274783,NOVO NORDISK,"",,"","",F,Y,,"",20241008,"",HP,US,US,242765742,OT,Colitis ischaemic,"",1,PS,WEGOVY,SEMAGLUTIDE,1,Subcutaneous,UNK,,"",Y,"","",,215256,,"",Solution for injection,"",7
24276777,242767773,3,F,20240101,20241016,20240903,20241031,PER,"",US-009507513-2408USA003512,MERCK,"",,"","",F,Y,85.714,KG,20241031,"",HP,US,US,,,Injection site pruritus,"",19,C,OZEMPIC,SEMAGLUTIDE,1,"",UNK,,"","","","",,"",,"","","",
24277294,242772942,2,F,20240901,20241016,20240903,20241024,EXP,"",US-BAYER-2024A125702,BAYER HEALTHCARE PHARMACEUTICALS INC.,"",68,YR,E,F,Y,117.91,KG,20241024,"",CN,US,US,242772942,OT,Loss of consciousness,"",15,C,OZEMPIC,SEMAGLUTIDE,1,"","",,"","","","",,"",,"","","",7
24279167,242791673,3,F,20240118,20241016,20240903,20241021,PER,"",US-PFIZER INC-202400246613,PFIZER,"",57,YR,"",F,Y,113.4,KG,20241021,"",CN,US,US,242791673,OT,Lipids increased,"",13,C,WEGOVY,SEMAGLUTIDE,1,"",1/week,,"","","","",,"",,"","",/WK,7
24279246,242792462,2,F,20240719,20241022,20240903,20241121,PER,"",US-LUNDBECK-DKLU4002071,LUNDBECK,"",,"","","",Y,,"",20241121,"",HP,US,US,,,Infusion site hypoaesthesia,"",14,C,WEGOVY,SEMAGLUTIDE,1,Subcutaneous,"",,"","","","",,"",,"","","",
24279651,242796512,2,F,20140101,20240925,20240904,20241002,EXP,"",US-ABBVIE-5901076,ABBVIE,"",,"","",M,Y,,"",20241002,"",CN,US,US,242796512,OT,Chronic obstructive pulmonary disease,"",3,C,OZEMPIC,SEMAGLUTIDE,1,"","",,"","","","",,"",,"","","",7
24279674,242796743,3,F,,20241025,20240904,20241112,EXP,"",US-AstraZeneca-2024A197729,ALEXION PHARMACEUTICALS,"",72,YR,E,"",Y,65.76,KG,20241112,"",MD,US,US,242796743,HO,Diabetic ketoacidosis,"",3,C,OZEMPIC,SEMAGLUTIDE,1,"","1 milligram, qw",,"","","","",,"",1,MG,"",/WK,3
24282766,242827663,3,F,20240801,20241022,20240904,20241024,PER,"",US-PFIZER INC-202400248514,PFIZER,"",79,YR,"",M,Y,,"",20241024,"",HP,US,US,,,Back pain,"",21,C,OZEMPIC,SEMAGLUTIDE,1,"","",,"","","","",,"",,"","","",
24283515,242835152,2,F,,20241122,20240904,20241215,PER,"",US-SMPA-2023MYSCI0500413,SUNOVION,"",,"","","",Y,,"",20241215,"",CN,US,US,,,Somnolence,"",3,SS,WEGOVY,SEMAGLUTIDE,1,Subcutaneous,UNK,,"","","","",,"",,"","","",
24283900,242839002,2,F,20200601,20241021,20240905,20241030,EXP,"",US-NOVOPROD-1275947,NOVO NORDISK,"",69,YR,"",F,Y,,"",20241030,"",CN,US,US,242839002,OT,Cerebrovascular accident,"",1,PS,OZEMPIC,SEMAGLUTIDE,1,Subcutaneous,"0.5 mg, qw",,"",U,"",PZF9E02,,209637,0.5,MG,Solution for injection,/WK,7
24284043,242840432,2,F,20240601,20241018,20240905,20241028,EXP,"",US-NOVOPROD-1276591,NOVO NORDISK,"",66,YR,"",F,Y,,"",20241028,"",CN,US,US,242840432,HO,Nausea,"",1,PS,OZEMPIC,SEMAGLUTIDE,1,"","0.25 mg, qw",,"",U,"",PZFAA68,,209637,0.25,MG,Solution for injection,/WK,3
24284061,242840612,2,F,20240731,20241105,20240905,20241118,EXP,"",US-NOVOPROD-1276697,NOVO NORDISK,"",46,YR,"",F,Y,83.7,KG,20241118,"",CN,US,US,242840612,HO,Diverticulitis,"",1,PS,WEGOVY,SEMAGLUTIDE,1,Subcutaneous,UNK,,"",Y,"",PZF9W66,,215256,,"",Solution for injection,"",3
24285459,242854592,2,F,20230825,20241213,20240905,20241219,EXP,"",US-NOVOPROD-1276068,NOVO NORDISK,"",51,YR,"",F,Y,117.93,KG,20241219,"",CN,US,US,242854592,HO,Intestinal obstruction,"",1,PS,OZEMPIC,SEMAGLUTIDE,1,Subcutaneous,"0.25 mg, qw",14.929,MG,U,"","",,209637,0.25,MG,Solution for injection,/WK,3
24286313,242863132,2,F,,20240930,20240905,20241009,EXP,"",US-ELI_LILLY_AND_COMPANY-US202408017602,ELI LILLY AND CO,"",,"",A,M,Y,73.469,KG,20241009,"",CN,US,US,242863132,HO,Euglycaemic diabetic ketoacidosis,"",2,C,RYBELSUS,SEMAGLUTIDE,1,"","7 mg, unknown",,"","","","",,"",7,MG,"","",3
24287772,242877723,3,F,20240101,20241008,20240905,20241008,PER,"",US-AMGEN-USASP2024177324,AMGEN,"",71,YR,E,F,Y,,"",20241008,"",CN,US,US,,,Product administration error,"",2,C,OZEMPIC,SEMAGLUTIDE,1,"","",,"","","","",,"",,"","","",
24293972,242939722,2,F,,20240927,20240906,20241008,PER,"",US-PHARMING-PHAUS2024000740,PHARMING GROUP,"",,"","","",Y,,"",20241008,"",CN,US,US,,,COVID-19,"",15,C,OZEMPIC,SEMAGLUTIDE,1,"","",,"","","","",,"",,"","","",
24294755,242947553,3,F,,20241112,20240906,20241125,PER,"",US-SMPA-2024SPA001398,SUNOVION,"",,"","","",Y,,"",20241125,"",CN,US,US,,,COVID-19,"",13,C,OZEMPIC,SEMAGLUTIDE,1,Unknown,"1 Milligram, taken once a week",,"","","","",,"",1,MG,"",/WK,
24296076,242960762,2,F,20210401,20241211,20240909,20241217,EXP,"",US-NOVOPROD-1276693,NOVO NORDISK,"",38,YR,"",M,Y,158.73,KG,20241218,"",CN,US,US,242960762,HO,Off label use,"",1,PS,OZEMPIC,SEMAGLUTIDE,1,Subcutaneous,"0.25 mg, qw",,"",U,"","",,209637,0.25,MG,Solution for injection,/WK,3
24296085,242960852,2,F,,20240923,20240909,20241003,EXP,"",US-NOVOPROD-1277008,NOVO NORDISK,"",84,YR,"",F,Y,,"",20241003,"",CN,US,US,242960852,OT,Constipation,"",1,PS,OZEMPIC,SEMAGLUTIDE,1,Subcutaneous,2.5 mg,,"",Y,"",PZF9K22,,209637,2.5,MG,Solution for injection,"",7
24296274,242962742,2,F,20240804,20241106,20240909,20241118,EXP,"",US-NOVOPROD-1277036,NOVO NORDISK,"",,"",A,F,Y,,"",20241118,"",CN,US,US,242962742,HO,Obstructive pancreatitis,"",1,PS,WEGOVY,SEMAGLUTIDE,1,Subcutaneous,0.25 mg,,"",Y,"","",,215256,0.25,MG,Solution for injection,"",3
24299075,242990752,2,F,,20241016,20240909,20241022,EXP,"",US-ELI_LILLY_AND_COMPANY-US202409001401,ELI LILLY AND COMPANY,"",70,YR,E,M,Y,,"",20241022,"",HP,US,US,242990752,DE,Cardiac failure,"",18,C,OZEMPIC,SEMAGLUTIDE,1,"","",,"","","","",,"",,"","","",1
24300507,243005075,5,F,,20241126,20240910,20241130,EXP,"",US-JAZZ PHARMACEUTICALS-2024-US-014286,JAZZ,"",,"","",M,Y,,"",20241130,"",PH,US,US,243005075,HO,Lower limb fracture,"",14,C,OZEMPIC,SEMAGLUTIDE,1,"",UNK,,"","","","",,"",,"","","",3
24300521,243005212,2,F,20240601,20241015,20240910,20241024,EXP,"",US-NOVOPROD-1276968,NOVO NORDISK,"",60,YR,"",F,Y,84.807,KG,20241025,"",CN,US,US,243005212,LT,Vomiting,"",1,PS,WEGOVY,SEMAGLUTIDE,1,Subcutaneous,UNK,,"",Y,"",NAR0424,,215256,,"",Solution for injection,"",2
24300532,243005322,2,F,20240816,20241202,20240910,20241211,EXP,"",US-NOVOPROD-1277662,NOVO NORDISK,"",73,YR,"",F,Y,,"",20241211,"",CN,US,US,243005322,HO,Shoulder arthroplasty,"",2,PS,OZEMPIC,SEMAGLUTIDE,1,Subcutaneous,UNK,,"",D,"",PZF9M93,,209637,,"",Solution for injection,"",3
24300685,243006852,2,F,20240825,20241008,20240910,20241018,EXP,"",US-NOVOPROD-1277771,NOVO NORDISK,"",72,YR,"",F,Y,,"",20241018,"",CN,US,US,243006852,OT,Syncope,"",1,PS,OZEMPIC,SEMAGLUTIDE,1,Subcutaneous,0.5 UNK (Dose decreased),,"",Y,"","",,209637,0.5,MG,Solution for injection,"",7
24300757,243007574,4,F,20240829,20241031,20240910,20241112,EXP,"",US-NOVOPROD-1278529,NOVO NORDISK,"",66,YR,"",M,Y,,"",20241112,"",HP,US,US,243007574,OT,Retching,"",1,PS,OZEMPIC,SEMAGLUTIDE,1,Subcutaneous,"0.5 mg, qw",,"",Y,"",PZF9Y42,,209637,0.5,MG,Solution for injection,/WK,7
24300763,243007633,3,F,,20241003,20240910,20241009,EXP,"",US-SANDOZ INC.-SDZ2024US078201,SANDOZ,"",,"","",F,Y,92.73,KG,20241009,"",CN,US,US,243007633,HO,Diarrhoea,"",15,C,OZEMPIC,SEMAGLUTIDE,1,Unknown,UNK,,"","","","",,"",,"","","",3
24301020,243010202,2,F,20240812,20240930,20240910,20241014,EXP,"",US-NOVOPROD-1277955,NOVO NORDISK,"",58,YR,"",F,Y,72.109,KG,20241014,"",MD,US,US,243010202,OT,Small intestinal obstruction,"",1,PS,OZEMPIC,SEMAGLUTIDE,1,Subcutaneous,UNK,,"",Y,"","",,209637,,"",Solution for injection,"",7
24301472,243014722,2,F,,20241025,20240910,20241104,EXP,"",US-JNJFOC-20240917791,JOHNSON AND JOHNSON,"",56,YR,A,F,Y,86.26,KG,20241105,"",CN,US,US,243014722,OT,Rash,"",8,SS,OZEMPIC,SEMAGLUTIDE,1,Unknown,"",,"",U,"","",,"",,"",Unknown,"",7
24303301,243033013,3,F,,20241006,20240910,20241009,PER,"",US-ALXN-202409USA000459US,ALEXION PHARMACEUTICALS,"",65,YR,E,"",Y,108.84,KG,20241009,"","",US,US,,,Chills,"",11,C,OZEMPIC,SEMAGLUTIDE,1,Unknown,UNK,,"","","","",,"",,"","","",
24303412,243034122,2,F,20230101,20241204,20240910,20241209,EXP,"",US-ELI_LILLY_AND_COMPANY-US202408018869,ELI LILLY AND COMPANY,"",49,YR,A,F,Y,,"",20241209,"",LW,US,US,243034122,HO,Abdominal distension,"",5,SS,OZEMPIC,SEMAGLUTIDE,1,Unknown,"0.5 mg, weekly (1/W)",,"",N,"","",,"",0.5,MG,"",/WK,3
24305759,243057592,2,F,20240826,20241127,20240911,20241204,PER,"",US-BRISTOL-MYERS SQUIBB COMPANY-2024-144230,BRISTOL-MYERS SQUIBB COMPANY,"",79,YR,E,F,Y,83.46,KG,20241204,"",PH,US,US,243057592,DE,Off label use,"",9,C,OZEMPIC,SEMAGLUTIDE,1,"","",,"",U,"","",,"",,"","","",1
24307979,243079792,2,F,,20241127,20240911,20241215,PER,"",US-SMPA-2024SPA002343,SUNOVION,"",,"","","",Y,,"",20241215,"",CN,US,US,,,Photophobia,"",4,C,OZEMPIC,SEMAGLUTIDE,1,"","",,"","","","",,"",,"","","",
24308306,243083062,2,F,20240801,20241002,20240911,20241018,PER,"",US-SA-2024SA262382,SANOFI AVENTIS,"",58,YR,A,F,Y,72.73,KG,20241018,"",HP,US,US,,,No adverse event,"",8,C,OZEMPIC,SEMAGLUTIDE,1,"",UNK,,"",U,"","",,"",,"","","",
24309646,243096463,3,F,20240820,20241118,20240912,20241127,EXP,"",US-NOVOPROD-1278685,NOVO NORDISK,"",70,YR,"",M,Y,,"",20241127,"",CN,US,US,243096463,OT,Pharyngitis,"",1,PS,OZEMPIC,SEMAGLUTIDE,1,"","",,"",U,"","",,209637,,"",Solution for injection,"",7
24312898,243128982,2,F,20240101,20241002,20240912,20241007,EXP,"",US-ABBVIE-5916771,ABBVIE,"",,"","",M,Y,120.2,KG,20241007,"",CN,US,US,243128982,OT,Acrochordon,"",7,C,RYBELSUS,SEMAGLUTIDE,1,"","",,"","","","",,"",,"","","",7
24314017,243140173,3,F,,20241001,20240912,20241011,PER,"",US-Taiho Oncology Inc-2024-008582,TAIHO ONCOLOGY INC,"",,"",E,M,Y,,"",20241011,"",PH,US,US,,,White blood cell count decreased,"",21,C,OZEMPIC,SEMAGLUTIDE,1,"",Form Strength: 4MG/3ML,,"","","","",,"",,"",Injection,"",
24314445,243144452,2,F,,20240920,20240913,20241001,EXP,"",US-NOVOPROD-1278562,NOVO NORDISK,"",75,YR,"",F,Y,,"",20241001,"",CN,US,US,243144452,HO,Nephrolithiasis,"",1,PS,OZEMPIC,SEMAGLUTIDE,1,Subcutaneous,1 mg,,"",U,"","",,209637,1,MG,Solution for injection,"",3
24314460,243144603,3,F,20240501,20241011,20240913,20241022,EXP,"",US-NOVOPROD-1279048,NOVO NORDISK,"",67,YR,"",F,Y,,"",20241022,"",CN,US,US,243144603,HO,Colitis ischaemic,"",1,PS,OZEMPIC,SEMAGLUTIDE,1,Subcutaneous,0.5 mg,,"",N,"","",,209637,0.5,MG,Solution for injection,"",3
24314515,243145152,2,F,20200901,20241022,20240913,20241030,EXP,"",US-NOVOPROD-1279418,NOVO NORDISK,"",54,YR,"",F,Y,,"",20241030,"",CN,US,US,243145152,DE,Impaired gastric emptying,"",1,PS,OZEMPIC,SEMAGLUTIDE,1,Subcutaneous,"0.25 mg, qw",,"",D,"","",,209637,0.25,MG,Solution for injection,/WK,1
24314516,243145162,2,F,20221025,20241204,20240913,20241213,EXP,"",US-NOVOPROD-1279417,NOVO NORDISK,"",61,YR,"",M,Y,96.145,KG,20241213,"",CN,US,US,243145162,HO,Ileus,"",1,PS,OZEMPIC,SEMAGLUTIDE,1,Subcutaneous,"0.5 mg, qw",,"",U,"","",,209637,0.5,MG,Solution for injection,/WK,3
24315353,243153532,2,F,,20240919,20240913,20241011,PER,"",US-ACADIA PHARMACEUTICALS INC.-ACA-2024-PIM-004998,ACADIA PHARMACEUTICALS,"",,"","",F,Y,,"",20241011,"",CN,US,US,,,Neurological examination abnormal,"",9,C,WEGOVY,SEMAGLUTIDE,1,"",SOA 2.4MG/0.75ML,,"","","","",,"",,"","","",
24316356,243163562,2,F,20240101,20241003,20240913,20241010,EXP,"",US-ABBVIE-5880497,ABBVIE,"",,"","",M,Y,110,KG,20241010,"",CN,US,US,243163562,OT,Nephrolithiasis,"",6,C,OZEMPIC,SEMAGLUTIDE,1,Unknown,"",,"","","","",,"",,"","","",7
24317243,243172432,2,F,20240903,20241002,20240913,20241014,PER,"","US-BELCHER PHARMACEUTICALS, LLC-2024US002958",PAREXEL,"",,"","","",Y,,"",20241011,"",CN,US,US,,,Nausea,"",1,PS,SEMAGLUTIDE,SEMAGLUTIDE,1,Unknown,Strength: 5 mg/2 mL (2.5 mg/mL); Dose: 0.7 ml (1.75 mg),,"","","",I827G004A1,,"",0.7,ML,Injection,"",
24320896,243208967,7,F,20240824,20241202,20240915,20241226,PER,"",US-SMPA-2024SPA002028,SUNOVION,"",,"","","",Y,,"",20241226,"",CN,US,US,243208967,HO,Cerebrovascular accident,"",13,C,OZEMPIC,SEMAGLUTIDE,1,Unknown,UNK,,"","","","",,"",,"","","",3
24320940,243209402,2,F,,20240924,20240915,20241001,PER,"",US-SMPA-2024SPA001892,SUNOVION,"",,"","","",Y,,"",20241001,"",CN,US,US,,,Headache,"",17,C,OZEMPIC,SEMAGLUTIDE,1,Unknown,"",,"","","","",,"",,"","","",
24321199,243211992,2,F,20220901,20241213,20240916,20241219,EXP,"",US-NOVOPROD-1279087,NOVO NORDISK,"",46,YR,"",F,Y,95.238,KG,20241219,"",CN,US,US,243211992,HO,Constipation,"",1,PS,OZEMPIC,SEMAGLUTIDE,1,Subcutaneous,"0.25 mg, qw",,"",U,"","",,209637,0.25,MG,Solution for injection,/WK,3
24321226,243212263,3,F,20240101,20240926,20240916,20241004,EXP,"",US-ORPHANEU-2024006989,RECORDATI,"",,"","","",Y,,"",20241004,"",CN,US,US,243212263,HO,Vomiting,"",8,C,OZEMPIC,SEMAGLUTIDE,1,"",UNK,,"",D,"","",,"",,"","","",3
24321346,243213462,2,F,,20241108,20240916,20241119,EXP,"",US-NOVOPROD-1280050,NOVO NORDISK,"",,"",A,F,Y,,"",20241119,"",CN,US,US,243213462,OT,Cerebrovascular accident,"",1,PS,OZEMPIC,SEMAGLUTIDE,1,Subcutaneous,"2 mg, qw",,"","","",PAR0366,,209637,2,MG,Solution for injection,/WK,7
24321403,243214033,3,F,,20241101,20240916,20241112,30DAY,"",US-NOVOPROD-1281586,NOVO NORDISK,"",,"",A,F,Y,,"",20241112,"",CN,US,US,243214033,OT,Device malfunction,"",1,PS,OZEMPIC,SEMAGLUTIDE,1,Subcutaneous,0.5 mg,,"",U,"",pzfag56,,209637,0.5,MG,Solution for injection,"",7
24322385,243223857,7,F,,20241216,20240916,20241223,EXP,"",US-TAKEDA-2024TUS074110,TAKEDA,"",,"","",F,Y,,"",20241223,"","",US,US,243223857,OT,Thrombosis,"",2,C,WEGOVY,SEMAGLUTIDE,1,"",UNK,,"","","","",,"",,"","","",7
24325644,243256442,2,F,20240903,20241004,20240917,20241015,EXP,"",US-NOVOPROD-1279602,NOVO NORDISK,"",77,YR,"",M,Y,,"",20241015,"",CN,US,US,243256442,OT,Drug ineffective,"",1,PS,OZEMPIC,SEMAGLUTIDE,1,Subcutaneous,"0.5 mg, qw",,"",U,"",PZF9J36,,209637,0.5,MG,Solution for injection,/WK,7
24325742,243257422,2,F,20240822,20241210,20240917,20241220,EXP,"",US-NOVOPROD-1280796,NOVO NORDISK,"",,"","",F,Y,68.476,KG,20241220,"",MD,US,US,243257422,HO,Constipation,"",1,PS,OZEMPIC,SEMAGLUTIDE,1,Subcutaneous,"0.5 mg, qw",41.706,MG,Y,"","",,209637,0.5,MG,Solution for injection,/WK,3
24325836,243258362,2,F,20240830,20241104,20240917,20241114,EXP,"",US-NOVOPROD-1281966,NOVO NORDISK,"",66,YR,"",M,Y,168.25,KG,20241115,"",MD,US,US,243258362,HO,Ventricular extrasystoles,"",1,PS,OZEMPIC,SEMAGLUTIDE,1,Subcutaneous,"1 mg, qw",,"",U,"","",,209637,1,MG,Solution for injection,/WK,3
24325837,243258373,3,F,,20241110,20240917,20241122,EXP,"",US-NOVOPROD-1281958,NOVO NORDISK,"",,"",A,F,Y,,"",20241122,"",CN,US,US,243258373,OT,Bronchitis,"",1,PS,OZEMPIC,SEMAGLUTIDE,1,Subcutaneous,UNK,,"",U,"",PAR0243,,209637,,"",Solution for injection,"",7
24326477,243264774,4,F,20240719,20241010,20240917,20241022,EXP,"",US-NOVOPROD-1279600,NOVO NORDISK,"",68,YR,"",M,Y,,"",20241022,"",CN,US,US,243264774,HO,Dehydration,"",1,PS,RYBELSUS,SEMAGLUTIDE,1,Oral,UNK,1498,MG,"","","",,213051,,"",Tablet,"",3
24327359,243273595,5,F,20240101,20240926,20240917,20241024,EXP,"",US-UNITED THERAPEUTICS-UNT-2024-026519,UNITED THERAPEUTICS,"",,"","",F,Y,86.168,KG,20241024,"","",US,US,243273595,OT,Dizziness,"",8,SS,OZEMPIC,SEMAGLUTIDE,1,"",UNK,,"",U,"","",,"",,"","","",7
24327905,243279054,4,F,20240101,20241003,20240917,20241008,EXP,"",US-PFIZER INC-202400256425,PFIZER,"",70,YR,"",F,Y,90.72,KG,20241008,"",CN,US,US,243279054,HO,Head injury,"",6,C,OZEMPIC,SEMAGLUTIDE,1,"",once a week,,"","","","",,"",,"","",/WK,3
24328256,243282562,2,F,,20241008,20240917,20241017,PER,"",US-SMPA-2024SPA002259,SUNOVION,"",,"","","",Y,,"",20241017,"",CN,US,US,,,Fatigue,"",3,SS,RYBELSUS,SEMAGLUTIDE,1,Unknown,UNK,,"","","","",,"",,"","","",
24329749,243297492,2,F,,20241028,20240917,20241112,PER,"",US-SA-2024SA267898,SANOFI AVENTIS,"",,"",A,F,Y,104.31,KG,20241112,"",MD,US,US,,,Injection site pain,"",6,C,OZEMPIC,SEMAGLUTIDE,1,"",0.25 or 0.5,,"",U,"","",,"",,"",Injection,"",
24329905,243299052,2,F,20240524,20241111,20240917,20241118,PER,"",US-SA-2024SA266074,SANOFI AVENTIS,"",62,YR,A,F,Y,,"",20241119,"",MD,US,US,,,Injection site pain,"",3,C,OZEMPIC,SEMAGLUTIDE,1,"",UNK,,"",U,"","",,"",,"","","",
24330342,243303422,2,F,20231201,20240926,20240918,20241008,EXP,"",US-NOVOPROD-1276144,NOVO NORDISK,"",55,YR,"",M,Y,,"",20241008,"",HP,US,US,243303422,HO,VIth nerve paralysis,"",1,PS,OZEMPIC,SEMAGLUTIDE,1,Subcutaneous,UNK,,"",Y,"",PZF9Y42,,209637,,"",Solution for injection,"",3
24332751,243327512,2,F,,20241112,20240918,20241119,EXP,"",US-TAKEDA-2024TUS074330,TAKEDA,"",,"","",M,Y,146,KG,20241119,"","",US,US,243327512,HO,Abdominal pain,"",2,SS,OZEMPIC,SEMAGLUTIDE,1,"","1 milligram, 1/week",,"","","","",,"",1,MG,"",/WK,3
24334866,243348662,2,F,20241114,20241114,20240918,20241125,EXP,"",US-BRISTOL-MYERS SQUIBB COMPANY-2024-147764,BRISTOL-MYERS SQUIBB COMPANY,"",76,YR,E,F,Y,,"",20241125,"",CN,US,US,243348662,OT,Weight increased,"",2,C,WEGOVY,SEMAGLUTIDE,1,"","",,"",U,"","",,"",,"","","",7
24335676,243356762,2,F,20240401,20241106,20240919,20241119,EXP,"",US-NOVOPROD-1281476,NOVO NORDISK,"",57,YR,"",F,Y,,"",20241119,"",CN,US,US,243356762,HO,Ulcer,"",1,PS,WEGOVY,SEMAGLUTIDE,1,Subcutaneous,"0.5 mg, qw",,"",Y,"",PZF8W69,,215256,0.5,MG,Solution for injection,/WK,3
24335731,243357312,2,F,,20241106,20240919,20241118,EXP,"",US-NOVOPROD-1282639,NOVO NORDISK,"",,"","",F,Y,,"",20241118,"",CN,US,US,243357312,HO,Hospitalisation,"",2,SS,OZEMPIC,SEMAGLUTIDE,1,Subcutaneous,UNK,,"",U,"","",,"",,"",Solution for injection,"",3
24335851,243358514,4,F,,20241105,20240919,20241118,EXP,"",US-NOVOPROD-1282702,NOVO NORDISK,"",,"","",M,Y,,"",20241118,"",MD,US,US,243358514,HO,Internal haemorrhage,"",1,PS,OZEMPIC,SEMAGLUTIDE,1,Subcutaneous,0.50 mg,,"",U,"",PZF9F62,,209637,0.5,MG,Solution for injection,"",3
24335853,243358533,3,F,,20241008,20240919,20241025,EXP,"",US-NOVOPROD-1282834,NOVO NORDISK,"",,"","",M,Y,,"",20241025,"",CN,US,US,243358533,OT,Weight decreased,"",1,PS,OZEMPIC,SEMAGLUTIDE,1,Subcutaneous,0.5 mg,,"",U,"",PZF8L80,,209637,,"",Solution for injection,"",7
24335860,243358602,2,F,,20241004,20240919,20241015,EXP,"",US-NOVOPROD-1282813,NOVO NORDISK,"",,"","",M,Y,,"",20241015,"",CN,US,IQ,243358602,OT,Suspected counterfeit product,"",1,PS,OZEMPIC,SEMAGLUTIDE,1,"",UNK,,"",U,"",MP5B060,,209637,,"",Solution for injection,"",7
24340861,243408612,2,F,,20241007,20240919,20241016,PER,"",US-SMPA-2024SPA002519,SUNOVION,"",,"","","",Y,,"",20241016,"",CN,US,US,,,Product dose omission issue,"",8,C,OZEMPIC,SEMAGLUTIDE,1,Unknown,"",,"","","","",,"",,"","","",
24340867,243408672,2,F,,20241004,20240919,20241017,PER,"",US-SMPA-2024SPA002732,SUNOVION,"",,"","","",Y,,"",20241017,"",CN,US,US,,,Fatigue,"",3,C,OZEMPIC,SEMAGLUTIDE,1,Unknown,unknown,,"","","","",,"",,"","","",
24340874,243408743,3,F,,20241114,20240919,20241125,PER,"",US-SMPA-2024SPA001871,SUNOVION,"",,"","","",Y,,"",20241125,"",CN,US,US,,,Dizziness,"",6,C,OZEMPIC,SEMAGLUTIDE,1,Unknown,UNK,,"","","","",,"",,"","","",
24341296,243412962,2,F,20240401,20241001,20240920,20241014,EXP,"","US-Axsome Therapeutics, Inc.-AXS202409-001369","AXSOME THERAPEUTICS, INC.","",64,YR,A,F,Y,,"",20241014,"","",US,"",243412962,HO,Vomiting,"",7,C,OZEMPIC,SEMAGLUTIDE,1,Unknown,UNK,,"","","","",,"",,"",Unknown,"",3
24341683,243416833,3,F,20240521,20241029,20240920,20241105,EXP,"",US-ABBVIE-5926666,ABBVIE,"",46,YR,"",F,Y,,"",20241105,"",CN,US,US,243416833,OT,Dysplasia,"",2,C,OZEMPIC,SEMAGLUTIDE,1,"","",,"","","","",,"",,"","","",7
24341704,243417042,2,F,20240601,20240925,20240920,20241018,EXP,"",US-ACADIA PHARMACEUTICALS INC.-ACA-2024-PIM-003273,ACADIA PHARMACEUTICALS,"",76,YR,"",M,Y,,"",20241018,"",CN,US,US,243417042,HO,COVID-19,"",5,C,OZEMPIC,SEMAGLUTIDE,1,"","",,"","","","",,"",,"","","",3
24341917,243419172,2,F,,20241202,20240920,20241211,EXP,"",US-NOVOPROD-1283657,NOVO NORDISK,"",,"",A,F,Y,,"",20241211,"",HP,US,US,243419172,OT,Hypertension,"",1,PS,OZEMPIC,SEMAGLUTIDE,1,Subcutaneous,UNK,,"",U,"","",,209637,,"",Solution for injection,"",7
24341919,243419193,3,F,20240801,20241028,20240920,20241106,EXP,"",US-NOVOPROD-1283330,NOVO NORDISK,"",69,YR,"",M,Y,,"",20241106,"",CN,US,US,243419193,OT,Visual impairment,"",1,PS,OZEMPIC,SEMAGLUTIDE,1,Subcutaneous,"0.5 mg, qw",,"",N,"",PZF9F62,,209637,0.5,MG,Solution for injection,/WK,7
24341985,243419854,4,F,20240101,20241202,20240920,20241211,EXP,"",US-NOVOPROD-1283118,NOVO NORDISK,"",76,YR,"",F,Y,82.54,KG,20241211,"",HP,US,US,243419854,OT,Condition aggravated,"",1,PS,OZEMPIC,SEMAGLUTIDE,1,Subcutaneous,"UNK UNK, qw",,"",U,"","",,209637,,"",Solution for injection,"",7
24342457,243424572,2,F,20240827,20241007,20240920,20241010,EXP,"",US-ABBVIE-5927289,ABBVIE,"",51,YR,"",F,Y,,"",20241010,"",CN,US,US,243424572,OT,Hysterectomy,"",4,C,OZEMPIC,SEMAGLUTIDE,1,Unknown,"",,"","","","",,"",,"","","",7
24344728,243447283,3,F,,20241112,20240920,20241126,EXP,"",US-SMPA-2024SPA002924,SUNOVION,"",,"","","",Y,,"",20241126,"",CN,US,US,243447283,OT,Thrombosis,"",7,C,RYBELSUS,SEMAGLUTIDE,1,Unknown,"",,"","","","",,"",,"","","",7
24344824,243448243,3,F,20230201,20241017,20240920,20241023,EXP,"","US-ALNYLAM PHARMACEUTICALS, INC.-ALN-2024-004951",ALNYLAM PHARMACEUTICALS,"",,"","","",Y,,"",20241023,"",MD,US,US,243448243,OT,Fatigue,"",9,C,RYBELSUS,SEMAGLUTIDE,1,Unknown,"3.5 milligram, qd",,"","","","",,"",3.5,MG,Tablet,QD,7
24345951,243459512,2,F,20190101,20241204,20240920,20241210,EXP,"",US-ELI_LILLY_AND_COMPANY-US202409011344,ELI LILLY AND COMPANY,"",63,YR,A,F,Y,97.959,KG,20241210,"",LW,US,US,243459512,HO,Nausea,"",3,SS,OZEMPIC,SEMAGLUTIDE,1,Unknown,"1 mg, weekly (1/W)",,"",N,"","",,"",1,MG,"",/WK,3
24345952,243459522,2,F,20230409,20241212,20240920,20241218,EXP,"",US-ELI_LILLY_AND_COMPANY-US202409011366,ELI LILLY AND COMPANY,"",43,YR,A,M,Y,84.807,KG,20241218,"",CN,US,US,243459522,HO,Nausea,"",5,SS,OZEMPIC,SEMAGLUTIDE,1,Unknown,"1 mg, weekly (1/W)",17.857,MG,U,"","",,"",1,MG,"",/WK,3
24346508,243465082,2,F,20210809,20241030,20240921,20241108,EXP,"",US-ABBVIE-5930043,ABBVIE,"",74,YR,"",F,Y,109,KG,20241108,"",CN,US,US,243465082,OT,Arthritis,"",26,C,OZEMPIC,SEMAGLUTIDE,1,"","",,"","","","",,"",2,MG,"",/WK,7
24348004,243480042,2,F,20230814,20241004,20240923,20241015,EXP,"",US-NOVOPROD-1283297,NOVO NORDISK,"",69,YR,"",M,Y,,"",20241015,"",CN,US,US,243480042,OT,Abdominal distension,"",1,PS,WEGOVY,SEMAGLUTIDE,1,Subcutaneous,2.4 mg,,"","","","",,215256,2.4,MG,Solution for injection,"",7
24348008,243480082,2,F,,20240919,20240923,20241003,EXP,"",US-NOVOPROD-1283242,NOVO NORDISK,"",,"","",F,Y,,"",20241003,"",MD,US,US,,,Psoriasis,"",1,PS,OZEMPIC,SEMAGLUTIDE,1,Subcutaneous,0.25 mg,,"","","","",,209637,0.25,MG,Solution for injection,"",
24348259,243482592,2,F,,20241002,20240923,20241015,EXP,"",US-NOVOPROD-1284016,NOVO NORDISK,"",,"","",F,Y,,"",20241015,"",CN,US,US,243482592,OT,Breast cancer metastatic,"",1,PS,OZEMPIC,SEMAGLUTIDE,1,Subcutaneous,"5 mg, qw",,"",U,"","",,209637,5,MG,Solution for injection,/WK,7
24348263,243482632,2,F,20210101,20241121,20240923,20241202,EXP,"",US-NOVOPROD-1284186,NOVO NORDISK,"",42,YR,"",F,Y,93.878,KG,20241202,"",CN,US,US,243482632,HO,Colectomy,"",1,PS,OZEMPIC,SEMAGLUTIDE,1,Subcutaneous,0.5 mg,,"",U,"","",,209637,0.5,MG,Solution for injection,"",3
24348906,243489062,2,F,,20240927,20240923,20241018,PER,"",US-SA-2024SA272338,SANOFI AVENTIS,"",53,YR,A,F,Y,,"",20241018,"",MD,US,US,,,Impaired quality of life,"",10,C,OZEMPIC,SEMAGLUTIDE,1,"","",,"",U,"","",,"",,"","","",
24349486,243494862,2,F,,20241024,20240923,20241031,EXP,"",US-PHARMING-PHAUS2024000815,PHARMING GROUP,"",,"","","",Y,,"",20241031,"",CN,US,US,243494862,OT,Renal cyst,"",6,C,WEGOVY,SEMAGLUTIDE,1,"","",,"","","","",,"",,"",Injection,"",7
24352173,243521732,2,F,20240101,20241001,20240923,20241016,PER,"",US-SA-2024SA274247,SANOFI AVENTIS,"",66,YR,E,F,Y,,"",20241016,"",MD,US,US,,,Asthma,"",7,C,OZEMPIC,SEMAGLUTIDE,1,"",UNK,,"",U,"","",,"",,"",Injection,"",
24354768,243547683,3,F,20211208,20241209,20240923,20241219,PER,"",US-ELI_LILLY_AND_COMPANY-US202409011361,ELI LILLY AND COMPANY,"",56,YR,A,F,Y,242,KG,20241219,"",LW,US,US,243547683,OT,Emotional distress,"",11,SS,OZEMPIC,SEMAGLUTIDE,1,Unknown,"0.5 mg, weekly (1/W)",11.5,MG,U,"","",,"",0.5,MG,"",/WK,7
24355019,243550193,3,F,,20241009,20240923,20241023,PER,"",US-SMPA-2024SPA002212,SUNOVION,"",,"","","",Y,,"",20241023,"",PH,US,US,,,Sleep disorder,"",18,C,OZEMPIC,SEMAGLUTIDE,1,Subcutaneous,"1 mg, qw",,"","","","",,"",1,MG,"",/WK,
24355283,243552832,2,F,20230901,20241107,20240924,20241119,EXP,"",US-NOVOPROD-1284861,NOVO NORDISK,"",74,YR,"",M,Y,,"",20241119,"",CN,US,US,243552832,HO,Taste disorder,"",1,PS,OZEMPIC,SEMAGLUTIDE,1,Subcutaneous,UNK,,"",Y,"",PAR0358,,209637,,"",Solution for injection,"",3
24355289,243552892,2,F,,20241117,20240924,20241127,EXP,"",US-NOVOPROD-1286655,NOVO NORDISK,"",,"",E,F,Y,,"",20241127,"",CN,US,US,243552892,OT,Blood glucose increased,"",1,PS,OZEMPIC,SEMAGLUTIDE,1,Subcutaneous,"0.5 mg, qw",,"",U,"",PZF9W31,,209637,0.5,MG,Solution for injection,/WK,7
24355868,243558685,5,F,20240901,20241108,20240924,20241114,PER,"",US-AMGEN-USASP2024189648,AMGEN,"",66,YR,E,F,Y,,"",20241114,"",CN,US,US,243558685,OT,Colonoscopy,"",4,C,OZEMPIC,SEMAGLUTIDE,1,"","2.0 milligram, qwk",,"","","","",,"",2,MG,"",/WK,7
24357137,243571372,2,F,20240906,20240923,20240924,20241001,EXP,"",US-UCBSA-2024047561,UCB,"",61,YR,"",M,Y,89.796,KG,20241001,"",HP,US,US,243571372,OT,Drug ineffective,"",8,C,OZEMPIC,SEMAGLUTIDE,1,"",.25 OR 0.5 PEN INJCTR,,"",U,"","",,"",,"","","",7
24358929,243589294,4,F,20241203,20241206,20240924,20241230,PER,"",US-SMPA-2024SPA002931,SUNOVION,"",,"","","",Y,,"",20241230,"",CN,US,US,243589294,OT,Surgery,"",9,C,OZEMPIC,SEMAGLUTIDE,1,Unknown,"",,"","","","",,"",,"","","",7
24359694,243596942,2,F,20230101,20241115,20240924,20241122,EXP,"",US-009507513-2409USA006287,MERCK,"",66,YR,"",M,Y,,"",20241122,"",MD,US,US,243596942,HO,Fatigue,"",5,C,RYBELSUS,SEMAGLUTIDE,1,"","",,"","","","",,"",,"","","",3
24360267,243602672,2,F,20240913,20241111,20240925,20241120,EXP,"",US-NOVOPROD-1285828,NOVO NORDISK,"",76,YR,"",F,Y,,"",20241120,"",CN,US,US,243602672,HO,Transient ischaemic attack,"",1,PS,OZEMPIC,SEMAGLUTIDE,1,Subcutaneous,"1 mg, qw",,"","","",par0359,,209637,1,MG,Solution for injection,/WK,3
24363040,243630402,2,F,,20241119,20240925,20241211,PER,"",US-SMPA-2024SPA002498,SUNOVION,"",,"","","",Y,,"",20241211,"",CN,US,US,,,Brain fog,"",13,C,OZEMPIC,SEMAGLUTIDE,1,Unknown,UNK,,"","","","",,"",,"","","",
24364538,243645384,4,F,20240901,20241108,20240926,20241117,EXP,"",US-UNITED THERAPEUTICS-UNT-2024-030091,UNITED THERAPEUTICS,"",72,YR,"",F,Y,69.388,KG,20241117,"","",US,US,243645384,HO,Dyspnoea,"",11,C,OZEMPIC,SEMAGLUTIDE,1,"",UNK,,"","","","",,"",,"","","",3
24364674,243646742,2,F,20210201,20241112,20240926,20241121,EXP,"",US-NOVOPROD-1286508,NOVO NORDISK,"",66,YR,"",F,Y,,"",20241121,"",CN,US,US,243646742,OT,Product storage error,"",1,PS,OZEMPIC,SEMAGLUTIDE,1,Subcutaneous,UNK,,"",U,"","",,209637,,"",Solution for injection,"",7
24364699,243646992,2,F,20240722,20241011,20240926,20241021,EXP,"",US-NOVOPROD-1288398,NOVO NORDISK,"",42,YR,"",F,Y,,"",20241021,"",PH,US,US,243646992,HO,Drug effect faster than expected,"",1,PS,OZEMPIC,SEMAGLUTIDE,1,Subcutaneous,2 mg,,"",U,"",PAR0370,,209637,2,MG,Solution for injection,"",3
24365653,243656532,2,F,,20241212,20240926,20241218,EXP,"",US-ABBVIE-5934302,ABBVIE,"",,"",E,F,Y,,"",20241218,"",CN,US,US,243656532,OT,Limb injury,"",2,SS,OZEMPIC,SEMAGLUTIDE,1,Subcutaneous,"",,"",U,"","",,"",,"","","",7
24366369,243663694,4,F,20240927,20241112,20240926,20241113,PER,"",US-PFIZER INC-202400264119,PFIZER,"",55,YR,"",F,Y,63.946,KG,20241113,"",HP,US,US,243663694,OT,Vomiting,"",2,C,OZEMPIC,SEMAGLUTIDE,1,"",UNK,,"","","","",,"",,"","","",7
24368046,243680462,2,F,20240909,20240925,20240926,20241007,PER,"","US-Ipsen Biopharmaceuticals, Inc.-2024-18801",IPSEN,"",55,YR,A,F,Y,,"",20241007,"",HP,US,US,,,Product preparation error,"",7,C,WEGOVY,SEMAGLUTIDE,1,"",weekly,,"","","","",,"",2.4,MG,"",/WK,
24368731,243687312,2,F,,20240926,20240926,20241009,PER,"","US-B.I. Pharmaceuticals,Inc./Ridgefield-2024-BI-053785",BOEHRINGER INGELHEIM,"",,"",A,M,Y,,"",20241009,"",MD,US,US,,,Dizziness,"",2,C,OZEMPIC,SEMAGLUTIDE,1,"","",,"","","","",,"",,"","","",
24369011,243690112,2,F,,20241010,20240927,20241022,EXP,"",US-NOVOPROD-1287249,NOVO NORDISK,"",,"","",F,Y,,"",20241022,"",HP,US,US,243690112,OT,Pseudopapilloedema,"",1,PS,OZEMPIC,SEMAGLUTIDE,1,Subcutaneous,UNK,,"",N,"","",,209637,,"",Solution for injection,"",7
24369346,243693462,2,F,20220601,20241217,20240927,20241224,PER,"",US-ELI_LILLY_AND_COMPANY-US202409012007,ELI LILLY AND COMPANY,"",37,YR,A,F,Y,,"",20241224,"",LW,US,US,243693462,OT,Diarrhoea,"",5,SS,OZEMPIC,SEMAGLUTIDE,1,Unknown,"2 mg, daily",86,MG,U,"","",,"",2,MG,"",QD,7
24371358,243713582,2,F,20240901,20241024,20240927,20241031,EXP,"",US-RECORDATI RARE DISEASE INC.-2024007357,RECORDATI,"",,"","","",Y,,"",20241031,"",CN,US,US,243713582,HO,Inappropriate schedule of product administration,"",12,C,OZEMPIC,SEMAGLUTIDE,1,"",UNK,,"",D,"","",,"",,"","","",3
24376935,243769353,3,F,20240101,20241130,20240930,20241210,PER,"",US-SA-2024SA277941,SANOFI AVENTIS,"",46,YR,A,F,Y,93.64,KG,20241210,"",MD,US,US,243769353,OT,Therapeutic response decreased,"",3,C,OZEMPIC,SEMAGLUTIDE,1,"","",,"",U,"","",,"",,"","","",7
24377291,243772912,2,F,,20241128,20240930,20241209,EXP,"",US-NOVOPROD-1287953,NOVO NORDISK,"",,"","",F,Y,,"",20241209,"",CN,US,US,243772912,OT,Eye operation,"",1,PS,OZEMPIC,SEMAGLUTIDE,1,Subcutaneous,"0.5 mg, qw",,"",U,"",PZF9M93,,209637,0.5,MG,Solution for injection,/WK,7
24377940,243779402,2,F,20240910,20241009,20240930,20241011,PER,"",US-AMGEN-USASP2024190863,AMGEN,"",73,YR,E,F,Y,,"",20241011,"",CN,US,US,,,Visual impairment,"",6,C,OZEMPIC,SEMAGLUTIDE,1,Unknown,UNK,,"","","","",,"",,"",Unknown formulation,"",
24379884,243798842,2,F,,20241008,20240930,20241028,EXP,"","US-BELCHER PHARMACEUTICALS, LLC-2024US003195",PAREXEL,"",,"","","",Y,,"",20241018,"",HP,US,US,243798842,HO,Pancreatitis,"",1,PS,SEMAGLUTIDE,SEMAGLUTIDE,1,Unknown,"8 units, (5 mg/2 mL (2.5 mg/mL)",,"",U,"",I827G005A1,,"",,"",Injection,"",3
24381366,243813661,1,I,,20240908,20241001,20241001,PER,"",US-SA-2024SA279499,SANOFI AVENTIS,"",,"",A,F,Y,,"",20241001,"",MD,US,US,,,Loss of personal independence in daily activities,"",2,C,OZEMPIC,SEMAGLUTIDE,1,"","UNK; 2mg/2mL, 4mg/3mL",,"",U,"","",,"",,"",Injection,"",
24381383,243813831,1,I,,20240919,20241001,20241001,EXP,"",US-NOVOPROD-1287942,NOVO NORDISK,"",68,YR,"",M,Y,,"",20241001,"",CN,US,US,243813831,OT,Cardiac disorder,"",1,PS,OZEMPIC,SEMAGLUTIDE,1,Subcutaneous,UNK,,"",U,"","",,209637,,"",Solution for injection,"",7
24381386,243813861,1,I,,20240918,20241001,20241001,EXP,"",US-NOVOPROD-1287851,NOVO NORDISK,"",,"","",F,Y,,"",20241001,"",CN,US,US,243813861,HO,Wrong technique in product usage process,"",1,PS,OZEMPIC,SEMAGLUTIDE,1,Subcutaneous,"2 mg, qw",,"",U,"",PAR0368,,209637,2,MG,Solution for injection,/WK,3
24381389,243813891,1,I,20210101,20240919,20241001,20241001,EXP,"",US-NOVOPROD-1287847,NOVO NORDISK,"",57,YR,"",F,Y,,"",20241001,"",CN,US,US,243813891,HO,Gastrooesophageal reflux disease,"",1,PS,OZEMPIC,SEMAGLUTIDE,1,Subcutaneous,0.5mg weekly,,"",U,"","",,209637,0.5,MG,Solution for injection,/WK,3
24381391,243813912,2,F,20190701,20241104,20241001,20241114,EXP,"",US-NOVOPROD-1287949,NOVO NORDISK,"",76,YR,"",M,Y,,"",20241114,"",CN,US,US,243813912,HO,Diarrhoea,"",1,PS,OZEMPIC,SEMAGLUTIDE,1,Subcutaneous,0.25 mg,,"",U,"","",,209637,0.25,MG,Solution for injection,"",3
24381392,243813921,1,I,20240726,20240919,20241001,20241001,EXP,"",US-NOVOPROD-1269465,NOVO NORDISK,"",82,YR,"",F,Y,,"",20241001,"",CN,US,US,243813921,HO,Myocardial infarction,"",1,PS,OZEMPIC,SEMAGLUTIDE,1,Subcutaneous,"0.25 mg, qw",,"",Y,"","",,209637,0.25,MG,Solution for injection,/WK,3
24381396,243813961,1,I,,20240919,20241001,20241001,EXP,"",US-NOVOPROD-1289727,NOVO NORDISK,"",,"",A,F,Y,,"",20241001,"",CN,US,US,243813961,HO,Limb injury,"",1,PS,OZEMPIC,SEMAGLUTIDE,1,Subcutaneous,UNK,,"","","",PAR0248,,209637,,"",Solution for injection,"",3
24381397,243813971,1,I,,20240919,20241001,20241001,EXP,"",US-NOVOPROD-1289425,NOVO NORDISK,"",,"",A,F,Y,,"",20241001,"",MD,US,US,243813971,OT,Colitis ischaemic,"",1,PS,OZEMPIC,SEMAGLUTIDE,1,Subcutaneous,UNK,,"",Y,"","",,209637,,"",Solution for injection,"",7
24381398,243813981,1,I,,20240919,20241001,20241001,EXP,"",US-NOVOPROD-1289101,NOVO NORDISK,"",,"","",F,Y,,"",20241001,"",MD,US,US,243813981,OT,Constipation,"",1,PS,OZEMPIC,SEMAGLUTIDE,1,Subcutaneous,UNK,,"",Y,"","",,209637,,"",Solution for injection,"",7
24381401,243814011,1,I,,20240919,20241001,20241001,EXP,"",US-NOVOPROD-1289291,NOVO NORDISK,"",65,YR,"","",Y,,"",20241001,"",CN,US,US,243814011,HO,Ileus,"",1,PS,OZEMPIC,SEMAGLUTIDE,1,"","",,"",U,"","",,209637,,"",Solution for injection,"",3
24381402,243814022,2,F,20240705,20241118,20241001,20241127,EXP,"",US-NOVOPROD-1289500,NOVO NORDISK,"",66,YR,"",F,Y,,"",20241127,"",CN,US,US,243814022,OT,Shoulder arthroplasty,"",1,PS,OZEMPIC,SEMAGLUTIDE,1,Subcutaneous,"0.5 mg, qw",,"",U,"",NZF8H01,,209637,0.5,MG,Solution for injection,/WK,7
24381403,243814033,3,F,20240816,20241014,20241001,20241028,EXP,"",US-NOVOPROD-1289128,NOVO NORDISK,"",52,YR,"",F,Y,,"",20241028,"",CN,US,US,243814033,OT,Urticaria,"",1,PS,WEGOVY,SEMAGLUTIDE,1,Subcutaneous,"1.7 mg, qw",34.283,MG,Y,"","",,215256,1.7,MG,Solution for injection,/WK,7
24381404,243814041,1,I,,20240919,20241001,20241001,EXP,"",US-NOVOPROD-1289303,NOVO NORDISK,"",,"","",F,Y,,"",20241001,"",MD,US,US,243814041,OT,Colitis ischaemic,"",1,PS,OZEMPIC,SEMAGLUTIDE,1,Subcutaneous,UNK,,"",Y,"","",,209637,,"",Solution for injection,"",7
24381405,243814052,2,F,20220616,20241121,20241001,20241202,EXP,"",US-NOVOPROD-1289606,NOVO NORDISK,"",65,YR,"",F,Y,95.238,KG,20241202,"",CN,US,US,243814052,HO,Cholelithiasis,"",1,PS,OZEMPIC,SEMAGLUTIDE,1,Subcutaneous,0.25 mg qw,,"",Y,"","",,"",0.25,MG,Solution for injection,/WK,3
24381406,243814062,2,F,20240920,20241126,20241001,20241208,EXP,"",US-NOVOPROD-1288847,NOVO NORDISK,"",58,YR,"",F,Y,,"",20241209,"",CN,US,US,243814062,OT,Foot operation,"",1,PS,OZEMPIC,SEMAGLUTIDE,1,Subcutaneous,1 mg,,"",Y,"",PAR0248,,209637,1,MG,Solution for injection,"",7
24381407,243814071,1,I,20240401,20240919,20241001,20241001,EXP,"",US-NOVOPROD-1289294,NOVO NORDISK,"",,"","",F,Y,,"",20241001,"",MD,US,US,243814071,OT,Malaise,"",1,PS,WEGOVY,SEMAGLUTIDE,1,Subcutaneous,UNK,,"",Y,"","",,215256,,"",Solution for injection,"",7
24381408,243814081,1,I,,20240919,20241001,20241001,EXP,"",US-NOVOPROD-1288567,NOVO NORDISK,"",,"","",M,Y,,"",20241001,"",CN,US,US,243814081,OT,Cataract,"",1,PS,OZEMPIC,SEMAGLUTIDE,1,Subcutaneous,"2 mg, qw",,"",U,"","",,209637,2,MG,Solution for injection,/WK,7
24381409,243814091,1,I,,20240919,20241001,20241001,EXP,"",US-NOVOPROD-1289084,NOVO NORDISK,"",78,YR,"","",Y,,"",20241001,"",CN,US,US,243814091,OT,Bezoar,"",1,PS,OZEMPIC,SEMAGLUTIDE,1,Subcutaneous,UNK,,"",U,"","",,209637,,"",Solution for injection,"",7
24381470,243814701,1,I,,20240919,20241001,20241001,EXP,"",US-NOVOPROD-1290055,NOVO NORDISK,"",,"","","",Y,,"",20241001,"",CN,US,US,243814701,OT,Renal disorder,"",1,PS,OZEMPIC,SEMAGLUTIDE,1,Subcutaneous,UNK,,"",U,"","",,209637,,"",Solution for injection,"",7
24381472,243814721,1,I,20230913,20240919,20241001,20241001,EXP,"",US-NOVOPROD-1290050,NOVO NORDISK,"",82,YR,"",F,Y,,"",20241001,"",CN,US,US,243814721,OT,Medical device implantation,"",1,PS,OZEMPIC,SEMAGLUTIDE,1,Subcutaneous,UNK,,"",U,"",PZF9C20,,209637,,"",Solution for injection,"",7
24381542,243815421,1,I,,20240920,20241001,20241001,EXP,"",US-NOVOPROD-1288107,NOVO NORDISK,"",44,YR,"","",Y,,"",20241001,"",MD,US,US,243815421,OT,Visual impairment,"",1,PS,WEGOVY,SEMAGLUTIDE,1,Subcutaneous,UNK,,"",N,"","",,215256,,"",Solution for injection,"",7
24381647,243816471,1,I,,20240920,20241001,20241001,EXP,"",US-NOVOPROD-1288945,NOVO NORDISK,"",,"","",F,Y,,"",20241001,"",CN,US,US,243816471,OT,Knee operation,"",1,PS,OZEMPIC,SEMAGLUTIDE,1,Subcutaneous,0.5 mg,,"",U,"","",,209637,0.5,MG,Solution for injection,"",7
24381660,243816601,1,I,,20240920,20241001,20241001,EXP,"",US-NOVOPROD-1290045,NOVO NORDISK,"",,"",A,F,Y,,"",20241001,"",CN,US,US,243816601,OT,Condition aggravated,"",1,PS,WEGOVY,SEMAGLUTIDE,1,Subcutaneous,UNK,,"","","","",,215256,,"",Solution for injection,"",7
24381661,243816611,1,I,,20240920,20241001,20241001,EXP,"",US-NOVOPROD-1289607,NOVO NORDISK,"",,"","",F,Y,,"",20241001,"",CN,US,US,243816611,OT,Thyroid cancer,"",1,PS,WEGOVY,SEMAGLUTIDE,1,Subcutaneous,UNK,,"",U,"","",,215256,,"",Solution for injection,"",7
24381664,243816641,1,I,20230101,20240920,20241001,20241001,EXP,"",US-NOVOPROD-1289552,NOVO NORDISK,"",69,YR,"",F,Y,,"",20241001,"",CN,US,US,243816641,HO,Eye contusion,"",1,PS,OZEMPIC,SEMAGLUTIDE,1,Subcutaneous,"0.25 mg, qw",,"",U,"",NZF8C27,,209637,0.25,MG,Solution for injection,/WK,3
24381665,243816651,1,I,,20240920,20241001,20241001,EXP,"",US-NOVOPROD-1290283,NOVO NORDISK,"",,"","",F,Y,,"",20241001,"",CN,US,US,243816651,HO,Hospitalisation,"",1,PS,OZEMPIC,SEMAGLUTIDE,1,Subcutaneous,0.25 mg,,"",U,"","",,209637,,"",Solution for injection,"",3
24381666,243816661,1,I,20230101,20240920,20241001,20241001,EXP,"",US-NOVOPROD-1289527,NOVO NORDISK,"",73,YR,"",F,Y,,"",20241001,"",CN,US,US,243816661,HO,Transient ischaemic attack,"",1,PS,OZEMPIC,SEMAGLUTIDE,1,Subcutaneous,"0.5 mg, qw",,"",U,"","",,209637,0.5,MG,Solution for injection,/WK,3
24381667,243816671,1,I,,20240920,20241001,20241001,EXP,"",US-NOVOPROD-1291021,NOVO NORDISK,"",,"","",F,Y,,"",20241001,"",CN,US,US,243816671,OT,Blood pressure increased,"",1,PS,OZEMPIC,SEMAGLUTIDE,1,Subcutaneous,UNK,,"","","","",,209637,,"",Solution for injection,"",7
24381923,243819231,1,I,,20240927,20241001,20241001,PER,"",US-ELI_LILLY_AND_COMPANY-US202409018326,ELI LILLY AND CO,"",52,YR,A,F,Y,,"",20241001,"",CN,US,US,,,Impaired gastric emptying,"",5,SS,OZEMPIC,SEMAGLUTIDE,1,Unknown,"UNK UNK, unknown",,"",U,"","",,"",,"","","",
24381961,243819613,3,F,,20241015,20241001,20241017,PER,"",US-AMGEN-USASP2024192929,AMGEN,"",,"",A,M,Y,,"",20241017,"",HP,US,US,,,Pain,"",7,C,OZEMPIC,SEMAGLUTIDE,1,Unknown,4MG/3ML,,"","","","",,"",,"",Injection,"",
24383174,243831741,1,I,20240101,20240624,20241001,20241001,PER,"",US-CATALYST PHARMACEUTICALS-US-CATA-24-00504,CATALYST PHARMA,"",,"","",M,Y,57.596,KG,20241001,"",CN,US,US,,,Drug ineffective,"",13,C,WEGOVY,SEMAGLUTIDE,1,Subcutaneous,weekly,,"","","",UNKNOWN,,"",,"",Solution,/WK,
24383339,243833391,1,I,20240101,20240927,20241001,20241001,PER,"",US-AMGEN-USASP2024193451,AMGEN,"",66,YR,E,F,Y,,"",20241001,"",MD,US,US,,,Therapy interrupted,"",4,C,OZEMPIC,SEMAGLUTIDE,1,Unknown,UNK,,"","","","",,"",,"","","",
24383846,243838461,1,I,,20240910,20241001,20241001,PER,"",US-SA-2024SA278434,SANOFI AVENTIS,"",,"",A,F,Y,108.64,KG,20240929,"",MD,US,US,,,Visual impairment,"",3,C,OZEMPIC,SEMAGLUTIDE,1,"","",,"",U,"","",,"",,"","","",
24383929,243839291,1,I,,20240919,20241001,20241001,PER,"",US-GSK-US2024AMR117423,GLAXOSMITHKLINE,"",,"","",F,Y,83.2,KG,20240929,"",CN,US,US,,,Platelet count decreased,"",3,C,OZEMPIC,SEMAGLUTIDE,1,"","unk, 0.25 OR 0.5 PEN INJCTR",,"",U,"","",,"",,"","","",
24384043,243840431,1,I,,20240920,20241001,20241001,PER,"",US-SA-2024SA279484,SANOFI AVENTIS,"",,"",A,F,Y,,"",20240930,"",MD,US,US,,,Sleep disorder due to a general medical condition,"",12,C,OZEMPIC,SEMAGLUTIDE,1,"",0.2 SOP 2MG/3ML,,"",U,"","",,"",,"","","",
24384105,243841051,1,I,20240415,20240917,20241001,20241001,EXP,"",US-NOVOPROD-1287484,NOVO NORDISK,"",61,YR,"",F,Y,,"",20240930,"",CN,US,US,243841051,OT,Dehydration,"",1,PS,WEGOVY,SEMAGLUTIDE,1,Subcutaneous,"",,"",Y,"","",,215256,,"",Solution for injection,"",7
24384117,243841171,1,I,,20240918,20241001,20241001,EXP,"",US-NOVOPROD-1287771,NOVO NORDISK,"",,"","",M,Y,,"",20240930,"",HP,US,US,243841171,HO,Hospitalisation,"",1,PS,WEGOVY,SEMAGLUTIDE,1,Subcutaneous,UNK,,"",U,"","",,215256,,"",Solution for injection,"",3
24384143,243841431,1,I,,20240918,20241001,20241001,EXP,"",US-NOVOPROD-1287905,NOVO NORDISK,"",,"",A,M,Y,,"",20240930,"",CN,US,US,243841431,OT,Dysphonia,"",1,PS,OZEMPIC,SEMAGLUTIDE,1,Subcutaneous,UNK,,"","","","",,209637,,"",Solution for injection,"",7
24384203,243842031,1,I,,20240919,20241001,20241001,EXP,"",US-NOVOPROD-1288022,NOVO NORDISK,"",,"",A,M,Y,,"",20240930,"",CN,US,US,243842031,HO,COVID-19,"",1,PS,WEGOVY,SEMAGLUTIDE,1,Subcutaneous,UNK,,"",U,"","",,215256,,"",Solution for injection,"",3
24384206,243842061,1,I,,20240919,20241001,20241001,EXP,"",US-NOVOPROD-1288735,NOVO NORDISK,"",,"",A,F,Y,,"",20240930,"",MD,US,US,243842061,OT,Seizure,"",1,PS,OZEMPIC,SEMAGLUTIDE,1,Subcutaneous,"1 mg, qw",,"",Y,"","",,209637,1,MG,Solution for injection,/WK,7
24384210,243842101,1,I,20240701,20240919,20241001,20241001,EXP,"",US-NOVOPROD-1287967,NOVO NORDISK,"",60,YR,"",F,Y,,"",20240930,"",CN,US,US,243842101,OT,Vision blurred,"",1,PS,WEGOVY,SEMAGLUTIDE,1,Subcutaneous,"1 mg, qw",,"",U,"","",,215256,1,MG,Solution for injection,/WK,7
24384215,243842151,1,I,,20240919,20241001,20241001,EXP,"",US-NOVOPROD-1289532,NOVO NORDISK,"",,"","",F,Y,,"",20240930,"",CN,US,US,243842151,DS,Bipolar disorder,"",1,PS,OZEMPIC,SEMAGLUTIDE,1,Subcutaneous,UNK,,"",U,"","",,209637,,"",Solution for injection,"",4
24384216,243842161,1,I,20240131,20240919,20241001,20241001,EXP,"",US-NOVOPROD-1288873,NOVO NORDISK,"",64,YR,"",F,Y,,"",20240930,"",CN,US,US,243842161,HO,Product use in unapproved indication,"",1,PS,OZEMPIC,SEMAGLUTIDE,1,"","",,"",U,"","",,209637,,"",Solution for injection,"",3
24384217,243842172,2,F,20230221,20241104,20241001,20241114,EXP,"",US-NOVOPROD-1289656,NOVO NORDISK,"",37,YR,"",F,Y,185.94,KG,20241114,"",CN,US,US,243842172,LT,Nausea,"",1,PS,OZEMPIC,SEMAGLUTIDE,1,Subcutaneous,"0.5 mg, qw",5.25,MG,U,"","",,209637,0.5,MG,Solution for injection,/WK,2
24384510,243845101,1,I,,20240920,20241001,20241001,PER,"",US-ELI_LILLY_AND_COMPANY-US202409014419,ELI LILLY AND CO,"",45,YR,A,"",Y,,"",20241001,"",LW,US,US,243845101,OT,Abdominal pain,"",2,SS,WEGOVY,SEMAGLUTIDE,1,Unknown,"UNK UNK, unknown",,"",U,"","",,"",,"","","",7
24385268,243852681,1,I,20240101,20240912,20241001,20241001,PER,"",US-SA-2024SA280533,SANOFI AVENTIS,"",,"",A,F,Y,78.47,KG,20241001,"",MD,US,US,,,Cough,"",6,C,OZEMPIC,SEMAGLUTIDE,1,"",UNK,,"",U,"","",,"",,"","","",
24385478,243854782,2,F,20240101,20241003,20241001,20241018,PER,"",US-SA-2024SA278245,SANOFI AVENTIS,"",65,YR,E,F,Y,,"",20241018,"",MD,US,US,,,Flatulence,"",5,C,OZEMPIC,SEMAGLUTIDE,1,"","",,"",U,"","",,"",,"","","",
24385558,243855581,1,I,,20240927,20241001,20241001,PER,"",US-AMGEN-USASP2024193077,AMGEN,"",,"","",F,Y,,"",20241001,"",PH,US,US,,,Infection,"",18,C,SEMAGLUTIDE,SEMAGLUTIDE,1,"","0.25 milligram, 0.5 milligram",,"","","","",,"",,"","","",
24385883,243858831,1,I,20240820,20240821,20241001,20241001,PER,"",US-LUNDBECK-DKLU4003336,LUNDBECK,"",,"","","",Y,,"",20241001,"",HP,US,US,,,Off label use,"",7,C,OZEMPIC,SEMAGLUTIDE,1,Subcutaneous,"",,"","","","",,"",,"","","",
24385917,243859171,1,I,,20240920,20241001,20241001,EXP,"",US-ELI_LILLY_AND_COMPANY-US202409013416,ELI LILLY AND CO,"",61,YR,A,M,Y,,"",20241001,"",CN,US,US,243859171,OT,Rib fracture,"",3,SS,WEGOVY,SEMAGLUTIDE,1,Unknown,"UNK UNK, unknown",,"",Y,"","",,"",,"","","",7
24386064,243860641,1,I,20240922,20241001,20241001,20241001,DIR,720756,"",FDA-CTU,"",53,YR,"",F,N,127.35,KG,20241001,N,CN,US,"",,,Pain in extremity,"",1,PS,WEGOVY,SEMAGLUTIDE,1,Intramuscular,OTHER FREQUENCY : weekly;?,,"","",D,"",,99,,"","",999,
24386191,243861912,2,F,20221201,20241202,20241001,20241213,EXP,"",US-NOVOPROD-1287202,NOVO NORDISK,"",,"",A,F,Y,,"",20241213,"",CN,US,US,243861912,OT,Blood catecholamines decreased,"",1,PS,OZEMPIC,SEMAGLUTIDE,1,Subcutaneous,0.25 mg,,"",N,"","",,209637,0.25,MG,Solution for injection,"",7
24386417,243864171,1,I,20240101,20240923,20241002,20241002,PER,"",US-ABBVIE-5935615,ABBVIE,"",,"","",M,Y,93.893,KG,20241002,"",CN,US,US,,,Diabetes mellitus,"",2,C,OZEMPIC,SEMAGLUTIDE,1,"","",,"","","","",,"",,"","","",
24386573,243865731,1,I,,20240924,20241002,20241002,PER,"",US-UNITED THERAPEUTICS-UNT-2024-030803,UNITED THERAPEUTICS,"",,"","",F,Y,97.506,KG,20241002,"","",US,US,,,Productive cough,"",21,C,OZEMPIC,SEMAGLUTIDE,1,"",UNK,,"","","","",,"",,"","","",
24387395,243873951,1,I,,20240821,20241002,20241002,PER,"",US-LUNDBECK-DKLU4003296,LUNDBECK,"",,"","","",Y,,"",20241002,"",PH,US,US,,,Drug ineffective,"",12,C,OZEMPIC,SEMAGLUTIDE,1,Oral,"",,"","","","",,"",,"","","",
24387455,243874551,1,I,20240901,20240927,20241002,20241002,PER,"",US-PFIZER INC-202400267508,PFIZER,"",39,YR,"",F,Y,,"",20241002,"",HP,US,US,243874551,HO,Pulmonary embolism,"",14,C,OZEMPIC,SEMAGLUTIDE,1,"",UNK,,"","","","",,"",,"","","",3
24387457,243874571,1,I,,20240929,20241002,20241002,PER,"",US-PFIZER INC-202400266508,PFIZER,"",68,YR,"",F,Y,,"",20241002,"",CN,US,US,,,Nausea,"",4,C,OZEMPIC,SEMAGLUTIDE,1,"",Once a week,,"","","","",,"",,"","","",
24387682,243876821,1,I,20240916,20241001,20241001,20241001,DIR,720982,"",FDA-CTU,"",70,YR,"",F,N,76.5,KG,20241001,N,CN,US,"",,,Dyspnoea,"",1,PS,OZEMPIC,SEMAGLUTIDE,1,Subcutaneous,OTHER FREQUENCY : Once a week;?,,"",Y,D,"",,99,,"","",999,
24387807,243878072,2,F,20240701,20241002,20241002,20241005,PER,"",US-ELI_LILLY_AND_COMPANY-US202410001402,ELI LILLY AND CO,"",72,YR,E,M,Y,,"",20241005,"",CN,US,US,,,Injection site pain,"",2,SS,OZEMPIC,SEMAGLUTIDE,1,Unknown,"UNK UNK, unknown",,"",U,"","",,"",,"","","",
24387838,243878381,1,I,,20241001,20241001,20241001,DIR,720868,"",FDA-CTU,"",49,YR,"",M,N,,"",20241001,N,PH,US,"",243878381,RI,Vision blurred,"",1,PS,WEGOVY,SEMAGLUTIDE,1,Subcutaneous,OTHER FREQUENCY : weekly;?,,"",Y,"","",,"",0.25,MG,"",999,6
24388071,243880711,1,I,20240923,20241002,20241002,20241002,DIR,720994,"",FDA-CTU,"",71,YR,"",M,N,109.8,KG,20241002,N,CN,US,"",243880711,DS,Cerebrovascular accident,"",1,PS,OZEMPIC,SEMAGLUTIDE,1,Subcutaneous,OTHER QUANTITY : 1 Injection(s);?OTHER FREQUENCY : Q weekly;?,,"",Y,Y,PZF9Y69,20260228,"",,"","",999,4
24388293,243882931,1,I,20240919,20240924,20241002,20241002,EXP,"",US-BRISTOL-MYERS SQUIBB COMPANY-2024-151876,BRISTOL MYERS SQUIBB,"",63,YR,A,M,Y,,"",20241002,"",PH,US,US,243882931,OT,Ascites,"",8,C,RYBELSUS,SEMAGLUTIDE,1,"","",,"",U,"","",,"",,"",Tablet,"",7
24388710,243887101,1,I,20240921,20241001,20241001,20241001,DIR,720910,"",FDA-CTU,"",48,YR,"",F,N,72,KG,20241001,N,CN,US,"",243887101,DS,Incorrect dose administered,"",1,PS,SEMAGLUTIDE,SEMAGLUTIDE,1,Other,"OTHER FREQUENCY : Once per week;?OTHER ROUTE : Subcutaneous injection or 1 ml , weekly;?",,"",N,D,"",,99,,"","",999,4
24388854,243888541,1,I,,20240920,20241002,20241002,EXP,"",US-FARMAPROD-202409-3353,DOMPE FARMACEUTICI,"",,"",E,M,Y,,"",20241002,"",CN,US,US,243888541,HO,Eye operation,"",6,C,OZEMPIC,SEMAGLUTIDE,1,"",1/0.75 (3) PEN INJECTOR,,"","","","",,"",,"","","",3
24389411,243894111,1,I,,20240920,20241003,20241003,EXP,"",US-NOVOPROD-1289684,NOVO NORDISK,"",,"","",F,Y,,"",20241003,"",CN,US,US,243894111,OT,Off label use,"",1,PS,OZEMPIC,SEMAGLUTIDE,1,Subcutaneous,UNK,,"",U,"","",,209637,,"",Solution for injection,"",7
24389413,243894131,1,I,,20240919,20241003,20241003,EXP,"",US-NOVOPROD-1289543,NOVO NORDISK,"",77,YR,"",M,Y,,"",20241003,"",CN,US,US,243894131,HO,Headache,"",1,PS,OZEMPIC,SEMAGLUTIDE,1,Subcutaneous,0.5 mg,,"",N,"","",,209637,0.5,MG,Solution for injection,"",3
24389432,243894321,1,I,,20240920,20241003,20241003,EXP,"",US-NOVOPROD-1289566,NOVO NORDISK,"",,"","",F,Y,,"",20241003,"",CN,US,US,243894321,OT,Hypotension,"",1,PS,WEGOVY,SEMAGLUTIDE,1,Subcutaneous,UNK,,"",U,"","",,215256,,"",Solution for injection,"",7
24389505,243895051,1,I,20240925,20240930,20241003,20241003,PER,"",US-BRISTOL-MYERS SQUIBB COMPANY-2024-154723,BRISTOL MYERS SQUIBB,"",70,YR,E,F,Y,93.4,KG,20241003,"",PH,US,US,,,Pain in extremity,"",15,C,OZEMPIC,SEMAGLUTIDE,1,"","",,"",U,"","",,"",,"","","",
24389528,243895282,2,F,,20241114,20241003,20241124,EXP,"",US-NOVOPROD-1289713,NOVO NORDISK,"",,"","",F,Y,,"",20241125,"",CN,US,US,243895282,OT,Macular degeneration,"",1,PS,OZEMPIC,SEMAGLUTIDE,1,Subcutaneous,UNK,,"",U,"",PAR0010,,209637,,"",Solution for injection,"",7
24389539,243895391,1,I,,20240923,20241003,20241003,EXP,"",US-NOVOPROD-1290029,NOVO NORDISK,"",,"","",F,Y,,"",20241003,"",CN,US,US,243895391,OT,Visual impairment,"",1,PS,OZEMPIC,SEMAGLUTIDE,1,Subcutaneous,UNK,,"",U,"","",,209637,,"",Solution for injection,"",7
24389540,243895401,1,I,,20240923,20241003,20241003,EXP,"",US-NOVOPROD-1289822,NOVO NORDISK,"",,"",A,M,Y,,"",20241003,"",CN,US,US,243895401,OT,Abdominal discomfort,"",1,PS,OZEMPIC,SEMAGLUTIDE,1,Subcutaneous,UNK,,"","","",PZF9J36,,209637,,"",Solution for injection,"",7
24389543,243895431,1,I,20220101,20240923,20241003,20241003,EXP,"",US-NOVOPROD-1290270,NOVO NORDISK,"",,"",A,F,Y,,"",20241003,"",CN,US,US,243895431,OT,Optic ischaemic neuropathy,"",1,PS,WEGOVY,SEMAGLUTIDE,1,Subcutaneous,UNK,,"",U,"","",,215256,,"",Solution for injection,"",7
24389752,243897521,1,I,,20240925,20241003,20241003,PER,"",US-JNJFOC-20240980226,JOHNSON AND JOHNSON,"",73,YR,E,F,Y,99.3,KG,20241003,"",CN,US,US,,,Headache,"",16,C,OZEMPIC,SEMAGLUTIDE,1,Unknown,"",,"","","","",,"",,"",Unknown,"",
24390110,243901101,1,I,,20240918,20241003,20241003,EXP,"",US-SUN PHARMACEUTICAL INDUSTRIES LTD-2024R1-470893,RANBAXY,"Lee MKH, Ball PA. Euglycemic diabetic ketoacidosis in the setting of acute intracerebral hemorrhage. Surgical Neurology International. 2024;15 (0):1-5",83,YR,"",M,Y,,"",20241003,"",HP,US,US,243901101,HO,Cerebral haemorrhage,"",2,SS,SEMAGLUTIDE,SEMAGLUTIDE,1,Unknown,UNK,,"",Y,"","",,"",,"","","",3
24390565,243905652,2,F,20240101,20241004,20241003,20241011,EXP,"",US-ABBVIE-5946970,ABBVIE,"",,"","",F,Y,63.502,KG,20241011,"",CN,US,US,243905652,OT,Spinal stenosis,"",7,C,OZEMPIC,SEMAGLUTIDE,1,"","",,"","","","",,"",,"","","",7
24390860,243908601,1,I,20240930,20240930,20241003,20241003,PER,"",US-AMGEN-USASP2024195268,AMGEN,"",82,YR,E,M,Y,,"",20241003,"",CN,US,US,,,Wrong technique in product usage process,"",8,C,OZEMPIC,SEMAGLUTIDE,1,"",UNK,,"","","","",,"",,"","","",
24391622,243916221,1,I,20240501,20240926,20241003,20241003,PER,"",US-SA-2024SA280121,SANOFI AVENTIS,"",45,YR,A,M,Y,,"",20241003,"",HP,US,US,,,Incorrect dose administered,"",2,C,OZEMPIC,SEMAGLUTIDE,1,"",UNK,,"",U,"","",,"",,"","","",
24391745,243917451,1,I,,20240918,20241003,20241003,PER,"",US-SA-2024SA284566,SANOFI AVENTIS,"",,"",A,M,Y,,"",20241003,"",MD,US,US,,,Ocular hyperaemia,"",8,C,OZEMPIC,SEMAGLUTIDE,1,"","",,"",U,"","",,"",,"","","",
24391973,243919731,1,I,,20240918,20241003,20241003,PER,"",US-GRANULES-US-2024GRASPO00429,GRANULES INDIA,"",54,YR,A,F,Y,,"",20241003,"",PH,US,US,,,Product residue present,"",4,C,OZEMPIC,SEMAGLUTIDE,1,Unknown,"",,"","","",Unknown,,"",,"",UNK,"",
24392371,243923715,5,F,20240101,20241023,20241003,20241110,PER,"",US-SA-2024SA279930,SANOFI AVENTIS,"",59,YR,A,F,Y,,"",20241110,"",MD,US,US,,,Exposure via skin contact,"",3,C,OZEMPIC,SEMAGLUTIDE,1,"",UNK,,"",U,"","",,"",,"","","",
24392488,243924881,1,I,20240712,20240830,20241002,20241002,DIR,FDA-CDER-CTU-2024-68345,"",FDA-CTU,"",71,YR,"",M,N,225,LBS,20240830,N,CN,US,"",243924881,LT,Pulmonary oedema,"",1,PS,OZEMPIC,SEMAGLUTIDE,1,Subcutaneous,OTHER QUANTITY : 1 injection(s);?OTHER FREQUENCY : other;?,,"",D,D,"",,99,,"","",999,2
24392983,243929831,1,I,,20241001,20241003,20241003,PER,"",US-ELI_LILLY_AND_COMPANY-US202410002088,ELI LILLY AND CO,"",52,YR,A,"",Y,,"",20241003,"",LW,US,US,243929831,OT,Vomiting,"",3,SS,OZEMPIC,SEMAGLUTIDE,1,Unknown,"UNK UNK, unknown",,"",U,"","",,"",,"","","",7
24393073,243930731,1,I,20241001,20241003,20241003,20241003,DIR,721261,"",FDA-CTU,"",75,YR,"",M,N,80.55,KG,20241003,N,CN,US,"",243930731,RI,Constipation,"",1,PS,RYBELSUS,SEMAGLUTIDE,1,Oral,OTHER QUANTITY : 1 Tablet(s);?Frequency : Daily;?,,"",Y,D,PA42051,20251031,"",,"","",QD,6
24393322,243933221,1,I,20230101,20231113,20241003,20241003,PER,"",US-HARMONY BIOSCIENCES-2023HMY01768,HARMONY BIOSCIENCES,"",,"","","",Y,,"",20241003,"",MD,US,US,,,Exposure during pregnancy,"",11,C,SEMAGLUTIDE,SEMAGLUTIDE,1,"","",,"","","","",,"",,"","","",
24393347,243933471,1,I,,20241001,20241003,20241003,PER,"",US-AMGEN-USASP2024195561,AMGEN,"",,"","",F,Y,,"",20241003,"",CN,US,US,,,Device difficult to use,"",2,C,OZEMPIC,SEMAGLUTIDE,1,"","UNK UNK, q2wk",,"","","","",,"",,"","",QOW,
24393874,243938741,1,I,20221201,20220301,20241003,20241003,EXP,"",US-NOVOPROD-1278884,NOVO NORDISK,"",,"","","",Y,,"",20241003,"",CN,US,US,243938741,HO,Cerebrovascular accident,"",1,PS,OZEMPIC,SEMAGLUTIDE,1,Subcutaneous,UNK,,"",U,"","",,209637,,"",Solution for injection,"",3
24393875,243938751,1,I,,20220117,20241003,20241003,EXP,"",US-NOVOPROD-1279559,NOVO NORDISK,"",,"","","",Y,,"",20241003,"",CN,US,US,243938751,OT,Spinal stenosis,"",1,PS,OZEMPIC,SEMAGLUTIDE,1,Subcutaneous,UNK,,"",U,"","",,209637,,"",Solution for injection,"",7
24393951,243939512,2,F,,20240926,20241003,20241004,PER,"",US-ELI_LILLY_AND_COMPANY-US202409017819,ELI LILLY AND CO,"",76,YR,E,"",Y,,"",20241004,"",CN,US,US,243939512,HO,Nausea,"",2,SS,OZEMPIC,SEMAGLUTIDE,1,Unknown,"UNK UNK, unknown",,"",U,"","",,"",,"","","",3
24394283,243942831,1,I,,20240905,20241004,20241004,PER,"",US-SA-2024SA283913,SANOFI AVENTIS,"",,"",A,F,Y,,"",20241004,"",HP,US,US,,,Weight decreased,"",3,C,OZEMPIC,SEMAGLUTIDE,1,"",UNK,,"",U,"","",,"",,"","","",
24394348,243943481,1,I,20240917,20240923,20241004,20241004,EXP,"",US-NOVOPROD-1290327,NOVO NORDISK,"",72,YR,"",F,Y,,"",20241004,"",CN,US,US,243943481,HO,Product use in unapproved indication,"",1,PS,OZEMPIC,SEMAGLUTIDE,1,Subcutaneous,2 mg,,"","","",PAR0246,,209637,2,MG,Solution for injection,"",3
24394350,243943501,1,I,,20240923,20241004,20241004,EXP,"",US-NOVOPROD-1290131,NOVO NORDISK,"",50,YR,"",M,Y,,"",20241004,"",MD,US,US,243943501,OT,Colitis ischaemic,"",1,PS,OZEMPIC,SEMAGLUTIDE,1,Subcutaneous,UNK,,"",U,"","",,209637,,"",Solution for injection,"",7
24394353,243943531,1,I,,20240923,20241004,20241004,EXP,"",US-NOVOPROD-1290232,NOVO NORDISK,"",,"","",F,Y,,"",20241004,"",CN,US,US,243943531,DS,Disability,"",1,PS,OZEMPIC,SEMAGLUTIDE,1,Subcutaneous,UNK,,"",U,"","",,209637,,"",Solution for injection,"",4
24394362,243943621,1,I,20240815,20240923,20241004,20241004,EXP,"",US-NOVOPROD-1290612,NOVO NORDISK,"",77,YR,"",F,Y,,"",20241004,"",CN,US,US,243943621,OT,Blood glucose increased,"",1,PS,OZEMPIC,SEMAGLUTIDE,1,Subcutaneous,"0.25 mg, qw",,"","","",PZF9R13,,209637,0.25,MG,Solution for injection,/WK,7
24394363,243943631,1,I,20220101,20240923,20241004,20241004,EXP,"",US-NOVOPROD-1290675,NOVO NORDISK,"",,"","",F,Y,,"",20241004,"",CN,US,US,243943631,OT,Skin discolouration,"",1,PS,OZEMPIC,SEMAGLUTIDE,1,Subcutaneous,"2 mg, qw",,"",U,"",PAR0247,,209637,2,MG,Solution for injection,/WK,7
24394366,243943661,1,I,,20240923,20241004,20241004,EXP,"",US-NOVOPROD-1286480,NOVO NORDISK,"",74,YR,"",F,Y,,"",20241004,"",CN,US,US,243943661,OT,Dupuytren's contracture,"",1,PS,OZEMPIC,SEMAGLUTIDE,1,Subcutaneous,"0.5 mg, qw",,"",N,"","",,209637,0.5,MG,Solution for injection,/WK,7
24394369,243943691,1,I,,20240923,20241004,20241004,EXP,"",US-NOVOPROD-1290615,NOVO NORDISK,"",63,YR,"","",Y,,"",20241004,"",CN,US,US,243943691,HO,Intestinal obstruction,"",1,PS,OZEMPIC,SEMAGLUTIDE,1,Subcutaneous,UNK,,"",U,"","",,209637,,"",Solution for injection,"",3
24394370,243943701,1,I,20240901,20240923,20241004,20241004,EXP,"",US-NOVOPROD-1289777,NOVO NORDISK,"",78,YR,"",F,Y,,"",20241004,"",CN,US,US,243943701,HO,Gastrointestinal vascular malformation haemorrhagic,"",1,PS,OZEMPIC,SEMAGLUTIDE,1,Subcutaneous,"0.25 mg, qw",,"",U,"","",,209637,0.25,MG,Solution for injection,/WK,3
24394373,243943731,1,I,20240101,20240923,20241004,20241004,EXP,"",US-NOVOPROD-1289715,NOVO NORDISK,"",37,YR,"",F,Y,,"",20241004,"",MD,US,US,243943731,OT,Neck mass,"",1,PS,WEGOVY,SEMAGLUTIDE,1,Subcutaneous,UNK,,"",N,"","",,215256,,"",Solution for injection,"",7
24394374,243943741,1,I,20240101,20240923,20241004,20241004,EXP,"",US-NOVOPROD-1290356,NOVO NORDISK,"",,"","",M,Y,,"",20241004,"",CN,US,US,243943741,HO,Dizziness,"",1,PS,OZEMPIC,SEMAGLUTIDE,1,Subcutaneous,0.25 mg,,"",U,"","",,209637,0.25,MG,Solution for injection,"",3
24394465,243944651,1,I,,20240923,20241004,20241004,EXP,"",US-NOVOPROD-1291158,NOVO NORDISK,"",,"","",F,Y,,"",20241004,"",CN,US,US,243944651,DS,Disability,"",2,PS,OZEMPIC,SEMAGLUTIDE,1,Subcutaneous,UNK,,"",U,"","",,209637,,"",Solution for injection,"",4
24394468,243944681,1,I,,20240923,20241004,20241004,EXP,"",US-NOVOPROD-1291120,NOVO NORDISK,Jared Stuart et al.. FATAL CASE OF SEVERE ACUTE NECROTIZING PANCREATITIS IN THE SETTING OF RECENT GLP-1 RECEPTOR AGONIST INITIATION. Chest. 2024;166(4):2764-2765,63,YR,"",M,Y,,"",20241004,"",HP,US,US,243944681,DE,Multiple organ dysfunction syndrome,"",1,PS,SEMAGLUTIDE,SEMAGLUTIDE,1,"","1 mg, qw",,"",U,"","",,209637,1,MG,"",/WK,1
24394469,243944691,1,I,,20240923,20241004,20241004,EXP,"",US-NOVOPROD-1291002,NOVO NORDISK,"",,"","",F,Y,,"",20241004,"",CN,US,US,243944691,HO,Product dispensing issue,"",1,PS,OZEMPIC,SEMAGLUTIDE,1,Subcutaneous,0.25 mg,,"",U,"","",,209637,0.25,MG,Solution for injection,"",3
24394508,243945081,1,I,,20240924,20241004,20241004,EXP,"",US-NOVOPROD-1290083,NOVO NORDISK,"",69,YR,"","",Y,,"",20241004,"",CN,US,US,243945081,OT,Ileus,"",1,PS,OZEMPIC,SEMAGLUTIDE,1,Subcutaneous,UNK,,"",U,"","",,209637,,"",Solution for injection,"",7
24394591,243945912,2,F,20240131,20241119,20241004,20241201,EXP,"",US-NOVOPROD-1291613,NOVO NORDISK,"",64,YR,"",M,Y,,"",20241202,"",CN,US,US,243945912,OT,Wrong technique in product usage process,"",1,PS,OZEMPIC,SEMAGLUTIDE,1,Subcutaneous,UNK,,"",U,"",PAR0362,,209637,,"",Solution for injection,"",7
24394595,243945952,2,F,20231018,20241219,20241004,20241227,EXP,"",US-NOVOPROD-1291148,NOVO NORDISK,"",70,YR,"",F,Y,92.063,KG,20241227,"",CN,US,US,243945952,HO,Ileus,"",1,PS,OZEMPIC,SEMAGLUTIDE,1,"","",1.679,MG,U,"","",,209637,,"",Solution for injection,"",3
24394597,243945971,1,I,,20240924,20241004,20241004,EXP,"",US-NOVOPROD-1290887,NOVO NORDISK,"",,"",A,M,Y,,"",20241004,"",CN,US,US,243945971,OT,Multiple use of single-use product,"",1,PS,OZEMPIC,SEMAGLUTIDE,1,Subcutaneous,0.25mg/0.5mg,,"",U,"","",,209637,,"",Solution for injection,"",7
24394603,243946031,1,I,20230101,20240925,20241004,20241004,EXP,"",US-NOVOPROD-1292925,NOVO NORDISK,"",67,YR,"",F,Y,,"",20241004,"",CN,US,US,243946031,OT,Tooth extraction,"",1,PS,OZEMPIC,SEMAGLUTIDE,1,"","",,"","","","",,209637,,"",Solution for injection,"",7
24395009,243950092,2,F,,20241107,20241004,20241230,EXP,US-ALKEM LABORATORIES LIMITED-US-ALKEM-2024-21476,US-ALKEM LABORATORIES LIMITED-US-ALKEM-2024-21476,ALKEM,"Hean AC, Schneeberger AR, Lee KC. Unremitting Nausea Due to Lurasidone After Semaglutide Initiation. Primary Care Companion for CNS Disorders. 2024;26(4):24cr03736",35,YR,"",F,Y,112,KG,20241230,"",PH,US,US,,,Nausea,"",10,I,SEMAGLUTIDE,SEMAGLUTIDE,1,Subcutaneous,"0.25 milligram, once weekly",,"",U,U,Unknown,,"",0.25,MG,"",/WK,
24395834,243958341,1,I,,20241001,20241004,20241004,PER,"",US-BRISTOL-MYERS SQUIBB COMPANY-2024-155990,BRISTOL MYERS SQUIBB,"",70,YR,E,F,Y,,"",20241004,"",CN,US,US,,,Product prescribing issue,"",3,C,RYBELSUS,SEMAGLUTIDE,1,"","",,"",U,"","",,"",,"","","",
24396966,243969661,1,I,20240424,20241003,20241003,20241003,DIR,721294,"",FDA-CTU,"",74,YR,"",M,N,86,KG,20241003,N,HP,US,"",243969661,HO,Ileus,"",1,PS,SEMAGLUTIDE,SEMAGLUTIDE,1,Subcutaneous,OTHER FREQUENCY : QWEEK;?,,"",Y,D,"",,"",0.25,MG,"",999,3
24397039,243970394,4,F,,20240927,20241004,20241016,EXP,"",US-SA-2024SA283709,SANOFI AVENTIS,"",31,YR,A,F,Y,,"",20241016,"",HP,US,US,243970394,HO,Diabetes mellitus inadequate control,"",2,C,OZEMPIC,SEMAGLUTIDE,1,"",UNK,,"",U,"","",,"",,"","","",3
24398839,243988392,2,F,,20240923,20241004,20241112,EXP,"",US-BAYER-2024A130048,BAYER HEALTHCARE PHARMACEUTICALS INC.,"",,"",A,M,Y,97.506,KG,20241112,"",CN,US,US,243988392,HO,Feeling abnormal,"",5,C,OZEMPIC,SEMAGLUTIDE,1,"","",,"","","","",,"",,"","","",3
24399065,243990651,1,I,20240929,20241004,20241004,20241004,DIR,721421,"",FDA-CTU,"",63,YR,"",M,N,102.6,KG,20241004,"",CN,US,"",243990651,OT,Loss of consciousness,"",1,PS,WEGOVY,SEMAGLUTIDE,1,Subcutaneous,OTHER STRENGTH : standard injector;?OTHER QUANTITY : 1 Injection(s);?OTHER FREQUENCY : one each week;?,,"","","",various,,999999,,"","",999,7
24399760,243997601,1,I,,20240920,20241005,20241005,PER,"",US-SA-2024SA276327,SANOFI AVENTIS,"",,"",A,F,Y,,"",20241005,"",HP,US,US,,,Eczema,"",9,C,WEGOVY,SEMAGLUTIDE,1,"",1.7MG/0.75,,"",U,"","",,"",,"",Injection,"",
24399826,243998262,2,F,,20241003,20241005,20241009,PER,"",US-GSK-US2024118657,GLAXOSMITHKLINE,"",,"","",F,Y,,"",20241009,"",HP,US,US,,,Influenza,"",2,SS,OZEMPIC,SEMAGLUTIDE,1,"",UNK,,"",U,"","",,"",,"","","",
24399848,243998481,1,I,,20240912,20241005,20241005,PER,"",US-SA-2024SA283489,SANOFI AVENTIS,"",,"",A,"",Y,,"",20241005,"",CN,US,US,,,Nausea,"",5,SS,OZEMPIC,SEMAGLUTIDE,1,"",UNK,,"",U,"","",,"",,"","","",
24399865,243998651,1,I,,20240921,20241005,20241005,EXP,"",US-GRAVITIPHARMA-GRA-2409-US-LIT-0431,GRAVITI PHARMACEUTICALS,"",76,YR,E,M,Y,,"",20241005,"",MD,US,US,243998651,HO,Drug interaction,"",7,C,SEMAGLUTIDE,SEMAGLUTIDE,1,Unknown,"",,"",U,"","",,"",,"","","",3
24400597,244005971,1,I,,20240905,20241006,20241006,PER,"",US-SA-2024SA280051,SANOFI AVENTIS,"",,"",E,F,Y,,"",20241006,"",MD,US,US,,,Loss of personal independence in daily activities,"",12,C,OZEMPIC,SEMAGLUTIDE,1,"","",,"",U,"","",,"",,"","","",
24401046,244010461,1,I,20220101,20241002,20241006,20241006,EXP,"",US-ABBVIE-5864629,ABBVIE,"",,"","",F,Y,103,KG,20241006,"",CN,US,US,244010461,OT,Osteoarthritis,"",11,C,OZEMPIC,SEMAGLUTIDE,1,"","",,"","","","",,"",,"","","",7
24401426,244014261,1,I,20240820,20240924,20241007,20241007,EXP,"",US-NOVOPROD-1290899,NOVO NORDISK,"",74,YR,"",F,Y,,"",20241007,"",CN,US,US,244014261,OT,Knee operation,"",1,PS,OZEMPIC,SEMAGLUTIDE,1,"","",,"","","","",,209637,,"",Solution for injection,"",7
24401430,244014301,1,I,,20240924,20241007,20241007,EXP,"",US-NOVOPROD-1291072,NOVO NORDISK,"",,"","","",Y,,"",20241007,"",CN,US,US,244014301,DS,Glycosylated haemoglobin decreased,"",1,PS,OZEMPIC,SEMAGLUTIDE,1,Subcutaneous,UNK,,"",U,"","",,209637,,"",Solution for injection,"",4
24401431,244014311,1,I,20240101,20240924,20241007,20241007,EXP,"",US-NOVOPROD-1290037,NOVO NORDISK,"",67,YR,"",M,Y,,"",20241007,"",CN,US,US,244014311,OT,Cerebrovascular accident,"",1,SS,OZEMPIC,SEMAGLUTIDE,1,Subcutaneous,UNK,,"","","","",,"",,"",Solution for injection,"",7
24401433,244014332,2,F,20220101,20241003,20241007,20241015,EXP,"",US-NOVOPROD-1268754,NOVO NORDISK,"",66,YR,"",F,Y,,"",20241015,"",CN,US,US,244014332,HO,Abdominal pain upper,"",1,PS,OZEMPIC,SEMAGLUTIDE,1,Subcutaneous,0.5 mg (Dose increase),81.43,MG,N,"","",,209637,,"",Solution for injection,"",3
24401439,244014392,2,F,20220501,20241211,20241007,20241217,EXP,"",US-NOVOPROD-1291857,NOVO NORDISK,"",58,YR,"",F,Y,98.866,KG,20241218,"",HP,US,US,244014392,HO,Product use issue,"",1,PS,OZEMPIC,SEMAGLUTIDE,1,"","",11.5,MG,Y,"","",,209637,,"",Solution for injection,"",3
24401442,244014422,2,F,20220827,20241211,20241007,20241219,EXP,"",US-NOVOPROD-1291207,NOVO NORDISK,"",39,YR,"",M,Y,118.82,KG,20241219,"",CN,US,US,244014422,HO,Intestinal obstruction,"",1,PS,OZEMPIC,SEMAGLUTIDE,1,Subcutaneous,"0.5 mg, qw",2,MG,U,"","",,209637,0.5,MG,Solution for injection,/WK,3
24401443,244014431,1,I,,20240924,20241007,20241007,EXP,"",US-NOVOPROD-1292059,NOVO NORDISK,"",,"","",F,Y,,"",20241007,"",CN,US,US,244014431,OT,Hypothyroidism,"",1,PS,WEGOVY,SEMAGLUTIDE,1,Subcutaneous,UNK,,"",U,"","",,215256,,"",Solution for injection,"",7
24401444,244014441,1,I,,20240924,20241007,20241007,EXP,"",US-NOVOPROD-1291591,NOVO NORDISK,"",,"","",F,Y,,"",20241007,"",CN,US,US,244014441,OT,Body mass index increased,"",1,PS,WEGOVY,SEMAGLUTIDE,1,Subcutaneous,UNK,,"",U,"","",,215256,,"",Solution for injection,"",7
24401445,244014452,2,F,20190201,20241010,20241007,20241021,EXP,"",US-NOVOPROD-1291602,NOVO NORDISK,"",59,YR,"",M,Y,,"",20241021,"",CN,US,US,244014452,HO,Product use issue,"",1,PS,OZEMPIC,SEMAGLUTIDE,1,Subcutaneous,"0.75 mg, qw",,"",U,"","",,209637,0.75,MG,Solution for injection,/WK,3
24401446,244014461,1,I,,20240924,20241007,20241007,EXP,"",US-NOVOPROD-1292530,NOVO NORDISK,"",,"","",F,Y,,"",20241007,"",CN,US,US,244014461,OT,Road traffic accident,"",1,PS,OZEMPIC,SEMAGLUTIDE,1,Subcutaneous,"1 mg, qw",,"",U,"","",,209637,1,MG,Solution for injection,/WK,7
24401449,244014491,1,I,20230624,20240924,20241007,20241007,EXP,"",US-NOVOPROD-1291197,NOVO NORDISK,"",,"",A,F,Y,181.41,KG,20241007,"",CN,US,US,244014491,OT,Anxiety,"",1,PS,OZEMPIC,SEMAGLUTIDE,1,Subcutaneous,UNK,,"",Y,"","",,209637,,"",Solution for injection,"",7
24401454,244014542,2,F,,20241004,20241007,20241017,EXP,"",US-AUROBINDO-AUR-APL-2024-047799,AUROBINDO,"Rezigh A, Rezigh A, Sherman S.. Lessons in clinical reasoning - Pitfalls, myths, and pearls: A woman brought to a halt.. Diagnosis. 2024;11(2):205-211",60,YR,"",F,Y,,"",20241017,"",MD,US,US,244014542,OT,Gastrointestinal disorder,"",6,SS,SEMAGLUTIDE,SEMAGLUTIDE,1,Unknown,UNK,,"",U,"","",,"",,"","","",7
24401582,244015821,1,I,,20240925,20241007,20241007,EXP,"",US-NOVOPROD-1291695,NOVO NORDISK,"",73,YR,"","",Y,,"",20241007,"",CN,US,US,244015821,HO,Small intestinal obstruction,"",1,PS,OZEMPIC,SEMAGLUTIDE,1,Subcutaneous,UNK,,"",U,"","",,209637,,"",Solution for injection,"",3
24401583,244015831,1,I,,20240925,20241007,20241007,EXP,"",US-NOVOPROD-1291765,NOVO NORDISK,"",85,YR,"",M,Y,,"",20241007,"",MD,US,US,244015831,OT,Medullary thyroid cancer,"",1,PS,OZEMPIC,SEMAGLUTIDE,1,Subcutaneous,0.5 mg,,"",N,"","",,209637,,"",Solution for injection,"",7
24401584,244015841,1,I,,20240925,20241007,20241007,EXP,"",US-NOVOPROD-1291828,NOVO NORDISK,"",,"","","",Y,,"",20241007,"",CN,US,US,244015841,OT,Jaundice,"",1,PS,OZEMPIC,SEMAGLUTIDE,1,"","",,"",U,"","",,209637,,"",Solution for injection,"",7
24401585,244015851,1,I,20240612,20240925,20241007,20241007,EXP,"",US-NOVOPROD-1291836,NOVO NORDISK,"",63,YR,"",F,Y,98.1,KG,20241007,"",HP,US,US,244015851,HO,Appendicitis perforated,"",1,PS,WEGOVY,SEMAGLUTIDE,1,Subcutaneous,0.25 mg,,"",U,"","",,215256,0.25,MG,Solution for injection,"",3
24401586,244015861,1,I,,20240925,20241007,20241007,EXP,"",US-NOVOPROD-1291735,NOVO NORDISK,"",,"","","",Y,,"",20241007,"",CN,US,US,244015861,OT,Obstruction gastric,"",1,PS,OZEMPIC,SEMAGLUTIDE,1,"","",,"",U,"","",,209637,,"",Solution for injection,"",7
24401587,244015871,1,I,,20240925,20241007,20241007,EXP,"",US-NOVOPROD-1291699,NOVO NORDISK,"",,"","","",Y,,"",20241007,"",CN,US,US,244015871,OT,Impaired gastric emptying,"",1,PS,OZEMPIC,SEMAGLUTIDE,1,"","",,"",U,"","",,209637,,"",Solution for injection,"",7
24401588,244015881,1,I,,20240925,20241007,20241007,EXP,"",US-NOVOPROD-1291778,NOVO NORDISK,"",65,YR,"","",Y,,"",20241007,"",CN,US,US,244015881,HO,Intestinal obstruction,"",1,PS,OZEMPIC,SEMAGLUTIDE,1,Subcutaneous,UNK,,"",U,"","",,209637,,"",Solution for injection,"",3
24401589,244015891,1,I,,20240925,20241007,20241007,EXP,"",US-NOVOPROD-1291777,NOVO NORDISK,"",,"","","",Y,,"",20241007,"",CN,US,US,244015891,OT,Intestinal obstruction,"",1,PS,OZEMPIC,SEMAGLUTIDE,1,"","",,"",U,"","",,209637,,"",Solution for injection,"",7
24401590,244015901,1,I,,20240925,20241007,20241007,EXP,"",US-NOVOPROD-1291838,NOVO NORDISK,"",,"","","",Y,,"",20241007,"",CN,US,US,244015901,OT,Jaundice,"",1,PS,OZEMPIC,SEMAGLUTIDE,1,"","",,"",U,"","",,209637,,"",Solution for injection,"",7
24401591,244015911,1,I,,20240925,20241007,20241007,EXP,"",US-NOVOPROD-1291802,NOVO NORDISK,"",,"","","",Y,,"",20241007,"",CN,US,US,244015911,OT,Impaired gastric emptying,"",1,PS,OZEMPIC,SEMAGLUTIDE,1,"","",,"",U,"","",,209637,,"",Solution for injection,"",7
24401887,244018872,2,F,20240811,20241011,20241007,20241018,EXP,"",US-JNJFOC-20241009777,JOHNSON AND JOHNSON,"",41,YR,A,M,Y,104.06,KG,20241018,"",HP,US,US,244018872,DE,Myocardial infarction,"",10,C,OZEMPIC,SEMAGLUTIDE,1,Unknown,"",,"","","","",,"",,"",Injection,/WK,1
24402206,244022061,1,I,,20240925,20241007,20241007,EXP,"",US-NOVOPROD-1292594,NOVO NORDISK,"",,"",A,F,Y,,"",20241007,"",CN,US,US,244022061,OT,Nephrolithiasis,"",1,PS,OZEMPIC,SEMAGLUTIDE,1,Subcutaneous,2 mg,,"","","",PAR0326,,209637,2,MG,Solution for injection,"",7
24402207,244022071,1,I,,20240925,20241007,20241007,EXP,"",US-NOVOPROD-1292435,NOVO NORDISK,"",,"","",F,Y,,"",20241007,"",CN,US,US,244022071,LT,Impaired gastric emptying,"",1,PS,OZEMPIC,SEMAGLUTIDE,1,Subcutaneous,UNK,,"",N,"","",,209637,,"",Solution for injection,"",2
24402208,244022081,1,I,20240601,20240925,20241007,20241007,EXP,"",US-NOVOPROD-1292768,NOVO NORDISK,"",74,YR,"",F,Y,,"",20241007,"",CN,US,US,244022081,HO,Renal failure,"",1,PS,OZEMPIC,SEMAGLUTIDE,1,Subcutaneous,1 mg,,"",U,"","",,209637,1,MG,Solution for injection,"",3
24402209,244022091,1,I,,20240925,20241007,20241007,EXP,"",US-NOVOPROD-1291840,NOVO NORDISK,"",,"","","",Y,,"",20241007,"",CN,US,US,244022091,OT,Intestinal obstruction,"",1,PS,OZEMPIC,SEMAGLUTIDE,1,"","",,"",U,"","",,209637,,"",Solution for injection,"",7
24402210,244022101,1,I,20220830,20240925,20241007,20241007,EXP,"",US-NOVOPROD-1291998,NOVO NORDISK,"",53,YR,"",F,Y,,"",20241007,"",CN,US,US,244022101,DE,Septic shock,"",1,PS,OZEMPIC,SEMAGLUTIDE,1,Subcutaneous,0.25 mg once weekly,,"",U,"","",,209637,0.25,MG,Solution for injection,/WK,1
24402211,244022111,1,I,,20240925,20241007,20241007,EXP,"",US-NOVOPROD-1292448,NOVO NORDISK,"",,"","",M,Y,,"",20241007,"",CN,US,US,244022111,OT,Vision blurred,"",1,PS,OZEMPIC,SEMAGLUTIDE,1,Subcutaneous,UNK,,"",U,"","",,209637,,"",Solution for injection,"",7
24402212,244022121,1,I,20240913,20240925,20241007,20241007,EXP,"",US-NOVOPROD-1292641,NOVO NORDISK,"",30,YR,"",F,Y,,"",20241007,"",CN,US,US,244022121,HO,Swelling face,"",1,PS,WEGOVY,SEMAGLUTIDE,1,Subcutaneous,UNK,,"",N,"","",,215256,,"",Solution for injection,"",3
24402213,244022131,1,I,,20240925,20241007,20241007,EXP,"",US-NOVOPROD-1292629,NOVO NORDISK,"",,"",A,F,Y,,"",20241007,"",CN,US,US,244022131,OT,Dysphonia,"",1,PS,OZEMPIC,SEMAGLUTIDE,1,Subcutaneous,1 mg,,"",U,"","",,209637,1,MG,Solution for injection,"",7
24402215,244022152,2,F,,20241118,20241007,20241129,EXP,"",US-NOVOPROD-1292503,NOVO NORDISK,"",59,YR,"",M,Y,,"",20241129,"",HP,US,US,244022152,HO,Major depression,"",1,PS,OZEMPIC,SEMAGLUTIDE,1,Subcutaneous,"2 mg, qw",,"","","",PAR0242,,209637,2,MG,Solution for injection,/WK,3
24402220,244022201,1,I,,20240925,20241007,20241007,EXP,"",US-NOVOPROD-1292487,NOVO NORDISK,"",61,YR,"",M,Y,,"",20241007,"",CN,US,US,244022201,OT,Blood testosterone decreased,"",1,PS,WEGOVY,SEMAGLUTIDE,1,Subcutaneous,UNK,,"",U,"","",,215256,,"",Solution for injection,"",7
24402233,244022331,1,I,,20240926,20241007,20241007,EXP,"",US-NOVOPROD-1292944,NOVO NORDISK,"",,"","",F,Y,,"",20241007,"",CN,US,US,244022331,OT,Metabolic surgery,"",1,PS,OZEMPIC,SEMAGLUTIDE,1,Subcutaneous,UNK,,"",U,"","",,209637,,"",Solution for injection,"",7
24402235,244022351,1,I,,20240925,20241007,20241007,EXP,"",US-NOVOPROD-1291953,NOVO NORDISK,"",,"","","",Y,,"",20241007,"",CN,US,US,244022351,OT,Impaired gastric emptying,"",1,PS,OZEMPIC,SEMAGLUTIDE,1,"","",,"",U,"","",,209637,,"",Solution for injection,"",7
24402238,244022381,1,I,,20240926,20241007,20241007,EXP,"",US-NOVOPROD-1292119,NOVO NORDISK,"",,"","",F,Y,,"",20241007,"",CN,US,US,244022381,OT,Blindness,"",1,PS,OZEMPIC,SEMAGLUTIDE,1,Subcutaneous,"2 mg, qw",,"",U,"","",,209637,2,MG,Solution for injection,/WK,7
24402239,244022391,1,I,20240101,20240926,20241007,20241007,EXP,"",US-NOVOPROD-1293040,NOVO NORDISK,"",65,YR,"",F,Y,,"",20241007,"",CN,US,US,244022391,HO,Constipation,"",1,PS,OZEMPIC,SEMAGLUTIDE,1,Subcutaneous,0.5 mg,,"","","",PZF9E55,,209637,0.5,MG,Solution for injection,"",3
24402542,244025421,1,I,,20240925,20241007,20241007,PER,"",US-ELI_LILLY_AND_COMPANY-US202409016326,ELI LILLY AND CO,"",55,YR,A,"",Y,,"",20241007,"",LW,US,US,244025421,OT,Impaired gastric emptying,"",2,SS,OZEMPIC,SEMAGLUTIDE,1,Unknown,"UNK UNK, unknown",,"",U,"","",,"",,"","","",7
24402905,244029051,1,I,20240906,20241001,20241007,20241007,EXP,"",US-BRISTOL-MYERS SQUIBB COMPANY-2024-156121,BRISTOL MYERS SQUIBB,"",73,YR,E,F,Y,,"",20241007,"",CN,US,US,244029051,HO,Renal disorder,"",4,C,OZEMPIC,SEMAGLUTIDE,1,Subcutaneous,"",,"",Y,"","",,"",1,MG,"","",3
24402926,244029262,2,F,20240920,20241010,20241007,20241015,EXP,"",US-TAKEDA-2024TUS073102,TAKEDA,"",37,YR,"",F,Y,72.562,KG,20241015,"",HP,US,US,244029262,OT,Neuralgia,"",5,C,OZEMPIC,SEMAGLUTIDE,1,Unknown,UNK,,"","","","",,"",,"","","",7
24403915,244039151,1,I,,20240813,20241007,20241007,PER,"",US-SUN PHARMACEUTICAL INDUSTRIES LTD-2024R1-457567,RANBAXY,"",,"",A,F,Y,,"",20241007,"",CN,US,US,,,Condition aggravated,"",3,C,OZEMPIC,SEMAGLUTIDE,1,Unknown,UNK,,"","","","",,"",,"","","",
24404043,244040431,1,I,20240717,20240718,20241007,20241007,PER,"",US-SUN PHARMACEUTICAL INDUSTRIES LTD-2024R1-459386,RANBAXY,"",80,YR,E,F,Y,,"",20241007,"",CN,US,US,,,Visual impairment,"",15,C,OZEMPIC,SEMAGLUTIDE,1,Unknown,"0.1 milligram, Weekly",,"","","","",,"",0.1,MG,"","",
24404134,244041341,1,I,,20240809,20241007,20241007,PER,"",US-SUN PHARMACEUTICAL INDUSTRIES LTD-2024R1-463137,RANBAXY,"",,"",E,F,Y,,"",20241007,"",CN,US,US,,,Eye pain,"",2,C,RYBELSUS,SEMAGLUTIDE,1,Unknown,UNK,,"",U,"","",,"",,"","","",
24404864,244048641,1,I,20240523,20241004,20241004,20241004,DIR,721504,"",FDA-CTU,"",30,YR,"",F,N,68,KG,20241004,N,HP,US,"",,,Pancreatitis acute,"",1,PS,SEMAGLUTIDE,SEMAGLUTIDE,1,"","",,"",D,D,"",,"",,"","","",
24405394,244053941,1,I,20241001,20241004,20241004,20241004,DIR,721572,"",FDA-CTU,"",54,YR,"",F,N,93.6,KG,20241004,N,CN,US,"",244053941,OT,Back pain,"",1,PS,OZEMPIC,SEMAGLUTIDE,1,"","",,"",N,"","",,"",,"","","",7
24405396,244053961,1,I,20240915,20241004,20241004,20241004,DIR,721583,"",FDA-CTU,"",63,YR,"",F,N,73.35,KG,20241004,N,CN,US,"",244053961,DS,Myalgia,"",1,PS,OZEMPIC,SEMAGLUTIDE,1,Subcutaneous,OTHER QUANTITY : 1 Injection(s);?OTHER FREQUENCY : 1injection q 7 day;?,,"","","",331885180441,20261031,99,,"","",999,4
24405572,244055721,1,I,,20241001,20241007,20241007,PER,"",US-ELI_LILLY_AND_COMPANY-US202410002080,ELI LILLY AND CO,"",54,YR,A,"",Y,,"",20241007,"",LW,US,US,244055721,OT,Nausea,"",2,SS,OZEMPIC,SEMAGLUTIDE,1,Unknown,"UNK UNK, unknown",,"",U,"","",,"",,"","","",7
24405884,244058843,3,F,20230408,20241120,20241007,20241126,EXP,"",US-OTSUKA-2023_010784,OTSUKA,"",45,YR,"",F,Y,81.65,KG,20241126,"",HP,US,US,244058843,OT,Influenza,"",3,SS,OZEMPIC,SEMAGLUTIDE,1,Unknown,UNK,,"",U,"","",,"",,"","","",7
24406510,244065101,1,I,,20241005,20241005,20241005,DIR,721673,"",FDA-CTU,"",64,YR,"",F,N,74.25,KG,20241005,N,CN,US,"",,,Vomiting,"",1,PS,WEGOVY,SEMAGLUTIDE,1,"","",,"","","","",,"",,"","","",
24406754,244067541,1,I,,20241007,20241007,20241007,DIR,FDA-CDER-CTU-2024-69333,"",FDA-CTU,"",61,YR,"",F,N,,"",20241007,N,"",US,"",244067541,OT,Drug hypersensitivity,"",1,PS,WEGOVY,SEMAGLUTIDE,1,"","",,"","","","",,"",,"","","",7
24407017,244070172,2,F,,20240917,20241007,20241017,PER,"",US-SA-2024SA286198,SANOFI AVENTIS,"",,"",A,F,Y,75.283,KG,20241017,"",MD,US,US,,,Eczema,"",5,C,OZEMPIC,SEMAGLUTIDE,1,"","",,"",U,"","",,"",,"","","",
24407085,244070851,1,I,20240801,20240918,20241007,20241007,PER,"",US-SA-2024SA286017,SANOFI AVENTIS,"",,"",A,F,Y,,"",20241007,"",HP,US,US,,,Asthma,"",17,C,OZEMPIC,SEMAGLUTIDE,1,"","",,"",U,"","",,"",,"",Injection,"",
24407896,244078963,3,F,,20241017,20241007,20241029,PER,"",US-SMPA-2024SPA003477,SUNOVION,"",,"","","",Y,,"",20241029,"",CN,US,US,,,Insomnia,"",7,C,OZEMPIC,SEMAGLUTIDE,1,Unknown,UNK,,"","","","",,"",,"","","",
24408069,244080691,1,I,20240920,20241007,20241007,20241007,DIR,721744,"",FDA-CTU,"",56,YR,"",F,N,76.5,KG,20241007,N,CN,US,"",244080691,LT,Dehydration,"",1,PS,RYBELSUS,SEMAGLUTIDE,1,"","",,"",N,D,"",,99,,"","","",2
24409175,244091751,1,I,20230301,20240924,20241008,20241008,EXP,"",US-NOVOPROD-1286072,NOVO NORDISK,"",,"",A,F,Y,41.723,KG,20241008,"",MD,US,US,244091751,OT,Malnutrition,"",1,PS,WEGOVY,SEMAGLUTIDE,1,Subcutaneous,1 mg,,"",D,"","",,215256,1,MG,Solution for injection,"",7
24409176,244091761,1,I,,20240924,20241008,20241008,EXP,"",US-NOVOPROD-1291810,NOVO NORDISK,"",,"","","",Y,,"",20241008,"",CN,US,US,244091761,OT,End stage renal disease,"",1,PS,WEGOVY,SEMAGLUTIDE,1,Subcutaneous,UNK,,"",U,"","",,215256,,"",Solution for injection,"",7
24409184,244091841,1,I,,20240926,20241008,20241008,EXP,"",US-NOVOPROD-1274543,NOVO NORDISK,"",71,YR,"",M,Y,,"",20241008,"",MD,US,US,244091841,OT,Thyroid cancer,"",1,PS,OZEMPIC,SEMAGLUTIDE,1,Subcutaneous,0.25 mg,,"",Y,"","",,209637,0.25,MG,Solution for injection,"",7
24409186,244091861,1,I,,20240926,20241008,20241008,EXP,"",US-NOVOPROD-1292799,NOVO NORDISK,"",,"","","",Y,,"",20241008,"",CN,US,US,244091861,OT,Radiotherapy,"",1,PS,OZEMPIC,SEMAGLUTIDE,1,Subcutaneous,UNK,,"",U,"","",,209637,,"",Solution for injection,"",7
24409188,244091881,1,I,20240716,20240925,20241008,20241008,EXP,"",US-NOVOPROD-1275736,NOVO NORDISK,"",46,YR,"",F,Y,,"",20241008,"",HP,US,US,244091881,OT,Diverticulitis,"",1,PS,WEGOVY,SEMAGLUTIDE,1,Subcutaneous,0.25 mg,,"",Y,"","",,215256,0.25,MG,Solution for injection,"",7
24409196,244091961,1,I,20230301,20240925,20241008,20241008,EXP,"",US-NOVOPROD-1291994,NOVO NORDISK,"",51,YR,"","",Y,,"",20241008,"",CN,US,US,244091961,HO,Nausea,"",1,PS,OZEMPIC,SEMAGLUTIDE,1,Subcutaneous,2 mg,,"","","","",,209637,,"",Solution for injection,"",3
24409197,244091971,1,I,,20240926,20241008,20241008,EXP,"",US-NOVOPROD-1288389,NOVO NORDISK,"",,"","",F,Y,,"",20241008,"",CN,US,US,244091971,OT,Malignant melanoma,"",1,PS,RYBELSUS,SEMAGLUTIDE,1,"","",,"",N,"","",,213051,,"",Tablet,"",7
24409208,244092081,1,I,20240924,20240926,20241008,20241008,EXP,"",US-NOVOPROD-1293574,NOVO NORDISK,"",81,YR,"",F,Y,,"",20241008,"",CN,US,US,244092081,OT,Blood glucose decreased,"",1,PS,OZEMPIC,SEMAGLUTIDE,1,Subcutaneous,"1 mg, qw",,"",U,"",PAR0365,,209637,1,MG,Solution for injection,/WK,7
24409211,244092111,1,I,,20241001,20241008,20241008,PER,"",US-UNITED THERAPEUTICS-UNT-2024-031285,UNITED THERAPEUTICS,"",,"","",F,Y,97.959,KG,20241008,"","",US,US,,,Constipation,"",2,SS,WEGOVY,SEMAGLUTIDE,1,"",UNK,,"",U,"","",,"",,"","","",
24409243,244092431,1,I,,20240926,20241008,20241008,PER,"",US-ELI_LILLY_AND_COMPANY-US202409018017,ELI LILLY AND CO,"",44,YR,A,"",Y,,"",20241008,"",LW,US,US,244092431,OT,Vomiting,"",3,SS,OZEMPIC,SEMAGLUTIDE,1,Unknown,"UNK UNK, unknown",,"",U,"","",,"",,"","","",7
24409267,244092671,1,I,20240101,20241002,20241008,20241008,PER,"",US-UNITED THERAPEUTICS-UNT-2024-028022,UNITED THERAPEUTICS,"",,"","",M,Y,97.052,KG,20241008,"","",US,US,,,Seasonal allergy,"",7,C,OZEMPIC,SEMAGLUTIDE,1,"",UNK,,"","","","",,"",,"","","",
24409344,244093442,2,F,20240101,20241125,20241008,20241203,PER,"",US-SA-2024SA287426,SANOFI AVENTIS,"",86,YR,E,F,Y,,"",20241203,"",MD,US,US,,,Dry skin,"",37,C,OZEMPIC,SEMAGLUTIDE,1,"",UNK,,"",U,"","",,"",,"","","",
24409400,244094001,1,I,20230101,20240927,20241008,20241008,EXP,"",US-NOVOPROD-1293475,NOVO NORDISK,"",55,YR,"",F,Y,,"",20241008,"",MD,US,US,244094001,OT,Glomerular filtration rate decreased,"",1,PS,OZEMPIC,SEMAGLUTIDE,1,Subcutaneous,UNK,,"",Y,"","",,209637,,"",Solution for injection,"",7
24409401,244094011,1,I,20240910,20240927,20241008,20241008,EXP,"",US-NOVOPROD-1293101,NOVO NORDISK,"",,"","",M,Y,,"",20241008,"",CN,US,US,244094011,OT,Product use in unapproved indication,"",1,PS,OZEMPIC,SEMAGLUTIDE,1,Subcutaneous,"0.25 mg, qw",,"",N,"","",,209637,0.25,MG,Solution for injection,/WK,7
24409404,244094041,1,I,20240401,20240927,20241008,20241008,EXP,"",US-NOVOPROD-1293652,NOVO NORDISK,"",78,YR,"",F,Y,,"",20241008,"",CN,US,US,244094041,HO,Cataract,"",1,PS,OZEMPIC,SEMAGLUTIDE,1,Subcutaneous,0.5 mg,,"","","",PZF9N37,,209637,0.5,MG,Solution for injection,"",3
24409405,244094052,2,F,20231201,20241002,20241008,20241014,EXP,"",US-NOVOPROD-1290474,NOVO NORDISK,"",56,YR,"",M,Y,,"",20241014,"",CN,US,US,,,Dry mouth,"",1,PS,OZEMPIC,SEMAGLUTIDE,1,Subcutaneous,"0.25 mg, qw",,"","","","",,209637,0.25,MG,Solution for injection,/WK,
24409406,244094061,1,I,,20240927,20241008,20241008,EXP,"",US-NOVOPROD-1294174,NOVO NORDISK,"",,"","",F,Y,,"",20241008,"",CN,US,US,244094061,OT,Liver injury,"",1,PS,OZEMPIC,SEMAGLUTIDE,1,Subcutaneous,2 mg,,"","","","",,209637,2,MG,Solution for injection,"",7
24409407,244094071,1,I,,20240930,20241008,20241008,EXP,"",US-NOVOPROD-1293050,NOVO NORDISK,"",,"",A,F,Y,,"",20241008,"",CN,US,US,244094071,OT,Pneumonia,"",1,PS,OZEMPIC,SEMAGLUTIDE,1,Subcutaneous,UNK,,"","","","",,209637,,"",Solution for injection,"",7
24409413,244094132,2,F,20240101,20241113,20241008,20241122,EXP,"",US-NOVOPROD-1293100,NOVO NORDISK,"",56,YR,"",M,Y,106.58,KG,20241122,"",MD,US,US,244094132,HO,Intraocular pressure increased,"",1,PS,OZEMPIC,SEMAGLUTIDE,1,"","",,"",N,"","",,209637,,"",Solution for injection,"",3
24409416,244094161,1,I,,20240927,20241008,20241008,EXP,"",US-NOVOPROD-1294211,NOVO NORDISK,"",,"","",M,Y,,"",20241008,"",MD,US,US,244094161,OT,Enterocolitis viral,"",1,PS,WEGOVY,SEMAGLUTIDE,1,Subcutaneous,UNK,,"",U,"","",,215256,,"",Solution for injection,"",7
24409417,244094171,1,I,,20240927,20241008,20241008,EXP,"",US-NOVOPROD-1293667,NOVO NORDISK,"",,"",A,F,Y,,"",20241008,"",CN,US,US,244094171,OT,Sleep disorder,"",1,PS,OZEMPIC,SEMAGLUTIDE,1,Subcutaneous,0.25 mg,,"","","","",,209637,0.25,MG,Solution for injection,"",7
24409418,244094181,1,I,,20240930,20241008,20241008,EXP,"",US-NOVOPROD-1293049,NOVO NORDISK,"",,"","",F,Y,,"",20241008,"",CN,US,US,244094181,HO,Hospitalisation,"",1,PS,OZEMPIC,SEMAGLUTIDE,1,Subcutaneous,UNK,,"",U,"","",,209637,,"",Solution for injection,"",3
24409613,244096131,1,I,,20240927,20241008,20241008,PER,"",US-ELI_LILLY_AND_COMPANY-US202409017961,ELI LILLY AND CO,"",56,YR,A,"",Y,,"",20241008,"",LW,US,US,244096131,OT,Abdominal pain,"",2,SS,OZEMPIC,SEMAGLUTIDE,1,Unknown,"UNK UNK, unknown",,"",U,"","",,"",,"","","",7
24409850,244098501,1,I,20240101,20240906,20241008,20241008,PER,"",US-SA-2024SA276354,SANOFI AVENTIS,"",65,YR,E,F,Y,101.82,KG,20241008,"",MD,US,US,,,Musculoskeletal stiffness,"",3,C,OZEMPIC,SEMAGLUTIDE,1,"",UNK,,"",U,"","",,"",,"","","",
24409915,244099151,1,I,,20240918,20241008,20241008,PER,"",US-SA-2024SA287065,SANOFI AVENTIS,"",,"",E,F,Y,,"",20241008,"",MD,US,US,,,Product use in unapproved indication,"",24,C,OZEMPIC,SEMAGLUTIDE,1,"",UNK,,"",U,"","",,"",,"","","",
24410001,244100011,1,I,,20240927,20241008,20241008,PER,"",US-ELI_LILLY_AND_COMPANY-US202409018096,ELI LILLY AND CO,"",61,YR,A,"",Y,,"",20241008,"",LW,US,US,244100011,OT,Constipation,"",2,SS,OZEMPIC,SEMAGLUTIDE,1,Unknown,"UNK UNK, unknown",,"","","","",,"",,"","","",7
24410628,244106281,1,I,,20240926,20241008,20241008,PER,"",US-ELI_LILLY_AND_COMPANY-US202409018080,ELI LILLY AND CO,"",63,YR,A,"",Y,,"",20241008,"",LW,US,US,244106281,HO,Diarrhoea,"",2,SS,OZEMPIC,SEMAGLUTIDE,1,Unknown,"UNK UNK, unknown",,"","","","",,"",,"","","",3
24410717,244107172,2,F,,20241111,20241008,20241122,PER,"",US-ELI_LILLY_AND_COMPANY-US202410004936,ELI LILLY AND COMPANY,"",44,YR,A,"",Y,,"",20241122,"",CN,US,US,244107172,HO,Abdominal pain,"",2,SS,OZEMPIC,SEMAGLUTIDE,1,Unknown,"UNK UNK, unknown",,"","","","",,"",,"","","",3
24411308,244113081,1,I,20240901,20241007,20241007,20241007,DIR,721928,"",FDA-CTU,"",69,YR,"",F,N,78.3,KG,20241007,Y,CN,US,"",244113081,HO,Appendicitis,"",1,PS,SEMAGLUTIDE,SEMAGLUTIDE,1,"","",,"",Y,D,"",,99,,"","","",3
24411902,244119021,1,I,20240928,20241007,20241007,20241007,DIR,721864,"",FDA-CTU,"",68,YR,"",F,N,103.5,KG,20241007,N,CN,US,"",244119021,DS,Rash,"",5,C,OZEMPIC,SEMAGLUTIDE,1,"","",,"","","","",,"",,"","","",4
24411904,244119041,1,I,20241007,20241007,20241007,20241007,DIR,721882,"",FDA-CTU,"",62,YR,"",F,N,,"",20241007,N,CN,US,"",,,Weight increased,"",1,PS,SEMAGLUTIDE,SEMAGLUTIDE,1,"","",,"","","","",,"",,"","","",
24412012,244120122,2,F,20210224,20241022,20241008,20241031,EXP,"",US-NOVOPROD-1291143,NOVO NORDISK,"",48,YR,"",M,Y,,"",20241031,"",CN,US,US,244120122,HO,Inappropriate schedule of product administration,"",2,PS,OZEMPIC,SEMAGLUTIDE,1,Subcutaneous,"0.5 mg, qw",,"",U,"","",,209637,0.5,MG,Solution for injection,/WK,3
24412045,244120451,1,I,20240513,20241007,20241007,20241007,DIR,721911,"",FDA-CTU,"",75,YR,"",M,N,208,KG,20241007,N,PH,US,"",244120451,HO,Faecaloma,"",1,PS,SEMAGLUTIDE,SEMAGLUTIDE,1,Subcutaneous,Frequency : Weekly;?,,"",D,D,"",,"",1,MG,"",QW,3
24412574,244125741,1,I,20240729,20241007,20241007,20241007,DIR,721758,"",FDA-CTU,"",48,YR,"",F,N,69.75,KG,20241007,N,CN,US,"",244125741,OT,Anxiety,"",1,PS,OZEMPIC,SEMAGLUTIDE,1,"","",,"",Y,D,"",,"",,"","","",7
24412578,244125781,1,I,20230701,20240924,20241007,20241007,DIR,FDA-CDER-CTU-2024-69473,"",FDA-CTU,"",,"","","",N,,"",20240924,N,CN,US,"",244125781,HO,Visual impairment,"",1,PS,OZEMPIC,SEMAGLUTIDE,1,"","",,"","","","",,"",,"","",/WK,3
24412592,244125921,1,I,20240802,20241007,20241007,20241007,DIR,721795,"",FDA-CTU,"",41,YR,"",F,N,74.7,KG,20241007,N,CN,US,"",,,Drug ineffective,"",1,PS,SEMAGLUTIDE,SEMAGLUTIDE,1,Sublingual,OTHER QUANTITY : 1 Syringe;?OTHER FREQUENCY : 1 syringe 3x/wk;?,,"","",D,"",20241204,99,,"","",999,
24413157,244131571,1,I,,20240924,20241008,20241008,PER,"",US-SA-2024SA289560,SANOFI AVENTIS,"",,"",A,F,Y,,"",20241008,"",MD,US,US,,,Initial insomnia,"",2,C,RYBELSUS,SEMAGLUTIDE,1,"",UNK,,"",U,"","",,"",,"",Tablet,"",
24413212,244132122,2,F,20240101,20241218,20241008,20241225,PER,"",US-SA-2024SA289654,SANOFI AVENTIS,"",60,YR,A,F,Y,91.77,KG,20241225,"",MD,US,US,,,Hyperhidrosis,"",19,C,OZEMPIC,SEMAGLUTIDE,1,"","",,"",U,"","",,"",,"","","",
24413451,244134511,1,I,,20241004,20241008,20241008,PER,"",US-ELI_LILLY_AND_COMPANY-US202410005349,ELI LILLY AND CO,"",64,YR,A,M,Y,,"",20241008,"",CN,US,US,,,Abdominal distension,"",2,SS,OZEMPIC,SEMAGLUTIDE,1,Unknown,"UNK UNK, unknown",,"",N,"","",,"",,"","","",
24413690,244136901,1,I,,20240918,20241008,20241008,PER,"",US-SA-2024SA289073,SANOFI AVENTIS,"",,"",E,F,Y,,"",20241009,"",MD,US,US,,,Impaired quality of life,"",3,C,OZEMPIC,SEMAGLUTIDE,1,"","",,"",U,"","",,"",,"","","",
24414252,244142521,1,I,,20241001,20241009,20241009,EXP,"",US-AVET LIFESCIENCES LTD-2024-AVET-000352,EMCURE,"Sasidharan S, John S, Puri I, Azhar M, Mallappallil M.. Octreotide Causing Hyperkalemia: A Case Report and Review of the Literature. Cureus. 2024;16(8):e68246",44,YR,"",M,Y,,"",20241009,"",HP,US,US,244142521,LT,Off label use,"",2,C,SEMAGLUTIDE,SEMAGLUTIDE,1,Unknown,UNK,,"","","",UNK,,"",,"","","",2
24414372,244143721,1,I,,20240926,20241009,20241009,EXP,"",US-NOVOPROD-1293267,NOVO NORDISK,"",,"","",F,Y,,"",20241009,"",MD,US,US,244143721,HO,Alcohol poisoning,"",1,PS,WEGOVY,SEMAGLUTIDE,1,Subcutaneous,"0.25 mg, qw",,"",Y,"","",,215256,0.25,MG,Solution for injection,/WK,3
24414373,244143731,1,I,,20240926,20241009,20241009,EXP,"",US-NOVOPROD-1293764,NOVO NORDISK,"",,"","",F,Y,,"",20241009,"",MD,US,US,244143731,OT,Optic neuritis,"",1,PS,OZEMPIC,SEMAGLUTIDE,1,Subcutaneous,UNK,,"",N,"","",,209637,,"",Solution for injection,"",7
24414374,244143741,1,I,,20240926,20241009,20241009,EXP,"",US-NOVOPROD-1293370,NOVO NORDISK,"",,"","",F,Y,,"",20241009,"",MD,US,US,244143741,OT,Atrial fibrillation,"",1,PS,OZEMPIC,SEMAGLUTIDE,1,Subcutaneous,UNK,,"",Y,"","",,209637,,"",Solution for injection,"",7
24414375,244143752,2,F,20240601,20241113,20241009,20241124,EXP,"",US-NOVOPROD-1293348,NOVO NORDISK,"",79,YR,"",F,Y,,"",20241125,"",CN,US,US,244143752,HO,Sepsis,"",1,PS,OZEMPIC,SEMAGLUTIDE,1,Subcutaneous,UNK,,"",U,"",NDCO169413001413001,,209637,,"",Solution for injection,"",3
24414376,244143761,1,I,,20240926,20241009,20241009,EXP,"",US-NOVOPROD-1293255,NOVO NORDISK,"",,"",A,F,Y,,"",20241009,"",CN,US,US,244143761,HO,Weight decreased,"",1,PS,OZEMPIC,SEMAGLUTIDE,1,Subcutaneous,1 mg,,"",Y,"","",,209637,1,MG,Solution for injection,"",3
24414377,244143771,1,I,,20240926,20241009,20241009,EXP,"",US-NOVOPROD-1293478,NOVO NORDISK,"",,"","",F,Y,,"",20241009,"",MD,US,US,244143771,OT,Product use issue,"",1,PS,OZEMPIC,SEMAGLUTIDE,1,Subcutaneous,UNK,,"",U,"","",,209637,,"",Solution for injection,"",7
24414378,244143782,2,F,,20241029,20241009,20241110,EXP,"",US-NOVOPROD-1292464,NOVO NORDISK,"",,"","",F,Y,,"",20241111,"",CN,US,US,244143782,OT,Decreased appetite,"",1,PS,OZEMPIC,SEMAGLUTIDE,1,Subcutaneous,"0.25 mg, qw",,"",U,"",pzf8y39,,209637,0.25,MG,Solution for injection,/WK,7
24414379,244143791,1,I,,20240926,20241009,20241009,EXP,"",US-NOVOPROD-1293383,NOVO NORDISK,"",,"","",M,Y,,"",20241009,"",CN,US,US,244143791,OT,Deafness,"",1,PS,OZEMPIC,SEMAGLUTIDE,1,Subcutaneous,0.25 mg,,"",U,"","",,209637,0.25,MG,Solution for injection,"",7
24414380,244143801,1,I,,20240926,20241009,20241009,EXP,"",US-NOVOPROD-1293607,NOVO NORDISK,"",65,YR,"",M,Y,,"",20241009,"",MD,US,US,244143801,OT,Seizure,"",1,PS,RYBELSUS,SEMAGLUTIDE,1,Oral,UNK Q3,,"",N,"","",,213051,,"",Tablet,"",7
24414381,244143811,1,I,20240801,20240926,20241009,20241009,EXP,"",US-NOVOPROD-1293266,NOVO NORDISK,"",65,YR,"",F,Y,,"",20241009,"",CN,US,US,244143811,HO,Cerebrovascular accident,"",1,PS,OZEMPIC,SEMAGLUTIDE,1,Subcutaneous,"0.5 mg, qw",,"","","","",,209637,0.5,MG,Solution for injection,/WK,3
24414382,244143821,1,I,,20240926,20241009,20241009,EXP,"",US-NOVOPROD-1293697,NOVO NORDISK,"",65,YR,"","",Y,,"",20241009,"",CN,US,US,244143821,OT,Ileus,"",1,PS,OZEMPIC,SEMAGLUTIDE,1,Subcutaneous,UNK,,"",U,"","",,209637,,"",Solution for injection,"",7
24414383,244143831,1,I,,20240926,20241009,20241009,EXP,"",US-NOVOPROD-1293303,NOVO NORDISK,"",63,YR,"","",Y,,"",20241009,"",CN,US,US,244143831,OT,Ileus,"",1,PS,OZEMPIC,SEMAGLUTIDE,1,Subcutaneous,UNK,,"",U,"","",,209637,,"",Solution for injection,"",7
24414384,244143842,2,F,20240201,20241216,20241009,20241230,EXP,"",US-NOVOPROD-1293611,NOVO NORDISK,"",72,YR,"",F,Y,,"",20241230,"",CN,US,US,244143842,HO,Chronic kidney disease,"",1,PS,OZEMPIC,SEMAGLUTIDE,1,Subcutaneous,UNK,,"",N,"","",,209637,,"",Solution for injection,"",3
24414385,244143852,2,F,20240308,20240925,20241009,20241016,EXP,"",US-NOVOPROD-1293603,NOVO NORDISK,"",67,YR,"",F,Y,,"",20241016,"",CN,US,US,244143852,OT,Electrocardiogram QT prolonged,"",1,PS,WEGOVY,SEMAGLUTIDE,1,"","",,"",Y,"","",,215256,,"",Solution for injection,"",7
24414397,244143971,1,I,,20240930,20241009,20241009,EXP,"",US-NOVOPROD-1294712,NOVO NORDISK,"",14,YR,"",M,Y,,"",20241009,"",MD,US,US,244143971,HO,Colitis,"",1,PS,WEGOVY,SEMAGLUTIDE,1,Subcutaneous,2.4 mg,,"",U,"","",,215256,2.4,MG,Solution for injection,"",3
24414398,244143981,1,I,,20240927,20241009,20241009,30DAY,"",US-NOVOPROD-1291990,NOVO NORDISK,"",,"","",F,Y,,"",20241009,"",CN,US,US,244143981,OT,Product odour abnormal,"",1,PS,OZEMPIC,SEMAGLUTIDE,1,"",0.5 mg,,"",D,"",NZF8B07,,209637,,"",Solution for injection,"",7
24414399,244143991,1,I,,20240930,20241009,20241009,EXP,"",US-NOVOPROD-1293935,NOVO NORDISK,"",53,YR,"",F,Y,,"",20241009,"",MD,US,US,244143991,OT,Thrombosis,"",1,PS,WEGOVY,SEMAGLUTIDE,1,Subcutaneous,UNK,,"",U,"","",,215256,,"",Solution for injection,"",7
24414404,244144041,1,I,,20241002,20241009,20241009,EXP,"",US-NOVOPROD-1294706,NOVO NORDISK,"",40,YR,"",F,Y,,"",20241009,"",MD,US,US,244144041,OT,Concussion,"",1,PS,WEGOVY,SEMAGLUTIDE,1,Subcutaneous,1.7 mg,,"",Y,"","",,215256,1.7,MG,Solution for injection,"",7
24414405,244144051,1,I,,20240930,20241009,20241009,EXP,"",US-NOVOPROD-1293957,NOVO NORDISK,"",,"","",M,Y,,"",20241009,"",CN,US,US,244144051,OT,Psoriatic arthropathy,"",1,PS,RYBELSUS,SEMAGLUTIDE,1,Oral,3 mg,,"",U,"","",,213051,3,MG,Tablet,"",7
24414408,244144081,1,I,20170101,20240927,20241009,20241009,EXP,"",US-NOVOPROD-1293108,NOVO NORDISK,"",84,YR,"",M,Y,,"",20241009,"",CN,US,US,244144081,OT,Off label use,"",1,PS,OZEMPIC,SEMAGLUTIDE,1,Subcutaneous,0.5  mg,,"",Y,"","",,209637,0.5,MG,Solution for injection,"",7
24414410,244144101,1,I,,20240930,20241009,20241009,EXP,"",US-NOVOPROD-1293083,NOVO NORDISK,"",,"","",F,Y,,"",20241009,"",CN,US,US,244144101,OT,Diarrhoea,"",1,PS,OZEMPIC,SEMAGLUTIDE,1,Subcutaneous,1 mg,,"",Y,"","",,209637,1,MG,Solution for injection,"",7
24414411,244144111,1,I,,20240930,20241009,20241009,EXP,"",US-NOVOPROD-1295159,NOVO NORDISK,"",61,YR,"","",Y,,"",20241009,"",CN,US,US,244144111,OT,Intestinal atony,"",1,PS,OZEMPIC,SEMAGLUTIDE,1,Subcutaneous,UNK,,"",U,"","",,209637,,"",Solution for injection,"",7
24414487,244144871,1,I,,20240927,20241009,20241009,PER,"",US-ELI_LILLY_AND_COMPANY-US202409017974,ELI LILLY AND CO,"",42,YR,A,"",Y,,"",20241009,"",LW,US,US,244144871,OT,Nausea,"",2,SS,OZEMPIC,SEMAGLUTIDE,1,Unknown,"UNK UNK, unknown",,"","","","",,"",,"","","",7
24414566,244145665,5,F,20240101,20241110,20241009,20241119,EXP,"",US-UNITED THERAPEUTICS-UNT-2024-024062,UNITED THERAPEUTICS,"",,"","",M,Y,83.447,KG,20241119,"","",US,US,244145665,HO,Peripheral swelling,"",37,C,OZEMPIC,SEMAGLUTIDE,1,"",UNK,,"","","","",,"",,"","","",3
24414686,244146861,1,I,20240927,20240930,20241009,20241009,PER,"",US-UNITED THERAPEUTICS-UNT-2024-031000,UNITED THERAPEUTICS,"",41,YR,"",F,Y,65.76,KG,20241009,"","",US,US,,,Product use issue,"",6,C,WEGOVY,SEMAGLUTIDE,1,"",UNK,,"","","","",,"",,"","","",
24414841,244148411,1,I,20240628,20240909,20241009,20241009,PER,"",US-ELI_LILLY_AND_COMPANY-US202405013875,ELI LILLY AND CO,"",79,YR,E,F,Y,,"",20241009,"",CN,US,US,,,Dizziness,"",13,C,OZEMPIC,SEMAGLUTIDE,1,Unknown,"2 u, unknown",,"","","","",,"",2,IU,"","",
24416502,244165021,1,I,20240201,20241008,20241008,20241008,DIR,722130,"",FDA-CTU,"",66,YR,"",F,N,95.85,KG,20241008,N,CN,US,"",244165021,DS,Alopecia,"",1,PS,OZEMPIC,SEMAGLUTIDE,1,"","",,"","",D,"",,"",,"","","",4
24416611,244166111,1,I,20240602,20241008,20241008,20241008,DIR,722068,"",FDA-CTU,"",53,YR,"",F,N,110.7,KG,20241008,N,CN,US,"",244166111,RI,Abdominal pain upper,"",1,PS,WEGOVY,SEMAGLUTIDE,1,Other,OTHER QUANTITY : 4 Injection(s);?OTHER FREQUENCY : once every seven d;?OTHER ROUTE : inject umder skin;?,,"",Y,D,00301694517141,20251031,"",,"",Injection,999,6
24416776,244167763,3,F,20241002,20241101,20241009,20241108,PER,"",US-JAZZ PHARMACEUTICALS-2024-US-000657,JAZZ,"",51,YR,"",F,Y,77.098,KG,20241108,"",MD,US,US,,,Intentional dose omission,"",21,C,OZEMPIC,SEMAGLUTIDE,1,"",1 MG/DOSE (2 MG/1.5ML),,"","","","",,"",,"","","",
24417277,244172771,1,I,20241006,20241009,20241009,20241009,DIR,722135,"",FDA-CTU,"",55,YR,"",M,N,73.8,KG,20241009,N,CN,US,"",244172771,HO,Tremor,"",6,C,SEMAGLUTIDE,SEMAGLUTIDE,1,"","",,"","","","",,"",,"","","",3
24417558,244175581,1,I,20240801,20240812,20241009,20241009,PER,"","US-BIOCRYST PHARMACEUTICALS, INC.-2024BCR00841",BIOCRYST PHARMACEUTICALS,"",,"","","",Y,,"",20241009,"",CN,US,US,,,Decreased appetite,"",2,C,WEGOVY,SEMAGLUTIDE,1,"",UNK,,"","","","",,"",,"","","",
24417683,244176831,1,I,20231001,20241009,20241009,20241009,DIR,722196,"",FDA-CTU,"",61,YR,"",M,N,108,KG,20241009,N,CN,US,"",,,Mood swings,"",1,PS,OZEMPIC,SEMAGLUTIDE,1,Other,OTHER FREQUENCY : once per weer;?OTHER ROUTE : injection into stomach;?,,"",N,N,"",,"",,"","",999,
24418142,244181421,1,I,20240901,20240926,20241009,20241009,PER,"",US-Calliditas-2024CAL02092,CALLIDITAS THERAPEUTICS,"",74,YR,E,F,Y,,"",20241009,"",CN,US,US,,,Drug ineffective,"",5,C,OZEMPIC,SEMAGLUTIDE,1,"","",,"","","","",,"",,"","","",
24419717,244197174,4,F,20241002,20241023,20241010,20241105,EXP,"",US-AMNEAL PHARMACEUTICALS-2024-AMRX-03647,AMNEAL,"",26,YR,"",F,Y,,"",20241106,"",MD,US,US,244197174,OT,Exposure during pregnancy,"",3,C,OZEMPIC,SEMAGLUTIDE,1,Unknown,UNK,,"","","","",,"",,"","","",7
24420396,244203961,1,I,20220221,20240926,20241010,20241010,EXP,"",US-NOVOPROD-1293434,NOVO NORDISK,"",39,YR,"","",Y,,"",20241010,"",CN,US,US,244203961,HO,Small intestinal obstruction,"",1,PS,OZEMPIC,SEMAGLUTIDE,1,Subcutaneous,"0.25 mg, qw",,"",N,"","",,209637,0.25,MG,Solution for injection,/WK,3
24420400,244204001,1,I,,20240930,20241010,20241010,EXP,"",US-NOVOPROD-1295888,NOVO NORDISK,"",50,YR,"",M,Y,,"",20241010,"",CN,US,US,244204001,HO,Ileus,"",1,PS,OZEMPIC,SEMAGLUTIDE,1,Subcutaneous,UNK,,"",U,"","",,209637,,"",Solution for injection,"",3
24420401,244204012,2,F,20230901,20241213,20241010,20241219,EXP,"",US-NOVOPROD-1296022,NOVO NORDISK,"",55,YR,"",F,Y,98.413,KG,20241219,"",CN,US,US,244204012,HO,Product use in unapproved indication,"",1,PS,OZEMPIC,SEMAGLUTIDE,1,"","",2,MG,U,"","",,209637,,"",Solution for injection,"",3
24420405,244204051,1,I,20240927,20240930,20241010,20241010,EXP,"",US-NOVOPROD-1294576,NOVO NORDISK,"",,"","",F,Y,,"",20241010,"",CN,US,US,244204051,HO,Knee operation,"",1,PS,OZEMPIC,SEMAGLUTIDE,1,Subcutaneous,0.25 mg,,"","","",PZFAP89,,209637,0.25,MG,Solution for injection,"",3
24420410,244204101,1,I,20240301,20240930,20241010,20241010,EXP,"",US-NOVOPROD-1293125,NOVO NORDISK,"",79,YR,"",F,Y,,"",20241010,"",CN,US,US,244204101,OT,Product label confusion,"",1,PS,OZEMPIC,SEMAGLUTIDE,1,"","",,"",Y,"","",,209637,,"",Solution for injection,"",7
24420411,244204111,1,I,20240101,20240926,20241010,20241010,EXP,"",US-NOVOPROD-1293535,NOVO NORDISK,"",,"","",M,Y,,"",20241010,"",CN,US,US,244204111,HO,Product regimen confusion,"",1,PS,OZEMPIC,SEMAGLUTIDE,1,Subcutaneous,"0.25 mg, qw",,"",U,"","",,209637,0.25,MG,Solution for injection,/WK,3
24420415,244204151,1,I,20240101,20240930,20241010,20241010,EXP,"",US-NOVOPROD-1294419,NOVO NORDISK,"",72,YR,"",F,Y,,"",20241010,"",MD,US,US,244204151,DE,Unevaluable investigation,"",1,PS,OZEMPIC,SEMAGLUTIDE,1,Subcutaneous,0.5 mg,,"","","","",,209637,0.5,MG,Solution for injection,"",1
24420419,244204191,1,I,,20240926,20241010,20241010,EXP,"",US-NOVOPROD-1296247,NOVO NORDISK,"",,"","",F,Y,,"",20241010,"",CN,US,US,244204191,OT,Surgery,"",1,PS,WEGOVY,SEMAGLUTIDE,1,Subcutaneous,UNK,,"",U,"","",,215256,,"",Solution for injection,"",7
24420460,244204601,1,I,20240901,20241004,20241010,20241010,EXP,"",US-NOVOPROD-1295621,NOVO NORDISK,"",45,YR,"",F,Y,,"",20241010,"",CN,US,US,244204601,HO,Intestinal obstruction,"",1,PS,OZEMPIC,SEMAGLUTIDE,1,Subcutaneous,0.25 mg,,"",Y,"","",,209637,0.25,MG,Solution for injection,"",3
24420463,244204631,1,I,20240901,20241001,20241010,20241010,EXP,"",US-NOVOPROD-1296237,NOVO NORDISK,"",,"","",F,Y,,"",20241010,"",CN,US,US,244204631,OT,Vomiting,"",1,PS,WEGOVY,SEMAGLUTIDE,1,Subcutaneous,"1.7 mg, qw",,"",D,"",PZFAE94,,215256,1.7,MG,Solution for injection,/WK,7
24420464,244204641,1,I,,20241001,20241010,20241010,EXP,"",US-NOVOPROD-1295559,NOVO NORDISK,"",,"",A,F,Y,,"",20241010,"",CN,US,US,244204641,OT,Muscular weakness,"",1,PS,OZEMPIC,SEMAGLUTIDE,1,Subcutaneous,"0.25 mg, qw",,"",Y,"","",,209637,0.25,MG,Solution for injection,/WK,7
24420467,244204671,1,I,,20241003,20241010,20241010,EXP,"",US-NOVOPROD-1295614,NOVO NORDISK,"",,"","",M,Y,,"",20241010,"",MD,US,US,244204671,HO,Nephrolithiasis,"",1,PS,OZEMPIC,SEMAGLUTIDE,1,"",0.25 mg,,"",N,"","",,209637,0.25,MG,Solution for injection,"",3
24421216,244212161,1,I,20240101,20241003,20241010,20241010,EXP,"","US-B.I. Pharmaceuticals,Inc./Ridgefield-2024-BI-055044",BOEHRINGER INGELHEIM,"",74,YR,E,F,Y,,"",20241010,"",CN,US,US,244212161,HO,Nausea,"",6,SS,OZEMPIC,SEMAGLUTIDE,1,"","",,"",U,"",Unknown,,"",,"","","",3
24421592,244215921,1,I,20240820,20240918,20241010,20241010,PER,"",US-ACADIA PHARMACEUTICALS INC.-ACA-2024-PIM-005710,ACADIA PHARMACEUTICALS,"",82,YR,"",F,Y,,"",20241010,"",CN,US,US,,,Lethargy,"",3,C,OZEMPIC,SEMAGLUTIDE,1,"",0.25 mg,,"","","","",,"",,"","","",
24421773,244217731,1,I,20241001,20241007,20241010,20241010,PER,"","US-B.I. Pharmaceuticals,Inc./Ridgefield-2024-BI-055649",BOEHRINGER INGELHEIM,"",7,DY,E,M,Y,,"",20241010,"",CN,US,US,244217731,HO,Oral pain,"",3,C,OZEMPIC,SEMAGLUTIDE,1,"","",,"","","","",,"",,"","","",3
24422504,244225041,1,I,20240501,20240507,20241009,20241009,DIR,FDA-CDER-CTU-2024-70168,"",FDA-CTU,"",65,YR,"",F,N,,"",20240507,N,HP,US,"",244225041,HO,Cerebrovascular accident,"",11,C,OZEMPIC,SEMAGLUTIDE,1,"","",,"","","","",,"",,"","","",3
24422505,244225051,1,I,20240501,20241009,20241009,20241009,DIR,FDA-CDER-CTU-2024-70164,"",FDA-CTU,"",65,YR,"",F,N,,"",20241010,N,HP,US,"",244225051,HO,Cerebrovascular accident,"",11,C,OZEMPIC,SEMAGLUTIDE,1,"","",,"","","","",,"",,"","","",3
24422671,244226719,9,F,20241001,20241218,20241010,20241225,EXP,"",US-JAZZ PHARMACEUTICALS-2024-US-014761,JAZZ,"",34,YR,"",F,Y,,"",20241225,"",MD,US,US,244226719,OT,Abdominal distension,"",19,C,RYBELSUS,SEMAGLUTIDE,1,Oral,"UNK, qd",,"","","","",,"",,"",Tablet,QD,7
24422810,244228101,1,I,,20240925,20241010,20241010,EXP,"",US-GRANULES-US-2024GRALIT00444,GRANULES INDIA,Kazuhiko Kido.Call to action for drug interactions between tirzepatide and heart failure guideline-directed medical therapy.Journal of the American Pharmacists Association.04-OCT-2023;64:169-173,64,YR,A,M,Y,230,KG,20241010,"",HP,US,US,244228101,OT,Drug interaction,"",8,C,SEMAGLUTIDE,SEMAGLUTIDE,1,Unknown,"",,"","","",Unknown,,"",,"",UNK,"",7
24423634,244236341,1,I,,20241009,20241009,20241009,DIR,722242,"",FDA-CTU,"",,"","",F,N,,"",20241009,Y,HP,US,"",244236341,HO,Hospitalisation,"",12,C,OZEMPIC,SEMAGLUTIDE,1,"","",,"","","","",,"",,"","","",3
24424335,244243351,1,I,20240901,20241007,20241010,20241010,EXP,"",US-SA-2024SA253871,SANOFI AVENTIS,"",50,YR,A,F,Y,,"",20241010,"",MD,US,US,244243351,DE,Skull fracture,"",16,C,OZEMPIC,SEMAGLUTIDE,1,"",UNK,,"",U,"","",,"",,"","","",1
24424396,244243961,1,I,20240801,20240822,20241010,20241010,PER,"","US-MADRIGAL PHARMACEUTICALS, INC-2024REZ1101",MADRIGAL PHARMACEUTICALS,"",,"","","",Y,,"",20240927,"",MD,US,US,,,Rash,"",7,C,SEMAGLUTIDE,SEMAGLUTIDE,1,"","",,"","","","",,"",,"","","",
24424689,244246891,1,I,20241010,20241010,20241010,20241010,PER,"",US-ELI_LILLY_AND_COMPANY-US202410007377,ELI LILLY AND CO,"",78,YR,E,F,Y,,"",20241010,"",CN,US,US,,,Incorrect dose administered,"",10,C,OZEMPIC,SEMAGLUTIDE,1,"","",,"","","","",,"",,"","","",
24424747,244247471,1,I,20230801,20240930,20241010,20241010,PER,"",US-ELI_LILLY_AND_COMPANY-US202410001470,ELI LILLY AND CO,"",,"","","",Y,,"",20241010,"",CN,US,US,,,Fibromyalgia,"",3,C,WEGOVY,SEMAGLUTIDE,1,"","",,"","","","",,"",,"","","",
24424845,244248452,2,F,,20241018,20241010,20241025,EXP,"",US-TEVA-VS-3251769,TEVA,"Rezigh A, Rezigh A, Sherman S. Lessons in clinical reasoning - Pitfalls, myths, and pearls: A woman brought to a halt. Diagn 2024; 11 (2): 205-211.; Rezigh A, Rezigh A, Sherman S. Lessons in clinical reasoning - Pitfalls, myths, and pearls: A woman brought to a halt. Diagn 2024; 11 (2): 205-211.",60,YR,"",F,Y,,"",20241025,"",MD,US,US,244248452,OT,Anxiety,"",3,C,SEMAGLUTIDE,SEMAGLUTIDE,1,Unknown,"",,"","","","",,"",,"","","",7
24425790,244257901,1,I,,20241008,20241011,20241011,PER,"",US-ELI_LILLY_AND_COMPANY-US202410005646,ELI LILLY AND CO,"",,"","","",Y,,"",20241011,"",MD,US,US,244257901,OT,Pancreatitis,"",2,SS,OZEMPIC,SEMAGLUTIDE,1,Unknown,"UNK UNK, unknown",,"",U,"","",,"",,"","","",7
24426443,244264431,1,I,,20241007,20241011,20241011,EXP,"",US-ABBVIE-5956007,ABBVIE,"",,"","",M,Y,,"",20241011,"",CN,US,US,244264431,OT,Cholelithiasis,"",2,SS,OZEMPIC,SEMAGLUTIDE,1,Unknown,"",,"",U,"","",,"",,"","","",7
24427161,244271611,1,I,20241001,20241010,20241010,20241010,DIR,722412,"",FDA-CTU,"",34,YR,"",F,N,81,KG,20241010,N,CN,US,"",,,Presyncope,"",1,PS,WEGOVY,SEMAGLUTIDE,1,"","",,"",N,D,"",,"",,"","","",
24427261,244272611,1,I,20241001,20241011,20241011,20241011,DIR,722457,"",FDA-CTU,"",63,YR,"",F,N,108,KG,20241011,N,CN,US,"",244272611,OT,Suicidal ideation,"",1,PS,WEGOVY,SEMAGLUTIDE,1,"","",,"","","","",,"",,"","","",7
24427293,244272931,1,I,,20240926,20241011,20241011,EXP,"",US-Renata Limited-2162845,RENATA LIMITED,Full text,64,YR,"",M,Y,104.55,KG,20241011,"","",US,US,244272931,OT,Product use in unapproved indication,"",5,C,SEMAGLUTIDE,SEMAGLUTIDE,1,"","",,"",D,U,"",,"",,"","","",7
24427594,244275941,1,I,,20240927,20241011,20241011,EXP,"","US-YoungTech Pharmaceuticals, Inc.-2162849","YOUNGTECH PHARMACEUTICALS, INC",Full text,64,YR,"",M,Y,104.55,KG,20241011,"","",US,US,244275941,OT,Product use in unapproved indication,"",5,C,SEMAGLUTIDE,SEMAGLUTIDE,1,"","",,"",D,U,"",,"",,"","","",7
24428121,244281211,1,I,,20241008,20241011,20241011,EXP,"",US-ELI_LILLY_AND_COMPANY-US202410005643,ELI LILLY AND CO,"",52,YR,A,F,Y,,"",20241011,"",CN,US,US,244281211,OT,Feeding disorder,"",3,SS,OZEMPIC,SEMAGLUTIDE,1,Unknown,"UNK UNK, unknown",,"",Y,"","",,"",,"","","",7
24428189,244281892,2,F,20240801,20241014,20241011,20241016,EXP,"",US-ABBVIE-5958802,ABBVIE,"",57,YR,"",M,Y,99.79,KG,20241016,"",CN,US,US,244281892,HO,Impaired healing,"",5,C,RYBELSUS,SEMAGLUTIDE,1,Unknown,"",,"","","","",,"",,"","","",3
24428207,244282071,1,I,20231116,20241010,20241010,20241010,DIR,FDA-CDER-CTU-2024-70564,"",FDA-CTU,"",45,YR,"",F,N,56.7,KG,20241010,N,CN,US,"",244282071,HO,Therapy interrupted,"",1,PS,WEGOVY,SEMAGLUTIDE,1,Other,OTHER QUANTITY : 1 injection;?OTHER FREQUENCY : 1 ;?OTHER ROUTE : Into the muscle;?,,"",N,"",253374414,,"",,"","",999,3
24428453,244284532,2,F,,20241113,20241011,20241113,PER,"",US-PFIZER INC-202400273613,PFIZER,"",56,YR,"",F,Y,83.46,KG,20241113,"",HP,US,US,,,Poor quality product administered,"",10,C,OZEMPIC,SEMAGLUTIDE,1,"",UNK,,"","","","",,"",,"","","",
24428465,244284651,1,I,,20241009,20241011,20241011,PER,"",US-PFIZER INC-PV202400034893,PFIZER,"",64,YR,"",F,Y,,"",20241011,"",HP,US,US,,,Liver disorder,"",13,C,OZEMPIC,SEMAGLUTIDE,1,"",UNK,,"","","","",,"",,"","","",
24429206,244292061,1,I,,20241010,20241011,20241011,EXP,"",US-PFIZER INC-202400099393,PFIZER,"",68,YR,"",F,Y,,"",20241011,"",CN,US,US,244292061,OT,Diabetes mellitus,"",10,C,OZEMPIC,SEMAGLUTIDE,1,"",UNK,,"","","","",,"",,"","","",7
24429311,244293111,1,I,,20241002,20241011,20241011,EXP,"",US-BRISTOL-MYERS SQUIBB COMPANY-2024-156462,BRISTOL MYERS SQUIBB,"",62,YR,A,F,Y,,"",20241011,"",HP,US,US,244293111,OT,Illness,"",2,C,OZEMPIC,SEMAGLUTIDE,1,"","",,"","","","",,"",,"","","",7
24429482,244294821,1,I,20240101,20241007,20241012,20241012,PER,"",US-AMGEN-USASP2024198990,AMGEN,"",68,YR,E,M,Y,,"",20241011,"",CN,US,US,,,Dysgeusia,"",2,C,WEGOVY,SEMAGLUTIDE,1,Unknown,UNK (added to medication regimen a few months back),,"","","","",,"",,"","","",
24430162,244301621,1,I,,20241008,20241013,20241013,PER,"",US-ELI_LILLY_AND_COMPANY-US202410006118,ELI LILLY AND CO,"",65,YR,E,F,Y,,"",20241013,"",CN,US,US,,,Incorrect dose administered,"",5,C,OZEMPIC,SEMAGLUTIDE,1,"",UNK,,"","","","",,"",,"","","",
24430572,244305721,1,I,20240101,20241008,20241013,20241013,PER,"",US-AMGEN-USASP2024200148,AMGEN,"",71,YR,E,F,Y,,"",20241013,"",CN,US,US,,,Device difficult to use,"",4,C,OZEMPIC,SEMAGLUTIDE,1,"",UNK,,"","","","",,"",,"","","",
24431061,244310611,1,I,20240929,20240930,20241014,20241014,EXP,"",US-NOVOPROD-1294497,NOVO NORDISK,"",15,YR,"",F,Y,,"",20241014,"",CN,US,US,244310611,HO,Irritability,"",1,PS,WEGOVY,SEMAGLUTIDE,1,Subcutaneous,0.25 mg,,"",U,"",PZF6A26,,215256,0.25,MG,Solution for injection,"",3
24431063,244310631,1,I,,20240930,20241014,20241014,EXP,"",US-NOVOPROD-1294512,NOVO NORDISK,"",,"","",M,Y,,"",20241014,"",CN,US,US,244310631,OT,Dialysis,"",1,PS,OZEMPIC,SEMAGLUTIDE,1,Subcutaneous,UNK,,"",U,"","",,209637,,"",Solution for injection,"",7
24431065,244310651,1,I,,20240930,20241014,20241014,EXP,"",US-NOVOPROD-1294447,NOVO NORDISK,"",,"","",F,Y,,"",20241014,"",CN,US,US,244310651,OT,Fall,"",1,PS,OZEMPIC,SEMAGLUTIDE,1,Subcutaneous,UNK,,"",U,"","",,209637,,"",Solution for injection,"",7
24431068,244310681,1,I,,20240930,20241014,20241014,EXP,"",US-NOVOPROD-1293922,NOVO NORDISK,"",,"",A,F,Y,,"",20241014,"",CN,US,US,244310681,OT,Knee arthroplasty,"",1,PS,OZEMPIC,SEMAGLUTIDE,1,Subcutaneous,UNK,,"","","","",,209637,,"",Solution for injection,"",7
24431070,244310701,1,I,,20240930,20241014,20241014,EXP,"",US-NOVOPROD-1294550,NOVO NORDISK,"",13,YR,"",F,Y,,"",20241014,"",MD,US,US,244310701,HO,Decreased appetite,"",1,PS,WEGOVY,SEMAGLUTIDE,1,Subcutaneous,UNK,,"",Y,"","",,215256,,"",Solution for injection,"",3
24431150,244311501,1,I,20240503,20241001,20241014,20241014,EXP,"",US-NOVOPROD-1295039,NOVO NORDISK,"",64,YR,"",F,Y,,"",20241014,"",CN,US,US,244311501,OT,Bunion operation,"",1,PS,OZEMPIC,SEMAGLUTIDE,1,Subcutaneous,0.5mg,,"",Y,"","",,209637,,"",Solution for injection,"",7
24431153,244311531,1,I,20240701,20241001,20241014,20241014,EXP,"",US-NOVOPROD-1295046,NOVO NORDISK,"",,"","",F,Y,,"",20241014,"",CN,US,US,244311531,OT,Rotator cuff syndrome,"",1,PS,OZEMPIC,SEMAGLUTIDE,1,Subcutaneous,UNK,,"",U,"","",,209637,,"",Solution for injection,"",7
24431154,244311541,1,I,,20241001,20241014,20241014,EXP,"",US-NOVOPROD-1295028,NOVO NORDISK,"",,"","",F,Y,,"",20241014,"",MD,US,US,244311541,OT,Maternal exposure during pregnancy,"",1,PS,WEGOVY,SEMAGLUTIDE,1,Subcutaneous,UNK,,"",U,"","",,215256,,"",Solution for injection,"",7
24431267,244312671,1,I,20240910,20241004,20241014,20241014,PER,"",US-AMGEN-USASP2024198086,AMGEN,"",77,YR,E,F,Y,,"",20241014,"",CN,US,US,,,Pulse abnormal,"",4,C,OZEMPIC,SEMAGLUTIDE,1,Unknown,"",,"","","","",,"",,"","","",
24431399,244313991,1,I,20200505,20241001,20241014,20241014,EXP,"",US-NOVOPROD-1295189,NOVO NORDISK,"",59,YR,"","",Y,,"",20241014,"",CN,US,US,244313991,OT,Impaired gastric emptying,"",1,PS,OZEMPIC,SEMAGLUTIDE,1,"","",,"",U,"","",,209637,,"",Solution for injection,"",7
24431401,244314012,2,F,,20241105,20241014,20241113,EXP,"",US-NOVOPROD-1295168,NOVO NORDISK,"",,"",A,M,Y,,"",20241113,"",CN,US,US,244314012,OT,Eye operation,"",1,PS,OZEMPIC,SEMAGLUTIDE,1,Subcutaneous,1 mg (about 8 years ago),,"","","","",,209637,1,MG,Solution for injection,"",7
24431402,244314021,1,I,,20241001,20241014,20241014,EXP,"",US-NOVOPROD-1295214,NOVO NORDISK,"",,"","","",Y,,"",20241014,"",CN,US,US,244314021,OT,Intestinal obstruction,"",1,PS,OZEMPIC,SEMAGLUTIDE,1,Subcutaneous,UNK,,"",U,"","",,209637,,"",Solution for injection,"",7
24431404,244314042,2,F,20221201,20241111,20241014,20241120,EXP,"",US-NOVOPROD-1295057,NOVO NORDISK,"",62,YR,"",F,Y,,"",20241120,"",CN,US,US,244314042,OT,Myocardial infarction,"",1,PS,OZEMPIC,SEMAGLUTIDE,1,Subcutaneous,UNK,,"","","","",,209637,,"",Solution for injection,"",7
24431405,244314051,1,I,,20241001,20241014,20241014,EXP,"",US-NOVOPROD-1295263,NOVO NORDISK,"",,"",A,"",Y,,"",20241014,"",CN,US,US,244314051,OT,Cholecystectomy,"",1,PS,OZEMPIC,SEMAGLUTIDE,1,Subcutaneous,UNK,,"",U,"","",,209637,,"",Solution for injection,"",7
24431406,244314061,1,I,,20241001,20241014,20241014,EXP,"",US-NOVOPROD-1295124,NOVO NORDISK,"",,"","",M,Y,,"",20241014,"",CN,US,US,244314061,OT,Limb operation,"",1,PS,WEGOVY,SEMAGLUTIDE,1,Subcutaneous,2.4 mg,,"","","","",,215256,2.4,MG,Solution for injection,"",7
24431407,244314072,2,F,20221001,20241205,20241014,20241213,EXP,"",US-NOVOPROD-1295170,NOVO NORDISK,"",67,YR,"",M,Y,122.45,KG,20241213,"",CN,US,US,244314072,HO,Ileus,"",1,PS,OZEMPIC,SEMAGLUTIDE,1,Subcutaneous,"UNK, QW",,"",U,"","",,209637,,"",Solution for injection,"",3
24431409,244314091,1,I,,20241001,20241014,20241014,EXP,"",US-NOVOPROD-1295152,NOVO NORDISK,"",,"","",M,Y,,"",20241014,"",CN,US,US,244314091,HO,Volvulus,"",1,PS,RYBELSUS,SEMAGLUTIDE,1,Oral,14 mg,,"","","","",,213051,14,MG,Tablet,"",3
24431410,244314101,1,I,,20241001,20241014,20241014,EXP,"",US-NOVOPROD-1295149,NOVO NORDISK,"",,"","",F,Y,,"",20241014,"",CN,US,US,244314101,OT,Retinal oedema,"",1,PS,OZEMPIC,SEMAGLUTIDE,1,Subcutaneous,1 mg,,"",U,"","",,209637,1,MG,Solution for injection,"",7
24431411,244314111,1,I,20240622,20241001,20241014,20241014,EXP,"",US-NOVOPROD-1295211,NOVO NORDISK,"",75,YR,"",F,Y,,"",20241014,"",CN,US,US,244314111,HO,Thrombotic stroke,"",1,PS,WEGOVY,SEMAGLUTIDE,1,Subcutaneous,UNK,,"",U,"","",,215256,,"",Solution for injection,"",3
24431412,244314122,2,F,20221001,20241219,20241014,20241227,EXP,"",US-NOVOPROD-1295406,NOVO NORDISK,"",56,YR,"",F,Y,88.45,KG,20241227,"",CN,US,US,244314122,OT,Obstruction gastric,"",1,PS,OZEMPIC,SEMAGLUTIDE,1,Subcutaneous,"1 mg, qw",,"",U,"","",,209637,1,MG,Solution for injection,/WK,7
24431413,244314131,1,I,20220101,20241001,20241014,20241014,EXP,"",US-NOVOPROD-1295127,NOVO NORDISK,"",53,YR,"",F,Y,,"",20241014,"",CN,US,US,244314131,HO,Off label use,"",1,PS,OZEMPIC,SEMAGLUTIDE,1,Subcutaneous,"1 mg, qw",,"",N,"","",,209637,1,MG,Solution for injection,/WK,3
24431414,244314141,1,I,,20241001,20241014,20241014,EXP,"",US-NOVOPROD-1295051,NOVO NORDISK,"",,"","",M,Y,,"",20241014,"",CN,US,US,244314141,OT,Neoplasm malignant,"",1,PS,OZEMPIC,SEMAGLUTIDE,1,Subcutaneous,1 mg,,"",U,"",PAR0363,,209637,1,MG,Solution for injection,"",7
24431539,244315391,1,I,20240715,20241001,20241014,20241014,EXP,"",US-NOVOPROD-1295579,NOVO NORDISK,"",41,YR,"",F,Y,,"",20241014,"",CN,US,US,244315391,OT,Abortion spontaneous,"",1,PS,WEGOVY,SEMAGLUTIDE,1,Subcutaneous,UNK,,"",U,"","",,215256,,"",Solution for injection,"",7
24431541,244315412,2,F,20201001,20241126,20241014,20241208,EXP,"",US-NOVOPROD-1295485,NOVO NORDISK,"",61,YR,"",F,Y,71.655,KG,20241209,"",CN,US,US,244315412,HO,Dehydration,"",1,PS,OZEMPIC,SEMAGLUTIDE,1,Subcutaneous,UNK,,"",Y,"","",,209637,,"",Solution for injection,"",3
24431545,244315451,1,I,,20241002,20241014,20241014,PER,"",US-ELI_LILLY_AND_COMPANY-US202410002943,ELI LILLY AND COMPANY,"",62,YR,A,"",Y,,"",20241014,"",LW,US,US,244315451,OT,Constipation,"",3,SS,OZEMPIC,SEMAGLUTIDE,1,Unknown,"UNK UNK, unknown",,"","","","",,"",,"","","",7
24431649,244316491,1,I,20240731,20241002,20241014,20241014,EXP,"",US-NOVOPROD-1294697,NOVO NORDISK,"",,"","",F,Y,,"",20241014,"",CN,US,US,244316491,HO,Back pain,"",1,PS,OZEMPIC,SEMAGLUTIDE,1,Subcutaneous,UNK,,"",U,"",PAR0333,,209637,,"",Solution for injection,"",3
24431669,244316691,1,I,20210101,20241002,20241014,20241014,EXP,"",US-NOVOPROD-1294736,NOVO NORDISK,"",,"",A,F,Y,,"",20241014,"",CN,US,US,244316691,OT,Wrong technique in product usage process,"",1,PS,OZEMPIC,SEMAGLUTIDE,1,Subcutaneous,"0.5 mg, qw",,"",U,"",PZF9Y69,,209637,0.5,MG,Solution for injection,/WK,7
24431670,244316701,1,I,20240904,20241002,20241014,20241014,EXP,"",US-NOVOPROD-1295196,NOVO NORDISK,"",84,YR,"",M,Y,,"",20241014,"",CN,US,US,244316701,OT,Inappropriate schedule of product administration,"",1,PS,OZEMPIC,SEMAGLUTIDE,1,Subcutaneous,"0.25 mg, qw",,"",U,"",PZF8Y39,,209637,0.25,MG,Solution for injection,/WK,7
24431672,244316721,1,I,,20241002,20241014,20241014,EXP,"",US-NOVOPROD-1294732,NOVO NORDISK,"",,"","",M,Y,,"",20241014,"",CN,US,US,244316721,HO,Weight decreased,"",1,PS,OZEMPIC,SEMAGLUTIDE,1,Subcutaneous,2 mg,,"",U,"","",,209637,2,MG,Solution for injection,"",3
24431674,244316741,1,I,20240713,20241002,20241014,20241014,EXP,"",US-NOVOPROD-1295217,NOVO NORDISK,"",68,YR,"",F,Y,,"",20241014,"",CN,US,US,244316741,OT,Gallbladder enlargement,"",1,PS,OZEMPIC,SEMAGLUTIDE,1,Subcutaneous,"0.25 mg, qw(For 4 weeks)",,"",Y,"","",,209637,0.25,MG,Solution for injection,/WK,7
24432398,244323981,1,I,20240913,20241002,20241014,20241014,EXP,"",US-NOVOPROD-1295790,NOVO NORDISK,"",61,YR,"",F,Y,,"",20241014,"",CN,US,US,244323981,OT,Scar excision,"",1,PS,OZEMPIC,SEMAGLUTIDE,1,Subcutaneous,once weekly,,"",Y,"",PAR00358,,209637,,"",Solution for injection,"",7
24432400,244324001,1,I,20240919,20241002,20241014,20241014,EXP,"",US-NOVOPROD-1295743,NOVO NORDISK,"",76,YR,"",F,Y,,"",20241014,"",CN,US,US,244324001,HO,Colitis,"",1,PS,OZEMPIC,SEMAGLUTIDE,1,Subcutaneous,"1 mg, qw",,"",N,"","",,209637,1,MG,Solution for injection,/WK,3
24432402,244324021,1,I,20240801,20241002,20241014,20241014,EXP,"",US-NOVOPROD-1295856,NOVO NORDISK,"",48,YR,"",F,Y,,"",20241014,"",CN,US,US,244324021,HO,Product communication issue,"",1,PS,WEGOVY,SEMAGLUTIDE,1,Subcutaneous,UNK,,"",U,"",PZFAF37,,215256,,"",Solution for injection,"",3
24432407,244324071,1,I,,20241002,20241014,20241014,EXP,"",US-NOVOPROD-1295744,NOVO NORDISK,"",,"","",F,Y,,"",20241014,"",CN,US,US,244324071,HO,Diarrhoea,"",1,PS,OZEMPIC,SEMAGLUTIDE,1,Subcutaneous,1 mg,,"",Y,"","",,209637,1,MG,Solution for injection,"",3
24432408,244324081,1,I,20230901,20241002,20241014,20241014,EXP,"",US-NOVOPROD-1295993,NOVO NORDISK,"",,"","",M,Y,,"",20241014,"",CN,US,US,244324081,HO,Cardiac arrest,"",1,PS,WEGOVY,SEMAGLUTIDE,1,Subcutaneous,UNK,,"",U,"","",,215256,,"",Solution for injection,"",3
24432410,244324101,1,I,,20241002,20241014,20241014,EXP,"",US-NOVOPROD-1295803,NOVO NORDISK,"",,"",A,F,Y,,"",20241014,"",CN,US,US,244324101,OT,Surgery,"",1,PS,OZEMPIC,SEMAGLUTIDE,1,Subcutaneous,UNK,,"",N,"","",,209637,,"",Solution for injection,"",7
24432512,244325121,1,I,20241001,20241003,20241014,20241014,EXP,"",US-NOVOPROD-1295667,NOVO NORDISK,"",72,YR,"",M,Y,,"",20241014,"",CN,US,US,244325121,HO,Peripheral arterial occlusive disease,"",1,PS,OZEMPIC,SEMAGLUTIDE,1,Subcutaneous,"0.5 mg, qw",,"",U,"",PZF9V80,,209637,0.5,MG,Solution for injection,/WK,3
24432777,244327771,1,I,,20220322,20241014,20241014,EXP,"",US-BIOCODEX2-2021001082,BIOCODEX,"",,"","",F,Y,96.6,KG,20241010,"",CN,US,US,244327771,HO,Diarrhoea,"",14,C,OZEMPIC,SEMAGLUTIDE,1,Unknown,"",,"",D,"",UNK,,"",,"","","",3
24433784,244337842,2,F,20230201,20241016,20241014,20241021,EXP,"",US-ABBVIE-5959874,ABBVIE,"",58,YR,"",M,Y,71,KG,20241021,"",CN,US,US,244337842,HO,Folliculitis,"",10,C,WEGOVY,SEMAGLUTIDE,1,"","",,"","","","",,"",2.4,MG,"","",3
24433785,244337851,1,I,20241001,20241007,20241014,20241014,EXP,"",US-ANIPHARMA-2024-US-054339,ANI,"",80,YR,"",F,Y,102.51,KG,20241014,"",CN,US,US,244337851,DE,Death,"",5,C,OZEMPIC,SEMAGLUTIDE,1,"","",,"","",N,"",,"",,"","","",1
24434086,244340861,1,I,,20241008,20241014,20241014,EXP,"",US-SA-2024SA292996,SANOFI AVENTIS,"",,"",A,M,Y,153.18,KG,20241014,"",MD,US,US,244340861,HO,Lung disorder,"",19,C,OZEMPIC,SEMAGLUTIDE,1,"",UNK; pen injector,,"",U,"","",,"",,"","","",3
24434429,244344292,2,F,20220101,20241017,20241014,20241024,EXP,"",US-AMGEN-USASP2024200842,AMGEN,"",57,YR,A,F,Y,,"",20241024,"",LW,US,US,244344292,OT,Type 2 diabetes mellitus,"",14,C,OZEMPIC,SEMAGLUTIDE,1,Subcutaneous,0.25 mg or 0.5 mg (2 milligram/3 millilitre),,"","","","",,"",,"",Solution for injection,"",7
24434738,244347381,1,I,,20240930,20241014,20241014,PER,"",US-LUNDBECK-DKLU4005049,LUNDBECK,"",,"","","",Y,,"",20241014,"",HP,US,US,,,Headache,"",13,C,OZEMPIC,SEMAGLUTIDE,1,Subcutaneous,"",,"","","","",,"",,"","","",
24434905,244349051,1,I,,20241001,20241014,20241014,PER,"",US-SMPA-2024SPA003515,SUNOVION,"",,"","","",Y,,"",20241014,"",CN,US,US,,,Loss of libido,"",3,C,OZEMPIC,SEMAGLUTIDE,1,Unknown,"",,"","","","",,"",,"","","",
24434907,244349071,1,I,,20241001,20241014,20241014,PER,"",US-SMPA-2024SPA003576,SUNOVION,"",,"","","",Y,,"",20241014,"",CN,US,US,,,Hot flush,"",6,C,RYBELSUS,SEMAGLUTIDE,1,Unknown,UNK,,"","","","",,"",,"","","",
24434921,244349211,1,I,,20240723,20241014,20241014,EXP,"",US-NOVOPROD-1284290,NOVO NORDISK,"",,"","",M,Y,,"",20241014,"",CN,US,US,244349211,DS,Disability,"",1,PS,OZEMPIC,SEMAGLUTIDE,1,"","",,"",U,"","",,209637,,"",Solution for injection,"",4
24434922,244349221,1,I,,20240319,20241014,20241014,30DAY,"",US-NOVOPROD-1195260,NOVO NORDISK,"",,"","",M,Y,,"",20241014,"",CN,US,US,244349221,OT,Product packaging issue,"",1,PS,OZEMPIC,SEMAGLUTIDE,1,"",1.0mg,,"","","",NP5H286,,209637,,"",Solution for injection,"",7
24435057,244350572,2,F,20240101,20241008,20241014,20241022,EXP,"",US-CORCEPT THERAPEUTICS INC.-US-2024CRT002931,CORCEPT,"",,"","","",Y,,"",20241022,"",MD,US,US,244350572,HO,Blood potassium decreased,"",12,C,SEMAGLUTIDE,SEMAGLUTIDE,1,Unknown,"",,"","","",unknown,,"",,"","","",3
24435313,244353131,1,I,,20241009,20241015,20241015,EXP,"",US-VIIV HEALTHCARE-US2024124354,VIIV,"",,"","","",Y,,"",20241015,"",MD,US,US,244353131,OT,CD4 lymphocytes decreased,"",4,C,OZEMPIC,SEMAGLUTIDE,1,"",UNK,,"",U,"","",,"",,"","","",7
24435378,244353781,1,I,,20241003,20241015,20241015,EXP,"",US-BRISTOL-MYERS SQUIBB COMPANY-2024-157651,BRISTOL-MYERS SQUIBB COMPANY,"",65,YR,E,M,Y,,"",20241015,"",CN,US,US,244353781,OT,Cardiac disorder,"",35,C,OZEMPIC,SEMAGLUTIDE,1,"","",,"",U,"","",,"",,"","","",7
24435461,244354611,1,I,,20241003,20241015,20241015,EXP,"",US-NOVOPROD-1296185,NOVO NORDISK,"",,"","",F,Y,,"",20241015,"",CN,US,US,244354611,OT,Nephrolithiasis,"",1,PS,OZEMPIC,SEMAGLUTIDE,1,Subcutaneous,0.5 mg,,"","","","",,209637,0.5,MG,Solution for injection,"",7
24435462,244354621,1,I,,20241003,20241015,20241015,EXP,"",US-NOVOPROD-1296344,NOVO NORDISK,"",,"",A,M,Y,,"",20241015,"",CN,US,US,244354621,OT,Blindness,"",1,PS,OZEMPIC,SEMAGLUTIDE,1,Subcutaneous,"0.25 mg, qw",,"",U,"","",,209637,0.25,MG,Solution for injection,/WK,7
24435463,244354631,1,I,,20241003,20241015,20241015,EXP,"",US-NOVOPROD-1295618,NOVO NORDISK,"",,"","",F,Y,,"",20241015,"",CN,US,US,244354631,OT,Diarrhoea,"",1,PS,OZEMPIC,SEMAGLUTIDE,1,Subcutaneous,"2 mg, qw",,"",U,"","",,209637,2,MG,Solution for injection,/WK,7
24435466,244354661,1,I,20240101,20241003,20241015,20241015,EXP,"",US-NOVOPROD-1296192,NOVO NORDISK,"",53,YR,"",M,Y,,"",20241015,"",MD,US,US,244354661,OT,Oesophagitis,"",1,PS,OZEMPIC,SEMAGLUTIDE,1,Subcutaneous,0.5 mg,,"",Y,"","",,209637,0.5,MG,Solution for injection,"",7
24435468,244354681,1,I,,20241003,20241015,20241015,EXP,"",US-NOVOPROD-1296665,NOVO NORDISK,"",,"","","",Y,,"",20241015,"",CN,US,US,244354681,OT,Fatigue,"",1,PS,OZEMPIC,SEMAGLUTIDE,1,Subcutaneous,UNK,,"",U,"","",,209637,,"",Solution for injection,"",7
24435469,244354691,1,I,,20241003,20241015,20241015,EXP,"",US-NOVOPROD-1296190,NOVO NORDISK,"",,"","",F,Y,,"",20241015,"",CN,US,US,244354691,OT,Surgery,"",1,PS,WEGOVY,SEMAGLUTIDE,1,Subcutaneous,2.4 mg,,"",U,"",PZF9X42,,215256,2.4,MG,Solution for injection,"",7
24435470,244354701,1,I,,20241003,20241015,20241015,EXP,"",US-NOVOPROD-1296187,NOVO NORDISK,"",63,YR,"","",Y,,"",20241015,"",CN,US,US,244354701,OT,Ileus,"",1,PS,OZEMPIC,SEMAGLUTIDE,1,Subcutaneous,Unknown,,"",U,"","",,209637,,"",Solution for injection,"",7
24435472,244354721,1,I,20231001,20241003,20241015,20241015,EXP,"",US-NOVOPROD-1296955,NOVO NORDISK,"",49,YR,"",F,Y,,"",20241015,"",CN,US,US,244354721,OT,Hysterectomy,"",1,PS,OZEMPIC,SEMAGLUTIDE,1,Subcutaneous,2 mg,,"","","",PAR0367,,209637,2,MG,Solution for injection,"",7
24435473,244354733,3,F,20240829,20241112,20241015,20241121,EXP,"",US-NOVOPROD-1296191,NOVO NORDISK,"",61,YR,"",F,Y,,"",20241121,"",CN,US,US,244354733,OT,Gastrooesophageal reflux disease,"",1,PS,WEGOVY,SEMAGLUTIDE,1,Subcutaneous,UNK,,"","","","",,215256,,"",Solution for injection,"",7
24435474,244354741,1,I,,20241003,20241015,20241015,EXP,"",US-NOVOPROD-1296181,NOVO NORDISK,"",48,YR,"","",Y,,"",20241015,"",CN,US,US,244354741,OT,Intestinal obstruction,"",1,PS,OZEMPIC,SEMAGLUTIDE,1,Subcutaneous,UNK,,"",U,"","",,209637,,"",Solution for injection,"",7
24435816,244358161,1,I,,20241004,20241015,20241015,EXP,"",US-NOVOPROD-1296398,NOVO NORDISK,"",,"","","",Y,,"",20241015,"",CN,US,US,244358161,OT,Product storage error,"",1,PS,OZEMPIC,SEMAGLUTIDE,1,Subcutaneous,UNK,,"",U,"","",,209637,,"",Solution for injection,"",7
24435817,244358171,1,I,,20241004,20241015,20241015,EXP,"",US-NOVOPROD-1296597,NOVO NORDISK,"",,"","","",Y,,"",20241015,"",CN,US,US,244358171,OT,Cataract operation,"",1,PS,OZEMPIC,SEMAGLUTIDE,1,Subcutaneous,UNK,,"",U,"",PZF9Y42,,209637,,"",Solution for injection,"",7
24435821,244358212,2,F,20220101,20241120,20241015,20241202,EXP,"",US-NOVOPROD-1296380,NOVO NORDISK,"",81,YR,"",F,Y,55.329,KG,20241202,"",MD,US,US,244358212,HO,Retinal oedema,"",1,PS,OZEMPIC,SEMAGLUTIDE,1,Subcutaneous,"1 mg, qw",,"","","",PAR0356,,209637,1,MG,Solution for injection,/WK,3
24435823,244358231,1,I,20230501,20241004,20241015,20241015,EXP,"",US-NOVOPROD-1296390,NOVO NORDISK,"",77,YR,"",F,Y,,"",20241015,"",CN,US,US,244358231,HO,Intestinal haemorrhage,"",2,PS,OZEMPIC,SEMAGLUTIDE,1,Subcutaneous,0.25 mg,,"",Y,"","",,209637,0.25,MG,Solution for injection,"",3
24435835,244358351,1,I,20240914,20241004,20241015,20241015,EXP,"",US-NOVOPROD-1296857,NOVO NORDISK,"",45,YR,"",F,Y,,"",20241015,"",MD,US,US,244358351,HO,Intestinal obstruction,"",1,PS,OZEMPIC,SEMAGLUTIDE,1,Subcutaneous,0.25 mg each week,0.5,MG,Y,"","",,209637,0.25,MG,Solution for injection,/WK,3
24435836,244358361,1,I,,20241005,20241015,20241015,EXP,"",US-NOVOPROD-1297750,NOVO NORDISK,"",,"","","",Y,,"",20241015,"",CN,US,US,244358361,OT,Knee arthroplasty,"",1,PS,WEGOVY,SEMAGLUTIDE,1,Subcutaneous,2.4 mg,,"","","","",,215256,2.4,MG,Solution for injection,"",7
24435837,244358372,2,F,20240917,20241007,20241015,20241018,EXP,"",US-NOVOPROD-1296708,NOVO NORDISK,"",73,YR,"",F,Y,,"",20241018,"",MD,US,US,244358372,HO,Cold sweat,"",1,PS,OZEMPIC,SEMAGLUTIDE,1,Subcutaneous,restarted at 2mg,,"",Y,"",PAR0402,,209637,,"",Solution for injection,"",3
24435839,244358391,1,I,,20241004,20241015,20241015,EXP,"",US-NOVOPROD-1297983,NOVO NORDISK,"",,"","",F,Y,,"",20241015,"",CN,US,US,244358391,HO,Off label use,"",1,PS,OZEMPIC,SEMAGLUTIDE,1,Subcutaneous,0.25 mg,,"",U,"","",,209637,0.25,MG,Solution for injection,"",3
24435840,244358401,1,I,20240813,20241004,20241015,20241015,EXP,"",US-NOVOPROD-1297344,NOVO NORDISK,"",71,YR,"",F,Y,,"",20241015,"",CN,US,US,244358401,HO,Fall,"",1,PS,OZEMPIC,SEMAGLUTIDE,1,Subcutaneous,0.5 mg,,"",U,"",NZF8K30,,209637,0.5,MG,Solution for injection,"",3
24435841,244358411,1,I,20240401,20241004,20241015,20241015,EXP,"",US-NOVOPROD-1296821,NOVO NORDISK,"",76,YR,"",M,Y,,"",20241015,"",CN,US,US,244358411,HO,Staphylococcal infection,"",1,PS,OZEMPIC,SEMAGLUTIDE,1,Subcutaneous,"1 mg, qw",,"",U,"",PAR0365,,209637,1,MG,Solution for injection,/WK,3
24435843,244358431,1,I,,20241004,20241015,20241015,EXP,"",US-NOVOPROD-1297095,NOVO NORDISK,"",,"","",F,Y,,"",20241015,"",CN,US,US,244358431,OT,Cardiac operation,"",1,PS,OZEMPIC,SEMAGLUTIDE,1,Subcutaneous,"0.5 mg, qw",,"",N,"","",,209637,0.5,MG,Solution for injection,/WK,7
24435962,244359621,1,I,20240405,20240406,20241015,20241015,PER,"","US-Sprout Pharmaceuticals, Inc.-2024SP000108","SPROUT PHARMACEUTICALS, INC.","",49,YR,A,F,Y,,"",20241014,"",CN,US,US,,,Rash,"",5,C,SEMAGLUTIDE,SEMAGLUTIDE,1,"","",,"","","",UNKNOWN,,"",,"","","",
24436200,244362002,2,F,20240201,20241015,20241015,20241019,EXP,"",US-ABBVIE-5960307,ABBVIE,"",62,YR,"",M,Y,116.57,KG,20241019,"",CN,US,US,244362002,HO,Vomiting,"",8,SS,OZEMPIC,SEMAGLUTIDE,1,Unknown,"",,"",Y,"","",,"",,"","","",3
24436774,244367742,2,F,20240101,20241016,20241015,20241018,PER,"",US-AMGEN-USASP2024201481,AMGEN,"",39,YR,A,F,Y,,"",20241018,"",MD,US,US,,,Psoriasis,"",11,C,OZEMPIC,SEMAGLUTIDE,1,"",2MG/3ML,,"","","","",,"",,"",Injection,"",
24437405,244374051,1,I,20240608,20241011,20241011,20241011,DIR,722627,"",FDA-CTU,"",73,YR,"",M,N,90,KG,20241011,N,PH,US,"",,,Pancreatic mass,"",1,PS,SEMAGLUTIDE,SEMAGLUTIDE,1,"",OTHER FREQUENCY : QWEEK;?,,"",Y,D,"",,"",0.25,MG,"",999,
24437627,244376271,1,I,20241009,20241011,20241011,20241011,DIR,722577,"",FDA-CTU,"",35,YR,"",M,N,128.7,KG,20241011,N,CN,US,"",244376271,LT,Vomiting,"",1,PS,WEGOVY,SEMAGLUTIDE,1,"","",,"",Y,D,"",,"",,"","","",2
24438091,244380911,1,I,20240823,20241012,20241012,20241012,DIR,722685,"",FDA-CTU,"",76,YR,"",F,N,60.75,KG,20241012,N,CN,US,"",244380911,DE,Ileus,"",1,PS,OZEMPIC,SEMAGLUTIDE,1,"","",,"",N,"","",,"",,"","","",1
24438208,244382081,1,I,20241008,20241012,20241012,20241012,DIR,722698,"",FDA-CTU,"",46,YR,"",F,N,85.5,KG,20241012,N,CN,US,"",,,Therapy interrupted,"",1,PS,WEGOVY,SEMAGLUTIDE,1,"","",,"",N,D,"",,99,,"","","",
24438467,244384671,1,I,20241013,20241014,20241015,20241015,PER,"",US-PFIZER INC-PV202400133424,PFIZER,"",69,YR,"",F,Y,126.98,KG,20241015,"",CN,US,US,,,Drug effective for unapproved indication,"",9,C,OZEMPIC,SEMAGLUTIDE,1,"","2 mg, weekly",,"","","","",,"",2,MG,"",/WK,
24438632,244386321,1,I,20240918,20241013,20241013,20241013,DIR,722707,"",FDA-CTU,"",34,YR,"",F,N,76.5,KG,20241013,Y,CN,US,"",244386321,RI,Product compounding quality issue,"",1,PS,SEMAGLUTIDE,SEMAGLUTIDE,1,Subcutaneous,OTHER QUANTITY : 8 Units;?OTHER FREQUENCY : 1x/week;?,,"",Y,Y,LG29245,20240929,99,,"","",999,6
24438685,244386854,4,F,20240701,20241111,20241015,20241118,EXP,"",US-SA-2024SA292615,SANOFI AVENTIS,"",68,YR,E,M,Y,85.72,KG,20241118,"",MD,US,US,244386854,HO,Respiratory rate increased,"",5,C,OZEMPIC,SEMAGLUTIDE,1,"",UNK,,"",U,"","",,"",,"","","",3
24438688,244386881,1,I,20240608,20241013,20241013,20241013,DIR,722719,"",FDA-CTU,"",45,YR,"",F,N,87.75,KG,20241013,N,CN,US,"",244386881,OT,Anxiety,"",1,PS,WEGOVY,SEMAGLUTIDE,1,Other,OTHER QUANTITY : 1 Injection(s);?OTHER FREQUENCY : 1 injection weekly;?OTHER ROUTE : Injected into upper thigh;?,,"",Y,D,NZF4N72,20241031,99,,"","",999,7
24438950,244389502,2,F,20240101,20241111,20241015,20241120,EXP,"",US-NOVOPROD-1285830,NOVO NORDISK,"",66,YR,"",M,Y,,"",20241120,"",CN,US,US,244389502,OT,Eye haemorrhage,"",1,PS,OZEMPIC,SEMAGLUTIDE,1,Subcutaneous,"1 mg, qw",,"",U,"",PAR0362,,209637,1,MG,Solution for injection,/WK,7
24439038,244390381,1,I,,20241001,20241015,20241015,PER,"",US-LUNDBECK-DKLU4005111,LUNDBECK,"",,"","","",Y,,"",20241015,"",PH,US,US,,,Drug ineffective,"",7,C,SEMAGLUTIDE,SEMAGLUTIDE,1,"","",,"","","","",,"",,"","","",
24439047,244390471,1,I,20240914,20241012,20241012,20241012,DIR,722663,"",FDA-CTU,"",44,YR,"",M,N,143.1,KG,20241012,Y,CN,US,"",244390471,OT,Weight increased,"",1,PS,SEMAGLUTIDE,SEMAGLUTIDE,1,"","",,"",Y,N,"",20241031,99,,"","","",7
24439287,244392871,1,I,20240922,20241014,20241014,20241014,DIR,722878,"",FDA-CTU,"",46,YR,"",M,N,,"",20241014,Y,MD,US,"",244392871,DS,Optic ischaemic neuropathy,"",1,PS,OZEMPIC,SEMAGLUTIDE,1,"","",,"",N,"","",,"",,"","","",4
24439320,244393201,1,I,20241011,20241011,20241015,20241015,PER,"",US-ELI_LILLY_AND_COMPANY-US202410008709,ELI LILLY AND COMPANY,"",58,YR,A,F,Y,,"",20241015,"",CN,US,US,,,Injection site pain,"",11,C,OZEMPIC,SEMAGLUTIDE,1,"","",,"","","","",,"",,"","","",
24439521,244395212,2,F,,20241001,20241015,20241015,EXP,"",US-ORG100016242-2024000604,PACIRA,"",65,YR,E,M,Y,,"",20241016,"",HP,US,US,244395212,HO,Wound,"",36,C,OZEMPIC,SEMAGLUTIDE,1,Unknown,2 mg,,"","","","",,"",,"","","",3
24439522,244395222,2,F,,20241001,20241015,20241204,PER,"",US-ORG100016242-2024000607,PACIRA,"",65,YR,E,M,Y,,"",20241204,"",HP,US,US,244395222,HO,Pulmonary oedema,"",38,C,OZEMPIC,SEMAGLUTIDE,1,Unknown,2 mg,,"","","","",,"",,"","","",3
24439530,244395302,2,F,,20241001,20241015,20241015,EXP,"",US-ORG100016242-2024000608,PACIRA,"",65,YR,E,M,Y,,"",20241016,"",HP,US,US,244395302,HO,Acute respiratory failure,"",38,C,OZEMPIC,SEMAGLUTIDE,1,Unknown,2 mg,,"","","","",,"",,"","","",3
24439531,244395312,2,F,,20241001,20241015,20241015,EXP,"",US-ORG100016242-2024000609,PACIRA,"",65,YR,E,M,Y,,"",20241016,"",HP,US,US,244395312,HO,Dyspnoea,"",37,C,OZEMPIC,SEMAGLUTIDE,1,Unknown,2 mg,,"","","","",,"",,"","","",3
24439536,244395362,2,F,,20241001,20241015,20241015,EXP,"",US-ORG100016242-2024000611,PACIRA,"",65,YR,E,M,Y,,"",20241016,"",HP,US,US,244395362,HO,Post procedural haemorrhage,"",36,C,OZEMPIC,SEMAGLUTIDE,1,Unknown,2 mg,,"","","","",,"",,"","","",3
24439541,244395412,2,F,,20241001,20241015,20241015,EXP,"",US-ORG100016242-2024000614,PACIRA,"",65,YR,E,M,Y,,"",20241016,"",HP,US,US,244395412,HO,Post procedural haemorrhage,"",36,C,OZEMPIC,SEMAGLUTIDE,1,Unknown,2 mg,,"","","","",,"",,"","","",3
24439665,244396651,1,I,20240920,20241015,20241015,20241015,DIR,722884,"",FDA-CTU,"",26,YR,"",F,N,88.11,KG,20241015,N,CN,US,"",244396651,OT,Pityriasis rosea,"",1,PS,WEGOVY,SEMAGLUTIDE,1,"","",,"",N,D,"",,99,,"","","",7
24440556,244405561,1,I,,20241007,20241016,20241016,EXP,"",US-NOVOPROD-1296316,NOVO NORDISK,"",,"","",M,Y,,"",20241016,"",CN,US,US,244405561,OT,Wernicke's encephalopathy,"",1,PS,OZEMPIC,SEMAGLUTIDE,1,Subcutaneous,1 mg,,"",U,"","",,209637,1,MG,Solution for injection,"",7
24440560,244405601,1,I,20240901,20241007,20241016,20241016,PER,"",US-ABBVIE-5955328,ABBVIE,"",71,YR,"",M,Y,82,KG,20241016,"",CN,US,US,,,Therapeutic product effect decreased,"",3,C,OZEMPIC,SEMAGLUTIDE,1,"","",,"","","","",,"",,"","","",
24440614,244406141,1,I,20240801,20241007,20241016,20241016,EXP,"",US-NOVOPROD-1297050,NOVO NORDISK,"",63,YR,"",F,Y,,"",20241016,"",CN,US,US,244406141,HO,Constipation,"",1,PS,OZEMPIC,SEMAGLUTIDE,1,Subcutaneous,UNK,,"",Y,Y,"",,209637,,"",Solution for injection,"",3
24440626,244406261,1,I,20240924,20241007,20241016,20241016,EXP,"",US-NOVOPROD-1297026,NOVO NORDISK,"",,"",T,F,Y,,"",20241016,"",CN,US,US,244406261,OT,Wrong technique in product usage process,"",1,PS,OZEMPIC,SEMAGLUTIDE,1,Subcutaneous,1 mg,,"",U,"",PAR0358,,209637,1,MG,Solution for injection,"",7
24440628,244406283,3,F,20240213,20241128,20241016,20241209,EXP,"",US-NOVOPROD-1297137,NOVO NORDISK,"",,"","","",Y,,"",20241209,"",CN,US,US,244406283,HO,Retinal detachment,"",1,PS,OZEMPIC,SEMAGLUTIDE,1,Subcutaneous,2 mg qw,,"",U,"",PAR0404,,209637,2,MG,Solution for injection,/WK,3
24440702,244407022,2,F,,20241202,20241016,20241211,EXP,"",US-NOVOPROD-1298198,NOVO NORDISK,"",,"","",F,Y,,"",20241211,"",CN,US,US,244407022,OT,Surgery,"",1,PS,OZEMPIC,SEMAGLUTIDE,1,Subcutaneous,UNK,,"",N,"",PZF9A71,,209637,,"",Solution for injection,"",7
24440723,244407231,1,I,,20241009,20241016,20241016,EXP,"",US-NOVOPROD-1297822,NOVO NORDISK,"",,"","",F,Y,,"",20241016,"",HP,US,US,244407231,OT,Seizure,"",1,PS,WEGOVY,SEMAGLUTIDE,1,Subcutaneous,0.25 mg,,"",U,"","",,215256,0.25,MG,Solution for injection,"",7
24440724,244407241,1,I,,20241009,20241016,20241016,EXP,"",US-NOVOPROD-1297832,NOVO NORDISK,"",60,YR,"",M,Y,,"",20241016,"",MD,US,US,244407241,HO,Liver transplant,"",1,PS,OZEMPIC,SEMAGLUTIDE,1,Subcutaneous,"1 mg, qw",,"",Y,"","",,209637,1,MG,Solution for injection,/WK,3
24440725,244407251,1,I,20240801,20241009,20241016,20241016,EXP,"",US-NOVOPROD-1297842,NOVO NORDISK,"",73,YR,"",F,Y,,"",20241016,"",CN,US,US,244407251,HO,Decreased appetite,"",1,PS,OZEMPIC,SEMAGLUTIDE,1,Subcutaneous,0.5 mg,,"",U,"",PZFAP88,,209637,0.5,MG,Solution for injection,"",3
24440726,244407261,1,I,,20241008,20241016,20241016,EXP,"",US-NOVOPROD-1297845,NOVO NORDISK,"",,"","",F,Y,,"",20241016,"",CN,US,US,244407261,OT,Cystocele,"",1,PS,OZEMPIC,SEMAGLUTIDE,1,Subcutaneous,"2 mg, qw",,"",N,"",PAR0369,,209637,2,MG,Solution for injection,"",7
24441095,244410951,1,I,,20241004,20241016,20241016,PER,"",US-ELI_LILLY_AND_COMPANY-US202410004742,ELI LILLY AND COMPANY,"",34,YR,A,"",Y,,"",20241016,"",LW,US,US,244410951,OT,Vomiting,"",2,SS,OZEMPIC,SEMAGLUTIDE,1,Unknown,"UNK, unknown",,"","","","",,"",,"","","",7
24442504,244425041,1,I,,20240919,20241016,20241016,EXP,"",US-ASTRAZENECA-202409USA003124US,ALEXION PHARMACEUTICALS,"",,"","","",Y,,"",20241016,"","",US,US,244425041,OT,Dysphonia,"",2,C,OZEMPIC,SEMAGLUTIDE,1,"","",,"","","","",,"",,"","","",7
24443205,244432051,1,I,,20241009,20241016,20241016,EXP,"",US-JNJFOC-20241041588,JOHNSON AND JOHNSON,"",60,YR,A,M,Y,,"",20241016,"",MD,US,US,244432051,OT,CD4 lymphocytes decreased,"",3,C,OZEMPIC,SEMAGLUTIDE,1,"",UNK,,"",U,"","",,"",,"","","",7
24443373,244433731,1,I,20240801,20241015,20241016,20241016,PER,"",US-ELI_LILLY_AND_COMPANY-US202410010644,ELI LILLY AND COMPANY,"",72,YR,E,M,Y,,"",20241016,"",CN,US,US,,,Drug ineffective,"",6,C,OZEMPIC,SEMAGLUTIDE,1,"","UNK UNK, weekly (1/W)",,"","","","",,"",,"","",/WK,
24443488,244434882,2,F,,20241114,20241016,20241126,EXP,"",US-BAYER-2024A144253,BAYER HEALTHCARE PHARMACEUTICALS INC.,"",,"",E,F,Y,73.469,KG,20241126,"",CN,US,US,244434882,OT,Neuropathy peripheral,"",15,C,OZEMPIC,SEMAGLUTIDE,1,"",UNK,,"","","","",,"",,"","","",7
24443654,244436542,2,F,20100226,20240402,20241016,20241017,PER,"",US-ROCHE-1411088,ROCHE,"",,"",A,F,Y,,"",20241017,"",MD,US,US,,,Pain,"",18,C,OZEMPIC,SEMAGLUTIDE,1,"","",,"","","","",,"",,"","","",
24443671,244436711,1,I,,20240919,20241016,20241016,EXP,"",US-ASTRAZENECA-202409USA009087US,ALEXION PHARMACEUTICALS,"",,"","","",Y,,"",20241016,"","",US,US,244436711,OT,Weight fluctuation,"",2,C,OZEMPIC,SEMAGLUTIDE,1,"","",,"","","","",,"",,"","","",7
24444323,244443231,1,I,20240419,20241015,20241015,20241015,DIR,723028,"",FDA-CTU,"",79,YR,"",M,N,,"",20241015,N,PH,US,"",244443231,HO,Pancreatitis,"",1,PS,SEMAGLUTIDE,SEMAGLUTIDE,1,Subcutaneous,OTHER FREQUENCY : QWEEK;?,,"",Y,"",nar0227,,"",2,MG,Injection,999,3
24444386,244443862,2,F,,20240301,20241016,20241017,PER,"",US-ROCHE-2718681,ROCHE,"",35,YR,A,F,Y,,"",20241017,"",MD,US,US,,,No adverse event,"",8,C,RYBELSUS,SEMAGLUTIDE,1,"","",,"","","","",,"",,"","","",
24444654,244446541,1,I,20240713,20241015,20241015,20241015,DIR,723027,"",FDA-CTU,"",75,YR,"",M,N,,"",20241015,N,PH,US,"",244446541,HO,Gastric hypomotility,"",1,PS,SEMAGLUTIDE,SEMAGLUTIDE,1,"","",,"",Y,D,"",,"",,"","","",3
24444731,244447312,2,F,,20240117,20241016,20241017,PER,"",US-ROCHE-3041862,ROCHE,"",44,YR,A,F,Y,,"",20241017,"",MD,US,US,,,No adverse event,"",7,C,OZEMPIC,SEMAGLUTIDE,1,"",0.25 mg or 0.5 mg (2 mg/1.5 ml) pen injector,,"","","","",,"",,"","","",
24444950,244449502,2,F,,20241016,20241016,20241028,EXP,"",US-ELI_LILLY_AND_COMPANY-US202410003587,ELI LILLY AND COMPANY,"",64,YR,A,M,Y,,"",20241028,"",CN,US,US,244449502,HO,Aneurysm,"",3,C,OZEMPIC,SEMAGLUTIDE,1,"","5 mg, unknown",,"","","","",,"",5,MG,"","",3
24445236,244452361,1,I,20240823,20241015,20241015,20241015,DIR,722945,"",FDA-CTU,"",54,YR,"",F,N,87.75,KG,20241015,N,CN,US,"",244452361,DS,Malaise,"",1,PS,OZEMPIC,SEMAGLUTIDE,1,"","",,"",N,D,"",,"",,"","","",4
24445250,244452501,1,I,20240101,20241011,20241016,20241016,EXP,"",US-MFDS-2021000061-2410USA005031,MERCK,"",,"","",F,Y,,"",20241016,"",CN,US,US,244452501,OT,Abdominal hernia repair,"",5,SS,OZEMPIC,SEMAGLUTIDE,1,"",UNK,,"",D,"","",,"",,"","","",7
24445275,244452751,1,I,20240723,20241015,20241015,20241015,DIR,722952,"",FDA-CTU,"",55,YR,"",F,N,94.5,KG,20241015,N,CN,US,"",244452751,DS,Abdominal pain upper,"",1,PS,OZEMPIC,SEMAGLUTIDE,1,"","",,"",Y,N,"",,99,,"","","",4
24445277,244452771,1,I,20241001,20241015,20241015,20241015,DIR,723046,"",FDA-CTU,"",77,YR,"",F,N,103.5,KG,20241015,N,CN,US,"",244452771,OT,Abdominal pain lower,"",1,PS,OZEMPIC,SEMAGLUTIDE,1,Subcutaneous,OTHER QUANTITY : 1 Injection(s);?OTHER FREQUENCY : once a week;?,,"",Y,D,"",,99,,"","",999,7
24445322,244453221,1,I,20240809,20241011,20241011,20241011,DIR,FDA-CDER-CTU-2024-71555,"",FDA-CTU,"",43,YR,"",F,N,84.82,KG,20241011,N,CN,US,"",,,Head titubation,"",1,PS,WEGOVY,SEMAGLUTIDE,1,"","",,"","","","",,"",,"","","",
24445563,244455631,1,I,20241014,20241014,20241016,20241016,DIR,FDA-CDER-CTU-2024-71544,"",FDA-CTU,"",,"","",F,N,,"",20241014,N,HP,US,"",244455631,HO,Malaise,"",2,SS,WEGOVY,SEMAGLUTIDE,1,"","",,"","","","",,"",,"","","",3
24445726,244457261,1,I,,20240605,20241016,20241016,PER,"",US-SHIELD THERAPEUTICS-US-STX-24-00120,Unknown Manufacturer,"",60,YR,"",F,Y,,"",20241011,"",CN,US,US,,,Malabsorption,"",4,C,RYBELSUS,SEMAGLUTIDE,1,Unknown,Unknown,,"","","","",,"",,"","","",
24445834,244458341,1,I,,20240613,20241016,20241016,PER,"",US-SHIELD THERAPEUTICS-US-STX-24-00137,Unknown Manufacturer,"",77,YR,"",F,Y,,"",20241011,"",CN,US,US,,,Swelling face,"",3,C,OZEMPIC,SEMAGLUTIDE,1,Unknown,Unknown,,"","","","",,"",,"","","",
24445986,244459861,1,I,,20240720,20241016,20241016,PER,"",US-SHIELD THERAPEUTICS-US-STX-24-00183,Unknown Manufacturer,"",72,YR,"",F,Y,,"",20241011,"",CN,US,US,,,Drug intolerance,"",15,C,OZEMPIC,SEMAGLUTIDE,1,Unknown,Unknown,,"","","","",,"",,"","","",
24446129,244461291,1,I,,20241003,20241016,20241016,EXP,"",US-STERISCIENCE B.V.-2024-ST-001570,STERISCIENCE PTE,"Ackah S, Warden S, Imel E, Econs M.. Spontaneously improving infantile osteopetrosis. JBMR-Plus. 2024;8 (Suppl. 2):ii346 abstr. P201",,"","",M,Y,,"",20241016,"",HP,US,US,244461291,CA,Foetal exposure during pregnancy,"",3,SS,SEMAGLUTIDE,SEMAGLUTIDE,1,Transplacental,UNK,,"",D,"","",,"",,"","","",5
24446326,244463261,1,I,,20241001,20241016,20241016,EXP,"",US-GLANDPHARMA-US-2024GLNLIT00850,GLAND PHARMA LTD,Kazuhiko Kido.Call to action for drug interactions between tirzepatide and heart failure guideline-directed medical therapy.Journal of the American Pharmacists Association.FEB-2024;64:169-173,64,YR,A,M,Y,104.55,KG,20241016,"",HP,US,US,244463261,OT,Acute kidney injury,"",5,C,SEMAGLUTIDE,SEMAGLUTIDE,1,Unknown,"",,"",D,"",Unknown,,"",,"","","",7
24446476,244464762,2,F,,20241114,20241016,20241120,EXP,"",US-PFIZER INC-202400276126,PFIZER,"",53,YR,"",F,Y,,"",20241120,"",CN,US,US,244464762,HO,Middle insomnia,"",12,C,OZEMPIC,SEMAGLUTIDE,1,Subcutaneous,"1 milligram subcutaneous shot, once a week",,"","","","",,"",1,MG,"",/WK,3
24446750,244467501,1,I,,20241014,20241016,20241016,PER,"",US-PFIZER INC-202400277590,PFIZER,"",63,YR,"",F,Y,,"",20241016,"",HP,US,US,,,Condition aggravated,"",4,C,OZEMPIC,SEMAGLUTIDE,1,"",0.25 or 0.5 pen injector,,"","","","",,"",,"","","",
24446876,244468762,2,F,20240101,20241028,20241016,20241106,EXP,"",US-NOVOPROD-1286911,NOVO NORDISK,"",,"","",M,Y,,"",20241106,"",CN,US,US,244468762,LT,Glycosylated haemoglobin increased,"",1,PS,OZEMPIC,SEMAGLUTIDE,1,Subcutaneous,0.5 mg,,"",U,"","",,209637,0.5,MG,Solution for injection,"",2
24446877,244468771,1,I,,20240806,20241016,20241016,EXP,"",US-NOVOPROD-1278459,NOVO NORDISK,"",,"","",F,Y,,"",20241016,"",CN,US,US,244468771,OT,Gait disturbance,"",1,PS,WEGOVY,SEMAGLUTIDE,1,Subcutaneous,UNK,,"",U,"","",,215256,,"",Solution for injection,"",7
24446878,244468781,1,I,20240201,20230730,20241016,20241016,EXP,"",US-NOVOPROD-1279397,NOVO NORDISK,"",68,YR,"","",Y,,"",20241016,"",CN,US,US,244468781,OT,Malaise,"",1,PS,RYBELSUS,SEMAGLUTIDE,1,Oral,UNK,,"","","","",,213051,,"",Tablet,"",7
24447242,244472421,1,I,20240101,20240927,20241016,20241016,PER,"",US-SA-2024SA295258,SANOFI AVENTIS,"",65,YR,E,M,Y,,"",20241016,"",MD,US,US,,,Inappropriate schedule of product administration,"",3,SS,OZEMPIC,SEMAGLUTIDE,1,"",UNK,,"",U,"","",,"",,"","","",
24447247,244472475,5,F,,20241211,20241016,20241217,EXP,"",US-SA-2024SA063892,SANOFI AVENTIS,"",,"",A,F,Y,63.64,KG,20241217,"",MD,US,US,244472475,HO,Hereditary angioedema,"",18,C,OZEMPIC,SEMAGLUTIDE,1,"","",,"",U,"","",,"",,"","","",3
24447639,244476392,2,F,20240101,20241025,20241016,20241110,PER,"",US-SA-2024SA296653,SANOFI AVENTIS,"",64,YR,A,F,Y,,"",20241110,"",MD,US,US,,,Therapeutic response decreased,"",13,C,OZEMPIC,SEMAGLUTIDE,1,"",UNK,,"",U,"","",,"",,"",Injection,"",
24447949,244479491,1,I,,20241011,20241016,20241016,PER,"",US-SA-2024SA294883,SANOFI AVENTIS,"",42,YR,A,F,Y,,"",20241016,"",MD,US,US,,,Inappropriate schedule of product administration,"",2,C,SEMAGLUTIDE,SEMAGLUTIDE,1,"",UNK,,"",U,"","",,"",,"","","",
24448583,244485831,1,I,,20241007,20241017,20241017,EXP,"",US-NOVOPROD-1297363,NOVO NORDISK,"",52,YR,"","",Y,,"",20241017,"",CN,US,US,244485831,OT,Impaired gastric emptying,"",1,PS,RYBELSUS,SEMAGLUTIDE,1,Oral,UNK,,"",U,"","",,213051,,"",Tablet,"",7
24448586,244485861,1,I,20240501,20241007,20241017,20241017,EXP,"",US-NOVOPROD-1297565,NOVO NORDISK,"",,"",A,M,Y,,"",20241017,"",CN,US,US,244485861,OT,Retinal degeneration,"",1,PS,OZEMPIC,SEMAGLUTIDE,1,Subcutaneous,UNK,,"","","","",,209637,,"",Solution for injection,"",7
24448587,244485871,1,I,20240101,20241007,20241017,20241017,EXP,"",US-NOVOPROD-1298714,NOVO NORDISK,"",61,YR,"","",Y,,"",20241017,"",CN,US,US,244485871,HO,Small intestinal obstruction,"",1,PS,OZEMPIC,SEMAGLUTIDE,1,Subcutaneous,"0.25 mg, qw",,"","","","",,209637,0.25,MG,Solution for injection,/WK,3
24448589,244485891,1,I,20240806,20241007,20241017,20241017,EXP,"",US-NOVOPROD-1297297,NOVO NORDISK,"",68,YR,"",F,Y,,"",20241017,"",CN,US,US,244485891,OT,Product communication issue,"",1,PS,WEGOVY,SEMAGLUTIDE,1,Subcutaneous,1.7 mg,,"",U,"",pzfad95,,215256,1.7,MG,Solution for injection,"",7
24448590,244485902,2,F,20240926,20241211,20241017,20241220,EXP,"",US-NOVOPROD-1297982,NOVO NORDISK,"",,"","","",Y,,"",20241220,"",CN,US,US,244485902,OT,Corneal transplant,"",1,PS,OZEMPIC,SEMAGLUTIDE,1,Subcutaneous,"0.5 mg, qw",,"",U,"",NZF8B09,,209637,0.5,MG,Solution for injection,/WK,7
24448611,244486111,1,I,,20241008,20241017,20241017,EXP,"",US-NOVOPROD-1297741,NOVO NORDISK,"",,"","",M,Y,,"",20241017,"",CN,US,US,244486111,OT,Spinal operation,"",1,PS,OZEMPIC,SEMAGLUTIDE,1,"",UNK(restarted),,"","","","",,209637,,"",Solution for injection,"",7
24448612,244486121,1,I,20241001,20241008,20241017,20241017,EXP,"",US-NOVOPROD-1297839,NOVO NORDISK,"",,"","",F,Y,,"",20241017,"",CN,US,US,244486121,OT,Type 2 diabetes mellitus,"",1,PS,WEGOVY,SEMAGLUTIDE,1,Subcutaneous,.5 mg,,"","","","",,215256,0.5,MG,Solution for injection,"",7
24448613,244486131,1,I,,20241010,20241017,20241017,EXP,"",US-NOVOPROD-1298318,NOVO NORDISK,"",,"","",F,Y,,"",20241017,"",CN,US,US,244486131,OT,Inappropriate schedule of product administration,"",1,PS,OZEMPIC,SEMAGLUTIDE,1,"","",,"",U,"","",,209637,,"",Solution for injection,"",7
24448614,244486141,1,I,20221201,20241008,20241017,20241017,EXP,"",US-NOVOPROD-1297874,NOVO NORDISK,"",40,YR,"",F,Y,,"",20241017,"",CN,US,US,244486141,HO,Hypomagnesaemia,"",1,PS,OZEMPIC,SEMAGLUTIDE,1,Subcutaneous,"0.5 mg, qw",,"",U,"","",,209637,0.5,MG,Solution for injection,/WK,3
24448615,244486151,1,I,,20241009,20241017,20241017,EXP,"",US-NOVOPROD-1298310,NOVO NORDISK,"",,"","",M,Y,,"",20241017,"",PH,US,US,244486151,OT,Optic ischaemic neuropathy,"",1,PS,OZEMPIC,SEMAGLUTIDE,1,Subcutaneous,UNK,,"","","","",,209637,,"",Solution for injection,"",7
24448616,244486161,1,I,20240923,20241008,20241017,20241017,EXP,"",US-NOVOPROD-1297844,NOVO NORDISK,"",55,YR,"",F,Y,,"",20241017,"",CN,US,US,244486161,OT,Seizure,"",1,PS,OZEMPIC,SEMAGLUTIDE,1,Subcutaneous,0.5mg,,"","","",PZF9V80,,209637,0.5,MG,Solution for injection,"",7
24448617,244486171,1,I,20240101,20241010,20241017,20241017,EXP,"",US-NOVOPROD-1298285,NOVO NORDISK,"",70,YR,"",M,Y,,"",20241017,"",CN,US,US,244486171,OT,Pneumonia,"",1,PS,OZEMPIC,SEMAGLUTIDE,1,Subcutaneous,UNK,,"",U,"","",,209637,,"",Solution for injection,"",7
24448618,244486181,1,I,20230101,20241010,20241017,20241017,EXP,"",US-NOVOPROD-1298291,NOVO NORDISK,"",,"","",M,Y,,"",20241017,"",CN,US,US,244486181,OT,Lyme disease,"",1,PS,OZEMPIC,SEMAGLUTIDE,1,Subcutaneous,UNK,,"","","","",,209637,,"",Solution for injection,"",7
24448669,244486691,1,I,20240929,20241008,20241017,20241017,PER,"",US-ELI_LILLY_AND_COMPANY-US202410005813,ELI LILLY AND COMPANY,"",66,YR,E,F,Y,,"",20241017,"",CN,US,US,,,Dizziness,"",9,C,OZEMPIC,SEMAGLUTIDE,1,"","",,"","","","",,"",,"","","",
24448807,244488072,2,F,20240101,20241107,20241017,20241114,EXP,"",US-UCBSA-2024040726,UCB,"",,"","",M,Y,,"",20241115,"",CN,US,US,244488072,LT,Surgery,"",6,C,OZEMPIC,SEMAGLUTIDE,1,"",UNK,,"",U,"","",,"",,"","","",2
24449978,244499781,1,I,20240419,20241016,20241016,20241016,DIR,723160,"",FDA-CTU,"",65,YR,"",F,N,90,KG,20241016,N,PH,US,"",,,Fatigue,"",2,SS,SEMAGLUTIDE,SEMAGLUTIDE,1,"","",,"","","","",,"",,"","","",
24450558,244505581,1,I,20240704,20241016,20241016,20241016,DIR,723226,"",FDA-CTU,"",43,YR,"",F,N,91.35,KG,20241016,N,CN,US,"",244505581,DS,Dry skin,"",1,PS,SEMAGLUTIDE,SEMAGLUTIDE,1,Topical,OTHER QUANTITY : 70 Injection(s);?OTHER FREQUENCY : once a week;?,,"",N,D,05242024@11,,99,,"","",999,4
24450948,244509481,1,I,20240531,20241016,20241016,20241016,DIR,723154,"",FDA-CTU,"",80,YR,"",F,N,94.5,KG,20241016,N,PH,US,"",244509481,RI,Retinal artery occlusion,"",2,SS,OZEMPIC,SEMAGLUTIDE,1,"","",,"","","","",,"",,"","","",6
24451255,244512551,1,I,20170101,20241002,20241017,20241017,EXP,"","US-COOPERSURGICAL, INC.-2024CPS001367",COOPERSURGICAL,"",,"","",F,Y,108.84,KG,20241017,"",HP,US,US,244512551,OT,Foreign body in reproductive tract,"",17,C,OZEMPIC,SEMAGLUTIDE,1,Subcutaneous,"0.25 mg, every 7 days for 2 weeks",,"","","","",,"",0.25,MG,"",/WK,7
24451577,244515771,1,I,20240101,20241010,20241017,20241017,EXP,"",US-AMGEN-USASP2024202109,AMGEN,"",69,YR,E,F,Y,,"",20241017,"",CN,US,US,244515771,OT,Product communication issue,"",2,C,OZEMPIC,SEMAGLUTIDE,1,"","",,"","","","",,"",,"","","",7
24451615,244516151,1,I,,20241014,20241017,20241017,EXP,"",US-PFIZER INC-202400277308,PFIZER,"Sasidharan, S.. Octreotide Causing Hyperkalemia: A Case Report and Review of the Literature. Cureus. 2024;16(8):10.7759/cureus.68246",44,YR,"",M,Y,,"",20241017,"",HP,US,US,244516151,LT,Hypoglycaemia,"",2,C,SEMAGLUTIDE,SEMAGLUTIDE,1,"","UNK, weekly",,"","","","",,"",,"","",/WK,2
24451800,244518001,1,I,,20241010,20241017,20241017,EXP,"",US-JAZZ PHARMACEUTICALS-2024-US-005234,JAZZ,"",,"","",F,Y,,"",20241017,"",MD,US,US,244518001,OT,Surgery,"",13,C,SEMAGLUTIDE,SEMAGLUTIDE,1,"","",,"","","","",,"",,"","","",7
24452556,244525561,1,I,,20241003,20241017,20241017,PER,"",US-SA-2024SA298863,SANOFI AVENTIS,"",,"",E,M,Y,,"",20241017,"",MD,US,US,,,Drug ineffective,"",7,C,OZEMPIC,SEMAGLUTIDE,1,Unknown,"",,"",U,"","",,"",,"","","",
24452572,244525721,1,I,20240911,20241003,20241017,20241017,PER,"",US-SA-2024SA294553,SANOFI AVENTIS,"",46,YR,A,M,Y,102.27,KG,20241017,"",MD,US,US,,,Surgery,"",2,C,OZEMPIC,SEMAGLUTIDE,1,"","",,"",U,"","",,"",,"","","",
24453140,244531401,1,I,,20240612,20241017,20241017,EXP,"",US-SMPA-202405-URV-000703,SUNOVION,"",75,YR,"",M,Y,,"",20241017,"",CN,US,US,,,Dental caries,"",5,C,SEMAGLUTIDE,SEMAGLUTIDE,1,Unknown,UNK,,"","","",unknown,,"",,"","","",
24453431,244534312,2,F,,20240307,20241017,20241018,PER,"",US-ROCHE-3184927,ROCHE,"",63,YR,A,F,Y,,"",20241018,"",MD,US,US,,,No adverse event,"",23,C,OZEMPIC,SEMAGLUTIDE,1,"","",,"","","","",,"",,"","","",
24456293,244562932,2,F,,20240208,20241017,20241018,PER,"",US-ROCHE-3510062,ROCHE,"",52,YR,A,M,Y,,"",20241018,"",MD,US,US,,,No adverse event,"",17,C,OZEMPIC,SEMAGLUTIDE,1,Subcutaneous,"",,"","","","",,"",0.25,ML,Injection,/WK,
24456740,244567401,1,I,20240927,20241003,20241017,20241017,PER,"",US-ELI_LILLY_AND_COMPANY-US202410005189,ELI LILLY AND COMPANY,"",50,YR,A,M,Y,,"",20241017,"",CN,US,US,,,Eye pain,"",5,SS,OZEMPIC,SEMAGLUTIDE,1,Unknown,"UNK UNK, unknown",,"",Y,"","",,"",,"","","",
24456768,244567681,1,I,20240101,20241010,20241017,20241017,PER,"",US-AMGEN-USASP2024202329,AMGEN,"",70,YR,E,F,Y,,"",20241017,"",CN,US,US,,,Therapeutic product effect decreased,"",3,C,OZEMPIC,SEMAGLUTIDE,1,"",UNK,,"","","","",,"",,"","","",
24457021,244570211,1,I,,20241011,20241018,20241018,EXP,"","US-B.I. Pharmaceuticals,Inc./Ridgefield-2024-BI-056877",BOEHRINGER INGELHEIM,"",,"","",M,Y,,"",20241018,"",CN,US,US,244570211,OT,Blindness,"",2,SS,OZEMPIC,SEMAGLUTIDE,1,"","",,"","","",Unknown,,"",,"","","",7
24457039,244570391,1,I,20240601,20241014,20241018,20241018,PER,"",US-AMGEN-USASP2024204073,AMGEN,"",74,YR,E,F,Y,,"",20241017,"",CN,US,US,,,Injection site haemorrhage,"",8,C,OZEMPIC,SEMAGLUTIDE,1,"","0.50 UNK, qwk",,"","","","",,"",,"","",/WK,
24457082,244570822,2,F,20240101,20241028,20241018,20241102,PER,"",US-UNITED THERAPEUTICS-UNT-2024-028579,UNITED THERAPEUTICS,"",,"","",M,Y,107.94,KG,20241102,"","",US,US,,,Headache,"",11,C,WEGOVY,SEMAGLUTIDE,1,"",UNK,,"","","","",,"",,"","","",
24457288,244572881,1,I,20240301,20241007,20241018,20241018,EXP,"",US-NOVOPROD-1297605,NOVO NORDISK,"",67,YR,"",F,Y,,"",20241018,"",HP,US,US,244572881,HO,Product use in unapproved indication,"",1,PS,OZEMPIC,SEMAGLUTIDE,1,Subcutaneous,"2 mg, qw",,"",Y,"","",,209637,2,MG,Solution for injection,/WK,3
24457301,244573011,1,I,20240101,20241007,20241018,20241018,EXP,"",US-NOVOPROD-1297851,NOVO NORDISK,"",56,YR,"",M,Y,,"",20241018,"",CN,US,US,244573011,HO,Hyperglycaemia,"",10,C,OZEMPIC,SEMAGLUTIDE,1,Subcutaneous,UNK,,"","","","",,"",,"",Solution for injection,"",3
24457303,244573031,1,I,20240101,20241007,20241018,20241018,EXP,"",US-NOVOPROD-1297922,NOVO NORDISK,"",,"","",F,Y,,"",20241018,"",CN,US,US,244573031,HO,Head injury,"",1,PS,OZEMPIC,SEMAGLUTIDE,1,Subcutaneous,"0.25 mg, qw",,"",U,"","",,209637,0.25,MG,Solution for injection,/WK,3
24457306,244573061,1,I,,20241007,20241018,20241018,EXP,"",US-NOVOPROD-1297841,NOVO NORDISK,"",,"","",F,Y,,"",20241018,"",CN,US,US,244573061,HO,Expired product administered,"",1,PS,OZEMPIC,SEMAGLUTIDE,1,Subcutaneous,1 mg,,"",N,"","",,209637,,"",Solution for injection,"",3
24457314,244573143,3,F,20240820,20241114,20241018,20241126,EXP,"",US-NOVOPROD-1287309,NOVO NORDISK,"",52,YR,"",F,Y,85.184,KG,20241126,"",MD,US,US,244573143,HO,Incisional hernia repair,"",1,PS,WEGOVY,SEMAGLUTIDE,1,Subcutaneous,"2.4 mg, qw",,"","","",pzf8y26,,215256,2.4,MG,Solution for injection,/WK,3
24457324,244573241,1,I,,20241007,20241018,20241018,EXP,"",US-NOVOPROD-1297385,NOVO NORDISK,"",50,YR,"","",Y,,"",20241018,"",CN,US,US,244573241,OT,Impaired gastric emptying,"",1,PS,OZEMPIC,SEMAGLUTIDE,1,Subcutaneous,UNK,,"",U,"","",,209637,,"",Solution for injection,"",7
24457612,244576122,2,F,20231201,20241113,20241018,20241122,EXP,"",US-NOVOPROD-1296423,NOVO NORDISK,"",66,YR,"",M,Y,,"",20241122,"",CN,US,US,244576122,HO,Incisional hernia,"",1,PS,OZEMPIC,SEMAGLUTIDE,1,Subcutaneous,"2 mg, qw(started in summer 2022)",,"",Y,"","",,209637,2,MG,Solution for injection,/WK,3
24457662,244576621,1,I,20240901,20241008,20241018,20241018,EXP,"",US-NOVOPROD-1297873,NOVO NORDISK,"",41,YR,"",F,Y,,"",20241018,"",HP,US,US,244576621,HO,Colitis,"",1,PS,OZEMPIC,SEMAGLUTIDE,1,Subcutaneous,0.25 mg,,"","","","",,209637,0.25,MG,Solution for injection,"",3
24457663,244576631,1,I,20240829,20241008,20241018,20241018,EXP,"",US-NOVOPROD-1298919,NOVO NORDISK,"",66,YR,"",F,Y,,"",20241018,"",CN,US,US,244576631,OT,Cataract operation,"",1,PS,OZEMPIC,SEMAGLUTIDE,1,Subcutaneous,2 mg,,"",U,"",PAR0401,,209637,2,MG,Solution for injection,"",7
24457664,244576641,1,I,,20241008,20241018,20241018,EXP,"",US-NOVOPROD-1298681,NOVO NORDISK,"",69,YR,"",F,Y,,"",20241018,"",MD,US,US,244576641,OT,Inappropriate schedule of product administration,"",1,PS,OZEMPIC,SEMAGLUTIDE,1,Subcutaneous,"0.25 mg, qw",,"",N,"","",,209637,0.25,MG,Solution for injection,/WK,7
24457665,244576651,1,I,,20241008,20241018,20241018,EXP,"",US-NOVOPROD-1298195,NOVO NORDISK,"",,"","",F,Y,,"",20241018,"",CN,US,US,244576651,OT,Glycosylated haemoglobin increased,"",1,PS,OZEMPIC,SEMAGLUTIDE,1,Subcutaneous,1 mg,,"",U,"",PAR0227,,209637,1,MG,Solution for injection,"",7
24457666,244576661,1,I,20221001,20241008,20241018,20241018,EXP,"",US-NOVOPROD-1298229,NOVO NORDISK,"",,"",A,"",Y,,"",20241018,"",CN,US,US,244576661,OT,Ileus,"",1,PS,OZEMPIC,SEMAGLUTIDE,1,Subcutaneous,UNK,,"",N,"","",,209637,,"",Solution for injection,"",7
24457668,244576681,1,I,20241008,20241008,20241018,20241018,EXP,"",US-NOVOPROD-1297179,NOVO NORDISK,"",56,YR,"",F,Y,,"",20241018,"",CN,US,US,244576681,OT,Blood glucose decreased,"",1,PS,OZEMPIC,SEMAGLUTIDE,1,Subcutaneous,UNK,,"",U,"","",,209637,,"",Solution for injection,"",7
24457671,244576712,2,F,20240918,20241107,20241018,20241118,EXP,"",US-NOVOPROD-1299101,NOVO NORDISK,"",76,YR,"",M,Y,,"",20241118,"",MD,US,US,244576712,OT,Cataract operation,"",2,PS,OZEMPIC,SEMAGLUTIDE,1,Subcutaneous,UNK,,"",U,"","",,209637,,"",Solution for injection,"",7
24457673,244576731,1,I,,20241008,20241018,20241018,EXP,"",US-NOVOPROD-1297752,NOVO NORDISK,"",70,YR,"",M,Y,,"",20241018,"",HP,US,US,244576731,HO,Syncope,"",1,PS,OZEMPIC,SEMAGLUTIDE,1,Subcutaneous,UNK,,"",U,"","",,209637,,"",Solution for injection,"",3
24457675,244576751,1,I,20220101,20241008,20241018,20241018,EXP,"",US-NOVOPROD-1297751,NOVO NORDISK,"",,"","",F,Y,,"",20241018,"",CN,US,US,244576751,DS,Disability,"",1,PS,OZEMPIC,SEMAGLUTIDE,1,Subcutaneous,UNK,,"",U,"","",,209637,,"",Solution for injection,"",4
24457679,244576791,1,I,20240731,20241008,20241018,20241018,EXP,"",US-NOVOPROD-1297127,NOVO NORDISK,"",79,YR,"",M,Y,,"",20241018,"",CN,US,US,244576791,OT,Product use in unapproved indication,"",1,PS,OZEMPIC,SEMAGLUTIDE,1,Subcutaneous,UNK,,"","","","",,209637,,"",Solution for injection,"",7
24457917,244579171,1,I,20240724,20240930,20241018,20241018,EXP,"",US-SA-2024SA296957,SANOFI AVENTIS,"",14,YR,T,M,Y,113.4,KG,20241018,"",MD,US,US,244579171,OT,Kidney transplant rejection,"",13,C,OZEMPIC,SEMAGLUTIDE,1,"","",,"",U,"","",,"",,"","","",7
24457987,244579871,1,I,20240901,20240925,20241018,20241018,EXP,"",US-ACADIA PHARMACEUTICALS INC.-ACA-2024-PIM-005917,ACADIA PHARMACEUTICALS,"",64,YR,"",F,Y,,"",20241018,"",CN,US,US,244579871,OT,Hallucination,"",23,C,OZEMPIC,SEMAGLUTIDE,1,"",1 M SOP 4MG/3ML,,"","","","",,"",,"","","",7
24458149,244581492,2,F,20241001,20241125,20241018,20241205,EXP,"",US-NOVOPROD-1298317,NOVO NORDISK,"",54,YR,"",F,Y,,"",20241205,"",CN,US,US,244581492,HO,Diabetic ketoacidosis,"",1,PS,OZEMPIC,SEMAGLUTIDE,1,Subcutaneous,0.25 mg,,"",N,"",PZFAG56,,209637,0.25,MG,Solution for injection,"",3
24458150,244581501,1,I,,20241009,20241018,20241018,EXP,"",US-NOVOPROD-1298281,NOVO NORDISK,"",,"",A,F,Y,,"",20241018,"",CN,US,US,244581501,HO,Spinal fusion surgery,"",1,PS,WEGOVY,SEMAGLUTIDE,1,Subcutaneous,2.4 mg,,"","","","",,215256,2.4,MG,Solution for injection,"",3
24458152,244581521,1,I,,20241009,20241018,20241018,EXP,"",US-NOVOPROD-1298316,NOVO NORDISK,"",,"","",M,Y,,"",20241018,"",PH,US,US,244581521,OT,Inflammatory bowel disease,"",1,PS,OZEMPIC,SEMAGLUTIDE,1,Subcutaneous,UNK,,"",Y,"","",,209637,,"",Solution for injection,"",7
24458154,244581541,1,I,,20241009,20241018,20241018,EXP,"",US-NOVOPROD-1298297,NOVO NORDISK,"",,"","",F,Y,,"",20241018,"",CN,US,US,244581541,OT,Surgery,"",1,PS,OZEMPIC,SEMAGLUTIDE,1,Subcutaneous,1 mg,,"","","","",,209637,1,MG,Solution for injection,"",7
24458155,244581551,1,I,20240801,20241009,20241018,20241018,EXP,"",US-NOVOPROD-1298167,NOVO NORDISK,"",,"","",F,Y,,"",20241018,"",CN,US,US,244581551,OT,Breast cancer,"",1,PS,OZEMPIC,SEMAGLUTIDE,1,Subcutaneous,"0.5 mg, qw",,"",U,"","",,209637,0.5,MG,Solution for injection,/WK,7
24458156,244581561,1,I,,20241009,20241018,20241018,EXP,"",US-NOVOPROD-1297837,NOVO NORDISK,"",,"","",M,Y,,"",20241018,"",CN,US,US,244581561,HO,Fatigue,"",1,PS,OZEMPIC,SEMAGLUTIDE,1,Subcutaneous,0.5 mg,,"",U,"","",,209637,0.5,MG,Solution for injection,"",3
24458157,244581573,3,F,,20241118,20241018,20241129,EXP,"",US-NOVOPROD-1298300,NOVO NORDISK,"",66,YR,"",F,Y,,"",20241129,"",CN,US,US,,,Constipation,"",1,PS,WEGOVY,SEMAGLUTIDE,1,Subcutaneous,"2.4 mg, qw",,"","","",PZFAK94,,215256,2.4,MG,Solution for injection,/WK,
24458170,244581701,1,I,20221201,20241010,20241018,20241018,EXP,"",US-NOVOPROD-1247283,NOVO NORDISK,"",40,YR,"",F,Y,90.703,KG,20241018,"",CN,US,US,244581701,HO,Off label use,"",1,PS,OZEMPIC,SEMAGLUTIDE,1,Subcutaneous,"0.25 mg, qw",4,MG,D,"","",,209637,0.25,MG,Solution for injection,/WK,3
24459532,244595321,1,I,,20240318,20241018,20241018,PER,"",US-ROCHE-3529868,ROCHE,"",49,YR,A,F,Y,104.33,KG,20241018,"",CN,US,US,,,No adverse event,"",19,C,OZEMPIC,SEMAGLUTIDE,1,"","",,"","","","",,"",1,MG,"",/WK,
24460067,244600671,1,I,,20240430,20241018,20241018,PER,"",US-ROCHE-3558218,ROCHE,"",73,YR,E,M,Y,,"",20241018,"",MD,US,US,,,Off label use,"",19,C,OZEMPIC,SEMAGLUTIDE,1,"","",,"","","","",,"",,"","","",
24460917,244609171,1,I,20240306,20241017,20241017,20241017,DIR,723358,"",FDA-CTU,"",39,YR,"",M,N,96.75,KG,20241017,N,CN,US,"",244609171,DS,Blindness unilateral,"",1,PS,OZEMPIC,SEMAGLUTIDE,1,"","",,"",N,D,"",,99,,"","","",4
24461089,244610891,1,I,20230701,20241017,20241017,20241017,DIR,723366,"",FDA-CTU,"",66,YR,"",F,N,80.1,KG,20241017,N,CN,US,"",244610891,HO,Gastrointestinal pain,"",1,PS,WEGOVY,SEMAGLUTIDE,1,Subcutaneous,OTHER QUANTITY : 1 Injection(s);?OTHER FREQUENCY : once per week;?,,"",N,D,"",,"",,"","",999,3
24461238,244612381,1,I,,20240513,20241018,20241018,PER,"",US-ROCHE-3563765,ROCHE,"",44,YR,A,M,Y,,"",20241018,"",MD,US,US,,,Off label use,"",9,C,SEMAGLUTIDE,SEMAGLUTIDE,1,"","",,"","","","",,"",,"","","",
24461822,244618221,1,I,,20240516,20241018,20241018,PER,"",US-ROCHE-3560995,ROCHE,"",56,YR,A,F,Y,78.02,KG,20241018,"",MD,US,US,,,No adverse event,"",12,C,RYBELSUS,SEMAGLUTIDE,1,Oral,"",,"","","","",,"",7,MG,Tablet,QD,
24462207,244622071,1,I,20231208,20240606,20241018,20241018,PER,"",US-ROCHE-3563641,ROCHE,"",65,YR,E,F,Y,,"",20241018,"",CN,US,US,,,Insomnia,"",8,C,OZEMPIC,SEMAGLUTIDE,1,"","",,"","","","",,"",,"","","",
24462278,244622781,1,I,20240101,20240806,20241018,20241018,PER,"",US-UCBSA-2024039649,UCB,"",,"","",M,Y,144.6,KG,20241018,"",HP,US,US,,,Product dose omission issue,"",9,C,OZEMPIC,SEMAGLUTIDE,1,"",2MG/0.75ML PEN INJCTR,,"","","","",,"",,"",Solution for injection in pre-filled pen,"",
24462283,244622831,1,I,,20240805,20241018,20241018,PER,"",US-UCBSA-2024039525,UCB,"",,"","",F,Y,,"",20241018,"",HP,US,US,,,Drug ineffective,"",21,C,OZEMPIC,SEMAGLUTIDE,1,"","",,"",U,U,"",,"",,"",Injection,"",
24462298,244622981,1,I,,20240812,20241018,20241018,PER,"",US-UCBSA-2024041122,UCB,"",,"","",F,Y,89.252,KG,20241018,"",HP,US,US,,,Product dose omission issue,"",5,C,OZEMPIC,SEMAGLUTIDE,1,"",UNK (0.25 or 0.5 pen injector),,"","","","",,"",,"","","",
24462409,244624091,1,I,,20241008,20241018,20241018,PER,"",US-ELI_LILLY_AND_COMPANY-US202410005531,ELI LILLY AND COMPANY,"",33,YR,A,"",Y,,"",20241018,"",LW,US,US,244624091,OT,Nausea,"",2,SS,OZEMPIC,SEMAGLUTIDE,1,Unknown,"UNK UNK, unknown",,"","","","",,"",,"","","",7
24462559,244625591,1,I,,20241003,20241018,20241018,EXP,"",US-SUN PHARMACEUTICAL INDUSTRIES LTD-2024R1-473780,RANBAXY,"Ackah S, Warden S, Imel E, Econs M. Spontaneously improving infantile osteopetrosis. JBMR Plus. 2024;8 (Suppl.):ii346;P201",4,WK,"",M,Y,,"",20241018,"",HP,US,US,244625591,CA,Anal atresia,"",4,SS,SEMAGLUTIDE,SEMAGLUTIDE,1,Transplacental,UNK,,"",D,"","",,"",,"","","",5
24463220,244632201,1,I,,20240125,20241018,20241018,PER,"",US-ROCHE-2872785,ROCHE,"",72,YR,E,F,Y,93,KG,20241018,"",HP,US,US,,,No adverse event,"",5,C,OZEMPIC,SEMAGLUTIDE,1,Subcutaneous,"",,"","","","",,"",,"","","",
24463236,244632361,1,I,,20240416,20241018,20241018,PER,"",US-ROCHE-3292305,ROCHE,"",65,YR,E,F,Y,,"",20241018,"",CN,US,US,,,Swollen tongue,"",7,C,OZEMPIC,SEMAGLUTIDE,1,"","",,"","","","",,"",,"","","",
24463271,244632711,1,I,,20240206,20241018,20241018,PER,"",US-ROCHE-3097190,ROCHE,"",66,YR,E,F,Y,,"",20241018,"",CN,US,US,,,COVID-19,"",4,C,OZEMPIC,SEMAGLUTIDE,1,"","",,"","","","",,"",,"","","",
24463332,244633321,1,I,,20240426,20241018,20241018,PER,"",US-ROCHE-3017231,ROCHE,"",52,YR,A,F,Y,87.54,KG,20241018,"",MD,US,US,,,Obesity,"",10,C,OZEMPIC,SEMAGLUTIDE,1,"","",,"","","","",,"",1,MG,"",/WK,
24463888,244638881,1,I,,20240104,20241018,20241018,PER,"",US-ROCHE-3487034,ROCHE,"",59,YR,A,F,Y,,"",20241018,"",MD,US,US,,,Swelling face,"",4,C,OZEMPIC,SEMAGLUTIDE,1,"","",,"","","","",,"",,"","","",
24464129,244641291,1,I,,20240108,20241018,20241018,PER,"",US-ROCHE-3490351,ROCHE,"",76,YR,E,F,Y,,"",20241018,"",MD,US,US,,,No adverse event,"",10,C,OZEMPIC,SEMAGLUTIDE,1,"","",,"","","","",,"",,"","","",
24464257,244642571,1,I,20230423,20240329,20241018,20241018,PER,"",US-ROCHE-3338126,ROCHE,"",62,YR,A,F,Y,83.91,KG,20241018,"",CN,US,US,,,Pain,"",16,C,RYBELSUS,SEMAGLUTIDE,1,"","",,"","","","",,"",,"","","",
24464437,244644371,1,I,,20240117,20241018,20241018,PER,"",US-ROCHE-3494528,ROCHE,"",62,YR,A,F,Y,88.45,KG,20241018,"",MD,US,US,,,Inflammation,"",8,C,OZEMPIC,SEMAGLUTIDE,1,"","",,"","","","",,"",,"","","",
24464588,244645881,1,I,,20240318,20241018,20241018,PER,"",US-ROCHE-3504608,ROCHE,"",72,YR,E,M,Y,93.44,KG,20241018,"",CN,US,US,,,Memory impairment,"",21,C,OZEMPIC,SEMAGLUTIDE,1,Intramuscular,"",,"","","","",,"",0.5,MG,Injection,/WK,
24464628,244646281,1,I,,20240329,20241018,20241018,PER,"",US-ROCHE-3492028,ROCHE,"",63,YR,A,F,Y,83.91,KG,20241018,"",CN,US,US,,,Diabetes mellitus,"",14,C,RYBELSUS,SEMAGLUTIDE,1,"","",,"","","","",,"",,"","","",
24464820,244648201,1,I,20241016,20241018,20241018,20241018,DIR,723483,"",FDA-CTU,"",81,YR,"",F,N,,"",20241018,N,CN,US,"",,,Abdominal discomfort,"",1,PS,OZEMPIC,SEMAGLUTIDE,1,"","",,"","","","",,"",,"","","",
24464821,244648211,1,I,20240718,20241018,20241018,20241018,DIR,723484,"",FDA-CTU,"",56,YR,"",M,N,146.25,KG,20241018,N,PH,US,"",244648211,HO,Intestinal ischaemia,"",1,PS,WEGOVY,SEMAGLUTIDE,1,"","",,"",Y,D,"",,"",,"","","",3
24464840,244648401,1,I,20240101,20241015,20241018,20241018,PER,"",US-BIOGEN-2024BI01268121,BIOGEN,"",,"","",F,Y,,"",20241018,"",CN,US,US,,,Headache,"",14,C,OZEMPIC,SEMAGLUTIDE,1,Other,4mg/3ml,,"","","","",,"",,"",Injection,"",
24465072,244650721,1,I,,20240306,20241018,20241018,PER,"",US-ROCHE-3524109,ROCHE,"",36,YR,A,F,Y,102.51,KG,20241018,"",HP,US,US,,,Anxiety disorder,"",12,C,OZEMPIC,SEMAGLUTIDE,1,Subcutaneous,"",,"","","","",,"",,"","","",
24465113,244651131,1,I,,20240307,20241018,20241018,PER,"",US-ROCHE-3524269,ROCHE,"",25,YR,A,F,Y,,"",20241018,"",MD,US,US,,,Obesity,"",8,C,OZEMPIC,SEMAGLUTIDE,1,Subcutaneous,"",,"","","","",,"",2,MG,"","",
24465120,244651201,1,I,20240310,20240313,20241018,20241018,PER,"",US-ROCHE-3526300,ROCHE,"",67,YR,E,F,Y,91.63,KG,20241018,"",CN,US,US,,,Peripheral swelling,"",2,C,OZEMPIC,SEMAGLUTIDE,1,Subcutaneous,"",,"","","","",,"",1,MG,Injection,/WK,
24465234,244652341,1,I,,20240314,20241018,20241018,PER,"",US-ROCHE-3523693,ROCHE,"",46,YR,A,F,Y,,"",20241018,"",MD,US,US,,,Off label use,"",9,C,OZEMPIC,SEMAGLUTIDE,1,"","",,"","","","",,"",,"","","",
24465271,244652711,1,I,,20240206,20241018,20241018,PER,"",US-ROCHE-3506221,ROCHE,"",65,YR,E,F,Y,,"",20241018,"",MD,US,US,,,Scratch,"",23,C,SEMAGLUTIDE,SEMAGLUTIDE,1,"","",,"","","","",,"",,"","","",
24465624,244656241,1,I,,20240318,20241018,20241018,PER,"",US-ROCHE-3529471,ROCHE,"",52,YR,A,F,Y,99.79,KG,20241018,"",MD,US,US,,,Off label use,"",7,C,RYBELSUS,SEMAGLUTIDE,1,Oral,"",,"","","","",,"",14,MG,Tablet,QD,
24465809,244658091,1,I,20230101,20240326,20241018,20241018,PER,"",US-ROCHE-3528880,ROCHE,"",76,YR,E,F,Y,102.06,KG,20241018,"",CN,US,US,,,Pruritus,"",12,C,OZEMPIC,SEMAGLUTIDE,1,"","",,"","","","",,"",,"","","",
24466339,244663391,1,I,,20241016,20241018,20241018,PER,"",US-BIOMARINAP-US-2024-161258,BIOMARIN,"",,"","","",Y,,"",20241018,"",CN,US,US,,,Decreased appetite,"",2,C,OZEMPIC,SEMAGLUTIDE,1,"",UNK,,"","","","",,"",,"","","",
24466341,244663411,1,I,,20241016,20241018,20241018,PER,"",US-BIOMARINAP-US-2024-161249,BIOMARIN,"",,"","","",Y,,"",20241018,"",CN,US,US,,,Injection site reaction,"",2,C,OZEMPIC,SEMAGLUTIDE,1,"","",,"","","","",,"",,"","","",
24466470,244664701,1,I,,20240525,20241018,20241018,PER,"",US-ROCHE-3542489,ROCHE,"",45,YR,A,F,Y,,"",20241018,"",MD,US,US,,,Erythema,"",12,C,SEMAGLUTIDE,SEMAGLUTIDE,1,Subcutaneous,"",,"","","","",,"",0.025,MG,"INJECTION, SOLUTION","",
24467635,244676351,1,I,20240425,20240610,20241018,20241018,PER,"",US-ROCHE-3562078,ROCHE,"",52,YR,A,F,Y,122.02,KG,20241018,"",MD,US,US,,,Arthralgia,"",11,C,WEGOVY,SEMAGLUTIDE,1,Subcutaneous,0.25 MG/0.5 ML,,"","","","",,"",,"","",/WK,
24467864,244678641,1,I,20240726,20240726,20241018,20241018,PER,"",US-PHATHOM PHARMACEUTICALS INC.-2024PHT00661,Phathom Pharmaceuticals,"",51,YR,"",F,Y,,"",20241018,"",CN,US,US,,,Therapeutic product effect decreased,"",8,C,OZEMPIC,SEMAGLUTIDE,1,"","",,"","","","",,"",,"","","",
24468121,244681211,1,I,20240816,20240906,20241018,20241018,PER,"",US-PHATHOM PHARMACEUTICALS INC.-2024PHT00866,Phathom Pharmaceuticals,"",60,YR,"",F,Y,,"",20241018,"",CN,US,US,,,Drug ineffective,"",7,C,OZEMPIC,SEMAGLUTIDE,1,"","",,"","","","",,"",,"","","",
24468204,244682042,2,F,20240101,20241111,20241018,20241120,EXP,"",US-NOVOPROD-1286744,NOVO NORDISK,"",78,YR,"",M,Y,,"",20241120,"",MD,US,US,244682042,LT,Blister,"",1,PS,OZEMPIC,SEMAGLUTIDE,1,Subcutaneous,2 mg,,"",Y,"",PAR0328,,209637,2,MG,Solution for injection,"",2
24468284,244682841,1,I,,20241004,20241018,20241018,EXP,"",US-SUN PHARMACEUTICAL INDUSTRIES LTD-2024R1-473942,RANBAXY,"Begum F, Chang K, Kapoor K, Vij R, Phadke G, Hiser WM, et al. Semaglutide-associated kidney injury. Clin Kidney J. 2024;17 (9):sfae250/1-6",49,YR,"",F,Y,,"",20241018,"",HP,US,US,244682841,OT,Condition aggravated,"",3,SS,SEMAGLUTIDE,SEMAGLUTIDE,1,Unknown,"0.5 milligram, Weekly",,"","","","",,"",0.5,MG,"","",7
24468355,244683551,1,I,,20241004,20241018,20241018,EXP,"",US-SUN PHARMACEUTICAL INDUSTRIES LTD-2024R1-473919,RANBAXY,"Begum F, Chang K, Kapoor K, Vij R, Phadke G, Hiser WM, et al. Semaglutide-associated kidney injury. Clin Kidney J. 2024;17 (9):sfae250",68,YR,"",F,Y,,"",20241018,"",HP,US,US,244683551,HO,Renal atrophy,"",4,SS,SEMAGLUTIDE,SEMAGLUTIDE,1,Unknown,UNK,,"","","","",,"",,"","","",3
24468560,244685601,1,I,20240101,20241004,20241018,20241018,EXP,"","US-MADRIGAL PHARMACEUTICALS, INC-2024REZ1787",MADRIGAL PHARMACEUTICALS,"",,"","","",Y,,"",20241018,"",HP,US,US,,,Alanine aminotransferase increased,"",3,C,OZEMPIC,SEMAGLUTIDE,1,Unknown,"",,"","","","",,"",,"","","",
24468566,244685661,1,I,20240801,20241011,20241018,20241018,PER,"",US-ALKERMES INC.-ALK-2024-002625,ALKERMES,"",4,DEC,"",F,Y,,"",20241018,"",HP,US,US,,,Off label use,"",4,C,OZEMPIC,SEMAGLUTIDE,1,Unknown,UNK,,"","","","",,"",,"","","",
24523831,245238311,1,I,,20230710,20241018,20241018,EXP,"",US-NOVOPROD-1278925,NOVO NORDISK,"",,"","","",Y,,"",20241018,"",CN,US,US,245238311,OT,Diarrhoea,"",1,PS,OZEMPIC,SEMAGLUTIDE,1,Subcutaneous,UNK,,"","","","",,209637,,"",Solution for injection,"",7
24523867,245238672,2,F,,20241112,20241018,20241118,EXP,"",US-ELI_LILLY_AND_COMPANY-US202410010782,ELI LILLY AND COMPANY,"",59,YR,A,F,Y,139,KG,20241118,"",CN,US,US,245238672,DE,Urinary tract infection,"",17,C,OZEMPIC,SEMAGLUTIDE,1,Subcutaneous,"1 mg, weekly (1/W)",,"","","","",,"",1,MG,"",/WK,1
24524060,245240601,1,I,20240919,20241004,20241018,20241018,PER,"",US-SA-2024SA299830,SANOFI AVENTIS,"",47,YR,A,M,Y,77.27,KG,20241018,"",MD,US,US,,,Inappropriate schedule of product administration,"",7,C,OZEMPIC,SEMAGLUTIDE,1,"","",,"",U,"","",,"",,"","","",
24524108,245241081,1,I,,20241010,20241018,20241018,PER,"",US-SA-2024SA296686,SANOFI AVENTIS,"",,"",A,M,Y,,"",20241018,"",HP,US,US,,,Off label use,"",2,C,OZEMPIC,SEMAGLUTIDE,1,"",UNK,,"",U,"","",,"",,"","","",
24524293,245242931,1,I,,20241005,20241018,20241018,PER,"",US-NEUROCRINE BIOSCIENCES INC.-2024NBI10004,NEUROCRINE BIOSCIENCES,"",,"","",F,Y,,"",20241018,"",HP,US,US,,,Therapeutic product effect decreased,"",2,C,OZEMPIC,SEMAGLUTIDE,1,"","",,"","","","",,"",,"","","",
24524471,245244711,1,I,20240928,20241011,20241019,20241019,PER,"",US-UNITED THERAPEUTICS-UNT-2024-032656,UNITED THERAPEUTICS,"",67,YR,"",F,Y,108.84,KG,20241019,"","",US,US,,,Weight decreased,"",13,C,OZEMPIC,SEMAGLUTIDE,1,"",UNK,,"","","","",,"",,"","","",
24524885,245248852,2,F,20240917,20241022,20241019,20241028,EXP,"",US-ABBVIE-5968032,ABBVIE,"",66,YR,"",F,Y,64,KG,20241028,"",CN,US,US,245248852,OT,Hypoaesthesia,"",13,C,SEMAGLUTIDE,SEMAGLUTIDE,1,"",2.4 Milligram,,"","","","",,"",,"",Injection,"",7
24525537,245255371,1,I,,20241003,20241020,20241020,PER,"",US-SA-2024SA300984,SANOFI AVENTIS,"",,"",A,F,Y,77.27,KG,20241020,"",MD,US,US,,,Injection site erythema,"",4,C,OZEMPIC,SEMAGLUTIDE,1,"","",,"",U,"","",,"",,"",Injection,"",
24525754,245257541,1,I,,20241004,20241020,20241020,PER,"",US-SA-2024SA300941,SANOFI AVENTIS,"",80,YR,E,F,Y,71.66,KG,20241020,"",MD,US,US,,,Dermatitis atopic,"",18,C,RYBELSUS,SEMAGLUTIDE,1,"","",,"",U,"","",,"",,"","","",
24525835,245258351,1,I,20241015,20241015,20241020,20241020,PER,"",US-ELI_LILLY_AND_COMPANY-US202410010632,ELI LILLY AND COMPANY,"",,"","",F,Y,,"",20241020,"",CN,US,US,,,Blood cholesterol abnormal,"",4,C,OZEMPIC,SEMAGLUTIDE,1,"","",,"","","","",,"",,"","","",
24525909,245259092,2,F,,20241029,20241020,20241101,PER,"",US-ELI_LILLY_AND_COMPANY-US202410013038,ELI LILLY AND COMPANY,"",73,YR,E,"",Y,,"",20241101,"",CN,US,US,,,Injection site injury,"",4,C,OZEMPIC,SEMAGLUTIDE,1,"","",,"","","","",,"",,"","","",
24526086,245260861,1,I,,20241017,20241021,20241021,PER,"",US-ELI_LILLY_AND_COMPANY-US202410013085,ELI LILLY AND COMPANY,"",51,YR,A,M,Y,,"",20241021,"",CN,US,US,,,Vomiting,"",2,SS,OZEMPIC,SEMAGLUTIDE,1,Unknown,"UNK UNK, unknown",,"","","","",,"",,"","","",
24526132,245261321,1,I,20240101,20241007,20241021,20241021,PER,"",US-SA-2024SA301370,SANOFI AVENTIS,"",35,YR,A,F,Y,61.82,KG,20241021,"",MD,US,US,,,Condition aggravated,"",2,C,WEGOVY,SEMAGLUTIDE,1,"","",,"",U,"","",,"",,"","","",
24526134,245261341,1,I,,20241007,20241021,20241021,EXP,"",US-NOVOPROD-1300969,NOVO NORDISK,Sarah Ackah. Spontaneously improving infantile osteopetrosis. JBMR plus,,"",I,M,Y,,"",20241021,"",MD,US,US,245261341,CA,Osteopetrosis,"",1,PS,SEMAGLUTIDE,SEMAGLUTIDE,1,Subcutaneous,UNK,,"",D,"","",,209637,,"",Solution for injection,"",5
24526150,245261501,1,I,,20241008,20241021,20241021,EXP,"",US-NOVOPROD-1298992,NOVO NORDISK,"",,"","",F,Y,,"",20241021,"",CN,US,US,245261501,OT,Type 2 diabetes mellitus,"",1,PS,WEGOVY,SEMAGLUTIDE,1,Subcutaneous,UNK,,"",N,"","",,215256,,"",Solution for injection,"",7
24526157,245261571,1,I,20240729,20241008,20241021,20241021,EXP,"",US-NOVOPROD-1298860,NOVO NORDISK,"",,"","",F,Y,,"",20241021,"",CN,US,US,245261571,OT,Urinary bladder suspension,"",1,PS,WEGOVY,SEMAGLUTIDE,1,Subcutaneous,"1 mg, qw",,"",Y,"",PZFAF37,,215256,1,MG,Solution for injection,/WK,7
24526160,245261601,1,I,20240917,20241007,20241021,20241021,EXP,"",US-NOVOPROD-1298135,NOVO NORDISK,"",59,YR,"",M,Y,103.8,KG,20241021,"",HP,US,US,245261601,HO,Pneumonia aspiration,"",1,PS,RYBELSUS,SEMAGLUTIDE,1,Oral,UNK,,"","","","",,213051,,"",Tablet,"",3
24526311,245263114,4,F,20240101,20241203,20241021,20241213,EXP,"","US-INSMED, INC.-2024-03530-US",INSMED,"",,"","",F,Y,,"",20241213,"",CN,US,US,245263114,OT,Depression,"",3,C,OZEMPIC,SEMAGLUTIDE,1,Unknown,"UNK, Unk",,"","","",Unknown,,"",,"","","",7
24526322,245263222,2,F,,20241029,20241021,20241105,EXP,"",US-NOVOPROD-1299166,NOVO NORDISK,"",,"","",F,Y,,"",20241105,"",MD,US,US,245263222,OT,Papillary thyroid cancer,"",1,PS,OZEMPIC,SEMAGLUTIDE,1,Subcutaneous,UNK,,"","","","",,209637,,"",Solution for injection,"",7
24526326,245263262,2,F,20240401,20241213,20241021,20241220,EXP,"",US-NOVOPROD-1299678,NOVO NORDISK,"",52,YR,"",M,Y,113.39,KG,20241220,"",CN,US,US,245263262,HO,Inappropriate schedule of product administration,"",1,PS,OZEMPIC,SEMAGLUTIDE,1,Subcutaneous,"0.5 mg, qw",6.5,MG,U,"","",,209637,0.5,MG,Solution for injection,/WK,3
24526348,245263481,1,I,20220721,20241009,20241021,20241021,EXP,"",US-NOVOPROD-1257910,NOVO NORDISK,"",33,YR,"",F,Y,,"",20241021,"",CN,US,US,245263481,HO,Cholecystitis,"",1,PS,RYBELSUS,SEMAGLUTIDE,1,Oral,7 mg,434,MG,Y,"","",,213051,7,MG,Tablet,QD,3
24526354,245263541,1,I,20210107,20241010,20241021,20241021,EXP,"",US-NOVOPROD-1265081,NOVO NORDISK,"",42,YR,"",F,Y,72.109,KG,20241021,"",CN,US,US,245263541,HO,Dyspepsia,"",1,PS,OZEMPIC,SEMAGLUTIDE,1,Subcutaneous,"2 mg, qw",,"",U,"","",,209637,2,MG,Solution for injection,/WK,3
24526398,245263981,1,I,20240101,20241010,20241021,20241021,EXP,"",US-NOVOPROD-1299159,NOVO NORDISK,"",66,YR,"",F,Y,,"",20241021,"",CN,US,US,245263981,HO,Renal disorder,"",1,PS,OZEMPIC,SEMAGLUTIDE,1,Subcutaneous,UNK,,"","","","",,209637,,"",Solution for injection,"",3
24526404,245264041,1,I,,20241010,20241021,20241021,EXP,"",US-NOVOPROD-1299267,NOVO NORDISK,"",,"","",F,Y,,"",20241021,"",CN,US,US,245264041,OT,Blindness,"",1,PS,OZEMPIC,SEMAGLUTIDE,1,Subcutaneous,UNK,,"",U,"","",,209637,,"",Solution for injection,"",7
24526406,245264061,1,I,,20241010,20241021,20241021,EXP,"",US-NOVOPROD-1299268,NOVO NORDISK,"",,"","",M,Y,,"",20241021,"",CN,US,US,245264061,OT,Hip arthroplasty,"",1,PS,OZEMPIC,SEMAGLUTIDE,1,Subcutaneous,UNK,,"",U,"","",,209637,,"",Solution for injection,"",7
24526408,245264081,1,I,,20241010,20241021,20241021,EXP,"",US-NOVOPROD-1299265,NOVO NORDISK,"",,"","",M,Y,,"",20241021,"",HP,US,US,245264081,OT,Benign pancreatic neoplasm,"",1,PS,OZEMPIC,SEMAGLUTIDE,1,Subcutaneous,"0.25 mg, qw",,"",Y,"","",,209637,0.25,MG,Solution for injection,/WK,7
24527731,245277313,3,F,,20241101,20241021,20241101,PER,"",US-ELI_LILLY_AND_COMPANY-US202410013386,ELI LILLY AND COMPANY,"",80,YR,E,F,Y,,"",20241101,"",CN,US,US,,,Injection site bruising,"",5,C,OZEMPIC,SEMAGLUTIDE,1,Unknown,"2.5 mg, weekly (1/W)",,"","","","",,"",2.5,MG,"",/WK,
24528225,245282251,1,I,20240403,20241018,20241018,20241018,DIR,723540,"",FDA-CTU,"",77,YR,"",M,N,,"",20241018,N,PH,US,"",,,Vomiting,"",1,PS,SEMAGLUTIDE,SEMAGLUTIDE,1,"","",,"","","","",,"",,"","","",
24528226,245282261,1,I,20240331,20241018,20241018,20241018,DIR,723539,"",FDA-CTU,"",62,YR,"",M,N,79,KG,20241018,N,PH,US,"",,,Retching,"",1,PS,SEMAGLUTIDE,SEMAGLUTIDE,1,Subcutaneous,OTHER FREQUENCY : QWEEK;?,,"",Y,"","",,"",1,MG,"",999,
24528361,245283611,1,I,20240418,20241018,20241018,20241018,DIR,723547,"",FDA-CTU,"",54,YR,"",M,N,99,KG,20241018,N,PH,US,"",,,Therapy interrupted,"",3,SS,SEMAGLUTIDE,SEMAGLUTIDE,1,"","",,"","","","",,"",,"","","",
24528567,245285671,1,I,20241018,20241018,20241018,20241018,DIR,723541,"",FDA-CTU,"",44,YR,"",M,N,101.25,KG,20241018,N,PH,US,"",,,Rash,"",15,C,RYBELSUS,SEMAGLUTIDE,1,"","",,"","","","",,"",,"","","",
24528914,245289141,1,I,20080101,20241011,20241021,20241021,EXP,"",US-009507513-2410USA005674,MERCK,"",,"","",F,Y,,"",20241021,"",CN,US,US,245289141,OT,Weight decreased,"",3,SS,OZEMPIC,SEMAGLUTIDE,1,"",UNK,,"",Y,"","",,"",,"","","",7
24529109,245291091,1,I,20240928,20241018,20241018,20241018,DIR,723588,"",FDA-CTU,"",71,YR,"",F,N,70.65,KG,20241018,N,CN,US,"",245291091,OT,Gastric ulcer,"",1,PS,SEMAGLUTIDE,SEMAGLUTIDE,1,Subcutaneous,OTHER FREQUENCY : weekly;?,,"",N,D,"",20240930,99,,"",Injection,999,7
24529175,245291751,1,I,20241015,20241018,20241018,20241018,DIR,723602,"",FDA-CTU,"",44,YR,"",F,N,67.5,KG,20241018,N,CN,US,"",245291751,HO,Pancreatitis,"",1,PS,WEGOVY,SEMAGLUTIDE,1,Other,"OTHER QUANTITY : 1 Injection(s);?OTHER FREQUENCY : Weekly;?OTHER ROUTE : Injected into stomach, thigh, or arm;?",,"",Y,D,PZFCN27,20260531,99,,"","",999,3
24529306,245293061,1,I,20241016,20241020,20241020,20241020,DIR,723682,"",FDA-CTU,"",57,YR,"",F,N,59.85,KG,20241020,N,CN,US,"",245293061,OT,Panic attack,"",1,PS,SEMAGLUTIDE,SEMAGLUTIDE,1,"","",,"",N,D,"",,99,,"","","",7
24529320,245293201,1,I,20240918,20241018,20241018,20241018,DIR,723611,"",FDA-CTU,"",56,YR,"",F,N,126.45,KG,20241018,N,CN,US,"",245293201,RI,Nausea,"",1,PS,OZEMPIC,SEMAGLUTIDE,1,Subcutaneous,OTHER QUANTITY : 0.5 Injection(s);?OTHER FREQUENCY : Once a week;?,,"",Y,D,"",,99,,"",Injection,999,6
24530037,245300371,1,I,20240901,20240923,20241021,20241021,PER,"",US-SCIEGENP-2024SCSPO00376,SCIEGEN PHARMACEUTICALS INC,"",,"","",F,Y,,"",20241021,"",CN,US,US,,,Drug ineffective,"",13,C,OZEMPIC,SEMAGLUTIDE,1,Unknown,"",,"","","","",,"",,"","","",
24530065,245300651,1,I,,20241019,20241019,20241019,DIR,723627,"",FDA-CTU,"",39,YR,"",F,N,82.8,KG,20241019,N,CN,US,"",,,Irritability,"",1,PS,OZEMPIC,SEMAGLUTIDE,1,"","",,"",Y,Y,"",,"",,"","","",
24530173,245301731,1,I,20241017,20241020,20241020,20241020,DIR,723704,"",FDA-CTU,"",,"","",UNK,N,,"",20241020,Y,CN,US,"",,,Abdominal distension,"",1,PS,WEGOVY,SEMAGLUTIDE,1,Subcutaneous,OTHER QUANTITY : 1 Injection(s);?OTHER FREQUENCY : weekly;?,,"","","",p2fcn28,20260531,"",,"",Injection,999,
24530458,245304581,1,I,,20241011,20241021,20241021,EXP,"",US-MYLANLABS-2024M1094543,MYLAN,"Manoharan SVRR, Madan R. GLP-1 Agonists Can Affect Mood: A Case of Worsened Depression on Ozempic (Semaglutide). Innov-Clin-Neurosci 2024; 21 (4-6): 25-26.",54,YR,"",F,Y,,"",20241021,"",MD,US,US,245304581,OT,Drug ineffective,"",2,SS,SEMAGLUTIDE,SEMAGLUTIDE,1,Unknown,"0.5 milligram, qw",,"","","","",,"",0.5,MG,Unknown,/WK,7
24530750,245307502,2,F,20211013,20241218,20241021,20241226,EXP,"",US-ELI_LILLY_AND_COMPANY-US202410013347,ELI LILLY AND COMPANY,"",67,YR,E,F,Y,,"",20241226,"",LW,US,US,245307502,OT,Vomiting,"",2,SS,OZEMPIC,SEMAGLUTIDE,1,Unknown,"UNK UNK, unknown",6.25,MG,N,"","",,"",0.25,MG,"",/WK,7
24531149,245311492,2,F,,20241029,20241022,20241110,EXP,"",US-NOVOPROD-1299651,NOVO NORDISK,"",65,YR,"",M,Y,,"",20241111,"",CN,US,US,245311492,HO,Carbon monoxide poisoning,"",1,PS,OZEMPIC,SEMAGLUTIDE,1,Subcutaneous,1 mg,,"","","","",,209637,1,MG,Solution for injection,"",3
24531152,245311521,1,I,,20241009,20241022,20241022,EXP,"",US-NOVOPROD-1298290,NOVO NORDISK,"",,"","",F,Y,,"",20241022,"",CN,US,US,245311521,OT,Adrenal insufficiency,"",1,PS,WEGOVY,SEMAGLUTIDE,1,Subcutaneous,0.25mg,,"",U,"","",,215256,0.25,MG,Solution for injection,"",7
24531155,245311551,1,I,20210903,20241010,20241022,20241022,EXP,"",US-NOVOPROD-1245187,NOVO NORDISK,"",37,YR,"",F,Y,,"",20241022,"",CN,US,US,245311551,HO,Abdominal pain,"",1,PS,OZEMPIC,SEMAGLUTIDE,1,Subcutaneous,"2 mg, qw",64.468,MG,N,"","",,209637,2,MG,Solution for injection,/WK,3
24531157,245311571,1,I,20230706,20241009,20241022,20241022,EXP,"",US-NOVOPROD-1299579,NOVO NORDISK,"",61,YR,"",F,Y,,"",20241022,"",MD,US,US,245311571,HO,Drug hypersensitivity,"",1,PS,OZEMPIC,SEMAGLUTIDE,1,Subcutaneous,unk,,"",Y,"","",,209637,,"",Solution for injection,"",3
24531181,245311811,1,I,20230801,20241010,20241022,20241022,EXP,"",US-NOVOPROD-1248033,NOVO NORDISK,"",39,YR,"",F,Y,120.18,KG,20241022,"",CN,US,US,245311811,HO,Decreased appetite,"",1,PS,OZEMPIC,SEMAGLUTIDE,1,Subcutaneous,"0.5 mg, qw",5.045,MG,U,"","",,209637,0.5,MG,Solution for injection,/WK,3
24531343,245313431,1,I,,20241010,20241022,20241022,EXP,"",US-NOVOPROD-1300116,NOVO NORDISK,"",,"","",M,Y,,"",20241022,"",CN,US,US,245313431,OT,Myocardial infarction,"",1,PS,OZEMPIC,SEMAGLUTIDE,1,Subcutaneous,UNK,,"","","","",,209637,,"",Solution for injection,"",7
24531346,245313462,2,F,20230403,20241212,20241022,20241224,EXP,"",US-NOVOPROD-1301180,NOVO NORDISK,"",29,YR,"",M,Y,,"",20241224,"",CN,US,US,245313462,OT,Hypoglycaemia,"",1,PS,OZEMPIC,SEMAGLUTIDE,1,Subcutaneous,"2 mg, qw",,"","","",PAR0326,,209637,2,MG,Solution for injection,/WK,7
24531350,245313501,1,I,20240919,20241010,20241022,20241022,EXP,"",US-NOVOPROD-1298853,NOVO NORDISK,"",,"",A,F,Y,,"",20241022,"",CN,US,US,245313501,OT,Wrong technique in product usage process,"",1,PS,OZEMPIC,SEMAGLUTIDE,1,Subcutaneous,0.5mg,,"",U,"","",,209637,,"",Solution for injection,"",7
24531745,245317451,1,I,20240801,20241011,20241022,20241022,EXP,"",US-NOVOPROD-1299211,NOVO NORDISK,"",56,YR,"",F,Y,,"",20241022,"",CN,US,US,245317451,OT,Abdominal distension,"",1,PS,OZEMPIC,SEMAGLUTIDE,1,Subcutaneous,1 mg,,"",Y,"",PAR0248,,209637,1,MG,Solution for injection,"",7
24531752,245317521,1,I,,20241011,20241022,20241022,EXP,"",US-NOVOPROD-1300591,NOVO NORDISK,"",58,YR,"",M,Y,,"",20241022,"",MD,US,US,245317521,OT,Abnormal loss of weight,"",1,PS,OZEMPIC,SEMAGLUTIDE,1,Subcutaneous,UNK,,"",N,"","",,209637,,"",Solution for injection,"",7
24531753,245317531,1,I,,20241011,20241022,20241022,EXP,"",US-NOVOPROD-1299241,NOVO NORDISK,"",,"","",M,Y,,"",20241022,"",MD,US,US,245317531,OT,Neoplasm malignant,"",1,PS,OZEMPIC,SEMAGLUTIDE,1,Subcutaneous,UNK,,"",U,"","",,209637,,"",Solution for injection,"",7
24531756,245317561,1,I,20240927,20241011,20241022,20241022,EXP,"",US-NOVOPROD-1300778,NOVO NORDISK,"",,"","",F,Y,,"",20241022,"",CN,US,US,245317561,OT,Aortic aneurysm,"",1,PS,OZEMPIC,SEMAGLUTIDE,1,Subcutaneous,2 mg,,"","","",NP5J245,,209637,2,MG,Solution for injection,"",7
24531757,245317571,1,I,20220101,20241011,20241022,20241022,EXP,"",US-NOVOPROD-1300189,NOVO NORDISK,"",57,YR,"",F,Y,,"",20241022,"",CN,US,US,245317571,HO,Gastrointestinal disorder,"",1,PS,OZEMPIC,SEMAGLUTIDE,1,Subcutaneous,0.25mg,,"","","","",,209637,,"",Solution for injection,"",3
24531760,245317601,1,I,20240807,20241011,20241022,20241022,EXP,"",US-NOVOPROD-1299985,NOVO NORDISK,"",69,YR,"",F,Y,,"",20241022,"",CN,US,US,245317601,OT,Hip arthroplasty,"",1,PS,OZEMPIC,SEMAGLUTIDE,1,Subcutaneous,"0.25 mg, qw",,"","","",NZF8E78,,209637,0.25,MG,Solution for injection,/WK,7
24531814,245318141,1,I,20240301,20241011,20241022,20241022,EXP,"",US-NOVOPROD-1301896,NOVO NORDISK,"",65,YR,"",M,Y,,"",20241022,"",CN,US,US,245318141,OT,Hiccups,"",1,PS,OZEMPIC,SEMAGLUTIDE,1,Subcutaneous,2 mg,,"",Y,"","",,209637,2,MG,Solution for injection,"",7
24531817,245318171,1,I,,20241011,20241022,20241022,EXP,"",US-NOVOPROD-1302550,NOVO NORDISK,"",,"","",M,Y,,"",20241022,"",MD,US,US,245318171,OT,Pulmonary embolism,"",1,PS,OZEMPIC,SEMAGLUTIDE,1,Subcutaneous,UNK,,"",U,"","",,209637,,"",Solution for injection,"",7
24531821,245318211,1,I,,20241011,20241022,20241022,EXP,"",US-NOVOPROD-1301777,NOVO NORDISK,"",,"","",F,Y,,"",20241022,"",HP,US,US,245318211,OT,Dermatomyositis,"",1,PS,OZEMPIC,SEMAGLUTIDE,1,Subcutaneous,UNK,,"",U,"","",,209637,,"",Solution for injection,"",7
24531822,245318221,1,I,,20241011,20241022,20241022,EXP,"",US-NOVOPROD-1302202,NOVO NORDISK,"",,"","",F,Y,,"",20241022,"",HP,US,US,245318221,OT,Dermatomyositis,"",1,PS,WEGOVY,SEMAGLUTIDE,1,"","",,"",U,"","",,215256,,"",Solution for injection,"",7
24531943,245319432,2,F,20240701,20241030,20241022,20241108,EXP,"",US-ROCHE-10000107845,ROCHE,"",56,YR,A,F,Y,,"",20241108,"",CN,US,US,245319432,OT,Fall,"",7,C,SEMAGLUTIDE,SEMAGLUTIDE,1,"","",,"","","","",,"",,"","","",7
24532540,245325402,2,F,20240606,20241112,20241022,20241123,EXP,"",US-Accord-451331,ACCORD,"",74,YR,E,M,Y,75.3,KG,20241123,"",HP,US,US,245325402,HO,Sepsis,"",9,C,SEMAGLUTIDE,SEMAGLUTIDE,1,Subcutaneous,"strength: 0.5 mg/dose, every week (QW)",,"","","","",,"",,"","","",3
24532882,245328821,1,I,20241006,20241007,20241022,20241022,EXP,"",US-NOVOPROD-1301856,NOVO NORDISK,"",51,YR,"",F,Y,79.83,KG,20241022,"",CN,US,MX,245328821,HO,Gastric ulcer,"",1,PS,WEGOVY,SEMAGLUTIDE,1,"",UNK,,"",N,"","",,215256,,"",Solution for injection,"",3
24533397,245333971,1,I,,20241016,20241022,20241022,EXP,"",US-SANDOZ INC.-SDZ2024US088342,SANDOZ,"",,"","",F,Y,,"",20241022,"",CN,US,US,,,Drug hypersensitivity,"",7,C,OZEMPIC,SEMAGLUTIDE,1,Unknown,"",,"","","","",,"",,"","","",
24533959,245339591,1,I,20241012,20241021,20241021,20241021,DIR,723820,"",FDA-CTU,"",81,YR,"",F,N,,"",20241021,N,PH,US,"",245339591,HO,Loss of consciousness,"",1,PS,OZEMPIC,SEMAGLUTIDE,1,Subcutaneous,OTHER FREQUENCY : ONCE WEEKLY;?,,"","","","",,"",0.5,MG,"",999,3
24534052,245340521,1,I,20240915,20241021,20241021,20241021,DIR,723740,"",FDA-CTU,"",58,YR,"",M,N,75.6,KG,20241021,N,CN,US,"",245340521,OT,Gastric infection,"",1,PS,RYBELSUS,SEMAGLUTIDE,1,Oral,OTHER QUANTITY : 30 Tablet(s);?,,"",Y,Y,PA42042,20250930,"",,"","","",7
24534127,245341271,1,I,,20240212,20241022,20241022,PER,"",US-JAZZ-2019-US-016774,JAZZ,"",,"","",M,Y,,"",20241022,"",HP,US,US,245341271,OT,Restless legs syndrome,"",18,C,OZEMPIC,SEMAGLUTIDE,1,"","",,"","","","",,"",,"","","",7
24534156,245341561,1,I,20240816,20241021,20241021,20241021,DIR,723750,"",FDA-CTU,"",86,YR,"",M,N,64.7,KG,20241021,Y,PH,US,"",245341561,HO,Urinary tract infection,"",1,PS,SEMAGLUTIDE,SEMAGLUTIDE,1,Oral,Frequency : Daily;?,,"",D,D,"",,"",7,MG,"",QD,3
24534184,245341842,2,F,20230701,20241202,20241022,20241206,EXP,"",US-ELI_LILLY_AND_COMPANY-US202410014871,ELI LILLY AND COMPANY,"",43,YR,A,M,Y,103.86,KG,20241206,"",LW,US,US,245341842,OT,Nausea,"",2,SS,WEGOVY,SEMAGLUTIDE,1,Unknown,"0.25 mg, weekly (1/W)",17.25,MG,N,"","",,"",0.25,MG,"",/WK,7
24534369,245343691,1,I,20240911,20241021,20241021,20241021,DIR,723825,"",FDA-CTU,"",37,YR,"",F,N,83.25,KG,20241021,N,CN,US,"",,,Palpitations,"",1,PS,WEGOVY,SEMAGLUTIDE,1,"","",,"",Y,D,"",,"",,"","","",
24534374,245343741,1,I,20240901,20241021,20241021,20241021,DIR,723761,"",FDA-CTU,"",51,YR,"",F,N,76.5,KG,20241021,N,CN,US,"",,,Allodynia,"",1,PS,WEGOVY,SEMAGLUTIDE,1,Subcutaneous,OTHER QUANTITY : 1 Injection(s);?OTHER FREQUENCY : once per week;?,,"","","","",,"",,"",Injection,999,
24534754,245347541,1,I,20221201,20240129,20241022,20241022,PER,"",US-JAZZ PHARMACEUTICALS-2023-US-008900,JAZZ,"",60,YR,"",F,Y,,"",20241022,"",MD,US,US,245347541,HO,Hypertension,"",22,C,OZEMPIC,SEMAGLUTIDE,1,"",one unit once a week,,"","","","",,"",,"","","",3
24534795,245347951,1,I,,20240208,20241022,20241022,PER,"",US-JAZZ PHARMACEUTICALS-2024-US-002523,JAZZ,"",,"","","",Y,,"",20241022,"",MD,US,US,,,Therapeutic product effect decreased,"",2,C,SEMAGLUTIDE,SEMAGLUTIDE,1,"","",,"","","","",,"",,"","","",
24535036,245350361,1,I,20241010,20241021,20241021,20241021,DIR,723845,"",FDA-CTU,"",47,YR,"",F,N,124.2,KG,20241021,Y,CN,US,"",245350361,OT,Drug dispensed to wrong patient,"",3,C,RYBELSUS,SEMAGLUTIDE,1,"","",,"","","","",,"",,"","","",7
24535049,245350491,1,I,,20240812,20241022,20241022,PER,"",US-JAZZ PHARMACEUTICALS-2024-US-003036,JAZZ,"",,"","",F,Y,,"",20241022,"",CN,US,US,245350491,HO,Type 2 diabetes mellitus,"",21,C,OZEMPIC,SEMAGLUTIDE,1,"",UNK,,"","","","",,"",,"","","",3
24535057,245350571,1,I,20240601,20240820,20241022,20241022,PER,"",US-JAZZ PHARMACEUTICALS-2023-US-004413,JAZZ,"",39,YR,"",F,Y,,"",20241022,"",MD,US,US,245350571,HO,Cough,"",16,C,WEGOVY,SEMAGLUTIDE,1,"",UNK,,"","","","",,"",,"","","",3
24535236,245352361,1,I,20240130,20240405,20241022,20241022,PER,"",US-JAZZ PHARMACEUTICALS-2024-US-002034,JAZZ,"",33,YR,"",F,Y,,"",20241022,"",CN,US,US,245352361,OT,Abdominal distension,"",7,C,WEGOVY,SEMAGLUTIDE,1,"",Pen,,"","","","",,"",,"","","",7
24535308,245353081,1,I,20240216,20240705,20241022,20241022,PER,"",US-JAZZ PHARMACEUTICALS-2023-US-025126,JAZZ,"",44,YR,"",F,Y,,"",20241022,"",CN,US,US,245353081,OT,Blood pressure decreased,"",20,C,OZEMPIC,SEMAGLUTIDE,1,"",0.25-0.5 MG/DOSE PEN,,"","","","",,"",,"","","",7
24535357,245353571,1,I,,20240909,20241022,20241022,PER,"",US-JAZZ PHARMACEUTICALS-2024-US-014671,JAZZ,"",,"","",F,Y,,"",20241022,"",CN,US,US,245353571,OT,Clostridium difficile infection,"",2,C,OZEMPIC,SEMAGLUTIDE,1,"",UNK,,"","","","",,"",,"","","",7
24535366,245353661,1,I,20230208,20240919,20241022,20241022,PER,"",US-JAZZ PHARMACEUTICALS-2023-US-005639,JAZZ,"",72,YR,"",F,Y,,"",20241022,"",CN,US,US,245353661,OT,Product administration interrupted,"",16,C,OZEMPIC,SEMAGLUTIDE,1,"",UNK,,"","","","",,"",,"","","",7
24535386,245353861,1,I,20241021,20241021,20241021,20241021,DIR,FDA-CDER-CTU-2024-73085,"",FDA-CTU,"",52,YR,"",F,N,,"",20241021,Y,CN,US,"",245353861,LT,Gait disturbance,"",16,C,Ozempic Promethazine,"",2,"","",,"","","","",,"",,"","","",2
24535494,245354941,1,I,,20240207,20241022,20241022,PER,"",US-JAZZ PHARMACEUTICALS-2024-US-002470,JAZZ,"",,"","",F,Y,,"",20241022,"",MD,US,US,,,Therapeutic product effect decreased,"",2,SS,OZEMPIC,SEMAGLUTIDE,1,"","",,"",U,"","",,"",,"","","",
24535514,245355141,1,I,20240201,20240220,20241022,20241022,PER,"",US-JAZZ PHARMACEUTICALS-2022-US-004544,JAZZ,"",28,YR,"",F,Y,,"",20241022,"",CN,US,US,245355141,HO,Vomiting,"",4,SS,OZEMPIC,SEMAGLUTIDE,1,"","",,"",U,"","",,"",,"","","",3
24535631,245356311,1,I,20241021,20241022,20241022,20241022,DIR,723906,"",FDA-CTU,"",91,YR,"",M,N,112,KG,20241022,Y,MD,US,"",245356311,OT,"Hallucination, auditory","",1,PS,OZEMPIC,SEMAGLUTIDE,1,"","",,"",Y,Y,"",,"",,"","","",7
24535939,245359391,1,I,,20240719,20241022,20241022,PER,"",US-JAZZ PHARMACEUTICALS-2023-US-009817,JAZZ,"",,"","",M,Y,,"",20241022,"",CN,US,US,245359391,OT,Back pain,"",11,C,OZEMPIC,SEMAGLUTIDE,1,"",UNK,,"","","","",,"",,"","","",7
24535969,245359691,1,I,,20240725,20241022,20241022,PER,"",US-JAZZ PHARMACEUTICALS-2023-US-024825,JAZZ,"",,"","",M,Y,,"",20241022,"",MD,US,US,245359691,HO,Upper respiratory tract infection,"",9,SS,OZEMPIC,SEMAGLUTIDE,1,"","",,"",U,"","",,"",,"","","",3
24535975,245359751,1,I,20240101,20240805,20241022,20241022,PER,"",US-JAZZ PHARMACEUTICALS-2022-US-020924,JAZZ,"",,"","",F,Y,,"",20241022,"",CN,US,US,245359751,OT,Heart rate increased,"",19,C,OZEMPIC,SEMAGLUTIDE,1,"",0.25-0.5 MG/DOSE PEN,,"","","","",,"",,"","","",7
24535976,245359761,1,I,20240401,20240730,20241022,20241022,PER,"",US-JAZZ PHARMACEUTICALS-2021-US-021447,JAZZ,"",58,YR,"",F,Y,,"",20241022,"",MD,US,US,245359761,OT,Neuropathy peripheral,"",28,C,WEGOVY,SEMAGLUTIDE,1,"",1.7 MG/0.75 ML PEN,,"","","","",,"",,"","","",7
24536019,245360191,1,I,,20240828,20241022,20241022,PER,"",US-JAZZ PHARMACEUTICALS-2022-US-009716,JAZZ,"",,"","",F,Y,78.93,KG,20241022,"",HP,US,US,245360191,OT,Blood sodium decreased,"",17,C,WEGOVY,SEMAGLUTIDE,1,Subcutaneous,2.4 mg/0.75 ml,,"","","","",,"",2.4,MG,"","",7
24536024,245360241,1,I,20240801,20240905,20241022,20241022,PER,"",US-JAZZ PHARMACEUTICALS-2023-US-018264,JAZZ,"",31,YR,"",M,Y,,"",20241022,"",CN,US,US,245360241,OT,Illness,"",32,C,OZEMPIC,SEMAGLUTIDE,1,"",UNK,,"","","","",,"",,"","","",7
24536133,245361331,1,I,,20240703,20241022,20241022,PER,"",US-JAZZ PHARMACEUTICALS-2024-US-009910,JAZZ,"",,"","",F,Y,,"",20241022,"",CN,US,US,245361331,OT,Impaired gastric emptying,"",3,SS,OZEMPIC,SEMAGLUTIDE,1,"",UNK,,"",U,"","",,"",,"","","",7
24536168,245361681,1,I,,20240813,20241022,20241022,PER,"",US-JAZZ PHARMACEUTICALS-2024-US-012749,JAZZ,"",,"","",F,Y,,"",20241022,"",HP,US,US,,,Nausea,"",2,C,OZEMPIC,SEMAGLUTIDE,1,"",UNK,,"","","","",,"",,"","","",
24536248,245362481,1,I,20240811,20240911,20241022,20241022,PER,"",US-JAZZ PHARMACEUTICALS-2024-US-014916,JAZZ,"",51,YR,"",F,Y,,"",20241022,"",CN,US,US,245362481,OT,Neurogenic bladder,"",3,C,OZEMPIC,SEMAGLUTIDE,1,"",0.25-0.5 mg/dose pen,,"","","","",,"",,"","","",7
24536263,245362632,2,F,20240701,20241104,20241022,20241114,EXP,"",US-JAZZ PHARMACEUTICALS-2024-US-015700,JAZZ,"",45,YR,"",F,Y,106,KG,20241114,"",CN,US,US,245362632,OT,Muscle spasms,"",24,C,WEGOVY,SEMAGLUTIDE,1,"","",,"","","","",,"",,"","","",7
24536265,245362651,1,I,,20240918,20241022,20241022,PER,"",US-JAZZ PHARMACEUTICALS-2024-US-014851,JAZZ,"",,"","",F,Y,,"",20241022,"",CN,US,US,245362651,OT,Insomnia,"",4,C,WEGOVY,SEMAGLUTIDE,1,"","",,"","","","",,"",,"","","",7
24536337,245363371,1,I,,20241017,20241022,20241022,PER,"",US-JAZZ PHARMACEUTICALS-2024-US-017021,JAZZ,"",,"","",F,Y,,"",20241022,"",CN,US,US,245363371,OT,Hysterectomy,"",13,C,RYBELSUS,SEMAGLUTIDE,1,"",3 milligram,,"","","","",,"",3,MG,Tablet,"",7
24536623,245366231,1,I,20240101,20241007,20241022,20241022,PER,"",US-SA-2024SA302449,SANOFI AVENTIS,"",65,YR,E,F,Y,,"",20241023,"",CN,US,US,,,Dyspnoea,"",6,C,OZEMPIC,SEMAGLUTIDE,1,"",UNK,,"",U,"","",,"",,"","","",
24536765,245367651,1,I,,20241007,20241022,20241022,PER,"",US-SA-2024SA301761,SANOFI AVENTIS,"",55,YR,A,"",Y,,"",20241023,"",CN,US,US,,,Dermatitis atopic,"",7,C,SEMAGLUTIDE,SEMAGLUTIDE,1,"","",,"",U,"","",,"",,"","","",
24536808,245368081,1,I,20240301,20241007,20241022,20241022,PER,"",US-SA-2024SA301254,SANOFI AVENTIS,"",63,YR,A,F,Y,100.91,KG,20241023,"",MD,US,US,,,Fall,"",5,C,OZEMPIC,SEMAGLUTIDE,1,"","",,"",U,"","",,"",,"","","",
24536830,245368302,2,F,,20241009,20241022,20241110,PER,"",US-SA-2024SA301395,SANOFI AVENTIS,"",55,YR,A,F,Y,,"",20241110,"",MD,US,US,,,Injection site pain,"",2,C,SEMAGLUTIDE,SEMAGLUTIDE,1,"","",,"",U,"","",,"",,"","","",
24537318,245373181,1,I,20241001,20241022,20241022,20241022,PER,"","US-B.I. Pharmaceuticals,Inc./Ridgefield-2024-BI-058443",BOEHRINGER INGELHEIM,"",76,YR,E,F,Y,,"",20241023,"",CN,US,US,,,Glycosylated haemoglobin increased,"",4,C,RYBELSUS,SEMAGLUTIDE,1,"","",,"",U,"","",,"",,"","","",
24537509,245375093,3,F,20240101,20241212,20241023,20241217,PER,"",US-UNITED THERAPEUTICS-UNT-2024-032694,UNITED THERAPEUTICS,"",,"","",M,Y,80.726,KG,20241217,"","",US,US,,,Choking sensation,"",19,C,OZEMPIC,SEMAGLUTIDE,1,"",UNK,,"","","","",,"",,"","","",
24537670,245376701,1,I,,20241008,20241023,20241023,EXP,"",US-AUROBINDO-AUR-APL-2024-051873,AUROBINDO,"Ackah S, Warden S, Imel E, Econs M.. Spontaneously improving infantile osteopetrosis. JBMR- Plus. 2024;8 (Suppl. 2)ii:P201",4,WK,"",M,Y,,"",20241023,"",HP,US,US,245376701,OT,Anaemia,"",4,SS,SEMAGLUTIDE,SEMAGLUTIDE,1,Transplacental,UNK,,"",U,"","",,"",,"","","",7
24539560,245395602,2,F,20240926,20241120,20241023,20241125,EXP,"",US-AMGEN-USASP2024207055,AMGEN,"",73,YR,E,F,Y,,"",20241125,"",CN,US,US,245395602,OT,Device difficult to use,"",3,C,OZEMPIC,SEMAGLUTIDE,1,"","",,"","","","",,"",,"","","",7
24540033,245400331,1,I,20241002,20241022,20241022,20241022,DIR,724110,"",FDA-CTU,"",67,YR,"",F,N,,"",20241022,N,HP,US,"",245400331,HO,Eating disorder,"",1,PS,RYBELSUS,SEMAGLUTIDE,1,"","",,"","","","",,"",,"","","",3
24540216,245402161,1,I,,20241009,20241023,20241023,EXP,"",US-NOVOPROD-1299467,NOVO NORDISK,"",,"",A,F,Y,,"",20241023,"",CN,US,US,245402161,OT,Venous operation,"",1,PS,WEGOVY,SEMAGLUTIDE,1,Subcutaneous,UNK,,"","","","",,215256,,"",Solution for injection,"",7
24540221,245402212,2,F,20240925,20241209,20241023,20241219,EXP,"",US-NOVOPROD-1299152,NOVO NORDISK,"",52,YR,"",F,Y,,"",20241219,"",CN,US,US,245402212,OT,Breast reconstruction,"",1,PS,OZEMPIC,SEMAGLUTIDE,1,"","",,"",U,"","",,209637,,"",Solution for injection,"",7
24540236,245402361,1,I,,20241010,20241023,20241023,EXP,"",US-NOVOPROD-1299522,NOVO NORDISK,"",,"","",F,Y,,"",20241023,"",CN,US,US,245402361,DS,Retching,"",1,PS,OZEMPIC,SEMAGLUTIDE,1,Subcutaneous,2 mg,,"",U,"",PAR0021,,209637,2,MG,Solution for injection,"",4
24540420,245404201,1,I,,20241011,20241023,20241023,EXP,"",US-ELI_LILLY_AND_COMPANY-US202410008878,ELI LILLY AND COMPANY,"",52,YR,A,"",Y,,"",20241023,"",LW,US,US,245404201,OT,Impaired gastric emptying,"",2,SS,OZEMPIC,SEMAGLUTIDE,1,Unknown,"UNK UNK, unknown",,"","","","",,"",,"","","",7
24540892,245408921,1,I,20231101,20240118,20241023,20241023,PER,"",US-ANIPHARMA-2024-US-003160,ANI,"",74,YR,"",F,Y,44.45,KG,20241023,"",CN,US,US,,,Product substitution issue,"",2,C,OZEMPIC,SEMAGLUTIDE,1,Unknown,"",,"","",N,"",,"",,"","","",
24540895,245408952,2,F,,20241021,20241023,20241027,PER,"",US-AMGEN-USASP2024209079,AMGEN,"",,"",A,M,Y,,"",20241027,"",HP,US,US,,,Headache,"",9,C,OZEMPIC,SEMAGLUTIDE,1,"",2/1.5 ml,,"","","","",,"",,"",Injection,"",
24541199,245411991,1,I,,20240805,20241023,20241023,DIR,FDA-CDER-CTU-2024-73484,"",FDA-CTU,"",,"","","",N,,"",20240805,N,"",US,"",,,Wrong product administered,"",1,PS,WEGOVY,SEMAGLUTIDE,1,"","",,"","","","",,"",,"","","",
24541592,245415921,1,I,20240101,20241008,20241023,20241023,PER,"",US-SA-2024SA303498,SANOFI AVENTIS,"",29,YR,A,F,Y,,"",20241023,"",MD,US,US,,,Eye irritation,"",3,C,WEGOVY,SEMAGLUTIDE,1,"","",,"",U,"","",,"",,"",Injection,"",
24541912,245419121,1,I,,20241014,20241023,20241023,EXP,"",US-NOVOPROD-1301614,NOVO NORDISK,"",,"","",F,Y,,"",20241023,"",CN,US,US,245419121,OT,Type 2 diabetes mellitus,"",1,PS,WEGOVY,SEMAGLUTIDE,1,Subcutaneous,UNK,,"","","","",,215256,,"",Solution for injection,"",7
24541913,245419131,1,I,,20241014,20241023,20241023,EXP,"",US-NOVOPROD-1300877,NOVO NORDISK,"",,"","",M,Y,,"",20241023,"",CN,US,US,245419131,OT,Wrong technique in product usage process,"",1,PS,OZEMPIC,SEMAGLUTIDE,1,Subcutaneous,unk,,"",U,"","",,209637,,"",Solution for injection,"",7
24541916,245419161,1,I,,20241014,20241023,20241023,EXP,"",US-NOVOPROD-1300172,NOVO NORDISK,"",,"",A,F,Y,,"",20241023,"",CN,US,US,245419161,OT,Upper limb fracture,"",1,PS,OZEMPIC,SEMAGLUTIDE,1,Subcutaneous,UNK,,"",U,"","",,209637,,"",Solution for injection,"",7
24541918,245419181,1,I,20240401,20241014,20241023,20241023,EXP,"",US-NOVOPROD-1301783,NOVO NORDISK,"",71,YR,"",F,Y,,"",20241023,"",CN,US,US,245419181,OT,Ejection fraction decreased,"",1,PS,OZEMPIC,SEMAGLUTIDE,1,Subcutaneous,0.25 mg (Restarted),,"",U,"","",,209637,0.25,MG,Solution for injection,"",7
24541920,245419201,1,I,20240914,20241014,20241023,20241023,EXP,"",US-NOVOPROD-1301457,NOVO NORDISK,"",37,YR,"",F,Y,,"",20241023,"",CN,US,US,245419201,OT,Bipolar disorder,"",1,PS,WEGOVY,SEMAGLUTIDE,1,Subcutaneous,"0.25 mg, qw",,"","","","",,215256,0.25,MG,Solution for injection,/WK,7
24541972,245419721,1,I,20240101,20241009,20241023,20241023,PER,"",US-SA-2024SA302769,SANOFI AVENTIS,"",81,YR,E,F,Y,,"",20241023,"",HP,US,US,,,Pruritus,"",6,C,OZEMPIC,SEMAGLUTIDE,1,"",UNK,,"",U,"","",,"",,"","","",
24542050,245420501,1,I,20240803,20241016,20241023,20241023,EXP,"",US-NOVOPROD-1301649,NOVO NORDISK,"",79,YR,"",F,Y,,"",20241023,"",CN,US,US,245420501,HO,Nausea,"",1,PS,OZEMPIC,SEMAGLUTIDE,1,Subcutaneous,0.5 mg,,"",Y,"",PZFAJ95,,209637,0.5,MG,Solution for injection,"",3
24542054,245420541,1,I,,20241017,20241023,20241023,EXP,"",US-NOVOPROD-1301643,NOVO NORDISK,"",,"",A,F,Y,,"",20241023,"",CN,US,US,245420541,OT,Cholecystectomy,"",1,PS,WEGOVY,SEMAGLUTIDE,1,Subcutaneous,UNK,,"",U,"","",,215256,,"",Solution for injection,"",7
24542366,245423662,2,F,,20241205,20241023,20241216,EXP,"",US-NOVOPROD-1091189,NOVO NORDISK,"",91,YR,"",M,Y,,"",20241216,"",CN,US,US,245423662,DE,Weight decreased,"",1,PS,OZEMPIC,SEMAGLUTIDE,1,Subcutaneous,UNK,,"",N,"","",,209637,,"",Solution for injection,"",1
24542368,245423681,1,I,20230613,20241014,20241023,20241023,EXP,"",US-NOVOPROD-1247254,NOVO NORDISK,"",55,YR,"",F,Y,,"",20241024,"",CN,US,US,245423681,HO,Constipation,"",1,PS,OZEMPIC,SEMAGLUTIDE,1,Subcutaneous,"0.5 mg, qw",5.25,MG,N,"",unk,,209637,0.5,MG,Solution for injection,/WK,3
24542431,245424311,1,I,20241016,20241017,20241024,20241024,PER,"",US-ELI_LILLY_AND_COMPANY-US202410012574,ELI LILLY AND COMPANY,"",55,YR,A,"",Y,,"",20241024,"",CN,US,US,,,Trichorrhexis,"",17,C,WEGOVY,SEMAGLUTIDE,1,"","",,"","","","",,"",,"","","",
24542868,245428681,1,I,,20240729,20241024,20241024,PER,"",US-GLENMARK PHARMACEUTICALS-2024GMK092966,GLENMARK,"",,"","","",Y,,"",20241024,"",PH,US,US,,,Tinnitus,"",2,C,OZEMPIC,SEMAGLUTIDE,1,Unknown,UNK,,"","","","",,"",,"",Unknown,"",
24543597,245435971,1,I,20240101,20241017,20241024,20241024,EXP,"",US-VALIDUS PHARMACEUTICALS LLC-US-VDP-2024-019439,VALIDUS,"",,"","","",Y,,"",20241024,"",CN,US,US,245435971,HO,Dyspnoea,"",40,C,OZEMPIC,SEMAGLUTIDE,1,Unknown,"",,"","","","",,"",,"","","",3
24543903,245439034,4,F,20240101,20241111,20241024,20241120,EXP,"",US-UNITED THERAPEUTICS-UNT-2024-032839,UNITED THERAPEUTICS,"",,"","",M,Y,110.66,KG,20241120,"","",US,US,245439034,OT,Blood glucose increased,"",14,C,OZEMPIC,SEMAGLUTIDE,1,"",UNK,,"","","","",,"",,"","","",7
24544091,245440911,1,I,,20241013,20241024,20241024,PER,"",US-MYLANLABS-2024M1094715,MYLAN,"",,"","",F,Y,,"",20241024,"",CN,US,US,,,Hypersensitivity,"",10,C,OZEMPIC,SEMAGLUTIDE,1,Subcutaneous,"1 milligram, qw (once a week)",,"","","","",,"",1,MG,Unknown,/WK,
24544377,245443772,2,F,,20241015,20241024,20241125,EXP,"",US-BAYER-2024A148008,BAYER HEALTHCARE PHARMACEUTICALS INC.,"",,"","",F,Y,63.946,KG,20241125,"",MD,US,US,,,Glomerular filtration rate decreased,"",16,C,OZEMPIC,SEMAGLUTIDE,1,Subcutaneous,2 mg,,"","","","",,"",2,MG,"","",
24545102,245451021,1,I,20230715,20241014,20241024,20241024,EXP,"",US-NOVOPROD-1257897,NOVO NORDISK,"",58,YR,"",F,Y,,"",20241024,"",CN,US,US,245451021,HO,Dyspepsia,"",1,PS,OZEMPIC,SEMAGLUTIDE,1,Subcutaneous,"0.5 mg, qw",5.25,MG,N,"","",,209637,0.5,MG,Solution for injection,/WK,3
24545144,245451441,1,I,20241010,20241023,20241023,20241023,DIR,724188,"",FDA-CTU,"",33,WK,"",F,N,72,KG,20241023,N,CN,US,"",245451441,OT,Musculoskeletal chest pain,"",1,PS,WEGOVY,SEMAGLUTIDE,1,Other,OTHER ROUTE : Shot into muscle;?,,"",N,"","",,"",,"","","",7
24545147,245451471,1,I,20240710,20241023,20241023,20241023,DIR,724197,"",FDA-CTU,"",76,YR,"",F,N,57.15,KG,20241023,N,MD,US,"",245451471,OT,Autoimmune hepatitis,"",1,PS,OZEMPIC,SEMAGLUTIDE,1,"","",,"",Y,D,"",,"",,"","","",7
24545348,245453481,1,I,20231112,20241023,20241023,20241023,DIR,724230,"",FDA-CTU,"",62,YR,"",M,N,198,KG,20241023,N,CN,US,"",245453481,LT,Cardiac failure,"",1,PS,OZEMPIC,SEMAGLUTIDE,1,"","",,"",Y,Y,"",,"",,"","","",2
24545444,245454441,1,I,20240815,20241023,20241023,20241023,DIR,724277,"",FDA-CTU,"",62,YR,"",M,N,90,KG,20241023,N,CN,US,"",,,Sensitive skin,"",1,PS,WEGOVY,SEMAGLUTIDE,1,"","",,"",Y,Y,"",,"",,"","","",
24545564,245455641,1,I,20240901,20241014,20241024,20241024,EXP,"",US-NOVOPROD-1301371,NOVO NORDISK,"",73,YR,"",M,Y,,"",20241024,"",CN,US,US,245455641,HO,Sepsis,"",1,PS,OZEMPIC,SEMAGLUTIDE,1,Subcutaneous,0.25 mg,,"",U,"",NZF8K30,,209637,0.25,MG,Solution for injection,"",3
24545565,245455651,1,I,,20241014,20241024,20241024,EXP,"",US-NOVOPROD-1300878,NOVO NORDISK,"",52,YR,"","",Y,,"",20241024,"",CN,US,US,245455651,OT,Ileus,"",1,PS,OZEMPIC,SEMAGLUTIDE,1,Subcutaneous,UNK,,"",U,"","",,209637,,"",Solution for injection,"",7
24545566,245455661,1,I,20240930,20241014,20241024,20241024,EXP,"",US-NOVOPROD-1301407,NOVO NORDISK,"",,"","",F,Y,,"",20241024,"",CN,US,US,245455661,OT,Cataract operation,"",1,PS,OZEMPIC,SEMAGLUTIDE,1,Subcutaneous,0.5 mg,,"",U,"",PZF9L60,,209637,0.5,MG,Solution for injection,"",7
24545569,245455692,2,F,20231018,20241211,20241024,20241217,EXP,"",US-NOVOPROD-1299659,NOVO NORDISK,"",51,YR,"",M,Y,107.03,KG,20241218,"",CN,US,US,245455692,HO,Ileus,"",1,PS,OZEMPIC,SEMAGLUTIDE,1,Subcutaneous,"0.5 mg, qw",21.75,MG,Y,"","",,209637,0.5,MG,Solution for injection,/WK,3
24545931,245459311,1,I,,20241014,20241024,20241024,EXP,"",US-NOVOPROD-1302418,NOVO NORDISK,"",,"",A,M,Y,,"",20241024,"",CN,US,US,245459311,DE,Death,"",1,PS,WEGOVY,SEMAGLUTIDE,1,Subcutaneous,UNK,,"",D,"",pzfbl33,,215256,,"",Solution for injection,"",1
24545932,245459322,2,F,20240820,20241106,20241024,20241118,EXP,"",US-NOVOPROD-1301887,NOVO NORDISK,"",57,YR,"",F,Y,59.41,KG,20241118,"",MD,US,US,245459322,OT,Anaemia,"",1,PS,RYBELSUS,SEMAGLUTIDE,1,Oral,14 mg,,"",U,"","",,213051,,"",Tablet,"",7
24545934,245459341,1,I,,20241014,20241024,20241024,EXP,"",US-NOVOPROD-1301433,NOVO NORDISK,"",,"","",F,Y,,"",20241024,"",CN,US,US,245459341,OT,Arthralgia,"",1,PS,WEGOVY,SEMAGLUTIDE,1,Subcutaneous,"2.4 mg, qw",,"",U,"","",,215256,2.4,MG,Solution for injection,/WK,7
24545936,245459361,1,I,,20241014,20241024,20241024,EXP,"",US-NOVOPROD-1301508,NOVO NORDISK,"",,"","",M,Y,,"",20241024,"",CN,US,US,245459361,DE,Death,"",1,PS,OZEMPIC,SEMAGLUTIDE,1,Subcutaneous,UNK,,"",D,"","",,209637,,"",Solution for injection,"",1
24545937,245459371,1,I,,20241014,20241024,20241024,EXP,"",US-NOVOPROD-1302197,NOVO NORDISK,"",68,YR,"",F,Y,,"",20241024,"",CN,US,US,245459371,HO,Abdominal distension,"",1,SS,OZEMPIC,SEMAGLUTIDE,1,Subcutaneous,"0.25 mg, qw",,"",U,"","",,"",0.25,MG,Solution for injection,/WK,3
24545941,245459411,1,I,20241010,20241010,20241024,20241024,EXP,"",US-SA-2024SA305487,SANOFI AVENTIS,"",52,YR,A,F,Y,,"",20241024,"",PH,US,US,245459411,OT,Pneumonia,"",20,C,OZEMPIC,SEMAGLUTIDE,1,"","",,"",U,"","",,"",,"","","",7
24546183,245461832,2,F,,20241101,20241024,20241106,PER,"",US-BRISTOL-MYERS SQUIBB COMPANY-2024-167627,BRISTOL-MYERS SQUIBB COMPANY,"",48,YR,A,M,Y,,"",20241107,"",HP,US,US,,,Product use issue,"",4,C,OZEMPIC,SEMAGLUTIDE,1,"","",,"",U,"","",,"",,"","","",
24546418,245464181,1,I,20240101,20241021,20241024,20241024,PER,"",US-ALKERMES INC.-ALK-2024-002702,ALKERMES,"",,"","",F,Y,,"",20241024,"",HP,US,US,245464181,OT,Blood glucose increased,"",2,C,OZEMPIC,SEMAGLUTIDE,1,Unknown,UNK,,"","","","",,"",,"","","",7
24546759,245467591,1,I,20231001,20241014,20241024,20241024,EXP,"",US-NOVOPROD-1254541,NOVO NORDISK,"",46,YR,"",F,Y,,"",20241025,"",CN,US,US,245467591,HO,Diarrhoea,"",1,PS,OZEMPIC,SEMAGLUTIDE,1,Subcutaneous,"2 mg, qw",19.976,MG,U,"","",,209637,2,MG,Solution for injection,/WK,3
24546761,245467611,1,I,20220301,20241014,20241024,20241024,EXP,"",US-NOVOPROD-1247255,NOVO NORDISK,"",41,YR,"",F,Y,,"",20241025,"",CN,US,US,245467611,HO,Dehydration,"",1,PS,WEGOVY,SEMAGLUTIDE,1,Subcutaneous,"1.7 mg, qw",2.7,MG,N,"","",,215256,1.7,MG,Solution for injection,/WK,3
24546817,245468171,1,I,20240930,20241015,20241024,20241024,EXP,"",US-NOVOPROD-1301482,NOVO NORDISK,"",80,YR,"",F,Y,,"",20241025,"",CN,US,US,245468171,HO,Hospitalisation,"",1,PS,OZEMPIC,SEMAGLUTIDE,1,Subcutaneous,0.5 mg,,"",U,"",PZF9L60,,209637,0.5,MG,Solution for injection,"",3
24546819,245468192,2,F,,20241024,20241024,20241031,EXP,"",US-NOVOPROD-1301477,NOVO NORDISK,"",68,YR,"",M,Y,,"",20241031,"",MD,US,US,245468192,OT,Thyroid mass,"",1,PS,OZEMPIC,SEMAGLUTIDE,1,"","",,"",N,"","",,209637,,"",Solution for injection,"",7
24546845,245468451,1,I,,20241015,20241024,20241024,EXP,"",US-NOVOPROD-1301597,NOVO NORDISK,"",52,YR,"","",Y,,"",20241025,"",CN,US,US,245468451,OT,Obstructive pancreatitis,"",1,PS,OZEMPIC,SEMAGLUTIDE,1,Subcutaneous,UNK,,"",U,"","",,209637,,"",Solution for injection,"",7
24546856,245468561,1,I,20240319,20241015,20241024,20241024,EXP,"",US-NOVOPROD-1301756,NOVO NORDISK,"",,"","",F,Y,,"",20241025,"",CN,US,US,245468561,HO,Cerebral haemorrhage,"",1,PS,OZEMPIC,SEMAGLUTIDE,1,Subcutaneous,"2 mg, qw",,"",U,"",PAR0644,,209637,2,MG,Solution for injection,/WK,3
24546857,245468571,1,I,20211001,20241015,20241024,20241024,EXP,"",US-NOVOPROD-1302433,NOVO NORDISK,"",58,YR,"",M,Y,86.168,KG,20241025,"",CN,US,US,245468571,OT,Atrioventricular block,"",1,PS,OZEMPIC,SEMAGLUTIDE,1,Subcutaneous,1 mg,,"",Y,"","",,209637,1,MG,Solution for injection,"",7
24546858,245468581,1,I,,20241015,20241024,20241024,EXP,"",US-NOVOPROD-1302552,NOVO NORDISK,"",,"",A,F,Y,,"",20241025,"",HP,US,US,245468581,HO,Suicide attempt,"",1,PS,OZEMPIC,SEMAGLUTIDE,1,Subcutaneous,UNK,,"",Y,"","",,209637,,"",Solution for injection,"",3
24546862,245468621,1,I,,20241015,20241024,20241024,EXP,"",US-NOVOPROD-1301600,NOVO NORDISK,"",76,YR,"",F,Y,,"",20241025,"",CN,US,US,245468621,OT,Nephrolithiasis,"",1,PS,OZEMPIC,SEMAGLUTIDE,1,Subcutaneous,2 mg,,"",U,"","",,209637,2,MG,Solution for injection,"",7
24546898,245468981,1,I,20240101,20241016,20241024,20241024,EXP,"",US-NOVOPROD-1301662,NOVO NORDISK,"",48,YR,"",F,Y,,"",20241025,"",CN,US,US,245468981,HO,Procedural pain,"",1,PS,OZEMPIC,SEMAGLUTIDE,1,Subcutaneous,"2 mg, qw",,"",U,"",NAR0228,,209637,2,MG,Solution for injection,/WK,3
24546899,245468991,1,I,20240901,20241016,20241024,20241024,EXP,"",US-NOVOPROD-1301635,NOVO NORDISK,"",70,YR,"",F,Y,,"",20241025,"",CN,US,US,245468991,OT,Surgery,"",1,PS,OZEMPIC,SEMAGLUTIDE,1,Subcutaneous,"0.5 mg, qw",,"",N,"",PZF9L60,,209637,0.5,MG,Solution for injection,/WK,7
24546909,245469091,1,I,,20241016,20241024,20241024,EXP,"",US-NOVOPROD-1301960,NOVO NORDISK,"",,"","",F,Y,,"",20241025,"",CN,US,US,245469091,HO,Product administration error,"",1,PS,OZEMPIC,SEMAGLUTIDE,1,Subcutaneous,UNK,,"",U,"","",,209637,,"",Solution for injection,"",3
24546912,245469121,1,I,,20241016,20241024,20241024,EXP,"",US-NOVOPROD-1301808,NOVO NORDISK,"",,"","",M,Y,,"",20241025,"",MD,US,US,245469121,OT,Tachycardia,"",1,PS,OZEMPIC,SEMAGLUTIDE,1,Subcutaneous,0.5 mg,,"",Y,"","",,209637,0.5,MG,Solution for injection,"",7
24546942,245469421,1,I,,20241017,20241025,20241025,EXP,"",US-NOVOPROD-1302293,NOVO NORDISK,"",,"",A,F,Y,,"",20241025,"",CN,US,US,245469421,OT,Product use in unapproved indication,"",1,PS,OZEMPIC,SEMAGLUTIDE,1,Subcutaneous,UNK,,"",U,"","",,209637,,"",Solution for injection,"",7
24546944,245469441,1,I,,20241017,20241025,20241025,EXP,"",US-NOVOPROD-1303441,NOVO NORDISK,"",,"","",F,Y,,"",20241025,"",CN,US,US,245469441,OT,Weight decreased,"",1,PS,OZEMPIC,SEMAGLUTIDE,1,Subcutaneous,0.25 mg,,"",U,"","",,209637,0.25,MG,Solution for injection,"",7
24546951,245469511,1,I,,20241017,20241025,20241025,EXP,"",US-NOVOPROD-1302832,NOVO NORDISK,"",,"","",M,Y,,"",20241025,"",CN,US,US,245469511,OT,Surgery,"",1,PS,OZEMPIC,SEMAGLUTIDE,1,Subcutaneous,"1 mg, qw",,"",N,"","",,209637,1,MG,Solution for injection,/WK,7
24547392,245473921,1,I,20241001,20241023,20241025,20241025,PER,"",US-BRISTOL-MYERS SQUIBB COMPANY-2024-167440,BRISTOL-MYERS SQUIBB COMPANY,"",62,YR,A,F,Y,,"",20241025,"",PH,US,US,,,White blood cell count decreased,"",7,C,OZEMPIC,SEMAGLUTIDE,1,"",0.25 OR 0.5MG/DOS1X2MG 3M,,"",U,"","",,"",,"","","",
24547747,245477471,1,I,20240501,20241018,20241025,20241025,EXP,"",US-ROCHE-10000113642,ROCHE,"",59,YR,A,F,Y,,"",20241025,"",MD,US,US,245477471,OT,Blood immunoglobulin M decreased,"",7,C,WEGOVY,SEMAGLUTIDE,1,"","",,"","","","",,"",,"","","",7
24549198,245491981,1,I,20241021,20241024,20241024,20241024,DIR,724415,"",FDA-CTU,"",62,YR,"",F,N,83.25,KG,20241024,N,CN,US,"",245491981,OT,Secretion discharge,"",9,C,OZEMPIC,SEMAGLUTIDE,1,"","",,"","","","",,"",,"","","",7
24549255,245492551,1,I,,20241023,20241025,20241025,EXP,"",US-ELI_LILLY_AND_COMPANY-US202410016595,ELI LILLY AND COMPANY,"",42,YR,A,"",Y,,"",20241025,"",LW,US,US,245492551,HO,Intestinal obstruction,"",2,SS,OZEMPIC,SEMAGLUTIDE,1,Unknown,"UNK UNK, unknown",,"",U,"","",,"",,"","","",3
24549767,245497671,1,I,20240923,20241024,20241024,20241024,DIR,724429,"",FDA-CTU,"",48,YR,"",F,N,79.7,KG,20241024,N,PH,US,"",245497671,LT,Cerebrovascular accident,"",1,PS,OZEMPIC,SEMAGLUTIDE,1,"","",,"",D,D,"",,"",,"","","",2
24549769,245497691,1,I,20241019,20241024,20241024,20241024,DIR,724402,"",FDA-CTU,"",38,YR,"",M,N,136.35,KG,20241024,N,MD,US,"",245497691,HO,Small intestinal obstruction,"",1,PS,OZEMPIC,SEMAGLUTIDE,1,Subcutaneous,OTHER FREQUENCY : weekly;?,,"",Y,D,"",,"",0.5,MG,"",999,3
24549905,245499051,1,I,20240814,20241024,20241024,20241024,DIR,724355,"",FDA-CTU,"",46,YR,"",F,N,67.5,KG,20241024,N,CN,US,"",245499051,DS,Flatulence,"",1,PS,CYANOCOBALAMIN\SEMAGLUTIDE,CYANOCOBALAMIN\SEMAGLUTIDE,1,Subcutaneous,OTHER QUANTITY : 1 Injection(s);?OTHER FREQUENCY : Weekly;?,,"",N,D,"",20240930,99,,"","",999,4
24549906,245499061,1,I,20240630,20241024,20241024,20241024,DIR,724358,"",FDA-CTU,"",46,YR,"",F,N,112.5,KG,20241024,N,CN,US,"",245499061,DS,Vision blurred,"",1,PS,CYANOCOBALAMIN\SEMAGLUTIDE,CYANOCOBALAMIN\SEMAGLUTIDE,1,Subcutaneous,OTHER QUANTITY : 1 Injection(s);?OTHER FREQUENCY : Weekly;?,,"",Y,D,"",20240731,99,,"","",999,4
24549991,245499911,1,I,20241006,20241024,20241024,20241024,DIR,724450,"",FDA-CTU,"",68,YR,"",F,N,68.4,KG,20241024,N,CN,US,"",245499911,RI,Eructation,"",1,PS,OZEMPIC,SEMAGLUTIDE,1,"","",,"",Y,D,"",,"",,"","","",6
24550316,245503162,2,F,,20241022,20241025,20241030,PER,"",US-SMPA-2024SPA002186,SUNOVION,"",,"","","",Y,,"",20241030,"",CN,US,US,245503162,HO,Inappropriate schedule of product administration,"",3,C,OZEMPIC,SEMAGLUTIDE,1,"","",,"","","","",,"",,"","","",3
24550328,245503282,2,F,,20241105,20241025,20241112,PER,"",US-SMPA-2024SPA004190,SUNOVION,"",,"","","",Y,,"",20241112,"",CN,US,US,,,Fatigue,"",14,C,OZEMPIC,SEMAGLUTIDE,1,Unknown,UNK,,"","","","",,"",,"","","",
24550890,245508903,3,F,,20241129,20241025,20241129,EXP,"",US-ALXN-202406USA000869US,ALEXION PHARMACEUTICALS,"",,"",E,"",Y,,"",20241129,"","",US,US,245508903,OT,Urinary incontinence,"",2,SS,WEGOVY,SEMAGLUTIDE,1,"",UNK,,"",N,U,"",,"",,"","","",7
24550974,245509741,1,I,,20241013,20241025,20241025,EXP,"",US-NOVOPROD-1302983,NOVO NORDISK,Daron B. Harrison et al.. Brown Adipose Tissue Mimicking Head and Neck Cancer on PET Scan in a Patient on GLP-1 Drug. The Laryngoscope. 2024;1-3,61,YR,"",F,Y,,"",20241025,"",MD,US,US,245509741,OT,Positron emission tomogram abnormal,"",1,PS,WEGOVY,SEMAGLUTIDE,1,Subcutaneous,2.4 mg,,"","","","",,215256,2.4,MG,Solution for injection,/WK,7
24551535,245515351,1,I,20240101,20241021,20241026,20241026,PER,"",US-UNITED THERAPEUTICS-UNT-2024-033592,UNITED THERAPEUTICS,"",,"","",M,Y,62.132,KG,20241026,"","",US,US,,,Infusion site pain,"",3,C,OZEMPIC,SEMAGLUTIDE,1,"","",,"","","","",,"",,"","","",
24551613,245516132,2,F,20241001,20241112,20241026,20241118,EXP,"",US-ABBVIE-5975576,ABBVIE,"",68,YR,"",M,Y,94,KG,20241118,"",CN,US,US,245516132,OT,Ear infection,"",6,C,OZEMPIC,SEMAGLUTIDE,1,"","",,"","","","",,"",,"","","",7
24551726,245517262,2,F,20241014,20241114,20241026,20241124,PER,"",US-GSK-US2024AMR127150,GLAXOSMITHKLINE,"",66,YR,"",F,Y,106,KG,20241124,"",CN,US,US,,,Insomnia,"",3,C,WEGOVY,SEMAGLUTIDE,1,"",2.4MG/0.75 PEN INJCTR,,"",U,"","",,"",,"","","",
24551786,245517863,3,F,20240101,20241120,20241026,20241125,EXP,"",US-ABBVIE-5976122,ABBVIE,"",59,YR,"",F,Y,81.192,KG,20241125,"",CN,US,US,245517863,OT,Pain in extremity,"",3,C,WEGOVY,SEMAGLUTIDE,1,"","",,"","","","",,"",,"","","",7
24552013,245520133,3,F,20240101,20241031,20241026,20241109,PER,"",US-UNITED THERAPEUTICS-UNT-2024-032475,UNITED THERAPEUTICS,"",,"","",F,Y,89.796,KG,20241109,"","",US,US,245520133,OT,Gingival bleeding,"",6,C,RYBELSUS,SEMAGLUTIDE,1,"",UNK,,"","","","",,"",,"","","",7
24552022,245520222,2,F,20241001,20241024,20241026,20241030,PER,"",US-UNITED THERAPEUTICS-UNT-2024-033448,UNITED THERAPEUTICS,"",78,YR,"",M,Y,81.633,KG,20241030,"","",US,US,,,Dyspnoea,"",13,C,OZEMPIC,SEMAGLUTIDE,1,"",UNK,,"","","","",,"",,"","","",
24552254,245522541,1,I,20241022,20241024,20241026,20241026,PER,"",US-ELI_LILLY_AND_COMPANY-US202410017809,ELI LILLY AND COMPANY,"",70,YR,E,M,Y,,"",20241026,"",CN,US,US,,,Blood glucose increased,"",3,C,OZEMPIC,SEMAGLUTIDE,1,"","",,"","","","",,"",,"","","",
24552595,245525952,2,F,20220101,20241115,20241026,20241122,PER,"",US-AMGEN-USASP2024208253,AMGEN,"",47,YR,A,M,Y,142.86,KG,20241122,"",LW,US,US,245525952,OT,Fatigue,"",17,C,OZEMPIC,SEMAGLUTIDE,1,"","UNK UNK, qwk 0.25 mg or 0.5 mg (2 mg/3 ml) pen injector Inject ONE QUARTER mg into the skin every 7",,"","","","",,"",,"","",/WK,7
24552642,245526421,1,I,,20241024,20241026,20241026,PER,"",US-ELI_LILLY_AND_COMPANY-US202410017581,ELI LILLY AND COMPANY,"",75,YR,E,"",Y,,"",20241026,"",LW,US,US,245526421,OT,Impaired gastric emptying,"",2,SS,OZEMPIC,SEMAGLUTIDE,1,Unknown,"UNK UNK, unknown",,"","","","",,"",,"","","",7
24553303,245533031,1,I,,20241014,20241028,20241028,EXP,"",US-SMPA-2024MYSCI0100796,SUNOVION,"",,"","","",Y,,"",20241028,"",CN,US,US,245533031,OT,Diabetes mellitus,"",3,C,SEMAGLUTIDE,SEMAGLUTIDE,1,Unknown,"",,"","","","",,"",,"","","",7
24553552,245535521,1,I,,20240209,20241028,20241028,PER,"",US-ROCHE-3508714,ROCHE,"",15,YR,T,M,Y,,"",20241028,"",HP,US,US,,,No adverse event,"",3,C,WEGOVY,SEMAGLUTIDE,1,"","",,"","","","",,"",,"","","",
24553988,245539881,1,I,,20241024,20241028,20241028,PER,"",US-ELI_LILLY_AND_COMPANY-US202410016016,ELI LILLY AND COMPANY,"",62,YR,A,M,Y,,"",20241028,"",CN,US,US,,,Blood glucose increased,"",6,C,OZEMPIC,SEMAGLUTIDE,1,"","",,"","","","",,"",,"","","",
24554466,245544661,1,I,20241022,20241024,20241028,20241028,PER,"",US-ELI_LILLY_AND_COMPANY-US202410017843,ELI LILLY AND COMPANY,"",54,YR,A,F,Y,,"",20241028,"",CN,US,US,,,Feeling abnormal,"",8,C,OZEMPIC,SEMAGLUTIDE,1,"","",,"","","","",,"",,"","","",
24554540,245545402,2,F,20240101,20241105,20241028,20241113,EXP,"",US-ABBVIE-5976605,ABBVIE,"",50,YR,"",F,Y,,"",20241113,"",CN,US,US,245545402,DS,Blindness,"",4,C,OZEMPIC,SEMAGLUTIDE,1,"","",,"","","","",,"",,"","","",4
24554765,245547651,1,I,,20241023,20241028,20241028,PER,"",US-ELI_LILLY_AND_COMPANY-US202410016951,ELI LILLY AND COMPANY,"",58,YR,A,"",Y,,"",20241028,"",LW,US,US,245547651,OT,Abdominal pain,"",2,SS,OZEMPIC,SEMAGLUTIDE,1,Unknown,"UNK UNK, unknown",,"",U,"","",,"",,"","","",7
24555408,245554081,1,I,20230101,20241015,20241028,20241028,EXP,"",US-ELI_LILLY_AND_COMPANY-US202410010585,ELI LILLY AND COMPANY,"",68,YR,E,F,Y,,"",20241028,"",CN,US,US,245554081,HO,Inappropriate schedule of product administration,"",6,C,OZEMPIC,SEMAGLUTIDE,1,"","",,"","","","",,"",,"","","",3
24555519,245555191,1,I,,20241018,20241028,20241028,EXP,"",US-TEVA-VS-3257971,TEVA,"",68,YR,"",F,Y,,"",20241028,"",CN,US,US,245555191,OT,Asthenia,"",12,C,OZEMPIC,SEMAGLUTIDE,1,"",1 M SOP 4 mg/ 3ml,,"","","","",,"",,"","","",7
24555661,245556611,1,I,20220701,20241014,20241028,20241028,EXP,"",US-NOVOPROD-1248009,NOVO NORDISK,"",54,YR,"",F,Y,105.67,KG,20241028,"",CN,US,US,245556611,HO,Decreased appetite,"",1,PS,OZEMPIC,SEMAGLUTIDE,1,Subcutaneous,"0.25 mg, qw",26.717,MG,N,"","",,209637,0.25,MG,Solution for injection,/WK,3
24555754,245557541,1,I,,20241024,20241028,20241028,PER,"",US-ELI_LILLY_AND_COMPANY-US202410017561,ELI LILLY AND COMPANY,"",55,YR,A,"",Y,,"",20241028,"",LW,US,US,245557541,OT,Vomiting,"",2,SS,WEGOVY,SEMAGLUTIDE,1,Unknown,"UNK UNK, unknown",,"",U,"","",,"",,"","","",7
24555779,245557791,1,I,,20241015,20241028,20241028,EXP,"",US-NOVOPROD-1302170,NOVO NORDISK,"",,"","",F,Y,,"",20241028,"",CN,US,US,245557791,HO,Intestinal obstruction,"",1,PS,OZEMPIC,SEMAGLUTIDE,1,Subcutaneous,UNK,,"",U,"","",,209637,,"",Solution for injection,"",3
24555781,245557811,1,I,,20241015,20241028,20241028,EXP,"",US-NOVOPROD-1301661,NOVO NORDISK,"",,"","",F,Y,,"",20241028,"",CN,US,US,245557811,DS,Disability,"",1,SS,SEMAGLUTIDE,SEMAGLUTIDE,1,Subcutaneous,UNK,,"",U,"","",,"",,"","","",4
24555782,245557821,1,I,20240401,20241015,20241028,20241028,EXP,"",US-NOVOPROD-1302475,NOVO NORDISK,"",,"","",M,Y,,"",20241028,"",CN,US,US,245557821,OT,Bone graft,"",1,PS,OZEMPIC,SEMAGLUTIDE,1,Subcutaneous,Unk,,"",U,"","",,209637,,"",Solution for injection,"",7
24556127,245561271,1,I,20240101,20241016,20241028,20241028,EXP,"",US-NOVOPROD-1302588,NOVO NORDISK,"",70,YR,"",M,Y,,"",20241028,"",CN,US,US,245561271,HO,Off label use,"",1,PS,WEGOVY,SEMAGLUTIDE,1,Subcutaneous,UNK,,"",Y,"","",,215256,,"",Solution for injection,"",3
24556128,245561282,2,F,20241001,20241025,20241028,20241106,EXP,"",US-NOVOPROD-1302722,NOVO NORDISK,"",,"","",M,Y,,"",20241106,"",HP,US,US,245561282,OT,Condition aggravated,"",1,PS,OZEMPIC,SEMAGLUTIDE,1,Subcutaneous,0.25 mg,,"","","","",,209637,,"",Solution for injection,"",7
24556130,245561301,1,I,,20241016,20241028,20241028,EXP,"",US-NOVOPROD-1302076,NOVO NORDISK,"",,"","",F,Y,,"",20241028,"",CN,US,US,245561301,HO,Intensive care,"",1,PS,OZEMPIC,SEMAGLUTIDE,1,Subcutaneous,UNK,,"",U,"","",,209637,,"",Solution for injection,"",3
24556418,245564181,1,I,20230401,20241017,20241028,20241028,EXP,"",US-NOVOPROD-1301606,NOVO NORDISK,"",78,YR,"",M,Y,,"",20241028,"",CN,US,US,245564181,HO,Injection site urticaria,"",1,PS,OZEMPIC,SEMAGLUTIDE,1,Subcutaneous,UNK,,"",U,"","",,209637,,"",Solution for injection,"",3
24556419,245564192,2,F,20240108,20241121,20241028,20241204,EXP,"",US-NOVOPROD-1302624,NOVO NORDISK,"",16,YR,"",F,Y,102,KG,20241204,"",MD,US,US,245564192,OT,Pain,"",1,PS,OZEMPIC,SEMAGLUTIDE,1,Subcutaneous,1 mg,,"",D,"","",,209637,1,MG,Solution for injection,"",7
24556420,245564201,1,I,,20241017,20241028,20241028,EXP,"",US-NOVOPROD-1302239,NOVO NORDISK,"",,"","","",Y,,"",20241028,"",CN,US,US,245564201,OT,Blindness,"",1,PS,RYBELSUS,SEMAGLUTIDE,1,Oral,UNK,,"",U,"","",,213051,,"",Tablet,"",7
24556424,245564241,1,I,20240823,20241017,20241028,20241028,EXP,"",US-NOVOPROD-1302756,NOVO NORDISK,"",61,YR,"","",Y,,"",20241028,"",CN,US,US,245564241,HO,Blood glucose fluctuation,"",1,PS,OZEMPIC,SEMAGLUTIDE,1,Subcutaneous,"0.5 mg, qw",,"",Y,"","",,209637,0.5,MG,Solution for injection,/WK,3
24556508,245565081,1,I,20240916,20241027,20241027,20241027,DIR,724684,"",FDA-CTU,"",65,YR,"",F,N,63,KG,20241027,N,CN,US,"",245565081,OT,Vomiting,"",1,PS,WEGOVY,SEMAGLUTIDE,1,Other,OTHER QUANTITY : 1 Injection(s);?OTHER FREQUENCY : Once a week;?OTHER ROUTE : injected into thigh;?,,"",Y,D,PZFAB33,20241212,99,,"","",999,7
24556853,245568531,1,I,,20241028,20241028,20241028,DIR,724726,"",FDA-CTU,"",,"","",F,N,99.9,KG,20241028,"",CN,US,"",,,Visual impairment,"",2,C,OZEMPIC,SEMAGLUTIDE,1,"","",,"","","","",,"",,"","","",
24557276,245572762,2,F,20241001,20241112,20241028,20241127,EXP,"","US-BELCHER PHARMACEUTICALS, LLC-2024US003734",PAREXEL,"",,"","","",Y,,"",20241122,"",HP,US,US,245572762,OT,Sleep disorder,"",1,PS,SEMAGLUTIDE,SEMAGLUTIDE,1,Unknown,UNK,,"","",U,Unknown,,"",,"",Injection,"",7
24557510,245575101,1,I,,20241018,20241028,20241028,EXP,"",US-NOVOPROD-1303160,NOVO NORDISK,"",,"","",M,Y,,"",20241028,"",CN,US,US,245575101,OT,Oesophageal stenosis,"",1,PS,OZEMPIC,SEMAGLUTIDE,1,"","",,"","","","",,209637,,"",Solution for injection,"",7
24557511,245575111,1,I,,20241017,20241028,20241028,EXP,"",US-NOVOPROD-1303114,NOVO NORDISK,"",,"","",F,Y,,"",20241028,"",HP,US,US,245575111,OT,Suicidal ideation,"",1,PS,RYBELSUS,SEMAGLUTIDE,1,Oral,UNK,,"",Y,"","",,213051,,"",Tablet,"",7
24557512,245575121,1,I,20240101,20241017,20241028,20241028,EXP,"",US-NOVOPROD-1303164,NOVO NORDISK,"",80,YR,"",F,Y,,"",20241028,"",CN,US,US,245575121,OT,Blood glucose decreased,"",1,PS,OZEMPIC,SEMAGLUTIDE,1,Subcutaneous,"2 mg, qw",,"",U,"","",,209637,2,MG,Solution for injection,/WK,7
24557513,245575131,1,I,,20241017,20241028,20241028,EXP,"",US-NOVOPROD-1303407,NOVO NORDISK,"",,"",A,F,Y,,"",20241028,"",MD,US,US,245575131,OT,Optic ischaemic neuropathy,"",1,PS,WEGOVY,SEMAGLUTIDE,1,Subcutaneous,UNK,,"","","","",,215256,,"",Solution for injection,"",7
24557515,245575151,1,I,,20241017,20241028,20241028,EXP,"",US-NOVOPROD-1302985,NOVO NORDISK,"",,"",A,M,Y,,"",20241028,"",CN,US,US,245575151,DE,Prescription drug used without a prescription,"",1,PS,OZEMPIC,SEMAGLUTIDE,1,Subcutaneous,UNK,,"",U,"","",,209637,,"",Solution for injection,"",1
24557516,245575163,3,F,20221006,20241217,20241028,20241230,EXP,"",US-NOVOPROD-1303110,NOVO NORDISK,"",47,YR,"",F,Y,246,KG,20241231,"",HP,US,US,245575163,OT,Condition aggravated,"",1,PS,WEGOVY,SEMAGLUTIDE,1,Subcutaneous,0.25 mg,,"","","","",,215256,0.25,MG,Solution for injection,"",7
24557527,245575271,1,I,20240918,20241018,20241028,20241028,EXP,"",US-NOVOPROD-1303706,NOVO NORDISK,"",75,YR,"",F,Y,,"",20241028,"",CN,US,US,245575271,OT,Rotator cuff repair,"",1,PS,OZEMPIC,SEMAGLUTIDE,1,Subcutaneous,0.5mg,,"",Y,"","",,209637,0.5,MG,Solution for injection,"",7
24557528,245575281,1,I,,20241018,20241028,20241028,EXP,"",US-NOVOPROD-1303520,NOVO NORDISK,"",,"","",F,Y,,"",20241028,"",CN,US,US,245575281,OT,Cancer surgery,"",1,PS,OZEMPIC,SEMAGLUTIDE,1,Subcutaneous,UNK,,"",N,"","",,209637,,"",Solution for injection,"",7
24557561,245575613,3,F,20240701,20241210,20241028,20241216,EXP,"",US-SA-2024SA307192,SANOFI AVENTIS,"",62,YR,A,F,Y,97.73,KG,20241216,"",MD,US,US,245575613,HO,Multiple organ dysfunction syndrome,"",6,C,OZEMPIC,SEMAGLUTIDE,1,"",UNK,,"",U,"","",,"",,"","","",3
24557903,245579031,1,I,20240507,20241016,20241028,20241028,EXP,"",US-NOVOPROD-1257332,NOVO NORDISK,"",23,YR,"",F,Y,102.04,KG,20241028,"",MD,US,US,245579031,OT,Dehydration,"",1,PS,WEGOVY,SEMAGLUTIDE,1,Subcutaneous,0.25mg,0.5,MG,Y,"","",,215256,0.25,MG,Solution for injection,"",7
24557999,245579992,2,F,20240915,20241030,20241028,20241111,EXP,"",US-NOVOPROD-1303916,NOVO NORDISK,"",,"","",F,Y,,"",20241112,"",CN,US,US,245579992,OT,Gastrointestinal motility disorder,"",1,PS,OZEMPIC,SEMAGLUTIDE,1,Subcutaneous,2 mg qw,,"",Y,"","",,209637,2,MG,Solution for injection,/WK,7
24558002,245580021,1,I,,20241018,20241028,20241028,EXP,"",US-NOVOPROD-1304295,NOVO NORDISK,"",,"",A,F,Y,,"",20241028,"",CN,US,US,245580021,OT,Deafness,"",1,PS,OZEMPIC,SEMAGLUTIDE,1,Subcutaneous,UNK,,"",U,"","",,209637,,"",Solution for injection,"",7
24558266,245582661,1,I,,20241024,20241029,20241029,PER,"",US-ELI_LILLY_AND_COMPANY-US202410017597,ELI LILLY AND COMPANY,"",39,YR,A,"",Y,,"",20241028,"",LW,US,US,245582661,OT,Abdominal pain,"",2,SS,OZEMPIC,SEMAGLUTIDE,1,Unknown,"UNK UNK, unknown",,"","","","",,"",,"","","",7
24558610,245586101,1,I,20241019,20241021,20241029,20241029,EXP,"",US-UCBSA-2024054728,UCB,"",56,YR,"",F,Y,,"",20241029,"",CN,US,US,245586101,OT,Lung disorder,"",2,C,WEGOVY,SEMAGLUTIDE,1,"","",,"","","","",,"",,"","","",7
24558981,245589811,1,I,20240101,20241022,20241029,20241029,PER,"",US-UNITED THERAPEUTICS-UNT-2024-034011,UNITED THERAPEUTICS,"",,"","",M,Y,98.413,KG,20241029,"","",US,US,,,Mite allergy,"",4,C,OZEMPIC,SEMAGLUTIDE,1,"",UNK,,"","","","",,"",,"","","",
24559128,245591282,2,F,20230101,20241101,20241029,20241111,EXP,"",US-UCBSA-2024054970,UCB,"",,"","",F,Y,,"",20241112,"",HP,US,US,245591282,OT,Arthralgia,"",3,C,OZEMPIC,SEMAGLUTIDE,1,"",2MG/0.75ML PEN INJCTR,,"",U,"","",,"",,"",Solution for injection in pre-filled pen,"",7
24560300,245603002,2,F,20240913,20241108,20241029,20241118,EXP,"",US-LANTHEUS-LMI-2024-01372,LANTHEUS MEDICAL IMAGING,"",57,YR,"",F,Y,,"",20241118,"",CN,US,US,245603002,HO,Loss of consciousness,"",8,C,WEGOVY,SEMAGLUTIDE,1,Subcutaneous,UNK; pen injector,,"","","","",,"",,"",Injection,"",3
24560789,245607892,2,F,20220701,20241014,20241029,20241120,EXP,"",US-NOVOPROD-1256030,NOVO NORDISK,"",38,YR,"",F,Y,,"",20241028,"",CN,US,US,245607892,HO,Constipation,"",1,PS,OZEMPIC,SEMAGLUTIDE,1,Subcutaneous,"1 mg, qw",42,MG,U,"","",,209637,1,MG,Solution for injection,/WK,3
24561061,245610611,1,I,20240326,20241028,20241028,20241028,DIR,724818,"",FDA-CTU,"",63,YR,"",M,N,,"",20241028,N,PH,US,"",245610611,HO,Gastric perforation,"",1,PS,SEMAGLUTIDE,SEMAGLUTIDE,1,Subcutaneous,OTHER FREQUENCY : QWEEK;?,,"",Y,D,"",,"",1,MG,"",999,3
24561159,245611591,1,I,20241011,20241028,20241028,20241028,DIR,724789,"",FDA-CTU,"",68,YR,"",F,N,76.5,KG,20241028,N,CN,US,"",245611591,HO,Biliary colic,"",1,PS,OZEMPIC,SEMAGLUTIDE,1,Subcutaneous,OTHER FREQUENCY : once weekly;?,,"",N,D,00301694130135,20270430,99,,"","",999,3
24561511,245615111,1,I,20040912,20241029,20241029,20241029,DIR,724920,"",FDA-CTU,"",42,YR,"",F,N,98.55,KG,20241029,N,CN,US,"",245615111,RI,Dehydration,"",1,PS,WEGOVY,SEMAGLUTIDE,1,Intramuscular,OTHER QUANTITY : 1 Injection(s);?OTHER FREQUENCY : Weekly;?,,"",N,N,PZFCD71,20251130,"",,"",Injection,999,6
24561685,245616851,1,I,20241024,20241024,20241029,20241029,PER,"",US-BRISTOL-MYERS SQUIBB COMPANY-2024-169979,BRISTOL-MYERS SQUIBB COMPANY,"",77,YR,E,F,Y,82,KG,20241029,"",CN,US,US,,,Therapy interrupted,"",17,C,OZEMPIC,SEMAGLUTIDE,1,"","",,"",U,"","",,"",,"","","",
24561881,245618812,2,F,20240101,20241028,20241029,20241106,EXP,"",US-NOVOPROD-1245393,NOVO NORDISK,"",64,YR,"",M,Y,,"",20241106,"",MD,US,US,245618812,HO,Blood glucose increased,"",1,PS,OZEMPIC,SEMAGLUTIDE,1,Subcutaneous,"0.25 mg, qd",,"",Y,"","",,209637,0.25,MG,Solution for injection,QD,3
24561919,245619191,1,I,20240101,20241004,20241029,20241029,EXP,"",US-SA-2024SA305568,SANOFI AVENTIS,"",74,YR,E,F,Y,,"",20241029,"",CN,US,US,245619191,HO,Tremor,"",5,SS,OZEMPIC,SEMAGLUTIDE,1,"",UNK,,"",U,"","",,"",,"","","",3
24562039,245620391,1,I,20240701,20241024,20241029,20241029,EXP,"",US-SA-2024SA312530,SANOFI AVENTIS,"",81,YR,E,F,Y,100,KG,20241029,"",MD,US,US,245620391,HO,Pneumonia,"",8,C,OZEMPIC,SEMAGLUTIDE,1,"","",,"",U,"","",,"",,"","","",3
24562314,245623141,1,I,20241018,20241028,20241028,20241028,DIR,FDA-CDER-CTU-2024-74874,"",FDA-CTU,"",62,YR,"",M,N,141.1,KG,20241028,N,PH,US,"",245623141,HO,Vomiting,"",1,PS,SEMAGLUTIDE,SEMAGLUTIDE,1,Intramuscular,Frequency : Weekly;?,,"",Y,D,"",,"",2,MG,"",QW,3
24562429,245624293,3,F,,20241205,20241029,20241230,PER,"",US-SMPA-2024SPA004239,SUNOVION,"",,"","","",Y,,"",20241230,"",CN,US,US,,,Diarrhoea,"",7,C,OZEMPIC,SEMAGLUTIDE,1,Unknown,UNK,,"","","","",,"",,"","","",
24562454,245624541,1,I,20241001,20241021,20241029,20241029,PER,"",US-SMPA-2024SPA004285,SUNOVION,"",,"","","",Y,,"",20241029,"",CN,US,US,,,Hypertension,"",6,C,OZEMPIC,SEMAGLUTIDE,1,Unknown,0.25 0r 0.5 mg/dose,,"","","","",,"",,"","","",
24562479,245624791,1,I,,20241007,20241029,20241029,PER,"",US-LUNDBECK-DKLU4005276,LUNDBECK,"",,"","","",Y,,"",20241029,"",HP,US,US,,,Inappropriate schedule of product administration,"",5,C,OZEMPIC,SEMAGLUTIDE,1,Subcutaneous,"",,"","","","",,"",,"","","",
24562509,245625091,1,I,20210107,20241015,20241029,20241029,EXP,"","US-COOPERSURGICAL, INC.-2024CPS002894",COOPERSURGICAL,"",39,YR,"",F,Y,99.773,KG,20241029,"",HP,US,US,245625091,OT,Implantable defibrillator insertion,"",10,C,OZEMPIC,SEMAGLUTIDE,1,Subcutaneous,UNK,,"","","","",,"",,"","","",7
24562679,245626792,2,F,,20241028,20241029,20241101,PER,"",US-BRISTOL-MYERS SQUIBB COMPANY-2024-169162,BRISTOL MYERS SQUIBB,"",61,YR,A,F,Y,132,KG,20241101,"",HP,US,US,,,Pruritus,"",4,C,OZEMPIC,SEMAGLUTIDE,1,"",0.25/0.5mg dose,,"",U,"","",,"",,"","","",
24562718,245627181,1,I,,20241018,20241029,20241029,EXP,"",US-NOVOPROD-1304024,NOVO NORDISK,"",,"","",M,Y,,"",20241030,"",CN,US,US,245627181,HO,Renal transplant,"",2,SS,OZEMPIC,SEMAGLUTIDE,1,Subcutaneous,UNK,,"",U,"","",,"",,"",Solution for injection,"",3
24562732,245627321,1,I,20240701,20241018,20241029,20241029,EXP,"",US-NOVOPROD-1304507,NOVO NORDISK,"",80,YR,"",F,Y,,"",20241030,"",CN,US,US,245627321,HO,Knee arthroplasty,"",1,PS,OZEMPIC,SEMAGLUTIDE,1,Subcutaneous,"0.5 mg, qw",,"",N,"",PZF9J36,,209637,0.5,MG,Solution for injection,/WK,3
24563280,245632801,1,I,20240101,20241029,20241030,20241030,PER,"",US-AMGEN-USASP2024214691,AMGEN,"",50,YR,A,F,Y,,"",20241030,"",CN,US,US,,,Gastrointestinal disorder,"",2,C,OZEMPIC,SEMAGLUTIDE,1,Unknown,UNK,,"","","","",,"",,"","","",
24564204,245642042,2,F,,20241218,20241030,20241225,PER,"",US-BIOGEN-2024BI01288405,BIOGEN,"",,"","",M,Y,,"",20241225,"",CN,US,US,,,Muscular weakness,"",14,C,OZEMPIC,SEMAGLUTIDE,1,Other,"",,"","","","",,"",,"",Unknown,"",
24564634,245646341,1,I,20240909,20241029,20241029,20241029,DIR,725035,"",FDA-CTU,"",54,YR,"",F,N,81,KG,20241029,N,CN,US,"",,,Sensitive skin,"",1,PS,WEGOVY,SEMAGLUTIDE,1,Subcutaneous,OTHER QUANTITY : 1 Injection(s);?OTHER FREQUENCY : 1 week;?OTHER ROUTE : subcutaneously;?,,"",Y,D,PZFAF44,20280228,"",,"",Injection,999,
24565625,245656251,1,I,,20241018,20241030,20241030,EXP,"",US-NOVOPROD-1306092,NOVO NORDISK,"",,"","",F,Y,,"",20241030,"",CN,US,US,245656251,OT,Deafness,"",1,PS,WEGOVY,SEMAGLUTIDE,1,Subcutaneous,"1.7 mg, qw",,"",U,"","",,215256,1.7,MG,Solution for injection,/WK,7
24565626,245656261,1,I,20241009,20241018,20241030,20241030,EXP,"",US-NOVOPROD-1306049,NOVO NORDISK,"",54,YR,"",M,Y,,"",20241030,"",CN,US,US,245656261,OT,Surgery,"",1,PS,OZEMPIC,SEMAGLUTIDE,1,Subcutaneous,"0.25 mg, qw",,"",U,"","",,209637,0.25,MG,Solution for injection,/WK,7
24565628,245656281,1,I,,20241018,20241030,20241030,EXP,"",US-NOVOPROD-1306385,NOVO NORDISK,"",68,YR,"",F,Y,,"",20241030,"",CN,US,US,245656281,OT,Abdominal discomfort,"",1,PS,SEMAGLUTIDE,SEMAGLUTIDE,1,Subcutaneous,UNK,,"",U,"","",,209637,,"","","",7
24565637,245656371,1,I,20240901,20241021,20241030,20241030,EXP,"",US-NOVOPROD-1303161,NOVO NORDISK,"",,"","",M,Y,,"",20241030,"",CN,US,US,245656371,HO,Staphylococcal infection,"",1,PS,OZEMPIC,SEMAGLUTIDE,1,Subcutaneous,0.5 mg,,"",U,"","",,209637,0.5,MG,Solution for injection,"",3
24565640,245656401,1,I,20240301,20241021,20241030,20241030,EXP,"",US-NOVOPROD-1303156,NOVO NORDISK,"",,"","","",Y,,"",20241030,"",CN,US,US,245656401,HO,Gallbladder operation,"",1,PS,WEGOVY,SEMAGLUTIDE,1,Subcutaneous,0.5mg once weekly,,"",U,"",PZFCS36,,215256,0.5,MG,Solution for injection,/WK,3
24565641,245656411,1,I,20230630,20241021,20241030,20241030,EXP,"",US-NOVOPROD-1255183,NOVO NORDISK,"",57,YR,"",M,Y,110.66,KG,20241030,"",CN,US,US,245656411,OT,Depression,"",1,PS,OZEMPIC,SEMAGLUTIDE,1,Subcutaneous,0.5 mg,9,MG,N,"","",,209637,0.5,MG,Solution for injection,/WK,7
24565744,245657441,1,I,,20241022,20241030,20241030,EXP,"",US-NOVOPROD-1305802,NOVO NORDISK,"",,"","",M,Y,,"",20241030,"",MD,US,US,245657441,OT,Blindness,"",1,PS,WEGOVY,SEMAGLUTIDE,1,Subcutaneous,"1.7 mg, qw",,"",N,"","",,215256,1.7,MG,Solution for injection,/WK,7
24565745,245657451,1,I,,20241022,20241030,20241030,EXP,"",US-NOVOPROD-1303951,NOVO NORDISK,"",,"",A,F,Y,,"",20241030,"",CN,US,US,245657451,OT,Condition aggravated,"",1,PS,OZEMPIC,SEMAGLUTIDE,1,Subcutaneous,UNK,,"",U,"","",,209637,,"",Solution for injection,"",7
24565746,245657461,1,I,,20241021,20241030,20241030,EXP,"",US-NOVOPROD-1304974,NOVO NORDISK,"",,"",A,F,Y,,"",20241030,"",CN,US,US,245657461,OT,Eye infection,"",1,PS,OZEMPIC,SEMAGLUTIDE,1,Subcutaneous,"0.5 mg, qw",,"",U,"","",,209637,0.5,MG,Solution for injection,/WK,7
24565747,245657471,1,I,,20241022,20241030,20241030,EXP,"",US-NOVOPROD-1304750,NOVO NORDISK,"",,"","",M,Y,,"",20241030,"",CN,US,US,245657471,OT,Surgery,"",1,PS,OZEMPIC,SEMAGLUTIDE,1,Subcutaneous,0.25 mg,,"",U,"","",,209637,0.25,MG,Solution for injection,"",7
24565748,245657481,1,I,20241003,20241021,20241030,20241030,EXP,"",US-NOVOPROD-1303874,NOVO NORDISK,"",,"","",F,Y,,"",20241030,"",CN,US,US,245657481,HO,Peripheral swelling,"",1,PS,OZEMPIC,SEMAGLUTIDE,1,Subcutaneous,0.50 mg,,"",U,"","",,209637,,"",Solution for injection,"",3
24565749,245657491,1,I,,20241021,20241030,20241030,EXP,"",US-NOVOPROD-1303918,NOVO NORDISK,"",,"","",F,Y,,"",20241030,"",CN,US,US,245657491,HO,Heart rate irregular,"",1,PS,OZEMPIC,SEMAGLUTIDE,1,Subcutaneous,UNK,,"",U,"","",,209637,,"",Solution for injection,"",3
24565751,245657511,1,I,,20241022,20241030,20241030,EXP,"",US-NOVOPROD-1303942,NOVO NORDISK,"",,"",A,F,Y,,"",20241030,"",CN,US,US,245657511,HO,Mental disorder,"",1,PS,OZEMPIC,SEMAGLUTIDE,1,Subcutaneous,0.5 mg,,"",U,"","",,209637,0.5,MG,Solution for injection,"",3
24565752,245657522,2,F,20240927,20241114,20241030,20241126,EXP,"",US-NOVOPROD-1304732,NOVO NORDISK,"",69,YR,"",F,Y,88.9,KG,20241126,"",MD,US,US,245657522,OT,Rectocele,"",1,PS,OZEMPIC,SEMAGLUTIDE,1,"","",,"","","","",,209637,,"",Solution for injection,"",7
24565754,245657541,1,I,20240101,20241021,20241030,20241030,EXP,"",US-NOVOPROD-1303169,NOVO NORDISK,"",74,YR,"",F,Y,,"",20241030,"",CN,US,US,245657541,OT,Aortic disorder,"",1,PS,OZEMPIC,SEMAGLUTIDE,1,Subcutaneous,1 mg,,"","","",PAR0363,,209637,1,MG,Solution for injection,"",7
24565756,245657562,2,F,20240919,20241108,20241030,20241119,EXP,"",US-NOVOPROD-1303948,NOVO NORDISK,"",58,YR,"",M,Y,,"",20241120,"",HP,US,US,245657562,OT,Pancreatic carcinoma metastatic,"",1,PS,RYBELSUS,SEMAGLUTIDE,1,Oral,"14 mg, qd",,"",N,"","",,213051,14,MG,Tablet,QD,7
24566150,245661501,1,I,20240824,20241029,20241029,20241029,DIR,725123,"",FDA-CTU,"",45,YR,"",M,N,136.1,KG,20241029,N,MD,US,"",245661501,DE,Cardio-respiratory arrest,"",1,PS,OZEMPIC,SEMAGLUTIDE,1,Subcutaneous,OTHER FREQUENCY : weekly;?,,"",N,D,"",,"",2,MG,"",999,1
24566236,245662361,1,I,20240622,20241023,20241030,20241030,EXP,"",US-NOVOPROD-1304733,NOVO NORDISK,"",86,YR,"",M,Y,,"",20241030,"",CN,US,US,245662361,HO,Incontinence,"",1,PS,OZEMPIC,SEMAGLUTIDE,1,Subcutaneous,UNK (took 2 dose of unknown strength),,"","",U,"",,209637,,"",Solution for injection,"",3
24566239,245662392,2,F,,20241127,20241030,20241209,30DAY,"",US-NOVOPROD-1300835,NOVO NORDISK,"",,"","",F,Y,,"",20241209,"",CN,US,US,245662392,OT,Product packaging issue,"",1,PS,OZEMPIC,SEMAGLUTIDE,1,"",UNK,,"",U,"",PZF8W56,,209637,,"",Solution for injection,"",7
24566402,245664021,1,I,20240424,20241029,20241029,20241029,DIR,725084,"",FDA-CTU,"",54,YR,"",F,N,105,KG,20241029,N,PH,US,"",245664021,HO,Therapy cessation,"",1,PS,SEMAGLUTIDE,SEMAGLUTIDE,1,Subcutaneous,OTHER FREQUENCY : QWEEK;?,,"",Y,D,"",,"",1.7,MG,"",999,3
24566642,245666421,1,I,,20241025,20241030,20241030,PER,"",US-ELI_LILLY_AND_COMPANY-US202410018800,ELI LILLY AND COMPANY,"",64,YR,A,M,Y,,"",20241030,"",CN,US,US,,,Weight increased,"",10,C,OZEMPIC,SEMAGLUTIDE,1,"","",,"","","","",,"",,"","","",
24566683,245666831,1,I,20190410,20241018,20241030,20241030,EXP,"",US-NOVOPROD-1304028,NOVO NORDISK,"",,"","",M,Y,,"",20241030,"",CN,US,US,245666831,OT,Localised infection,"",1,PS,OZEMPIC,SEMAGLUTIDE,1,Subcutaneous,"0.5 mg, qw",,"",U,"","",,209637,0.5,MG,Solution for injection,/WK,7
24566837,245668372,2,F,,20241119,20241030,20241127,EXP,"",US-TEVA-VS-3258602,TEVA,"Manoharan SVRR, Madan R. GLP-1 Agonists Can Affect Mood: A Case of Worsened Depression on Ozempic (Semaglutide). Innov-Clin-Neurosci 2024; 21 (4-6): 25-26.; Manoharan SVRR, Madan R. GLP-1 Agonists Can Affect Mood: A Case of Worsened Depression on Ozempic (Semaglutide). Innov-Clin-Neurosci 2024; 21 (4-6): 25-26.",54,YR,"",F,Y,,"",20241127,"",MD,US,US,245668372,OT,Drug ineffective,"",2,SS,SEMAGLUTIDE,SEMAGLUTIDE,1,Unknown,"",,"",Y,"",UNKNOWN,,"",0.5,MG,"",/WK,7
24566842,245668421,1,I,20240101,20241021,20241030,20241030,EXP,"",US-NOVOPROD-1303471,NOVO NORDISK,"",55,YR,"",F,Y,,"",20241030,"",CN,US,US,245668421,OT,Bipolar disorder,"",1,PS,WEGOVY,SEMAGLUTIDE,1,Subcutaneous,Unknown,,"","","","",,215256,,"",Solution for injection,"",7
24566867,245668671,1,I,20240724,20241029,20241029,20241029,DIR,725111,"",FDA-CTU,"",46,YR,"",M,N,,"",20241029,N,PH,US,"",245668671,HO,Euglycaemic diabetic ketoacidosis,"",2,C,OZEMPIC,SEMAGLUTIDE,1,"","",,"","","","",,"",,"","","",3
24566978,245669782,2,F,20240901,20241108,20241030,20241119,EXP,"",US-NOVOPROD-1304421,NOVO NORDISK,"",,"",E,F,Y,,"",20241120,"",PH,US,US,245669782,DE,Death,"",1,PS,OZEMPIC,SEMAGLUTIDE,1,Subcutaneous,"0.5 mg, qw",,"",D,"","",,209637,0.5,MG,Solution for injection,/WK,1
24566979,245669791,1,I,,20241021,20241030,20241030,EXP,"",US-NOVOPROD-1304472,NOVO NORDISK,"",,"","",M,Y,,"",20241030,"",MD,US,US,245669791,OT,Macular degeneration,"",1,PS,OZEMPIC,SEMAGLUTIDE,1,Subcutaneous,unk,,"","","","",,209637,,"",Solution for injection,"",7
24566984,245669842,2,F,20240927,20241212,20241030,20241224,EXP,"",US-NOVOPROD-1304099,NOVO NORDISK,"",,"","",F,Y,,"",20241224,"",CN,US,US,245669842,OT,Wrong technique in product usage process,"",1,PS,OZEMPIC,SEMAGLUTIDE,1,Subcutaneous,"0.25 mg, qw",,"",Y,U,"",,209637,0.25,MG,Solution for injection,/WK,7
24566986,245669861,1,I,20231116,20241021,20241030,20241030,EXP,"",US-NOVOPROD-1304394,NOVO NORDISK,"",70,YR,"",F,Y,,"",20241030,"",CN,US,US,245669861,OT,Diarrhoea,"",1,PS,OZEMPIC,SEMAGLUTIDE,1,Subcutaneous,1 mg,,"",U,"",PAR0334,,209637,1,MG,Solution for injection,"",7
24566988,245669881,1,I,,20241021,20241030,20241030,EXP,"",US-NOVOPROD-1304355,NOVO NORDISK,"",,"",A,F,Y,,"",20241030,"",CN,US,US,245669881,HO,Road traffic accident,"",1,PS,OZEMPIC,SEMAGLUTIDE,1,Subcutaneous,1 mg,,"","","","",,209637,1,MG,Solution for injection,"",3
24566989,245669891,1,I,,20241021,20241030,20241030,EXP,"",US-NOVOPROD-1304131,NOVO NORDISK,"",,"","",F,Y,,"",20241030,"",HP,US,US,245669891,OT,Intestinal ischaemia,"",1,PS,OZEMPIC,SEMAGLUTIDE,1,Subcutaneous,"1 mg, qw",,"",Y,"","",,209637,1,MG,Solution for injection,/WK,7
24567012,245670121,1,I,,20241021,20241030,20241030,EXP,"",US-NOVOPROD-1304478,NOVO NORDISK,"",,"","","",Y,,"",20241030,"",CN,US,US,245670121,OT,Dyspepsia,"",1,PS,OZEMPIC,SEMAGLUTIDE,1,Subcutaneous,1 mg,,"",Y,"","",,209637,1,MG,Solution for injection,"",7
24567013,245670132,2,F,20240719,20241118,20241030,20241129,EXP,"",US-NOVOPROD-1304202,NOVO NORDISK,"",86,YR,"",M,Y,,"",20241129,"",PH,US,US,245670132,HO,Abdominal distension,"",1,PS,RYBELSUS,SEMAGLUTIDE,1,Oral,"7 mg, qd",,"",N,"","",,213051,7,MG,Tablet,QD,3
24567086,245670861,1,I,,20241021,20241030,20241030,EXP,"",US-NOVOPROD-1307264,NOVO NORDISK,"",,"","",F,Y,,"",20241030,"",CN,US,US,245670861,OT,Eye contusion,"",1,PS,OZEMPIC,SEMAGLUTIDE,1,Subcutaneous,"0.25 mg, qw",,"",U,"",pzf9w31,,209637,0.25,MG,Solution for injection,/WK,7
24567087,245670871,1,I,,20241021,20241030,20241030,EXP,"",US-NOVOPROD-1304565,NOVO NORDISK,"",,"",A,F,Y,,"",20241030,"",CN,US,US,245670871,OT,Hip arthroplasty,"",1,PS,OZEMPIC,SEMAGLUTIDE,1,Subcutaneous,UNK,,"",U,"","",,209637,,"",Solution for injection,"",7
24567091,245670911,1,I,20240801,20241021,20241030,20241030,EXP,"",US-NOVOPROD-1304518,NOVO NORDISK,"",,"","","",Y,,"",20241030,"",CN,US,US,245670911,OT,Nausea,"",1,PS,OZEMPIC,SEMAGLUTIDE,1,Subcutaneous,"0.5 mg, qw",,"","","","",,209637,0.5,MG,Solution for injection,/WK,7
24567092,245670921,1,I,,20241021,20241030,20241030,EXP,"",US-NOVOPROD-1304512,NOVO NORDISK,"",,"","","",Y,,"",20241030,"",CN,US,US,245670921,OT,Gastrointestinal disorder,"",1,PS,WEGOVY,SEMAGLUTIDE,1,Subcutaneous,UNK,,"","","","",,215256,,"",Solution for injection,"",7
24567102,245671021,1,I,20230201,20241022,20241030,20241030,EXP,"",US-NOVOPROD-1271669,NOVO NORDISK,"",62,YR,"",M,Y,,"",20241030,"",CN,US,US,245671021,HO,Nausea,"",1,PS,OZEMPIC,SEMAGLUTIDE,1,Subcutaneous,"0.25 mg, qw",,"",U,"","",,209637,0.25,MG,Solution for injection,/WK,3
24567130,245671301,1,I,20241001,20241024,20241030,20241030,EXP,"",US-ABBVIE-5971830,ABBVIE,"",72,YR,"",M,Y,80,KG,20241030,"",CN,US,US,245671301,HO,Cardiac valve disease,"",12,C,OZEMPIC,SEMAGLUTIDE,1,"","",,"","","","",,"",,"","","",3
24567153,245671531,1,I,,20241028,20241030,20241030,EXP,"",US-JAZZ PHARMACEUTICALS-2024-US-019608,JAZZ,"",,"","",M,Y,,"",20241030,"",CN,US,US,245671531,OT,Disability,"",5,C,OZEMPIC,SEMAGLUTIDE,1,"",UNK,,"","","","",,"",,"","","",7
24567360,245673601,1,I,,20241011,20241030,20241030,PER,"",US-SMPA-2024SPA003336,SUNOVION,"",,"","","",Y,,"",20241030,"",CN,US,US,,,Drug interaction,"",3,SS,OZEMPIC,SEMAGLUTIDE,1,Unknown,UNK,,"","","","",,"",,"","","",
24567424,245674241,1,I,,20241022,20241030,20241030,EXP,"",US-NOVOPROD-1305220,NOVO NORDISK,"",,"","",F,Y,,"",20241031,"",CN,US,US,245674241,HO,Nephrolithiasis,"",1,PS,WEGOVY,SEMAGLUTIDE,1,Subcutaneous,1mg,,"",D,"","",,215256,,"",Solution for injection,"",3
24567427,245674271,1,I,20240919,20241022,20241030,20241030,EXP,"",US-NOVOPROD-1304711,NOVO NORDISK,"",38,YR,"",F,Y,,"",20241031,"",CN,US,US,245674271,OT,Diverticulitis,"",1,PS,OZEMPIC,SEMAGLUTIDE,1,Subcutaneous,"0.05 mg, qw",0.1,MG,Y,"","",,209637,0.05,MG,Solution for injection,/WK,7
24567429,245674292,2,F,20240101,20241216,20241030,20241230,EXP,"",US-NOVOPROD-1305751,NOVO NORDISK,"",,"",A,F,Y,,"",20241230,"",MD,US,US,245674292,HO,Intestinal obstruction,"",1,PS,OZEMPIC,SEMAGLUTIDE,1,Subcutaneous,"0.25 mg, qw",,"",Y,"","",,209637,0.25,MG,Solution for injection,/WK,3
24567431,245674311,1,I,20220101,20241023,20241030,20241030,EXP,"",US-NOVOPROD-1285840,NOVO NORDISK,"",53,YR,"",F,Y,,"",20241031,"",CN,US,US,245674311,HO,Decreased appetite,"",1,PS,OZEMPIC,SEMAGLUTIDE,1,Subcutaneous,"2 mg, qw",,"",Y,"","",,209637,2,MG,Solution for injection,/WK,3
24567505,245675051,1,I,,20241023,20241031,20241031,EXP,"",US-NOVOPROD-1305760,NOVO NORDISK,"",55,YR,"","",Y,,"",20241031,"",CN,US,US,245675051,HO,Ileus,"",1,PS,OZEMPIC,SEMAGLUTIDE,1,"","",,"",U,"","",,209637,,"",Solution for injection,"",3
24567509,245675091,1,I,,20241023,20241031,20241031,EXP,"",US-NOVOPROD-1306665,NOVO NORDISK,"",41,YR,"","",Y,,"",20241031,"",CN,US,US,245675091,HO,Impaired gastric emptying,"",1,PS,OZEMPIC,SEMAGLUTIDE,1,Subcutaneous,UNK,,"",U,"","",,209637,,"",Solution for injection,"",3
24567510,245675101,1,I,,20241023,20241031,20241031,EXP,"",US-NOVOPROD-1305765,NOVO NORDISK,"",56,YR,"","",Y,,"",20241031,"",CN,US,US,245675101,HO,Ileus,"",1,PS,OZEMPIC,SEMAGLUTIDE,1,"","",,"",U,"","",,209637,,"",Solution for injection,"",3
24567640,245676402,2,F,20230101,20241204,20241031,20241211,EXP,"",US-ROCHE-10000114044,ROCHE,"",60,YR,A,F,Y,102.05,KG,20241211,"",CN,US,US,245676402,HO,Cellulitis,"",2,SS,OZEMPIC,SEMAGLUTIDE,1,Unknown,"",,"",U,"",Unknown,,"",,"","","",3
24567673,245676731,1,I,,20241028,20241031,20241031,PER,"",US-ELI_LILLY_AND_COMPANY-US202410020305,ELI LILLY AND COMPANY,"",,"","","",Y,,"",20241031,"",CN,US,US,,,Alopecia,"",2,SS,WEGOVY,SEMAGLUTIDE,1,Unknown,"UNK UNK, unknown",,"",U,"","",,"",,"","","",
24567790,245677901,1,I,,20241025,20241031,20241031,PER,"",US-ELI_LILLY_AND_COMPANY-US202410019381,ELI LILLY AND COMPANY,"",46,YR,A,"",Y,,"",20241031,"",LW,US,US,245677901,HO,Impaired gastric emptying,"",2,SS,OZEMPIC,SEMAGLUTIDE,1,Unknown,"UNK UNK, unknown",,"",U,"","",,"",,"","","",3
24568286,245682861,1,I,,20241025,20241031,20241031,PER,"",US-ELI_LILLY_AND_COMPANY-US202410018759,ELI LILLY AND COMPANY,"",53,YR,A,"",Y,,"",20241031,"",LW,US,US,245682861,HO,Abdominal pain,"",2,SS,OZEMPIC,SEMAGLUTIDE,1,Unknown,"UNK UNK, unknown",,"",U,"","",,"",,"","","",3
24568850,245688501,1,I,,20241024,20241031,20241031,PER,"",US-PHARMING-PHAUS2024000972,PHARMING GROUP,"",,"","","",Y,,"",20241031,"",CN,US,US,,,Intentional product use issue,"",5,C,WEGOVY,SEMAGLUTIDE,1,"","",,"","","","",,"",,"",Injection,"",
24569116,245691161,1,I,20241022,20241030,20241030,20241030,DIR,725266,"",FDA-CTU,"",47,YR,"",M,N,150,KG,20241030,N,"",US,"",245691161,DE,Angioedema,"",14,C,SEMAGLUTIDE,SEMAGLUTIDE,1,"","",,"","","","",,"",,"","","",1
24569256,245692561,1,I,20230407,20241030,20241030,20241030,DIR,725252,"",FDA-CTU,"",72,YR,"",M,N,133.2,KG,20241030,N,"",US,"",245692561,OT,Tinnitus,"",1,PS,RYBELSUS,SEMAGLUTIDE,1,"","",,"",N,D,"",,"",,"","","",7
24569261,245692611,1,I,20241028,20241030,20241030,20241030,DIR,725242,"",FDA-CTU,"",27,YR,"",F,N,90,KG,20241030,N,CN,US,"",245692611,OT,Hypoglycaemia,"",1,PS,SEMAGLUTIDE,SEMAGLUTIDE,1,Intramuscular,OTHER QUANTITY : 1 Injection(s)?OTHER FREQUENCY : Once weekly?INTRAMUSCULAR ?,,"",Y,N,1003,,99,,"","",999,7
24569299,245692991,1,I,20241025,20241030,20241030,20241030,DIR,725196,"",FDA-CTU,"",47,YR,"",F,N,72.9,KG,20241030,N,CN,US,"",245692991,HO,Appendicectomy,"",1,PS,SEMAGLUTIDE,SEMAGLUTIDE,1,Subcutaneous,OTHER STRENGTH : 5mg/ml;?OTHER QUANTITY : 0.15 ml;?OTHER FREQUENCY : weekly;?,,"",N,D,311578,20241210,99,,"","",999,3
24569374,245693741,1,I,20240812,20241007,20241030,20241030,DIR,FDA-CDER-CTU-2024-75291,"",FDA-CTU,"",68,YR,"",F,N,89.36,KG,20241007,N,CN,US,"",245693741,OT,Nausea,"",1,PS,OZEMPIC,SEMAGLUTIDE,1,"","",,"",Y,D,"",,"",,"","","",7
24569376,245693761,1,I,20240605,20241030,20241030,20241030,DIR,725283,"",FDA-CTU,"",41,YR,"",F,N,,"",20241030,N,CN,US,"",245693761,OT,Pruritus,"",1,PS,WEGOVY,SEMAGLUTIDE,1,"",1 EVERY WEEK ?,,"",Y,D,"",,"",,"","",999,7
24569428,245694281,1,I,,20241023,20241031,20241031,EXP,"",US-ELI_LILLY_AND_COMPANY-US202410016532,ELI LILLY AND COMPANY,"",55,YR,A,"",Y,,"",20241031,"",LW,US,US,245694281,HO,Abdominal distension,"",2,SS,OZEMPIC,SEMAGLUTIDE,1,Unknown,"UNK, unknown",,"",U,"","",,"",,"","","",3
24569476,245694762,2,F,20240101,20241118,20241031,20241123,EXP,"",US-ABBVIE-5985166,ABBVIE,"",58,YR,"",F,Y,109,KG,20241123,"",CN,US,US,245694762,OT,Eye operation,"",8,C,OZEMPIC,SEMAGLUTIDE,1,"","",,"","","","",,"",,"","","",7
24569516,245695161,1,I,20240101,20241023,20241031,20241031,EXP,"",US-NOVOPROD-1288980,NOVO NORDISK,"",77,YR,"",F,Y,,"",20241031,"",CN,US,US,245695161,OT,Breast cancer,"",1,PS,OZEMPIC,SEMAGLUTIDE,1,"","",,"","","","",,209637,,"",Solution for injection,"",7
24569521,245695211,1,I,20240907,20241022,20241031,20241031,EXP,"",US-NOVOPROD-1305769,NOVO NORDISK,"",62,YR,"",M,Y,,"",20241031,"",CN,US,US,245695211,OT,Visual impairment,"",1,PS,OZEMPIC,SEMAGLUTIDE,1,Subcutaneous,"0.5 mg, qw",,"",U,"",PZFAG56,,209637,0.5,MG,Solution for injection,/WK,7
24569667,245696671,1,I,,20241023,20241031,20241031,EXP,"",US-NOVOPROD-1307094,NOVO NORDISK,"",,"","",M,Y,,"",20241031,"",MD,US,US,245696671,OT,Weight decreased,"",1,PS,OZEMPIC,SEMAGLUTIDE,1,Subcutaneous,2 mg,,"",Y,"","",,209637,2,MG,Solution for injection,"",7
24569670,245696701,1,I,20240417,20241023,20241031,20241031,EXP,"",US-NOVOPROD-1305830,NOVO NORDISK,"",76,YR,"",F,Y,,"",20241031,"",MD,US,US,245696701,OT,Autoimmune hepatitis,"",1,PS,OZEMPIC,SEMAGLUTIDE,1,Subcutaneous,UNK,,"",Y,"","",,209637,,"",Solution for injection,"",7
24569672,245696721,1,I,,20241023,20241031,20241031,EXP,"",US-NOVOPROD-1306314,NOVO NORDISK,"",,"",A,M,Y,,"",20241031,"",CN,US,US,245696721,OT,Hypoaesthesia,"",1,PS,OZEMPIC,SEMAGLUTIDE,1,Subcutaneous,"1 mg, qw",,"",U,"","",,209637,1,MG,Solution for injection,/WK,7
24569673,245696731,1,I,,20241023,20241031,20241031,EXP,"",US-NOVOPROD-1305779,NOVO NORDISK,"",,"","",F,Y,,"",20241031,"",CN,US,US,245696731,OT,Cataract,"",1,PS,OZEMPIC,SEMAGLUTIDE,1,Subcutaneous,0.5 mg,,"",U,"","",,209637,0.5,MG,Solution for injection,"",7
24569677,245696771,1,I,,20241023,20241031,20241031,EXP,"",US-NOVOPROD-1306649,NOVO NORDISK,"",49,YR,"","",Y,,"",20241031,"",CN,US,US,245696771,OT,Ileus,"",1,PS,OZEMPIC,SEMAGLUTIDE,1,Subcutaneous,UNK,,"",U,"","",,209637,,"",Solution for injection,"",7
24569679,245696791,1,I,,20241023,20241031,20241031,EXP,"",US-NOVOPROD-1307069,NOVO NORDISK,"",,"","",F,Y,,"",20241031,"",MD,US,US,245696791,OT,Optic ischaemic neuropathy,"",1,PS,OZEMPIC,SEMAGLUTIDE,1,Subcutaneous,UNK,,"","","","",,209637,,"",Solution for injection,"",7
24569776,245697761,1,I,20150101,20241016,20241031,20241031,EXP,"",US-INDIVIOR US-INDV-157243-2024,RECKITT BENCKISER,"",,"","",F,Y,,"",20241031,"",LW,US,US,245697761,HO,Pulmonary embolism,"",99,C,OZEMPIC,SEMAGLUTIDE,1,Unknown,2.5 milligram,,"","","","",,"",2.5,MG,"","",3
24569956,245699561,1,I,20241030,20241031,20241031,20241031,DIR,725286,"",FDA-CTU,"",69,YR,"",M,N,77.25,KG,20241031,N,MD,US,"",245699561,LT,Syncope,"",1,PS,SEMAGLUTIDE,SEMAGLUTIDE,1,Subcutaneous,OTHER FREQUENCY : Weekly;?,,"",N,D,"",,"",0.25,MG,"",999,2
24570130,245701301,1,I,20230401,20241024,20241031,20241031,EXP,"",US-BRISTOL-MYERS SQUIBB COMPANY-2024-168359,BRISTOL-MYERS SQUIBB COMPANY,"",75,YR,E,F,Y,82,KG,20241031,"",CN,US,US,245701301,LT,Epistaxis,"",17,C,OZEMPIC,SEMAGLUTIDE,1,"","",,"",U,"","",,"",,"","","",2
24570271,245702711,1,I,,20241024,20241031,20241031,EXP,"",US-NOVOPROD-1307695,NOVO NORDISK,"",,"","",F,Y,,"",20241031,"",CN,US,US,245702711,OT,Illness,"",1,PS,OZEMPIC,SEMAGLUTIDE,1,Subcutaneous,unk,,"",U,"","",,209637,,"",Solution for injection,"",7
24570272,245702721,1,I,20231201,20241024,20241031,20241031,EXP,"",US-NOVOPROD-1307615,NOVO NORDISK,"",63,YR,"",M,Y,,"",20241031,"",CN,US,US,245702721,LT,Off label use,"",1,PS,OZEMPIC,SEMAGLUTIDE,1,Subcutaneous,1mg,,"",Y,"","",,209637,,"",Solution for injection,"",2
24570273,245702731,1,I,,20241024,20241031,20241031,EXP,"",US-NOVOPROD-1307726,NOVO NORDISK,"",,"","",F,Y,,"",20241031,"",CN,US,US,245702731,OT,Neoplasm malignant,"",1,PS,OZEMPIC,SEMAGLUTIDE,1,Subcutaneous,0.5 mg,,"",U,"",PZFAM92,,209637,0.5,MG,Solution for injection,"",7
24570274,245702741,1,I,,20241024,20241031,20241031,EXP,"",US-NOVOPROD-1306643,NOVO NORDISK,"",52,YR,"","",Y,,"",20241031,"",CN,US,US,245702741,HO,Ileus,"",1,PS,WEGOVY,SEMAGLUTIDE,1,"","",,"",U,"","",,215256,,"",Solution for injection,"",3
24570394,245703941,1,I,,20241022,20241031,20241031,EXP,"",US-NOVOPROD-1307123,NOVO NORDISK,"",,"","",F,Y,,"",20241031,"",CN,US,US,245703941,OT,Hypersomnia,"",1,PS,OZEMPIC,SEMAGLUTIDE,1,Subcutaneous,"0.25 mg, qw",,"",U,"","",,209637,0.25,MG,Solution for injection,/WK,7
24570398,245703981,1,I,20240915,20241022,20241031,20241031,EXP,"",US-NOVOPROD-1304040,NOVO NORDISK,"",45,YR,"",M,Y,,"",20241031,"",CN,US,US,245703981,OT,Drug hypersensitivity,"",1,PS,OZEMPIC,SEMAGLUTIDE,1,Subcutaneous,0.25mg,,"",U,"",PZF9M93,,209637,0.25,MG,Solution for injection,/WK,7
24570400,245704001,1,I,,20241022,20241031,20241031,EXP,"",US-NOVOPROD-1309449,NOVO NORDISK,"",,"","",F,Y,,"",20241031,"",HP,US,US,245704001,OT,Large intestinal ulcer,"",1,PS,OZEMPIC,SEMAGLUTIDE,1,Subcutaneous,"0.5 mg, qw",,"","","","",,209637,0.5,MG,Solution for injection,/WK,7
24570402,245704022,2,F,20240801,20241108,20241031,20241119,EXP,"",US-NOVOPROD-1309489,NOVO NORDISK,"",47,YR,"",F,Y,,"",20241119,"",PH,US,US,245704022,DE,Death,"",1,PS,OZEMPIC,SEMAGLUTIDE,1,Subcutaneous,"0.25 mg, qw",,"",D,"","",,209637,0.25,MG,Solution for injection,/WK,1
24570461,245704611,1,I,20221001,20241023,20241031,20241031,EXP,"",US-NOVOPROD-1306533,NOVO NORDISK,"",45,YR,"",F,Y,,"",20241031,"",CN,US,US,245704611,HO,Pelvic floor dysfunction,"",1,PS,OZEMPIC,SEMAGLUTIDE,1,Subcutaneous,UNK,,"",U,"","",,209637,,"",Solution for injection,"",3
24570462,245704621,1,I,,20241023,20241031,20241031,EXP,"",US-NOVOPROD-1306442,NOVO NORDISK,"",42,YR,"","",Y,,"",20241031,"",CN,US,US,245704621,HO,Ileus,"",1,PS,OZEMPIC,SEMAGLUTIDE,1,Subcutaneous,UNK,,"",U,"","",,209637,,"",Solution for injection,"",3
24570510,245705101,1,I,,20241023,20241031,20241031,EXP,"",US-NOVOPROD-1308293,NOVO NORDISK,"",,"",A,F,Y,,"",20241031,"",CN,US,US,245705101,HO,Blood glucose increased,"",1,PS,WEGOVY,SEMAGLUTIDE,1,Subcutaneous,UNK,,"","","","",,215256,,"",Solution for injection,"",3
24570604,245706041,1,I,20240101,20241024,20241031,20241031,EXP,"",US-NOVOPROD-1307194,NOVO NORDISK,"",77,YR,"",F,Y,,"",20241101,"",CN,US,US,245706041,OT,Product label confusion,"",1,PS,OZEMPIC,SEMAGLUTIDE,1,Subcutaneous,"1 mg, qw",,"",U,"",NZF5F47,,209637,1,MG,Solution for injection,/WK,7
24570605,245706051,1,I,,20241024,20241031,20241031,EXP,"",US-NOVOPROD-1307342,NOVO NORDISK,"",,"","",M,Y,,"",20241101,"",CN,US,US,245706051,OT,Prostate cancer,"",1,PS,OZEMPIC,SEMAGLUTIDE,1,Subcutaneous,Unknown,,"",U,"","",,209637,,"",Solution for injection,"",7
24570606,245706062,2,F,20241024,20241125,20241031,20241204,EXP,"",US-NOVOPROD-1306597,NOVO NORDISK,"",59,YR,"",M,Y,,"",20241204,"",MD,US,US,245706062,DE,Myocardial infarction,"",1,PS,OZEMPIC,SEMAGLUTIDE,1,Subcutaneous,0.5 mg,,"","","","",,209637,0.5,MG,Solution for injection,"",1
24570607,245706071,1,I,20230101,20241024,20241031,20241031,EXP,"",US-NOVOPROD-1307533,NOVO NORDISK,"",,"","",M,Y,,"",20241101,"",CN,US,US,245706071,OT,Dyspnoea,"",1,PS,OZEMPIC,SEMAGLUTIDE,1,Subcutaneous,"1 mg, qw",,"",U,"",PAR0363,,209637,1,MG,Solution for injection,/WK,7
24570608,245706081,1,I,,20241024,20241031,20241031,EXP,"",US-NOVOPROD-1306374,NOVO NORDISK,"",,"","",F,Y,,"",20241101,"",CN,US,US,245706081,OT,Gallbladder disorder,"",1,PS,WEGOVY,SEMAGLUTIDE,1,Subcutaneous,2.4 mg,,"",U,"","",,215256,2.4,MG,Solution for injection,"",7
24570610,245706101,1,I,,20241024,20241031,20241031,EXP,"",US-NOVOPROD-1306645,NOVO NORDISK,"",,"",E,F,Y,,"",20241101,"",PH,US,US,245706101,OT,Optic ischaemic neuropathy,"",1,PS,OZEMPIC,SEMAGLUTIDE,1,Subcutaneous,UNK,,"","","","",,209637,,"",Solution for injection,"",7
24570613,245706132,2,F,,20241218,20241031,20241227,EXP,"",US-NOVOPROD-1307377,NOVO NORDISK,"",,"","",M,Y,,"",20241227,"",CN,US,US,245706132,OT,Upper limb fracture,"",1,PS,OZEMPIC,SEMAGLUTIDE,1,Subcutaneous,"1 mg, qw",,"",U,"",PAR0485,,209637,1,MG,Solution for injection,/WK,7
24570615,245706151,1,I,,20241024,20241031,20241031,EXP,"",US-NOVOPROD-1307720,NOVO NORDISK,"",42,YR,"",F,Y,,"",20241101,"",HP,US,US,245706151,OT,Product use in unapproved indication,"",1,PS,RYBELSUS,SEMAGLUTIDE,1,Subcutaneous,"14 mg, qd",,"",N,"","",,213051,14,MG,Tablet,QD,7
24570617,245706171,1,I,,20241024,20241031,20241031,EXP,"",US-NOVOPROD-1307729,NOVO NORDISK,"",,"","",F,Y,,"",20241101,"",CN,US,US,245706171,OT,Lung neoplasm malignant,"",1,PS,OZEMPIC,SEMAGLUTIDE,1,Subcutaneous,1 mg,,"",U,"","",,209637,1,MG,Solution for injection,"",7
24570618,245706181,1,I,,20241024,20241031,20241031,EXP,"",US-NOVOPROD-1307734,NOVO NORDISK,"",30,YR,"",F,Y,,"",20241101,"",MD,US,US,245706181,OT,Urinary tract infection,"",1,PS,WEGOVY,SEMAGLUTIDE,1,Subcutaneous,UNK,,"",Y,"","",,215256,,"",Solution for injection,"",7
24570619,245706191,1,I,,20241024,20241031,20241031,EXP,"",US-NOVOPROD-1307754,NOVO NORDISK,"",70,YR,"",M,Y,,"",20241101,"",HP,US,US,245706191,DE,Death,"",1,PS,OZEMPIC,SEMAGLUTIDE,1,Subcutaneous,UNK,,"",D,"","",,209637,,"",Solution for injection,"",1
24570815,245708151,1,I,,20241031,20241101,20241101,PER,"","US-B.I. Pharmaceuticals,Inc./Ridgefield-2024-BI-060460",BOEHRINGER INGELHEIM,"",7,DEC,"",M,Y,,"",20241101,"",HP,US,US,,,Abdominal discomfort,"",2,C,OZEMPIC,SEMAGLUTIDE,1,"","",,"","","","",,"",,"","","",
24571064,245710641,1,I,,20241024,20241101,20241101,EXP,"",US-ASTRAZENECA-202410USA022364US,ALEXION PHARMACEUTICALS,"",,"","","",Y,,"",20241101,"","",US,US,245710641,OT,Impaired gastric emptying,"",2,C,OZEMPIC,SEMAGLUTIDE,1,Unknown,"",,"","","","",,"",,"","","",7
24571326,245713261,1,I,20240301,20241025,20241101,20241101,EXP,"",US-ABBVIE-5688003,ABBVIE,"",68,YR,"",F,Y,,"",20241101,"",CN,US,US,245713261,OT,Implant site infection,"",5,C,RYBELSUS,SEMAGLUTIDE,1,"","",,"","","","",,"",,"","","",7
24571867,245718671,1,I,,20241025,20241101,20241101,EXP,"",US-MedisourceRx-2164233,MEDISOURCERX,"",38,YR,"",M,Y,111.36,KG,20241101,"",MD,US,US,245718671,HO,Impaired gastric emptying,"",1,PS,SEMAGLUTIDE,SEMAGLUTIDE,1,"","",,"","","","",,"",,"","","",3
24572144,245721441,1,I,20240630,20241031,20241031,20241031,DIR,725397,"",FDA-CTU,"",64,YR,"",M,N,,"",20241031,N,PH,US,"",245721441,HO,Adverse drug reaction,"",1,PS,OZEMPIC,SEMAGLUTIDE,1,"",OTHER FREQUENCY : QWEEK;?,,"",Y,D,"",,"",0.5,MG,"",999,3
24572726,245727261,1,I,20240101,20240904,20241101,20241101,PER,"",US-TARSUS PHARMACEUTICALS-TSP-US-2024-000340,Tarsus Pharmaceuticals,"",,"","",M,Y,,"",20241101,"",CN,US,US,,,Eye discharge,"",4,C,OZEMPIC,SEMAGLUTIDE,1,Unknown,"0.5 milligram, qw (using for 8 weeks now)",,"","","","",,"",0.5,MG,"",/WK,
24572837,245728371,1,I,20241014,20241101,20241101,20241101,DIR,725505,"",FDA-CTU,"",63,YR,"",F,N,65.25,KG,20241101,N,CN,US,"",245728371,OT,Glycosylated haemoglobin increased,"",1,PS,OZEMPIC,SEMAGLUTIDE,1,Subcutaneous,OTHER QUANTITY : 1 Injection(s);?OTHER FREQUENCY : Once a week;?,,"",N,"",PAR0402,20261031,"",,"","",999,7
24572883,245728831,1,I,20240817,20241014,20241101,20241101,PER,"",US-TARSUS PHARMACEUTICALS-TSP-US-2024-000406,Tarsus Pharmaceuticals,"",77,YR,"",F,Y,,"",20241101,"",PH,US,US,,,Capillary disorder,"",3,C,SEMAGLUTIDE,SEMAGLUTIDE,1,Unknown,UNK,,"","","","",,"",,"","","",
24572884,245728841,1,I,20240101,20240829,20241101,20241101,PER,"",US-TARSUS PHARMACEUTICALS-TSP-US-2024-000396,Tarsus Pharmaceuticals,"",,"","",F,Y,76.657,KG,20241101,"",CN,US,US,,,Dizziness,"",5,C,OZEMPIC,SEMAGLUTIDE,1,Unknown,"1 UNK, qw",,"","","","",,"",,"","",/WK,
24572938,245729381,1,I,20240721,20241020,20241101,20241101,EXP,"",US-NOVOPROD-1309502,NOVO NORDISK,"",53,YR,"",F,Y,,"",20241101,"",CN,US,US,245729381,OT,Ileus,"",1,PS,WEGOVY,SEMAGLUTIDE,1,"","",,"",Y,"","",,215256,,"",Solution for injection,"",7
24573020,245730201,1,I,20240822,20241025,20241101,20241101,PER,"",US-ELI_LILLY_AND_COMPANY-US202410018730,ELI LILLY AND COMPANY,"",58,YR,A,"",Y,,"",20241101,"",CN,US,US,,,Product tampering,"",9,C,SEMAGLUTIDE,SEMAGLUTIDE,1,"","",,"","","","",,"",,"","","",
24573043,245730432,2,F,20240701,20241213,20241101,20241224,EXP,"",US-NOVOPROD-1308391,NOVO NORDISK,"",77,YR,"",F,Y,99.32,KG,20241224,"",MD,US,US,245730432,HO,Renal impairment,"",1,PS,OZEMPIC,SEMAGLUTIDE,1,Subcutaneous,"0.25 mg, qw",,"",Y,"","",,209637,0.25,MG,Solution for injection,/WK,3
24573046,245730461,1,I,,20241023,20241101,20241101,EXP,"",US-NOVOPROD-1305800,NOVO NORDISK,"",41,YR,"","",Y,,"",20241101,"",CN,US,US,245730461,HO,Ileus,"",1,PS,OZEMPIC,SEMAGLUTIDE,1,"","",,"",U,"","",,209637,,"",Solution for injection,"",3
24573134,245731341,1,I,,20241024,20241101,20241101,EXP,"",US-NOVOPROD-1307119,NOVO NORDISK,"",,"",A,F,Y,,"",20241101,"",CN,US,US,245731341,OT,Intestinal obstruction,"",1,PS,OZEMPIC,SEMAGLUTIDE,1,Subcutaneous,UNK,,"",U,"","",,209637,,"",Solution for injection,"",7
24573138,245731381,1,I,,20241024,20241101,20241101,EXP,"",US-NOVOPROD-1307804,NOVO NORDISK,"",,"",A,F,Y,,"",20241101,"",CN,US,US,245731381,OT,Hypertension,"",1,PS,OZEMPIC,SEMAGLUTIDE,1,Subcutaneous,UNK,,"",U,"","",,209637,,"",Solution for injection,"",7
24573285,245732851,1,I,,20241022,20241101,20241101,EXP,"",US-NOVOPROD-1309496,NOVO NORDISK,"",,"","",M,Y,,"",20241101,"",CN,US,US,245732851,OT,Abdominal pain,"",1,PS,OZEMPIC,SEMAGLUTIDE,1,Subcutaneous,0.25 mg,,"",U,"","",,209637,0.25,MG,Solution for injection,"",7
24573290,245732901,1,I,,20241024,20241101,20241101,EXP,"",US-NOVOPROD-1306323,NOVO NORDISK,"",,"","",F,Y,,"",20241101,"",CN,US,US,245732901,HO,Illness,"",1,PS,OZEMPIC,SEMAGLUTIDE,1,Subcutaneous,UNK,,"",U,"","",,209637,,"",Solution for injection,"",3
24573298,245732982,2,F,,20241118,20241101,20241126,30DAY,"",US-NOVOPROD-1307472,NOVO NORDISK,"",,"","",F,Y,,"",20241126,"",CN,US,US,245732982,OT,Device malfunction,"",1,PS,OZEMPIC,SEMAGLUTIDE,1,Subcutaneous,UNK,,"",U,"",PZFAT42,,209637,,"",Solution for injection,"",7
24573425,245734251,1,I,,20240826,20241102,20241102,PER,"",US-AUROBINDO-AUR-APL-2024-043988,AUROBINDO,"",61,YR,"",M,Y,115.66,KG,20241102,"",MD,US,US,,,Dizziness,"",4,C,OZEMPIC,SEMAGLUTIDE,1,Unknown,UNK (dose injector),,"",U,"","",,"",,"",Injection,"",
24573526,245735262,2,F,20241007,20241116,20241102,20241123,EXP,"",US-UNITED THERAPEUTICS-UNT-2024-034170,UNITED THERAPEUTICS,"",67,YR,"",F,Y,68.027,KG,20241123,"","",US,US,245735262,HO,Arrhythmia,"",3,C,OZEMPIC,SEMAGLUTIDE,1,"",UNK,,"","","","",,"",,"","","",3
24573549,245735492,2,F,,20241112,20241102,20241119,PER,"",US-LUPIN PHARMACEUTICALS INC.-2024-10546,LUPIN,"",,"","","",Y,,"",20241119,"",CN,US,US,,,Device physical property issue,"",7,C,OZEMPIC,SEMAGLUTIDE,1,Unknown,"UNK, qw",,"","","","",,"",,"",Injection,"",
24573716,245737161,1,I,20241001,20241029,20241103,20241103,PER,"",US-ELI_LILLY_AND_COMPANY-US202410022174,ELI LILLY AND COMPANY,"",61,YR,A,F,Y,,"",20241103,"",CN,US,US,,,Diarrhoea,"",3,SS,OZEMPIC,SEMAGLUTIDE,1,Unknown,"UNK UNK, unknown",,"",U,"","",,"",,"","","",
24573725,245737251,1,I,,20241022,20241103,20241103,EXP,"",US-009507513-2410USA010548,MERCK,"Guzner A, Downs I, Cruz D, Kaneshiro C, Donangelo I. SGLT-2i associated diabetic ketoacidosis in the setting of cardiogenic shock. BMJ Case Reports. 2024;17:1-4",,"",A,M,Y,,"",20241103,"",HP,US,US,245737251,LT,Euglycaemic diabetic ketoacidosis,"",8,C,SEMAGLUTIDE,SEMAGLUTIDE,1,"",UNK,,"","","","",,"",,"","","",2
24574109,245741096,6,F,20240101,20241119,20241104,20241202,EXP,"",US-UCBSA-2024056013,UCB,"",,"","",F,Y,92.98,KG,20241203,"",HP,US,US,245741096,OT,Pain,"",9,C,OZEMPIC,SEMAGLUTIDE,1,"","UNK(.25 OR 0.5 PEN INJCTR,)",,"",U,"","",,"",,"","","",7
24574438,245744381,1,I,,20241029,20241104,20241104,PER,"",US-ELI_LILLY_AND_COMPANY-US202410020655,ELI LILLY AND COMPANY,"",65,YR,E,"",Y,,"",20241104,"",LW,US,US,245744381,OT,Vomiting,"",2,SS,OZEMPIC,SEMAGLUTIDE,1,Unknown,"UNK UNK, unknown",,"","","","",,"",,"","","",7
24574852,245748521,1,I,20240101,20241024,20241104,20241104,PER,"",US-009507513-2410USA011286,MERCK,"",,"","",M,Y,,"",20241104,"",CN,US,US,,,Blood glucose increased,"",23,C,OZEMPIC,SEMAGLUTIDE,1,"","",,"","","","",,"",,"","","",
24575134,245751341,1,I,20241006,20241009,20241104,20241104,PER,"",US-TRAVERE-2024TVT01027,TRAVERE THERAPEUTICS,"",48,YR,A,M,Y,,"",20241104,"",CN,US,US,,,Product use in unapproved indication,"",2,C,OZEMPIC,SEMAGLUTIDE,1,"","",,"","","","",,"",,"","","",
24575142,245751421,1,I,,20241025,20241104,20241104,PER,"",US-GSK-US2024AMR133834,GLAXOSMITHKLINE,"",,"","",F,Y,,"",20241104,"",CN,US,US,,,Blood pressure decreased,"",2,C,WEGOVY,SEMAGLUTIDE,1,"","UNK, 2.4MG/0.75",,"",U,"","",,"",,"",Solution for injection in pre-filled pen,"",
24575281,245752813,3,F,,20241204,20241104,20241212,EXP,"",US-ROCHE-10000119282,ROCHE,"",55,YR,A,F,Y,99,KG,20241212,"",MD,US,US,245752813,HO,Sneezing,"",23,C,OZEMPIC,SEMAGLUTIDE,1,Subcutaneous,0.25 or 0.5 mg,,"","","","",,"",,"","","",3
24575437,245754371,1,I,20240913,20240917,20241104,20241104,PER,"",US-SCPHARMACEUTICALS-2024-SCPH-US000560,PAREXEL,"",,"","","",Y,,"",20241021,"",CN,US,US,,,Dyspnoea,"",14,C,OZEMPIC,SEMAGLUTIDE,1,Unknown,"",,"","","","",,"",,"","","",
24575727,245757271,1,I,20240510,20241101,20241101,20241101,DIR,725603,"",FDA-CTU,"",68,YR,"",M,N,89,KG,20241101,N,HP,US,"",245757271,HO,Abdominal pain,"",1,PS,SEMAGLUTIDE,SEMAGLUTIDE,1,Subcutaneous,1.70 MG  QWEEK SUBCUTANEOUS?,,"",Y,D,"",,"",1.7,MG,"",999,3
24575891,245758911,1,I,,20241102,20241102,20241102,DIR,FDA-CDER-CTU-2024-76053,"",FDA-CTU,"",,"","",M,N,,"",20241102,N,HP,US,"",245758911,OT,Nephrolithiasis,"",10,C,OZEMPIC,SEMAGLUTIDE,1,"","",,"","","","",,"",,"","","",7
24576053,245760531,1,I,,20241102,20241102,20241102,DIR,725702,"",FDA-CTU,"",61,YR,"",F,N,70.65,KG,20241102,N,CN,US,"",,,Depressed mood,"",1,PS,OZEMPIC,SEMAGLUTIDE,1,"",OTHER QUANTITY : .25 Injection(s);?OTHER FREQUENCY : Once weekly;?,,"","","","",,"",,"","",999,
24576526,245765261,1,I,20241103,20241103,20241103,20241103,DIR,725744,"",FDA-CTU,"",53,YR,"",F,N,142.2,KG,20241103,Y,CN,US,"",,,Product communication issue,"",1,PS,SEMAGLUTIDE,SEMAGLUTIDE,1,Subcutaneous,OTHER FREQUENCY : Once weekly;?,,"","","",38442,20241224,99,,"","",999,
24576724,245767241,1,I,20241031,20241104,20241104,20241104,DIR,725808,"",FDA-CTU,"",72,YR,"",F,N,79.65,KG,20241104,N,CN,US,"",,,Incorrect dose administered,"",1,PS,LEVOCARNITINE\SEMAGLUTIDE,LEVOCARNITINE\SEMAGLUTIDE,1,Subcutaneous,OTHER QUANTITY : 1 Injection(s);?OTHER FREQUENCY : 1 time a week;?,,"",Y,N,"",20241211,99,,"","",999,
24576819,245768193,3,F,20241028,20241105,20241104,20241113,PER,"",NVSC2024US210068,NOVARTIS,"",35,YR,"",F,Y,,"",20241113,"",CN,US,US,,,Injection site bruising,"",5,C,OZEMPIC,SEMAGLUTIDE,1,Unknown,0.05 mg,,"",U,"","",,"",0.05,MG,"","",
24576974,245769741,1,I,,20241028,20241104,20241104,PER,"",US-BAYER-2024A154361,BAYER HEALTHCARE PHARMACEUTICALS INC.,"",76,YR,E,F,Y,,"",20241104,"",MD,US,US,,,Fatigue,"",20,C,SEMAGLUTIDE,SEMAGLUTIDE,1,"","",,"","","","",,"",,"","","",
24577077,245770771,1,I,20241016,20241101,20241101,20241101,DIR,725623,"",FDA-CTU,"",38,YR,"",F,N,67.5,KG,20241101,N,CN,US,"",245770771,HO,Back pain,"",1,PS,WEGOVY,SEMAGLUTIDE,1,Subcutaneous,Frequency : Weekly;?,,"",N,D,"",20250917,99,,"",Injection,QW,3
24578336,245783361,1,I,20240901,20241023,20241105,20241105,EXP,"",US-NOVOPROD-1306666,NOVO NORDISK,"",,"","",M,Y,,"",20241105,"",CN,US,US,245783361,OT,Cataract operation,"",1,PS,OZEMPIC,SEMAGLUTIDE,1,Subcutaneous,0.5 mg,,"",Y,"","",,209637,0.5,MG,Solution for injection,"",7
24578339,245783391,1,I,,20241023,20241105,20241105,EXP,"",US-NOVOPROD-1307086,NOVO NORDISK,"",,"","",M,Y,,"",20241105,"",CN,US,US,245783391,OT,Nephrolithiasis,"",1,PS,OZEMPIC,SEMAGLUTIDE,1,Subcutaneous,.50,,"",U,"",pzf9g09,,209637,,"",Solution for injection,"",7
24578341,245783412,2,F,20240909,20241217,20241105,20241230,EXP,"",US-NOVOPROD-1306038,NOVO NORDISK,"",74,YR,"",F,Y,,"",20241231,"",CN,US,US,245783412,OT,Trigger finger,"",2,PS,OZEMPIC,SEMAGLUTIDE,1,Subcutaneous,0.5 mg,,"",Y,"",PZF9Y69,,209637,0.5,MG,Solution for injection,"",7
24578343,245783431,1,I,20220101,20241024,20241105,20241105,EXP,"",US-NOVOPROD-1268611,NOVO NORDISK,"",29,YR,"",F,Y,,"",20241105,"",CN,US,US,245783431,HO,Product use in unapproved indication,"",1,PS,OZEMPIC,SEMAGLUTIDE,1,"","",,"",U,"","",,209637,,"",Solution for injection,"",3
24578350,245783501,1,I,20240101,20241027,20241105,20241105,PER,"",US-UNITED THERAPEUTICS-UNT-2024-031865,UNITED THERAPEUTICS,"",,"","",M,Y,74.83,KG,20241105,"","",US,US,,,Infusion site pain,"",21,C,OZEMPIC,SEMAGLUTIDE,1,"",1/0.75 (3),,"","","","",,"",,"","","",
24578356,245783562,2,F,,20241125,20241105,20241204,EXP,"",US-NOVOPROD-1307799,NOVO NORDISK,"",,"","",F,Y,,"",20241204,"",CN,US,US,245783562,OT,Cataract operation,"",1,PS,OZEMPIC,SEMAGLUTIDE,1,Subcutaneous,0.25,,"","","","",,209637,,"",Solution for injection,"",7
24578364,245783641,1,I,20241011,20241025,20241105,20241105,EXP,"",US-NOVOPROD-1307659,NOVO NORDISK,"",58,YR,"",M,Y,,"",20241105,"",CN,US,US,245783641,HO,Alcohol use,"",1,PS,OZEMPIC,SEMAGLUTIDE,1,Subcutaneous,"1 mg, qw",,"","","",PAR0149,,209637,1,MG,Solution for injection,/WK,3
24578369,245783691,1,I,20241007,20241025,20241105,20241105,EXP,"",US-NOVOPROD-1307796,NOVO NORDISK,"",30,YR,"",F,Y,,"",20241105,"",CN,US,US,245783691,HO,Dizziness,"",1,PS,WEGOVY,SEMAGLUTIDE,1,Subcutaneous,0.5 mg weekly,4.5,MG,N,"","",,215256,0.5,MG,Solution for injection,/WK,3
24578375,245783751,1,I,20240723,20241025,20241105,20241105,EXP,"",US-NOVOPROD-1307661,NOVO NORDISK,"",63,YR,"",F,Y,,"",20241105,"",CN,US,US,245783751,OT,Gastric bypass,"",1,PS,OZEMPIC,SEMAGLUTIDE,1,Subcutaneous,"0.5 mg, qw",,"",U,"","",,209637,0.5,MG,Solution for injection,/WK,7
24578389,245783891,1,I,,20241025,20241105,20241105,EXP,"",US-NOVOPROD-1308423,NOVO NORDISK,"",70,YR,"","",Y,,"",20241105,"",CN,US,US,245783891,OT,Carbon dioxide increased,"",1,PS,WEGOVY,SEMAGLUTIDE,1,Subcutaneous,Unknown,,"",Y,"",PZF9D09,,215256,,"",Solution for injection,"",7
24578394,245783941,1,I,20240101,20241025,20241105,20241105,EXP,"",US-NOVOPROD-1308037,NOVO NORDISK,"",56,YR,"",F,Y,86.168,KG,20241105,"",CN,US,US,245783941,OT,Hepatic cirrhosis,"",1,PS,OZEMPIC,SEMAGLUTIDE,1,Subcutaneous,UNK,,"",U,"","",,209637,,"",Solution for injection,"",7
24578483,245784831,1,I,20240501,20241025,20241105,20241105,EXP,"",US-NOVOPROD-1309231,NOVO NORDISK,"",72,YR,"",F,Y,,"",20241105,"",CN,US,US,245784831,OT,Insomnia,"",1,PS,OZEMPIC,SEMAGLUTIDE,1,Subcutaneous,0.25 mg,,"",U,"","",,209637,0.25,MG,Solution for injection,"",7
24578485,245784851,1,I,20240723,20241025,20241105,20241105,EXP,"",US-NOVOPROD-1309390,NOVO NORDISK,"",63,YR,"",F,Y,,"",20241105,"",CN,US,US,245784851,OT,Hernia repair,"",1,PS,OZEMPIC,SEMAGLUTIDE,1,Subcutaneous,UNK,,"","","","",,209637,,"",Solution for injection,"",7
24578489,245784891,1,I,20240806,20241025,20241105,20241105,EXP,"",US-NOVOPROD-1309442,NOVO NORDISK,"",71,YR,"",F,Y,,"",20241105,"",CN,US,US,245784891,OT,Macular degeneration,"",1,PS,OZEMPIC,SEMAGLUTIDE,1,Subcutaneous,"2 mg, qw",,"",U,"",PAR0405,,209637,2,MG,Solution for injection,/WK,7
24578500,245785001,1,I,20220101,20241028,20241105,20241105,EXP,"",US-NOVOPROD-1310239,NOVO NORDISK,"",71,YR,"",M,Y,,"",20241105,"",CN,US,US,245785001,OT,Knee operation,"",1,PS,OZEMPIC,SEMAGLUTIDE,1,Subcutaneous,0.5 mg,,"",U,"",PZFAJ98,,209637,0.5,MG,Solution for injection,"",7
24578503,245785032,2,F,20240101,20241213,20241105,20241224,EXP,"",US-NOVOPROD-1311301,NOVO NORDISK,"",,"",A,F,Y,,"",20241224,"",CN,US,US,245785032,HO,Nausea,"",1,PS,WEGOVY,SEMAGLUTIDE,1,Subcutaneous,"0.25 mg, qw",,"",Y,U,"",,215256,0.25,MG,Solution for injection,/WK,3
24578505,245785051,1,I,20230706,20241028,20241105,20241105,EXP,"",US-NOVOPROD-1310148,NOVO NORDISK,"",61,YR,"",F,Y,,"",20241105,"",CN,US,US,245785051,HO,Muscular weakness,"",1,PS,OZEMPIC,SEMAGLUTIDE,1,Subcutaneous,UNK,,"",U,"","",,209637,,"",Solution for injection,"",3
24578508,245785081,1,I,,20241028,20241105,20241105,EXP,"",US-NOVOPROD-1310274,NOVO NORDISK,"",,"","",F,Y,,"",20241105,"",CN,US,US,245785081,HO,Gastrointestinal disorder,"",1,PS,OZEMPIC,SEMAGLUTIDE,1,Subcutaneous,"0.25 mg, qw",,"","","","",,209637,0.25,MG,Solution for injection,/WK,3
24579348,245793481,1,I,,20241031,20241105,20241105,PER,"",US-ABBVIE-5989043,ABBVIE,"",,"","","",Y,,"",20241105,"",CN,US,US,,,Weight decreased,"",2,C,OZEMPIC,SEMAGLUTIDE,1,"","",,"","","","",,"",,"","","",
24579530,245795301,1,I,,20241028,20241105,20241105,PER,"",US-UNITED THERAPEUTICS-UNT-2024-034578,UNITED THERAPEUTICS,"",,"","",F,Y,100.23,KG,20241105,"","",US,US,,,Seasonal allergy,"",15,C,OZEMPIC,SEMAGLUTIDE,1,"","",,"","","","",,"",,"","","",
24580066,245800661,1,I,20240729,20241104,20241104,20241104,DIR,725940,"",FDA-CTU,"",69,YR,"",M,N,,"",20241104,N,PH,US,"",,,Diarrhoea,"",1,PS,SEMAGLUTIDE,SEMAGLUTIDE,1,"","",,"","","","",,"",,"","","",
24580086,245800862,2,F,20240416,20241115,20241105,20241120,EXP,"",US-TAKEDA-2024TUS037507,TAKEDA,"",65,YR,"",M,Y,115.19,KG,20241120,"","",US,US,245800862,OT,Product dose omission issue,"",20,C,OZEMPIC,SEMAGLUTIDE,1,"",UNK,,"","","","",,"",,"","","",7
24580419,245804191,1,I,20240815,20241104,20241104,20241104,DIR,725974,"",FDA-CTU,"",61,YR,"",F,N,94.95,KG,20241104,N,CN,US,"",245804191,OT,Therapy change,"",1,PS,OZEMPIC,SEMAGLUTIDE,1,"","",,"",Y,D,"",,"",,"","","",7
24580803,245808031,1,I,20240928,20241104,20241105,20241105,DIR,FDA-CDER-CTU-2024-76533,"",FDA-CTU,"",68,YR,"",F,N,193,LBS,20241104,N,CN,US,"",245808031,RI,Neuropathy peripheral,"",1,PS,OZEMPIC,SEMAGLUTIDE,1,Other,OTHER FREQUENCY : other;?OTHER ROUTE : Given into/under the skin;?,,"","",D,418103,20260228,"",0.25,IU,"",999,6
24580910,245809101,1,I,20241104,20241105,20241105,20241105,DIR,725988,"",FDA-CTU,"",,"","",F,N,93.4,KG,20241105,N,PH,US,"",245809101,HO,Pancreatitis acute,"",1,PS,SEMAGLUTIDE,SEMAGLUTIDE,1,Oral,Frequency : Daily;?,,"","","","",,"",14,MG,"",QD,3
24581063,245810631,1,I,,20241024,20241105,20241105,EXP,"",US-ELI_LILLY_AND_COMPANY-US202410018683,ELI LILLY AND COMPANY,"",64,YR,A,M,Y,,"",20241105,"",HP,US,US,245810631,OT,Acromegaly,"",2,C,RYBELSUS,SEMAGLUTIDE,1,"","",,"","","","",,"",,"","","",7
24581193,245811931,1,I,20241028,20241105,20241105,20241105,DIR,726027,"",FDA-CTU,"",71,YR,"",F,N,102.8,KG,20241105,Y,"",US,"",245811931,HO,Pleuritic pain,"",15,C,OZEMPIC,SEMAGLUTIDE,1,"","",,"","","","",,"",,"","","",3
24581505,245815051,1,I,,20230830,20241105,20241105,EXP,"",US-NOVOPROD-1311298,NOVO NORDISK,"",,"","",F,Y,,"",20241105,"",CN,US,US,245815051,DS,Deafness unilateral,"",1,PS,OZEMPIC,SEMAGLUTIDE,1,Subcutaneous,UNK,,"",U,"","",,209637,,"",Solution for injection,"",4
24581506,245815061,1,I,20200101,20210405,20241105,20241105,EXP,"",US-NOVOPROD-1286569,NOVO NORDISK,"",49,YR,"","",Y,138.32,KG,20241105,"",CN,US,US,245815061,DS,Osteotomy,"",1,PS,OZEMPIC,SEMAGLUTIDE,1,Subcutaneous,"1 mg, qw",,"",U,"","",,209637,1,MG,Solution for injection,/WK,4
24581507,245815071,1,I,20230101,20230906,20241105,20241105,EXP,"",US-NOVOPROD-1309387,NOVO NORDISK,"",68,YR,"",F,Y,,"",20241105,"",CN,US,US,245815071,OT,Off label use,"",1,PS,OZEMPIC,SEMAGLUTIDE,1,Subcutaneous,UNK,,"",U,"","",,209637,,"",Solution for injection,"",7
24581521,245815211,1,I,,20240613,20241105,20241105,EXP,"",US-NOVOPROD-1295767,NOVO NORDISK,"",,"","",F,Y,,"",20241105,"",PH,US,US,245815211,OT,Haemochromatosis,"",1,PS,WEGOVY,SEMAGLUTIDE,1,Subcutaneous,UNK,,"",U,"","",,215256,,"",Solution for injection,"",7
24581755,245817551,1,I,20241023,20241024,20241105,20241105,EXP,"",US-SMPA-2024SPA004480,SUNOVION,"",,"","","",Y,,"",20241105,"",CN,US,US,245817551,OT,Product dose omission issue,"",6,C,OZEMPIC,SEMAGLUTIDE,1,Unknown,UNK,,"","","","",,"",,"","","",7
24581888,245818882,2,F,20240101,20241107,20241105,20241122,EXP,"","US-MADRIGAL PHARMACEUTICALS, INC-2024REZ2627",MADRIGAL PHARMACEUTICALS,"",,"","","",Y,,"",20241122,"",CN,US,US,245818882,HO,Renal impairment,"",20,C,OZEMPIC,SEMAGLUTIDE,1,Subcutaneous,1M SOP 4 mg/3 ml,,"","","","",,"",,"","","",3
24582236,245822362,2,F,20240101,20241105,20241105,20241112,PER,"",US-ABBVIE-5987180,ABBVIE,"",44,YR,"",F,Y,78,KG,20241112,"",MD,US,US,245822362,OT,Abnormal uterine bleeding,"",2,C,WEGOVY,SEMAGLUTIDE,1,Subcutaneous,Last Administration 2024?1.7 mg/0.75 mL pen injector?Inject 0.75 mt. every week for 28 days.,,"","","","",,"",,"","",/WK,7
24582421,245824211,1,I,,20241026,20241106,20241106,EXP,"",US-NOVOPROD-1307789,NOVO NORDISK,"",83,YR,"",M,Y,,"",20241106,"",MD,US,US,245824211,HO,Glomerulosclerosis,"",1,PS,WEGOVY,SEMAGLUTIDE,1,Subcutaneous,UNK,,"",Y,"","",,215256,,"",Solution for injection,"",3
24582424,245824241,1,I,,20241027,20241106,20241106,EXP,"",US-NOVOPROD-1311899,NOVO NORDISK,"Bryan Mortimer, Tarak Vasavada. The Weight Loss Enigma: Balancing New Drugs with Mental Health Risks. Journal of Investigative Medicine. 2024;72:NP1-NP43",68,YR,"",F,Y,,"",20241106,"",HP,US,US,245824241,HO,Suicidal ideation,"",1,PS,OZEMPIC,SEMAGLUTIDE,1,Subcutaneous,1 mg,,"",U,"","",,209637,1,MG,Solution for injection,"",3
24582443,245824431,1,I,20240801,20241028,20241106,20241106,EXP,"",US-NOVOPROD-1309089,NOVO NORDISK,"",,"","",F,Y,,"",20241106,"",CN,US,US,245824431,OT,Heavy menstrual bleeding,"",1,PS,WEGOVY,SEMAGLUTIDE,1,Subcutaneous,0.5 mg (Restarted),,"",N,"",PZFBL64,,215256,0.5,MG,Solution for injection,"",7
24582444,245824443,3,F,20240101,20241125,20241106,20241206,EXP,"",US-NOVOPROD-1291808,NOVO NORDISK,"",72,YR,"",F,Y,,"",20241206,"",CN,US,US,,,Product use in unapproved indication,"",1,PS,OZEMPIC,SEMAGLUTIDE,1,Subcutaneous,0.5 mg twice weekly,,"",U,"",NZF8E78,,209637,0.5,MG,Solution for injection,"",
24582445,245824451,1,I,,20241028,20241106,20241106,EXP,"",US-NOVOPROD-1308060,NOVO NORDISK,"",,"","",F,Y,,"",20241106,"",CN,US,US,245824451,HO,Illness,"",1,PS,OZEMPIC,SEMAGLUTIDE,1,Subcutaneous,UNK,,"",U,"","",,209637,,"",Solution for injection,"",3
24582448,245824482,2,F,20241008,20241105,20241106,20241119,EXP,"",US-NOVOPROD-1309004,NOVO NORDISK,"",77,YR,"",F,Y,,"",20241119,"",CN,US,US,245824482,OT,Diabetes mellitus inadequate control,"",1,PS,RYBELSUS,SEMAGLUTIDE,1,Oral,3 mg,,"","","","",,213051,3,MG,Tablet,"",7
24583317,245833171,1,I,,20241030,20241106,20241106,PER,"",US-ABBVIE-5985836,ABBVIE,"",,"",E,F,Y,,"",20241106,"",CN,US,US,,,Drug ineffective,"",5,C,OZEMPIC,SEMAGLUTIDE,1,"","",,"","","","",,"",,"","","",
24583648,245836481,1,I,,20241029,20241106,20241106,PER,"",US-ELI_LILLY_AND_COMPANY-US202410020666,ELI LILLY AND COMPANY,"",56,YR,A,"",Y,,"",20241106,"",LW,US,US,245836481,OT,Nausea,"",2,SS,OZEMPIC,SEMAGLUTIDE,1,Unknown,"UNK UNK, unknown",,"",U,"","",,"",,"","","",7
24584315,245843151,1,I,20240503,20241105,20241105,20241105,DIR,726121,"",FDA-CTU,"",36,YR,"",M,N,,"",20241105,N,CN,US,"",245843151,DE,Therapy cessation,"",1,PS,OZEMPIC,SEMAGLUTIDE,1,Other,OTHER ROUTE : Injection into stomach;?,,"",N,D,"",,"",,"","","",1
24584372,245843721,1,I,20241028,20241105,20241105,20241105,DIR,726157,"",FDA-CTU,"",40,YR,"",F,N,74.25,KG,20241105,N,CN,US,"",245843721,LT,Anaphylactic reaction,"",1,PS,SEMAGLUTIDE,SEMAGLUTIDE,1,"","",,"",Y,Y,"",,99,,"","","",2
24584467,245844674,4,F,20241001,20241216,20241106,20241219,EXP,"",US-PFIZER INC-202400293776,PFIZER,"",73,YR,"",F,Y,,"",20241219,"",HP,US,US,245844674,HO,Pneumonia,"",11,C,OZEMPIC,SEMAGLUTIDE,1,"",UNK,,"","","","",,"",,"","","",3
24584497,245844971,1,I,,20241030,20241105,20241105,DIR,FDA-CDER-CTU-2024-76767,"",FDA-CTU,"",64,YR,"",M,N,78.02,KG,20241030,"",CN,US,"",,,Thrombocytopenia,"",1,PS,OZEMPIC,SEMAGLUTIDE,1,"","",,"","","","",,"",,"","","",
24585364,245853641,1,I,,20241101,20241106,20241106,PER,"",US-ELI_LILLY_AND_COMPANY-US202411000900,ELI LILLY AND COMPANY,"",43,YR,A,"",Y,,"",20241106,"",CN,US,US,,,Hypersensitivity,"",2,SS,OZEMPIC,SEMAGLUTIDE,1,Unknown,"UNK UNK, unknown",,"",U,"","",,"",,"","","",
24585408,245854081,1,I,20240101,20241028,20241106,20241106,EXP,"","US-Rigel Pharmaceuticals, Inc.-20241000219",RIGEL PHARMACEUTICALS,"",,"","",F,Y,129.27,KG,20241106,"",CN,US,US,245854081,HO,Pneumonia,"",8,C,OZEMPIC,SEMAGLUTIDE,1,"",Unk,,"",D,"","",,"",,"","","",3
24585428,245854281,1,I,20230403,20230810,20241106,20241106,EXP,"",US-NOVOPROD-1312507,NOVO NORDISK,"",,"","",M,Y,,"",20241106,"",CN,US,US,245854281,OT,Spinal operation,"",1,PS,OZEMPIC,SEMAGLUTIDE,1,Subcutaneous,"1 mg, qw",,"",U,"","",,209637,1,MG,Solution for injection,/WK,7
24585656,245856562,2,F,,20241126,20241106,20241210,EXP,"","US-BELCHER PHARMACEUTICALS, LLC-2024US003945",PAREXEL,"",,"","","",Y,,"",20241210,"",HP,US,US,245856562,HO,Off label use,"",1,PS,SEMAGLUTIDE,SEMAGLUTIDE,1,Unknown,5 mg/2mL (2.5 mg/mL),,"",Y,"",I827G008A1,,"",,"",Injection,"",3
24586213,245862132,2,F,20240101,20241114,20241106,20241119,EXP,"",US-JAZZ PHARMACEUTICALS-2024-US-020141,JAZZ,"",,"","",F,Y,,"",20241119,"",CN,US,US,245862132,OT,Headache,"",10,C,OZEMPIC,SEMAGLUTIDE,1,"",UNK,,"","","","",,"",,"","","",7
24586467,245864672,2,F,20241027,20241122,20241106,20241126,PER,"",US-AMGEN-USASP2024217993,AMGEN,"",60,YR,A,M,Y,,"",20241126,"",HP,US,US,,,Injection site bruising,"",3,C,OZEMPIC,SEMAGLUTIDE,1,Unknown,"UNK, therapy stopped",,"","","","",,"",,"","","",
24588778,245887782,2,F,,20241030,20241107,20241111,EXP,"",US-NOVOPROD-1308864,NOVO NORDISK,"",,"","","",Y,,"",20241111,"",CN,US,US,,,Weight increased,"",1,PS,WEGOVY,SEMAGLUTIDE,1,Subcutaneous,UNK,,"",U,"","",,215256,,"",Solution for injection,"",
24588779,245887791,1,I,,20241025,20241107,20241107,EXP,"",US-NOVOPROD-1308188,NOVO NORDISK,"",,"",A,F,Y,,"",20241107,"",CN,US,US,245887791,OT,Cerebrovascular accident,"",1,PS,OZEMPIC,SEMAGLUTIDE,1,Subcutaneous,UNK,,"",U,"","",,209637,,"",Solution for injection,"",7
24588780,245887801,1,I,20240601,20241025,20241107,20241107,EXP,"",US-NOVOPROD-1308189,NOVO NORDISK,"",,"","",F,Y,,"",20241107,"",CN,US,US,245887801,OT,Decreased appetite,"",1,PS,WEGOVY,SEMAGLUTIDE,1,Subcutaneous,UNK,,"",Y,"","",,215256,,"",Solution for injection,"",7
24588782,245887821,1,I,,20241027,20241107,20241107,EXP,"",US-NOVOPROD-1311818,NOVO NORDISK,"Dagher C, Jailani M, Akiki M, et al.. Semaglutide-Induced Acute Pancreatitis Leading to Death After Four Years of Use. Cureus. 2024;16(9)",74,YR,"",M,Y,,"",20241107,"",MD,US,US,245887821,DE,Hypotension,"",1,PS,SEMAGLUTIDE,SEMAGLUTIDE,1,Subcutaneous,"0.5 mg, qw",,"",U,"","",,209637,0.5,MG,"",/WK,1
24589246,245892461,1,I,20240724,20241106,20241106,20241106,DIR,726300,"",FDA-CTU,"",78,YR,"",M,N,56,KG,20241106,N,PH,US,"",245892461,HO,Cholecystectomy,"",1,PS,SEMAGLUTIDE,SEMAGLUTIDE,1,Subcutaneous,OTHER FREQUENCY : QWEEK;?,,"",D,"","",,"",0.5,MG,"",999,3
24589378,245893781,1,I,20230415,20241028,20241107,20241107,EXP,"",US-NOVOPROD-1308568,NOVO NORDISK,"",73,YR,"",F,Y,,"",20241107,"",CN,US,US,245893781,OT,Off label use,"",1,PS,OZEMPIC,SEMAGLUTIDE,1,Subcutaneous,"1 mg, qw",,"","","",PAR0364,,209637,1,MG,Solution for injection,/WK,7
24589383,245893831,1,I,,20241028,20241107,20241107,EXP,"",US-NOVOPROD-1308117,NOVO NORDISK,"",70,YR,"",F,Y,,"",20241107,"",CN,US,US,245893831,OT,Cataract,"",1,PS,OZEMPIC,SEMAGLUTIDE,1,Subcutaneous,2 mg,,"","","",PAR0402,,209637,2,MG,Solution for injection,"",7
24589388,245893881,1,I,20240521,20241028,20241107,20241107,EXP,"",US-NOVOPROD-1309005,NOVO NORDISK,"",73,YR,"",F,Y,,"",20241107,"",CN,US,US,245893881,OT,Off label use,"",1,PS,OZEMPIC,SEMAGLUTIDE,1,Subcutaneous,0.25mg,,"",U,N,"",,209637,,"",Solution for injection,"",7
24589423,245894232,2,F,20241028,20241210,20241107,20241220,EXP,"",US-NOVOPROD-1309320,NOVO NORDISK,"",51,YR,"",M,Y,,"",20241220,"",CN,US,US,245894232,DE,Nausea,"",1,PS,WEGOVY,SEMAGLUTIDE,1,Subcutaneous,"2.4 mg, qw",,"",D,"",PAR0340,,215256,2.4,MG,Solution for injection,/WK,1
24589425,245894251,1,I,20230101,20241028,20241107,20241107,EXP,"",US-NOVOPROD-1309034,NOVO NORDISK,"",73,YR,"",F,Y,,"",20241107,"",CN,US,US,245894251,OT,Polycythaemia,"",1,PS,OZEMPIC,SEMAGLUTIDE,1,Subcutaneous,0.5 mg,,"",U,"","",,209637,,"",Solution for injection,"",7
24589426,245894261,1,I,20240901,20241028,20241107,20241107,EXP,"",US-NOVOPROD-1309308,NOVO NORDISK,"",54,YR,"",F,Y,,"",20241107,"",CN,US,US,245894261,HO,Weight increased,"",1,PS,OZEMPIC,SEMAGLUTIDE,1,Subcutaneous,UNK,,"",U,"","",,209637,,"",Solution for injection,"",3
24589554,245895542,2,F,20241002,20241105,20241107,20241127,PER,"",US-Vifor (International) Inc.-VIT-2024-09630,VIFOR (INTERNATIONAL) INC.,"",69,YR,"",F,Y,87.5,KG,20241127,"",HP,US,US,,,Presyncope,"",12,C,OZEMPIC,SEMAGLUTIDE,1,Subcutaneous,0.25 mg or 0.5,,"","","","",,"",,"","","",
24590016,245900161,1,I,,20201031,20241107,20241107,EXP,"",US-NOVOPROD-1279217,NOVO NORDISK,"",,"","",F,Y,,"",20241107,"",CN,US,US,245900161,HO,Pharyngeal swelling,"",1,PS,RYBELSUS,SEMAGLUTIDE,1,Oral,7 mg,,"",U,"","",,213051,7,MG,Tablet,"",3
24590352,245903521,1,I,20240101,20241007,20241107,20241107,EXP,"",US-NOVOPROD-1313407,NOVO NORDISK,"",70,YR,"",F,Y,,"",20241107,"",CN,US,US,245903521,OT,Intervertebral disc protrusion,"",1,PS,OZEMPIC,SEMAGLUTIDE,1,Subcutaneous,2 mg,,"",U,"",PAR0368,,209637,2,MG,Solution for injection,"",7
24590370,245903701,1,I,,20241101,20241107,20241107,PER,"",US-UNITED THERAPEUTICS-UNT-2024-035224,UNITED THERAPEUTICS,"",,"","",F,Y,62.132,KG,20241107,"","",US,US,,,Headache,"",20,C,OZEMPIC,SEMAGLUTIDE,1,"",UNK,,"","","","",,"",,"","","",
24590427,245904271,1,I,20241001,20241107,20241107,20241107,DIR,726355,"",FDA-CTU,"",73,YR,"",M,N,90,KG,20241107,Y,CN,US,"",,,Therapy cessation,"",1,PS,WEGOVY,SEMAGLUTIDE,1,"","",,"","","","",,"",,"","","",
24590458,245904581,1,I,20241015,20241107,20241107,20241107,DIR,726379,"",FDA-CTU,"",69,YR,"",F,N,85.3,KG,20241107,N,PH,US,"",245904581,HO,Nausea,"",2,SS,OZEMPIC,SEMAGLUTIDE,1,"","",,"","","","",,"",,"","","",3
24591066,245910661,1,I,,20241030,20241107,20241107,EXP,"",US-SA-2024SA319874,SANOFI AVENTIS,"",,"",A,F,Y,96.82,KG,20241108,"",MD,US,US,245910661,OT,Kidney infection,"",2,C,OZEMPIC,SEMAGLUTIDE,1,"","",,"",U,"","",,"",,"","","",7
24591219,245912191,1,I,20231201,20241105,20241108,20241108,EXP,"",US-ROCHE-10000125884,ROCHE,"",45,YR,A,F,Y,108.86,KG,20241108,"",CN,US,US,,,Diabetes mellitus,"",2,C,OZEMPIC,SEMAGLUTIDE,1,Subcutaneous,"",,"","","","",,"",0.5,MG,Pen,/WK,
24591813,245918131,1,I,20240101,20241031,20241108,20241108,PER,"",US-UNITED THERAPEUTICS-UNT-2024-034874,UNITED THERAPEUTICS,"",,"","",F,Y,90.703,KG,20241108,"","",US,US,,,Catheter site haemorrhage,"",19,C,OZEMPIC,SEMAGLUTIDE,1,"",UNK,,"","","","",,"",,"","","",
24592273,245922731,1,I,20240927,20241018,20241108,20241108,PER,"",US-009507513-2410USA009693,MERCK,"",57,YR,"",M,Y,,"",20241108,"",CN,US,US,,,Back pain,"",2,C,OZEMPIC,SEMAGLUTIDE,1,"","",,"","","","",,"",,"","","",
24592900,245929001,1,I,20240711,20241107,20241107,20241107,DIR,726501,"",FDA-CTU,"",50,YR,"",M,N,107,KG,20241107,N,PH,US,"",245929001,HO,Small intestinal obstruction,"",1,PS,SEMAGLUTIDE,SEMAGLUTIDE,1,Subcutaneous,OTHER FREQUENCY : QWEEK;?,,"",Y,Y,"",,"",2.4,MG,"",999,3
24592956,245929561,1,I,20240427,20240429,20241108,20241108,PER,"",US-BRIAN CONNER SVP QUALITY AND CHIEF COMPLIANCE OFFICER-2024XER00237,XERIS PHARMACEUTICALS,"",46,YR,"",F,Y,63.956,KG,20241009,"",CN,US,US,,,Extra dose administered,"",2,C,OZEMPIC,SEMAGLUTIDE,1,"","",,"","","","",,"",,"","","",
24592975,245929751,1,I,20240615,20240709,20241108,20241108,PER,"",US-BRIAN CONNER SVP QUALITY AND CHIEF COMPLIANCE OFFICER-2024XER00357,XERIS PHARMACEUTICALS,"",66,YR,"",M,Y,99.79,KG,20241009,"",CN,US,US,,,Hypersensitivity,"",8,C,OZEMPIC,SEMAGLUTIDE,1,"",1 mg,,"","","","",,"",1,MG,"","",
24592976,245929761,1,I,20240101,20240123,20241108,20241108,PER,"",US-BRIAN CONNER SVP QUALITY AND CHIEF COMPLIANCE OFFICER-2024XER00048,XERIS PHARMACEUTICALS,"",66,YR,"",M,Y,65.578,KG,20241009,"",MD,US,US,,,Injection site pain,"",3,C,OZEMPIC,SEMAGLUTIDE,1,"","UNK, 1x/week",,"","","","",,"",,"","",/WK,
24593183,245931831,1,I,20240822,20241107,20241107,20241107,DIR,726503,"",FDA-CTU,"",55,YR,"",M,N,94,KG,20241107,N,HP,US,"",245931831,HO,Cholelithiasis,"",1,PS,SEMAGLUTIDE,SEMAGLUTIDE,1,Subcutaneous,OTHER FREQUENCY : QWEEK;?,,"",D,D,"",,"",1,MG,"",999,3
24593653,245936531,1,I,20241007,20241108,20241108,20241108,DIR,726531,"",FDA-CTU,"",32,YR,"",F,N,72,KG,20241108,N,CN,US,"",245936531,OT,Therapeutic product effect decreased,"",1,PS,PYRIDOXINE\SEMAGLUTIDE,PYRIDOXINE\SEMAGLUTIDE,1,Subcutaneous,OTHER FREQUENCY : Once a week?,,"",N,D,"",,99,,"","",999,7
24593685,245936851,1,I,,20241031,20241108,20241108,PER,"",US-ELI_LILLY_AND_COMPANY-US202411002092,ELI LILLY AND COMPANY,"",42,YR,A,F,Y,,"",20241108,"",CN,US,US,,,Injection site pain,"",3,C,WEGOVY,SEMAGLUTIDE,1,"","",,"","","","",,"",,"","","",
24593819,245938191,1,I,20240825,20241108,20241108,20241108,DIR,726545,"",FDA-CTU,"",38,YR,"",F,N,78.75,KG,20241108,N,CN,US,"",245938191,HO,Liver disorder,"",1,PS,SEMAGLUTIDE,SEMAGLUTIDE,1,"","",,"",N,D,"",,99,,"","","",3
24593911,245939111,1,I,,20241101,20241108,20241108,EXP,"",US-PHARMING-PHAUS2024001003,PHARMING GROUP,"",,"","","",Y,,"",20241108,"",CN,US,US,245939111,HO,Drug ineffective,"",14,C,OZEMPIC,SEMAGLUTIDE,1,"","",,"","","","",,"",,"","","",3
24593937,245939372,2,F,20230101,20241218,20241108,20241224,EXP,"",US-ABBVIE-5988389,ABBVIE,"",75,YR,"",F,Y,69.853,KG,20241224,"",CN,US,US,245939372,HO,Haematochezia,"",10,C,OZEMPIC,SEMAGLUTIDE,1,"","",,"","","","",,"",,"","","",3
24594230,245942302,2,F,20241029,20241105,20241108,20241112,EXP,"",US-GSK-US2024136151,GLAXOSMITHKLINE,"",,"","","",Y,,"",20241112,"",CN,US,US,245942302,OT,Arthralgia,"",5,C,OZEMPIC,SEMAGLUTIDE,1,"",UNK,,"","","","",,"",,"","","",7
24594282,245942821,1,I,,20241028,20241108,20241108,EXP,"",US-ELI_LILLY_AND_COMPANY-US202410020871,ELI LILLY AND COMPANY,"",59,YR,A,F,Y,,"",20241108,"",CN,US,US,245942821,OT,Neoplasm malignant,"",2,SS,OZEMPIC,SEMAGLUTIDE,1,Unknown,"UNK UNK, unknown",,"",U,"","",,"",,"","","",7
24594565,245945651,1,I,20241028,20241028,20241108,20241108,EXP,"",US-NOVOPROD-1285748,NOVO NORDISK,"",77,YR,"",F,Y,,"",20241108,"",MD,US,US,245945651,OT,Diabetic complication,"",1,PS,OZEMPIC,SEMAGLUTIDE,1,Subcutaneous,"0.5 mg, qw",,"","","","",,209637,0.5,MG,Solution for injection,/WK,7
24594627,245946271,1,I,20190101,20241029,20241108,20241108,EXP,"",US-ELI_LILLY_AND_COMPANY-US202410020730,ELI LILLY AND COMPANY,"",73,YR,E,F,Y,,"",20241108,"",CN,US,US,245946271,OT,Visual impairment,"",2,C,OZEMPIC,SEMAGLUTIDE,1,"","",,"","","","",,"",,"","","",7
24594633,245946331,1,I,,20241104,20241108,20241108,EXP,"",US-ELI_LILLY_AND_COMPANY-US202411001590,ELI LILLY AND COMPANY,"",66,YR,E,"",Y,,"",20241108,"",LW,US,US,245946331,OT,Vomiting,"",2,SS,OZEMPIC,SEMAGLUTIDE,1,Unknown,"UNK UNK, unknown",,"","","","",,"",,"","","",7
24594751,245947511,1,I,20241108,20241108,20241108,20241108,DIR,726593,"",FDA-CTU,"",76,YR,"",F,N,72,KG,20241108,N,"",US,"",245947511,OT,Gait inability,"",1,PS,RYBELSUS,SEMAGLUTIDE,1,Oral,1 AN- AS NECCESARY DAILY ORAL,,"",D,D,List 430330,,"",,"","",QD,7
24594874,245948741,1,I,,20241031,20241108,20241108,EXP,"",US-ASTRAZENECA-202410USA028062US,ALEXION PHARMACEUTICALS,"",,"","","",Y,,"",20241108,"","",US,US,245948741,OT,Chest pain,"",23,C,SEMAGLUTIDE,SEMAGLUTIDE,1,"","2 milliliter, qw",,"","","","",,"",2,ML,"",/WK,7
24595295,245952952,2,F,20240901,20241122,20241108,20241128,EXP,"",US-ABBVIE-5993101,ABBVIE,"",65,YR,"",M,Y,91,KG,20241128,"",CN,US,US,245952952,OT,Cyst,"",2,C,OZEMPIC,SEMAGLUTIDE,1,"","",,"","","","",,"",,"","","",7
24595387,245953871,1,I,,20241101,20241109,20241109,PER,"",US-UNITED THERAPEUTICS-UNT-2024-035203,UNITED THERAPEUTICS,"",,"","",F,Y,73.56,KG,20241109,"","",US,US,,,Sinus disorder,"",5,C,OZEMPIC,SEMAGLUTIDE,1,"",UNK,,"","","","",,"",,"","","",
24596895,245968951,1,I,,20241015,20241110,20241110,PER,"",US-SA-2024SA305493,SANOFI AVENTIS,"",,"",A,F,Y,114.09,KG,20241110,"",HP,US,US,,,Condition aggravated,"",3,C,OZEMPIC,SEMAGLUTIDE,1,"","",,"",U,"","",,"",,"","","",
24597090,245970904,4,F,20240101,20241112,20241110,20241127,EXP,"",US-SA-2024SA312674,SANOFI AVENTIS,"",64,YR,A,F,Y,113.64,KG,20241127,"",HP,US,US,245970904,DS,Mobility decreased,"",2,SS,WEGOVY,SEMAGLUTIDE,1,"",UNK,,"",U,"","",,"",,"","","",4
24597242,245972422,2,F,20240901,20241114,20241110,20241125,PER,"",US-SA-2024SA301655,SANOFI AVENTIS,"",58,YR,A,F,Y,,"",20241125,"",MD,US,US,,,Skin burning sensation,"",2,C,OZEMPIC,SEMAGLUTIDE,1,"","",,"",U,"","",,"",,"","","",
24597257,245972571,1,I,,20241015,20241110,20241110,PER,"",US-SA-2024SA305586,SANOFI AVENTIS,"",,"",A,M,Y,150,KG,20241110,"",MD,US,US,,,Product dose omission issue,"",6,C,OZEMPIC,SEMAGLUTIDE,1,"","",,"",U,"","",,"",,"","","",
24597263,245972632,2,F,20241001,20241126,20241110,20241203,PER,"",US-SA-2024SA308879,SANOFI AVENTIS,"",59,YR,A,F,Y,,"",20241203,"",MD,US,US,,,Rash macular,"",6,C,OZEMPIC,SEMAGLUTIDE,1,"",UNK,,"",U,"","",,"",,"","","",
24597301,245973011,1,I,20240101,20241014,20241110,20241110,PER,"",US-SA-2024SA312431,SANOFI AVENTIS,"",60,YR,A,M,Y,,"",20241110,"",HP,US,US,,,Injection site reaction,"",6,C,OZEMPIC,SEMAGLUTIDE,1,"",UNK,,"",U,"","",,"",,"","","",
24597623,245976231,1,I,,20241017,20241110,20241110,PER,"",US-SA-2024SA315128,SANOFI AVENTIS,"",59,YR,A,F,Y,,"",20241110,"",CN,US,US,,,Product dispensing issue,"",3,C,OZEMPIC,SEMAGLUTIDE,1,"",UNK,,"",U,"","",,"",,"","","",
24597694,245976941,1,I,20240901,20241018,20241110,20241110,PER,"",US-SA-2024SA305190,SANOFI AVENTIS,"",51,YR,A,M,Y,,"",20241110,"",MD,US,US,,,Inappropriate schedule of product administration,"",4,C,WEGOVY,SEMAGLUTIDE,1,"",UNK,,"",U,"","",,"",,"","","",
24597758,245977581,1,I,20240101,20241018,20241110,20241110,PER,"",US-SA-2024SA311402,SANOFI AVENTIS,"",75,YR,E,F,Y,88.18,KG,20241110,"",HP,US,US,,,Injection site pain,"",11,C,OZEMPIC,SEMAGLUTIDE,1,"","",,"",U,"","",,"",,"","","",
24597832,245978321,1,I,,20241018,20241110,20241110,PER,"",US-SA-2024SA310114,SANOFI AVENTIS,"",,"",A,F,Y,86.36,KG,20241110,"",MD,US,US,,,Dermatitis atopic,"",2,C,WEGOVY,SEMAGLUTIDE,1,"",UNK,,"",U,"","",,"",,"","","",
24597899,245978991,1,I,20241018,20241018,20241110,20241110,PER,"",US-SA-2024SA315094,SANOFI AVENTIS,"",44,YR,A,M,Y,102,KG,20241110,"",PH,US,US,,,Rash erythematous,"",13,C,RYBELSUS,SEMAGLUTIDE,1,"",UNK,,"",U,"","",,"",,"","","",
24597968,245979681,1,I,,20241020,20241110,20241110,PER,"",US-SA-2024SA309862,SANOFI AVENTIS,"",61,YR,A,F,Y,,"",20241110,"",MD,US,US,,,Drug hypersensitivity,"",2,SS,OZEMPIC,SEMAGLUTIDE,1,"",UNK,,"","","","",,"",,"","","",
24598265,245982651,1,I,,20241022,20241110,20241110,PER,"",US-SA-2024SA313261,SANOFI AVENTIS,"",,"",A,F,Y,80.91,KG,20241110,"",HP,US,US,,,Hypersensitivity,"",8,C,OZEMPIC,SEMAGLUTIDE,1,"","",,"",U,"","",,"",,"","","",
24598609,245986091,1,I,,20241021,20241110,20241110,PER,"",US-SA-2024SA312582,SANOFI AVENTIS,"",,"",A,M,Y,,"",20241110,"",MD,US,US,,,Psoriasis,"",11,C,OZEMPIC,SEMAGLUTIDE,1,"","",,"",U,"","",,"",,"",Injection,"",
24598772,245987722,2,F,,20241224,20241110,20241230,PER,"",US-SA-2024SA310583,SANOFI AVENTIS,"",,"",E,F,Y,68.03,KG,20241230,"",HP,US,US,,,Nausea,"",8,C,OZEMPIC,SEMAGLUTIDE,1,"",UNK,,"",U,"","",,"",,"","","",
24598870,245988701,1,I,,20241021,20241110,20241110,PER,"",US-SA-2024SA315875,SANOFI AVENTIS,"",,"","",F,Y,,"",20241110,"",CN,US,US,,,Arthritis,"",2,C,OZEMPIC,SEMAGLUTIDE,1,"","",,"",U,"","",,"",,"","","",
24599341,245993411,1,I,,20241024,20241110,20241110,PER,"",US-SA-2024SA318510,SANOFI AVENTIS,"",,"",E,F,Y,,"",20241110,"",MD,US,US,,,Fatigue,"",5,C,OZEMPIC,SEMAGLUTIDE,1,"","",,"",U,"","",,"",,"",Injection,"",
24599389,245993891,1,I,,20241024,20241110,20241110,PER,"",US-SA-2024SA319584,SANOFI AVENTIS,"",55,YR,A,F,Y,,"",20241110,"",MD,US,US,,,Pruritus,"",8,C,OZEMPIC,SEMAGLUTIDE,1,"","",,"",U,"","",,"",,"","","",
24599773,245997731,1,I,20241001,20241025,20241110,20241110,PER,"",US-SA-2024SA316278,SANOFI AVENTIS,"",57,YR,A,F,Y,72.73,KG,20241110,"",HP,US,US,,,Dry skin,"",4,C,OZEMPIC,SEMAGLUTIDE,1,"",UNK,,"",U,"","",,"",,"","","",
24600144,246001441,1,I,,20241028,20241110,20241110,PER,"",US-SA-2024SA316228,SANOFI AVENTIS,"",,"",A,F,Y,,"",20241110,"",MD,US,US,,,Arthropod bite,"",11,C,OZEMPIC,SEMAGLUTIDE,1,"","",,"",U,"","",,"",,"","","",
24600465,246004651,1,I,,20241028,20241110,20241110,PER,"",US-SA-2024SA320889,SANOFI AVENTIS,"",,"",A,F,Y,120,KG,20241110,"",MD,US,US,,,Rash vesicular,"",2,SS,OZEMPIC,SEMAGLUTIDE,1,"",UNK,,"",U,"","",,"",,"","","",
24601155,246011551,1,I,20190101,20241029,20241110,20241110,EXP,"",US-NOVOPROD-1309457,NOVO NORDISK,"",64,YR,"",F,Y,,"",20241111,"",CN,US,US,246011551,OT,Tooth fracture,"",1,PS,OZEMPIC,SEMAGLUTIDE,1,Subcutaneous,1 mg,,"",U,"",PAR0145,,209637,1,MG,Solution for injection,"",7
24601156,246011561,1,I,20241025,20241029,20241110,20241110,EXP,"",US-NOVOPROD-1310285,NOVO NORDISK,"",48,YR,"",F,Y,,"",20241111,"",CN,US,US,246011561,OT,Pneumonia,"",1,PS,WEGOVY,SEMAGLUTIDE,1,Subcutaneous,"1 mg, qw",,"",U,"","",,215256,1,MG,Solution for injection,/WK,7
24601159,246011591,1,I,20240101,20241029,20241110,20241110,EXP,"",US-NOVOPROD-1311296,NOVO NORDISK,"",68,YR,"",M,Y,,"",20241111,"",CN,US,US,246011591,OT,Weight decreased,"",1,PS,OZEMPIC,SEMAGLUTIDE,1,Subcutaneous,"0.5 mg, qw",,"","","","",,209637,0.5,MG,Solution for injection,/WK,7
24601160,246011601,1,I,,20241029,20241110,20241110,EXP,"",US-NOVOPROD-1309269,NOVO NORDISK,"",,"","",F,Y,,"",20241111,"",CN,US,US,246011601,OT,Hand fracture,"",1,PS,OZEMPIC,SEMAGLUTIDE,1,Subcutaneous,UNK,,"",U,"","",,209637,,"",Solution for injection,"",7
24601161,246011611,1,I,20240301,20241029,20241110,20241110,EXP,"",US-NOVOPROD-1310250,NOVO NORDISK,"",,"","",F,Y,,"",20241111,"",CN,US,US,246011611,OT,Cataract operation,"",1,PS,OZEMPIC,SEMAGLUTIDE,1,Subcutaneous,"2 mg, qw",,"",Y,"",PAR0489,,209637,2,MG,Solution for injection,/WK,7
24601166,246011661,1,I,20220101,20241029,20241110,20241110,EXP,"",US-NOVOPROD-1311258,NOVO NORDISK,"",74,YR,"",F,Y,,"",20241111,"",CN,US,US,246011661,OT,Dyspepsia,"",1,PS,OZEMPIC,SEMAGLUTIDE,1,Subcutaneous,0.5 mg,,"",Y,"","",,209637,0.5,MG,Solution for injection,"",7
24601167,246011671,1,I,20230803,20241029,20241110,20241110,EXP,"",US-NOVOPROD-1310293,NOVO NORDISK,"",67,YR,"",F,Y,,"",20241111,"",CN,US,US,246011671,HO,Colitis,"",1,PS,OZEMPIC,SEMAGLUTIDE,1,"","",,"",Y,"","",,209637,,"",Solution for injection,"",3
24601179,246011791,1,I,20241018,20241029,20241110,20241110,EXP,"",US-NOVOPROD-1311330,NOVO NORDISK,"",,"",A,M,Y,,"",20241111,"",CN,US,US,246011791,HO,Upper limb fracture,"",1,PS,OZEMPIC,SEMAGLUTIDE,1,"",0.5mg,,"","","","",,209637,,"",Solution for injection,"",3
24601180,246011802,2,F,20240727,20241118,20241110,20241127,EXP,"",US-NOVOPROD-1311349,NOVO NORDISK,"",53,YR,"",M,Y,,"",20241127,"",CN,US,US,246011802,DE,Myocardial infarction,"",1,PS,WEGOVY,SEMAGLUTIDE,1,Subcutaneous,"0.25 mg, qw",,"",U,"",PZF8W14,,215256,0.25,MG,Solution for injection,/WK,1
24601183,246011831,1,I,,20241029,20241110,20241110,EXP,"",US-NOVOPROD-1311344,NOVO NORDISK,"",,"","",F,Y,,"",20241111,"",HP,US,US,246011831,HO,Abdominal pain,"",1,PS,OZEMPIC,SEMAGLUTIDE,1,Subcutaneous,"2 mg, qw",,"",Y,"","",,209637,2,MG,Solution for injection,/WK,3
24601185,246011851,1,I,20240101,20241029,20241110,20241110,EXP,"",US-NOVOPROD-1311309,NOVO NORDISK,"",59,YR,"",M,Y,,"",20241111,"",HP,US,US,246011851,OT,Optic neuritis,"",1,PS,OZEMPIC,SEMAGLUTIDE,1,Subcutaneous,0.25 mg qw for 4 weeks,,"",N,"","",,209637,0.25,MG,Solution for injection,/WK,7
24601186,246011862,2,F,20240101,20241113,20241110,20241122,EXP,"",US-NOVOPROD-1311323,NOVO NORDISK,"",87,YR,"",F,Y,,"",20241122,"",CN,US,US,246011862,OT,Cataract operation,"",1,PS,OZEMPIC,SEMAGLUTIDE,1,Subcutaneous,0.25 mg,,"",U,"","",,209637,,"",Solution for injection,"",7
24601187,246011871,1,I,,20241029,20241110,20241110,EXP,"",US-NOVOPROD-1311348,NOVO NORDISK,"",71,YR,"",F,Y,,"",20241111,"",CN,US,US,246011871,OT,Cervical polyp,"",1,PS,OZEMPIC,SEMAGLUTIDE,1,Subcutaneous,"0.5 mg, qw",,"",U,"","",,209637,0.5,MG,Solution for injection,/WK,7
24601301,246013011,1,I,20240601,20241101,20241111,20241111,EXP,"",US-NOVOPROD-1312606,NOVO NORDISK,"",,"",A,F,Y,,"",20241111,"",CN,US,US,246013011,OT,Renal cancer,"",1,PS,OZEMPIC,SEMAGLUTIDE,1,Subcutaneous,UNK,,"",U,"","",,209637,,"",Solution for injection,"",7
24601302,246013021,1,I,20241021,20241030,20241111,20241111,EXP,"",US-NOVOPROD-1312669,NOVO NORDISK,"",83,YR,"",F,Y,,"",20241111,"",CN,US,US,246013021,OT,Retching,"",1,PS,WEGOVY,SEMAGLUTIDE,1,"","",,"",Y,"","",,215256,,"",Solution for injection,"",7
24601303,246013031,1,I,20241028,20241028,20241111,20241111,30DAY,"",US-NOVOPROD-1308813,NOVO NORDISK,"",87,YR,"",F,Y,,"",20241111,"",CN,US,US,246013031,OT,Wrong technique in product usage process,"",1,PS,OZEMPIC,SEMAGLUTIDE,1,Subcutaneous,1 mg,,"",U,"",PAR0357,,209637,,"",Solution for injection,"",7
24601305,246013051,1,I,20241001,20241030,20241111,20241111,EXP,"",US-NOVOPROD-1312472,NOVO NORDISK,"",52,YR,"",F,Y,,"",20241111,"",CN,US,US,246013051,OT,Cataract,"",1,PS,OZEMPIC,SEMAGLUTIDE,1,Subcutaneous,"1 mg, qw",,"",Y,"","",,209637,1,MG,Solution for injection,/WK,7
24601306,246013061,1,I,20230101,20241031,20241111,20241111,EXP,"",US-NOVOPROD-1313481,NOVO NORDISK,"",62,YR,"",F,Y,,"",20241111,"",CN,US,US,246013061,OT,Dysgeusia,"",1,PS,OZEMPIC,SEMAGLUTIDE,1,Subcutaneous,2 mg,,"","","","",,209637,2,MG,Solution for injection,"",7
24601707,246017071,1,I,,20241107,20241111,20241111,PER,"",US-ROCHE-10000127847,ROCHE,"",,"",E,F,Y,,"",20241111,"",CN,US,US,,,Memory impairment,"",3,C,OZEMPIC,SEMAGLUTIDE,1,"","",,"","","","",,"",,"","","",
24601732,246017322,2,F,20241007,20241111,20241111,20241114,EXP,"",US-JNJFOC-20241119932,JOHNSON AND JOHNSON,"",61,YR,A,F,Y,,"",20241114,"",HP,US,US,246017322,HO,Enteritis,"",4,SS,SEMAGLUTIDE,SEMAGLUTIDE,1,Intramuscular,"",,"",U,"","",,"",,"",Unknown,"",3
24601967,246019671,1,I,,20241030,20241111,20241111,PER,"",US-ELI_LILLY_AND_COMPANY-US202411000123,ELI LILLY AND COMPANY,"",66,YR,E,"",Y,,"",20241111,"",LW,US,US,246019671,OT,Vomiting,"",2,SS,OZEMPIC,SEMAGLUTIDE,1,Unknown,"UNK UNK, unknown",,"","","","",,"",,"","","",7
24602141,246021411,1,I,,20241105,20241111,20241111,EXP,"",US-BIOGEN-2024BI01288414,BIOGEN,"",,"","",F,Y,,"",20241111,"",CN,US,US,246021411,HO,Arthritis infective,"",4,C,OZEMPIC,SEMAGLUTIDE,1,Other,"",,"","","","",,"",,"",Unknown,"",3
24602863,246028632,2,F,20230101,20241119,20241111,20241202,EXP,"",US-SA-2024SA323452,SANOFI AVENTIS,"",66,YR,E,F,Y,,"",20241202,"",CN,US,US,246028632,HO,Skin discolouration,"",2,C,OZEMPIC,SEMAGLUTIDE,1,"","",,"",U,"","",,"",,"","","",3
24602917,246029171,1,I,,20241109,20241110,20241110,DIR,FDA-CDER-CTU-2024-77778,"",FDA-CTU,"",,"","",M,N,,"",20241109,N,HP,US,"",246029171,HO,Mental status changes,"",11,C,OZEMPIC,SEMAGLUTIDE,1,"","",,"","","","",,"",,"","","",3
24603049,246030493,3,F,,20241206,20241111,20241217,PER,"",US-TRAVERE-2024TVT01078,TRAVERE THERAPEUTICS,"",61,YR,A,M,Y,,"",20241217,"",CN,US,US,246030493,HO,Swelling face,"",12,C,Ozempic Q,"",2,"","",,"","","","",,"",,"","","",3
24603600,246036001,1,I,20240823,20241109,20241109,20241109,DIR,726751,"",FDA-CTU,"",76,YR,"",M,N,110.25,KG,20241109,N,CN,US,"",246036001,HO,Visual impairment,"",1,PS,OZEMPIC,SEMAGLUTIDE,1,Subcutaneous,1 PREFILLED PEN ONCE PER WEEK SUBCUTANEOUS,,"",N,D,PAR0231,20261130,99,,"","",999,3
24604074,246040743,3,F,,20241113,20241111,20241115,EXP,"",US-PFIZER INC-202400297943,PFIZER,"",71,YR,"",M,Y,121,KG,20241115,"",HP,US,US,246040743,DE,Death,"",10,C,OZEMPIC,SEMAGLUTIDE,1,"",UNK,,"","","","",,"",,"","","",1
24604098,246040982,2,F,20240403,20241112,20241111,20241114,EXP,"",NVSC2024US077262,NOVARTIS,"",54,YR,"",F,Y,,"",20241114,"",CN,US,US,246040982,HO,Product distribution issue,"",4,C,OZEMPIC,SEMAGLUTIDE,1,Unknown,UNK,,"",U,"","",,"",,"","","",3
24604124,246041241,1,I,,20241104,20241111,20241111,EXP,"",US-CHIESI LTD.-AEGR007537,AEGERION,"",,"","",F,Y,105.22,KG,20241111,"",CN,US,US,246041241,HO,Gallbladder disorder,"",3,C,OZEMPIC,SEMAGLUTIDE,1,"",1 / 0.75 (3) PEN INJCTR,,"","","","",,"",,"","","",3
24604384,246043841,1,I,20241001,20241105,20241111,20241111,EXP,"",US-AMGEN-USASP2024219749,AMGEN,"",58,YR,A,F,Y,,"",20241111,"",HP,US,US,246043841,OT,Psoriatic arthropathy,"",6,C,OZEMPIC,SEMAGLUTIDE,1,"",8 milligram per millilitre,,"","","","",,"",,"",Injection,"",7
24604878,246048781,1,I,,20241108,20241111,20241111,PER,"",US-BRISTOL-MYERS SQUIBB COMPANY-2024-176013,BRISTOL-MYERS SQUIBB COMPANY,"",65,YR,E,F,Y,70.31,KG,20241111,"",CN,US,US,,,Rash,"",13,C,OZEMPIC,SEMAGLUTIDE,1,"",0.25MG-O.5MGjDOSE 3ML PEN,,"",U,"","",,"",,"","","",
24604926,246049261,1,I,20240801,20241031,20241111,20241111,EXP,"",US-UCBSA-2024057369,UCB,"",77,YR,"",F,Y,,"",20241111,"",HP,US,US,246049261,OT,Illness,"",2,SS,OZEMPIC,SEMAGLUTIDE,1,"",UNK,,"","","","",,"",,"","","",7
24605288,246052881,1,I,,20241017,20241111,20241111,PER,"",US-SA-2024SA315083,SANOFI AVENTIS,"",,"",A,F,Y,72.73,KG,20241111,"",MD,US,US,,,Vomiting,"",13,C,OZEMPIC,SEMAGLUTIDE,1,"",UNK,,"",U,"","",,"",,"","","",
24605321,246053211,1,I,,20241028,20241111,20241111,PER,"",US-SA-2024SA317362,SANOFI AVENTIS,"",,"",E,F,Y,,"",20241111,"",CN,US,US,,,Product dispensing issue,"",2,C,OZEMPIC,SEMAGLUTIDE,1,"","",,"",U,"","",,"",,"","","",
24605545,246055452,2,F,,20241104,20241111,20241114,PER,"",US-SA-2024SA323555,SANOFI AVENTIS,"",,"","",F,Y,,"",20241114,"",CN,US,US,,,Poor quality product administered,"",3,C,OZEMPIC,SEMAGLUTIDE,1,"","UNK UNK, QW",,"",U,"","",,"",,"","",/WK,
24605960,246059601,1,I,,20230828,20241111,20241111,EXP,"",US-NOVOPROD-1314267,NOVO NORDISK,"",,"","",F,Y,,"",20241112,"",CN,US,US,246059601,HO,Illness,"",1,PS,OZEMPIC,SEMAGLUTIDE,1,Subcutaneous,UNK,,"","","","",,209637,,"",Solution for injection,"",3
24605964,246059641,1,I,20240917,20241029,20241111,20241111,EXP,"",US-NOVOPROD-1312652,NOVO NORDISK,"",59,YR,"",M,Y,103.8,KG,20241112,"",HP,US,US,246059641,HO,Pneumonia aspiration,"",1,PS,RYBELSUS,SEMAGLUTIDE,1,Oral,UNK,,"","","","",,213051,,"",Tablet,"",3
24605965,246059651,1,I,,20241030,20241111,20241111,EXP,"",US-NOVOPROD-1311327,NOVO NORDISK,"",52,YR,"",F,Y,,"",20241112,"",MD,US,US,246059651,OT,Retinopathy,"",1,PS,OZEMPIC,SEMAGLUTIDE,1,Subcutaneous,UNK,,"",U,"","",,209637,,"",Solution for injection,"",7
24605966,246059661,1,I,20240911,20241030,20241111,20241111,EXP,"",US-NOVOPROD-1312497,NOVO NORDISK,"",,"","",M,Y,,"",20241112,"",CN,US,US,246059661,OT,Shoulder operation,"",1,PS,OZEMPIC,SEMAGLUTIDE,1,"","",,"",Y,"","",,209637,,"",Solution for injection,"",7
24605967,246059671,1,I,,20241030,20241111,20241111,EXP,"",US-NOVOPROD-1312177,NOVO NORDISK,"",,"","",F,Y,,"",20241112,"",HP,US,US,246059671,HO,Dehydration,"",1,PS,OZEMPIC,SEMAGLUTIDE,1,Subcutaneous,UNK,,"",Y,"","",,209637,,"",Solution for injection,"",3
24605968,246059681,1,I,,20241030,20241111,20241111,EXP,"",US-NOVOPROD-1312418,NOVO NORDISK,"",62,YR,"",F,Y,,"",20241112,"",MD,US,US,246059681,OT,Thyroid mass,"",1,SS,RYBELSUS,SEMAGLUTIDE,1,Oral,UNK,,"",N,"","",,"",,"",Tablet,"",7
24605971,246059711,1,I,,20241030,20241111,20241111,EXP,"",US-NOVOPROD-1312063,NOVO NORDISK,"",,"","",M,Y,,"",20241112,"",MD,US,US,246059711,HO,Impaired gastric emptying,"",1,PS,OZEMPIC,SEMAGLUTIDE,1,Subcutaneous,"1 mg, qw",,"",Y,"","",,209637,1,MG,Solution for injection,/WK,3
24605972,246059721,1,I,20240401,20241030,20241111,20241111,EXP,"",US-NOVOPROD-1312175,NOVO NORDISK,"",68,YR,"",F,Y,,"",20241112,"",CN,US,US,246059721,OT,Influenza,"",1,PS,OZEMPIC,SEMAGLUTIDE,1,"","",,"",U,"","",,209637,,"",Solution for injection,"",7
24606122,246061221,1,I,20241016,20241101,20241112,20241112,EXP,"",US-NOVOPROD-1314551,NOVO NORDISK,"",,"","",F,Y,,"",20241112,"",CN,US,US,246061221,OT,Foot operation,"",1,PS,WEGOVY,SEMAGLUTIDE,1,Subcutaneous,2.4 mg,,"",U,"",PAR0340,,215256,2.4,MG,Solution for injection,"",7
24606123,246061231,1,I,,20241030,20241112,20241112,EXP,"",US-NOVOPROD-1312611,NOVO NORDISK,"",,"","",F,Y,,"",20241112,"",CN,US,US,246061231,HO,Increased appetite,"",1,PS,OZEMPIC,SEMAGLUTIDE,1,Subcutaneous,0.5mg,,"",U,"","",,209637,,"",Solution for injection,"",3
24606130,246061301,1,I,20240101,20241031,20241112,20241112,EXP,"",US-NOVOPROD-1312602,NOVO NORDISK,"",,"","",F,Y,,"",20241112,"",CN,US,US,246061301,OT,Hip fracture,"",1,PS,OZEMPIC,SEMAGLUTIDE,1,Subcutaneous,0.25 mg,,"",U,"","",,209637,,"",Solution for injection,"",7
24606132,246061321,1,I,,20241031,20241112,20241112,EXP,"",US-NOVOPROD-1313396,NOVO NORDISK,"",,"","",F,Y,,"",20241112,"",HP,US,US,246061321,HO,Intestinal obstruction,"",1,PS,OZEMPIC,SEMAGLUTIDE,1,Subcutaneous,"1 mg, qw",,"",Y,"","",,209637,1,MG,Solution for injection,/WK,3
24606135,246061351,1,I,,20241031,20241112,20241112,EXP,"",US-NOVOPROD-1312549,NOVO NORDISK,"",,"","",M,Y,,"",20241112,"",CN,US,US,246061351,DS,Disability,"",1,PS,OZEMPIC,SEMAGLUTIDE,1,"","",,"",U,"","",,209637,,"",Solution for injection,"",4
24606137,246061371,1,I,20240124,20241031,20241112,20241112,EXP,"",US-NOVOPROD-1312662,NOVO NORDISK,"",,"",A,M,Y,,"",20241112,"",CN,US,US,246061371,OT,Prostatic operation,"",1,PS,OZEMPIC,SEMAGLUTIDE,1,Subcutaneous,UNK,,"",U,"","",,209637,,"",Solution for injection,"",7
24606139,246061391,1,I,20241029,20241031,20241112,20241112,EXP,"",US-NOVOPROD-1312621,NOVO NORDISK,"",54,YR,"",F,Y,,"",20241112,"",MD,US,US,246061391,HO,Diverticulitis,"",1,PS,OZEMPIC,SEMAGLUTIDE,1,Subcutaneous,2 mg,,"","","","",,209637,2,MG,Solution for injection,"",3
24606141,246061411,1,I,,20241031,20241112,20241112,EXP,"",US-NOVOPROD-1311027,NOVO NORDISK,"",66,YR,"",F,Y,,"",20241112,"",MD,US,US,246061411,OT,Medical procedure,"",1,PS,WEGOVY,SEMAGLUTIDE,1,Subcutaneous,"2.4 mg, qw",,"",Y,"","",,215256,2.4,MG,Solution for injection,/WK,7
24606151,246061511,1,I,,20241101,20241112,20241112,EXP,"",US-NOVOPROD-1313254,NOVO NORDISK,"",,"","",F,Y,,"",20241112,"",CN,US,US,246061511,OT,Cerebrovascular accident,"",1,PS,OZEMPIC,SEMAGLUTIDE,1,Subcutaneous,0.5 mg,,"",U,"","",,209637,0.5,MG,Solution for injection,"",7
24606152,246061521,1,I,,20241101,20241112,20241112,EXP,"",US-NOVOPROD-1313001,NOVO NORDISK,"",,"","",F,Y,,"",20241112,"",CN,US,US,246061521,HO,Asthma,"",1,PS,WEGOVY,SEMAGLUTIDE,1,Subcutaneous,UNK,,"",U,"",pzfck08,,215256,,"",Solution for injection,"",3
24606153,246061531,1,I,,20241101,20241112,20241112,EXP,"",US-NOVOPROD-1314223,NOVO NORDISK,"",,"","",M,Y,,"",20241112,"",CN,US,US,246061531,DS,Disability,"",1,PS,OZEMPIC,SEMAGLUTIDE,1,Subcutaneous,UNK,,"",U,"","",,209637,,"",Solution for injection,"",4
24606154,246061541,1,I,20240131,20241101,20241112,20241112,EXP,"",US-NOVOPROD-1313613,NOVO NORDISK,"",66,YR,"",F,Y,,"",20241112,"",CN,US,US,246061541,OT,Flap surgery,"",1,PS,OZEMPIC,SEMAGLUTIDE,1,Subcutaneous,UNK,,"",U,"","",,209637,,"",Solution for injection,"",7
24606157,246061571,1,I,,20241101,20241112,20241112,EXP,"",US-NOVOPROD-1314300,NOVO NORDISK,"",,"","","",Y,,"",20241112,"",CN,US,US,246061571,OT,Breast cancer,"",1,PS,WEGOVY,SEMAGLUTIDE,1,Subcutaneous,UNK,,"",U,"","",,215256,,"",Solution for injection,"",7
24606158,246061581,1,I,20241023,20241101,20241112,20241112,EXP,"",US-NOVOPROD-1313061,NOVO NORDISK,"",76,YR,"",M,Y,,"",20241112,"",CN,US,US,246061581,OT,Pulmonary mass,"",1,PS,OZEMPIC,SEMAGLUTIDE,1,Subcutaneous,"0.25 mg, qw",,"",U,"","",,209637,0.25,MG,Solution for injection,/WK,7
24606163,246061631,1,I,20240723,20241101,20241112,20241112,EXP,"",US-NOVOPROD-1313100,NOVO NORDISK,"",,"","",F,Y,133.79,KG,20241112,"",MD,US,US,246061631,OT,Colon cancer,"",1,PS,WEGOVY,SEMAGLUTIDE,1,"",1.7mg,,"","","","",,215256,,"",Solution for injection,"",7
24606332,246063321,1,I,,20241106,20241112,20241112,PER,"",US-ELI_LILLY_AND_COMPANY-US202411003503,ELI LILLY AND COMPANY,"",64,YR,A,F,Y,,"",20241112,"",CN,US,US,,,Wrong patient received product,"",5,C,WEGOVY,SEMAGLUTIDE,1,"",UNK,,"","","","",,"",,"","","",
24606946,246069463,3,F,20240101,20241205,20241112,20241210,EXP,"",US-ABBVIE-5993310,ABBVIE,"",66,YR,"",M,Y,163.29,KG,20241210,"",CN,US,US,246069463,OT,Rash papular,"",7,C,OZEMPIC,SEMAGLUTIDE,1,"","",,"","","","",,"",,"","","",7
24607083,246070831,1,I,20240805,20241108,20241108,20241108,DIR,726666,"",FDA-CTU,"",66,YR,"",M,N,121,KG,20241108,N,HP,US,"",,,Duodenal obstruction,"",1,PS,SEMAGLUTIDE,SEMAGLUTIDE,1,"","",,"",Y,D,"",,"",,"","","",
24607165,246071651,1,I,20240301,20241110,20241110,20241110,DIR,726833,"",FDA-CTU,"",46,YR,"",F,N,103.5,KG,20241110,N,CN,US,"",246071651,DS,Vertigo,"",1,PS,OZEMPIC,SEMAGLUTIDE,1,Intramuscular,OTHER QUANTITY : 7 Injection(s);?OTHER FREQUENCY : Once weekly;?,,"",Y,D,"",,"",,"","",999,4
24607206,246072061,1,I,20241103,20241110,20241110,20241110,DIR,726801,"",FDA-CTU,"",40,YR,"",F,N,70.65,KG,20241110,Y,CN,US,"",246072061,OT,Arthralgia,"",1,PS,PYRIDOXINE\SEMAGLUTIDE,PYRIDOXINE\SEMAGLUTIDE,1,Subcutaneous,45 UNITS  1INJECTION PE  SUBCUTANEOUS,,"",N,D,40699,20250125,99,,"","",999,7
24607230,246072301,1,I,20240501,20241110,20241110,20241110,DIR,726830,"",FDA-CTU,"",46,YR,"",F,N,103.5,KG,20241110,N,CN,US,"",246072301,OT,Dyskinesia,"",2,SS,OZEMPIC,SEMAGLUTIDE,1,Intramuscular,OTHER FREQUENCY : Once weekly;?,,"",Y,D,"",,"",,"","",999,7
24607308,246073081,1,I,,20241106,20241112,20241112,PER,"",US-ELI_LILLY_AND_COMPANY-US202411003810,ELI LILLY AND COMPANY,"",60,YR,A,"",Y,,"",20241112,"",LW,US,US,246073081,HO,Vomiting,"",2,SS,OZEMPIC,SEMAGLUTIDE,1,Unknown,"UNK UNK, unknown",,"",U,"","",,"",,"","","",3
24607493,246074932,2,F,20241029,20241207,20241112,20241210,PER,"",US-BRISTOL-MYERS SQUIBB COMPANY-2024-175860,BRISTOL-MYERS SQUIBB COMPANY,"",62,YR,A,F,Y,,"",20241210,"",PH,US,US,,,Pruritus,"",19,C,OZEMPIC,SEMAGLUTIDE,1,"","",,"",U,"","",,"",,"","","",
24608631,246086311,1,I,,20241112,20241112,20241112,DIR,727008,"",FDA-CTU,"",,"","",F,N,76.5,KG,20241112,"",CN,US,"",246086311,OT,Constipation,"",1,PS,OZEMPIC,SEMAGLUTIDE,1,"","",,"","","","",,"",,"","","",7
24608655,246086551,1,I,20241010,20241112,20241112,20241112,DIR,FDA-CDER-CTU-2024-78203,"",FDA-CTU,"",45,YR,"",M,N,96.16,KG,20241112,N,PH,US,"",246086551,OT,Therapy cessation,"",1,PS,OZEMPIC,SEMAGLUTIDE,1,"","",,"","","","",,"",,"","","",7
24609312,246093122,2,F,20241016,20241114,20241112,20241118,PER,"",US-ROCHE-10000125483,ROCHE,"",81,YR,E,M,Y,111.13,KG,20241118,"",CN,US,US,,,Off label use,"",6,C,RYBELSUS,SEMAGLUTIDE,1,"",in the morning,,"","","","",,"",,"","",QD,
24609576,246095761,1,I,20241102,20241112,20241112,20241112,DIR,727052,"",FDA-CTU,"",39,YR,"",F,N,99,KG,20241112,N,CN,US,"",246095761,HO,Cholecystitis,"",1,PS,SEMAGLUTIDE,SEMAGLUTIDE,1,Subcutaneous,OTHER QUANTITY : 1.0 mg;?OTHER FREQUENCY : 1 a week;?,,"",N,D,320615,20250813,99,1,MG,"",999,3
24609615,246096151,1,I,,20241105,20241112,20241112,PER,"",US-BIOMARINAP-US-2024-161655,BIOMARIN,"",,"","","",Y,,"",20241112,"",CN,US,US,,,Anal incontinence,"",2,C,OZEMPIC,SEMAGLUTIDE,1,"","",,"","","","",,"",,"","","",
24609827,246098272,2,F,,20241122,20241112,20241203,PER,"",US-SA-2024SA325438,SANOFI AVENTIS,"",,"",E,M,Y,,"",20241203,"",MD,US,US,,,Hypotension,"",10,C,OZEMPIC,SEMAGLUTIDE,1,"","",,"",U,"","",,"",,"","","",
24609873,246098732,2,F,20240101,20241125,20241112,20241202,PER,"",US-SA-2024SA327156,SANOFI AVENTIS,"",62,YR,A,F,Y,,"",20241202,"",MD,US,US,,,Product use in unapproved indication,"",17,C,OZEMPIC,SEMAGLUTIDE,1,"","",,"",U,"","",,"",,"","","",
24610109,246101091,1,I,20240101,20241104,20241112,20241112,PER,"",US-SA-2024SA323089,SANOFI AVENTIS,"",45,YR,A,F,Y,,"",20241112,"",HP,US,US,,,Hyperglycaemia,"",4,C,OZEMPIC,SEMAGLUTIDE,1,"",UNK,,"",U,"","",,"",,"","","",
24610203,246102031,1,I,20240101,20241025,20241112,20241112,PER,"",US-SA-2024SA323110,SANOFI AVENTIS,"",72,YR,E,F,Y,80.6,KG,20241112,"",MD,US,US,,,Pain,"",5,C,RYBELSUS,SEMAGLUTIDE,1,"","",,"",U,"","",,"",,"",Tablet,"",
24610437,246104371,1,I,20241031,20241030,20241112,20241112,PER,"",US-SMPA-2024SPA000283,SUNOVION,"",,"","","",Y,,"",20241112,"",CN,US,US,,,Feeling abnormal,"",3,C,OZEMPIC,SEMAGLUTIDE,1,Unknown,2.5 mg,,"","","","",,"",2.5,MG,"","",
24610570,246105701,1,I,,20241107,20241112,20241112,EXP,"","US-BELCHER PHARMACEUTICALS, LLC-2024US003955",PAREXEL,"",,"","","",Y,,"",20241112,"",HP,US,US,246105701,HO,Pancreatitis,"",1,PS,SEMAGLUTIDE,SEMAGLUTIDE,1,Unknown,5 mg/2mL (2.5 mg/mL),,"",U,"",I827G010A1,,"",,"",Injection,"",3
24610644,246106441,1,I,,20241031,20241112,20241112,EXP,"",US-ELI_LILLY_AND_COMPANY-US202411000752,ELI LILLY AND COMPANY,"",,"","",F,Y,,"",20241112,"",CN,US,US,246106441,OT,Product tampering,"",2,C,SEMAGLUTIDE,SEMAGLUTIDE,1,"","",,"","","","",,"",,"","","",7
24610713,246107131,1,I,,20241014,20241112,20241112,PER,"",US-LUNDBECK-DKLU4005564,LUNDBECK,"",,"","","",Y,,"",20241112,"",HP,US,US,,,Peripheral swelling,"",15,C,OZEMPIC,SEMAGLUTIDE,1,"","",,"","","","",,"",,"","","",
24610774,246107742,2,F,20240701,20241126,20241112,20241202,EXP,"",US-ABBVIE-5996267,ABBVIE,"",67,YR,"",F,Y,100.24,KG,20241202,"",CN,US,US,246107742,HO,Lung carcinoma cell type unspecified stage III,"",2,C,OZEMPIC,SEMAGLUTIDE,1,"","",,"","","","",,"",,"","","",3
24611035,246110351,1,I,,20241030,20241113,20241113,EXP,"",US-NOVOPROD-1311620,NOVO NORDISK,"",55,YR,"","",Y,,"",20241113,"",CN,US,US,246110351,HO,Ileus,"",1,PS,OZEMPIC,SEMAGLUTIDE,1,"","",,"",U,"","",,209637,,"",Solution for injection,"",3
24611041,246110411,1,I,20241001,20241030,20241113,20241113,EXP,"",US-NOVOPROD-1311630,NOVO NORDISK,"",,"","",F,Y,,"",20241113,"",CN,US,US,246110411,HO,Spinal operation,"",1,PS,OZEMPIC,SEMAGLUTIDE,1,Subcutaneous,"2 mg, qw",,"","","","",,209637,2,MG,Solution for injection,/WK,3
24611049,246110491,1,I,20221113,20241030,20241113,20241113,EXP,"",US-NOVOPROD-1311635,NOVO NORDISK,"",61,YR,"","",Y,,"",20241113,"",CN,US,US,246110491,HO,Small intestinal obstruction,"",1,PS,OZEMPIC,SEMAGLUTIDE,1,Subcutaneous,"2 mg, qw",,"","","","",,209637,2,MG,Solution for injection,/WK,3
24611050,246110501,1,I,,20241030,20241113,20241113,EXP,"",US-NOVOPROD-1311917,NOVO NORDISK,"",,"","",M,Y,,"",20241113,"",MD,US,US,246110501,OT,Deep vein thrombosis,"",1,PS,OZEMPIC,SEMAGLUTIDE,1,Subcutaneous,UNK,,"",U,"","",,209637,,"",Solution for injection,"",7
24611051,246110511,1,I,,20241031,20241113,20241113,EXP,"",US-NOVOPROD-1312143,NOVO NORDISK,"",,"","",F,Y,,"",20241113,"",CN,US,US,246110511,HO,Hip fracture,"",1,PS,OZEMPIC,SEMAGLUTIDE,1,Subcutaneous,UNK,,"",U,"","",,209637,,"",Solution for injection,"",3
24611054,246110541,1,I,,20241030,20241113,20241113,EXP,"",US-NOVOPROD-1311645,NOVO NORDISK,"",61,YR,"","",Y,,"",20241113,"",CN,US,US,246110541,HO,Ileus,"",1,PS,OZEMPIC,SEMAGLUTIDE,1,"","",,"",U,"","",,209637,,"",Solution for injection,"",3
24611055,246110551,1,I,,20241031,20241113,20241113,EXP,"",US-NOVOPROD-1313607,NOVO NORDISK,"",,"","",F,Y,,"",20241113,"",CN,US,US,246110551,OT,Dialysis,"",1,PS,OZEMPIC,SEMAGLUTIDE,1,Subcutaneous,UNK,,"",U,"","",,209637,,"",Solution for injection,"",7
24611057,246110571,1,I,,20241030,20241113,20241113,EXP,"",US-NOVOPROD-1311915,NOVO NORDISK,"",,"","",F,Y,,"",20241113,"",CN,US,US,246110571,OT,Nausea,"",1,PS,WEGOVY,SEMAGLUTIDE,1,Subcutaneous,0.25 mg,,"",Y,"","",,215256,0.25,MG,Solution for injection,"",7
24611058,246110581,1,I,,20241030,20241113,20241113,EXP,"",US-NOVOPROD-1311911,NOVO NORDISK,"",,"","",F,Y,,"",20241113,"",CN,US,US,246110581,OT,Gastric ulcer,"",1,PS,OZEMPIC,SEMAGLUTIDE,1,Subcutaneous,"0.25 mg, qw",,"","","","",,209637,0.25,MG,Solution for injection,/WK,7
24611289,246112891,1,I,20240801,20241102,20241113,20241113,EXP,"",US-NOVOPROD-1314000,NOVO NORDISK,"",,"","",M,Y,,"",20241113,"",CN,US,US,246112891,OT,Coronary artery bypass,"",1,PS,WEGOVY,SEMAGLUTIDE,1,Subcutaneous,0.25 mg (first three),,"","","","",,215256,0.25,MG,Solution for injection,"",7
24611301,246113011,1,I,20230101,20241104,20241113,20241113,EXP,"",US-NOVOPROD-1314177,NOVO NORDISK,"",42,YR,"",F,Y,,"",20241113,"",CN,US,US,246113011,HO,Off label use,"",1,PS,OZEMPIC,SEMAGLUTIDE,1,"","",,"",N,"","",,209637,,"",Solution for injection,"",3
24611302,246113021,1,I,,20241104,20241113,20241113,EXP,"",US-NOVOPROD-1313469,NOVO NORDISK,"",68,YR,"",F,Y,,"",20241113,"",CN,US,US,246113021,HO,Gallbladder disorder,"",1,PS,OZEMPIC,SEMAGLUTIDE,1,Subcutaneous,UNK,,"",U,"","",,209637,,"",Solution for injection,"",3
24611303,246113031,1,I,,20241105,20241113,20241113,30DAY,"",US-NOVOPROD-1284819,NOVO NORDISK,"",,"","",F,Y,,"",20241113,"",CN,US,US,246113031,OT,Product packaging issue,"",1,PS,OZEMPIC,SEMAGLUTIDE,1,Subcutaneous,UNK,,"",D,"",NAR0230,,209637,,"",Solution for injection,"",7
24611413,246114131,1,I,,20241031,20241113,20241113,PER,"",US-ELI_LILLY_AND_COMPANY-US202411006567,ELI LILLY AND COMPANY,"",,"","",F,Y,,"",20241113,"",CN,US,US,,,Maternal exposure during pregnancy,"",2,C,SEMAGLUTIDE,SEMAGLUTIDE,1,"","",,"","","","",,"",,"","","",
24611805,246118051,1,I,20230901,20241107,20241113,20241113,EXP,"",US-VIIV HEALTHCARE-US2023AMR041864,VIIV,"",,"","","",Y,,"",20241113,"",CN,US,US,246118051,OT,Migraine,"",5,C,WEGOVY,SEMAGLUTIDE,1,"",UNK,,"",U,"","",,"",,"","","",7
24612213,246122131,1,I,20240806,20241101,20241113,20241113,EXP,"",US-SUN PHARMACEUTICAL INDUSTRIES LTD-2024R1-478667,RANBAXY,"",63,YR,"",F,Y,80,KG,20241113,"",HP,US,US,246122131,HO,Carotid artery stenosis,"",3,C,SEMAGLUTIDE,SEMAGLUTIDE,1,Unknown,UNK,,"","","","",,"",,"","","",3
24612314,246123141,1,I,,20241108,20241113,20241113,PER,"",US-ELI_LILLY_AND_COMPANY-US202411005605,ELI LILLY AND COMPANY,"",29,YR,A,"",Y,,"",20241113,"",LW,US,US,246123141,OT,Nausea,"",2,SS,OZEMPIC,SEMAGLUTIDE,1,Unknown,"UNK UNK, unknown",,"","","","",,"",,"","","",7
24612451,246124511,1,I,,20241106,20241113,20241113,PER,"",US-ELI_LILLY_AND_COMPANY-US202411003814,ELI LILLY AND COMPANY,"",44,YR,A,"",Y,,"",20241113,"",LW,US,US,246124511,HO,Abdominal pain,"",2,SS,OZEMPIC,SEMAGLUTIDE,1,Unknown,"UNK UNK, unknown",,"","","","",,"",,"","","",3
24612850,246128501,1,I,20240501,20241112,20241112,20241112,DIR,727133,"",FDA-CTU,"",52,YR,"",M,N,,"",20241112,N,PH,US,"",,,Small intestinal obstruction,"",1,PS,SEMAGLUTIDE,SEMAGLUTIDE,1,Subcutaneous,Frequency : Weekly;?,,"",Y,"","",,"",2,MG,"",QW,
24612863,246128631,1,I,20240917,20241112,20241112,20241112,DIR,727136,"",FDA-CTU,"",64,YR,"",F,N,,"",20241112,N,HP,US,"",246128631,RI,Diverticulitis,"",1,PS,SEMAGLUTIDE,SEMAGLUTIDE,1,Subcutaneous,2.40 MG QWEEK SUBCUTANEOUS,,"",D,D,"",,"",2.4,MG,"",QW,6
24612868,246128681,1,I,20240727,20241112,20241112,20241112,DIR,727154,"",FDA-CTU,"",72,YR,"",M,N,116,KG,20241112,N,HP,US,"",,,Therapy cessation,"",1,PS,SEMAGLUTIDE,SEMAGLUTIDE,1,Subcutaneous,1.00 MG QWEEK SUBCUTANEOUS,,"",D,D,"",,"",1,MG,"",QW,
24612900,246129002,2,F,20230101,20241111,20241113,20241220,PER,"",US-BRISTOL-MYERS SQUIBB COMPANY-2024-177546,BRISTOL-MYERS SQUIBB COMPANY,"",49,YR,A,M,Y,,"",20241220,"",CN,US,US,,,Off label use,"",8,C,OZEMPIC,SEMAGLUTIDE,1,"","",,"",U,"","",,"",,"",Gel,"",
24613052,246130521,1,I,20240522,20240529,20241113,20241113,PER,"",US-ORPHALAN-US-ORP-24-00088,ORPHALAN,"",32,YR,"",M,Y,,"",20241113,"",CN,US,US,,,Off label use,"",5,C,OZEMPIC,SEMAGLUTIDE,1,Unknown,UNK,,"","","","",,"",,"","","",
24613461,246134611,1,I,,20241104,20241113,20241113,EXP,"",US-ELI_LILLY_AND_COMPANY-US202411004862,ELI LILLY AND COMPANY,"",74,YR,E,F,Y,,"",20241113,"",CN,US,US,246134611,OT,Diabetic retinopathy,"",5,C,OZEMPIC,SEMAGLUTIDE,1,"","",,"","","","",,"",,"","","",7
24613497,246134971,1,I,,20241112,20241112,20241112,DIR,727139,"",FDA-CTU,"",,"","",UNK,N,,"",20241112,N,CN,US,"",246134971,HO,Hypertensive crisis,"",1,PS,WEGOVY,SEMAGLUTIDE,1,Subcutaneous,OTHER FREQUENCY : Weekly;?,,"",Y,D,"",,"",,"","",999,3
24613830,246138301,1,I,20231102,20241113,20241113,20241113,DIR,727191,"",FDA-CTU,"",64,YR,"",M,N,63,KG,20241113,N,CN,US,"",246138301,OT,Alopecia,"",1,PS,RYBELSUS,SEMAGLUTIDE,1,"","",,"",Y,D,"",,"",,"","","",7
24613843,246138431,1,I,20241108,20241111,20241113,20241113,PER,"",NVSC2024US217868,NOVARTIS,"",70,YR,"",F,Y,,"",20241113,"",CN,US,US,,,Needle issue,"",2,C,OZEMPIC,SEMAGLUTIDE,1,Unknown,UNK,,"",U,"","",,"",,"","","",
24614633,246146331,1,I,,20241107,20241113,20241113,PER,"",US-PFIZER INC-202400298095,PFIZER,"",60,YR,"",M,Y,,"",20241113,"",HP,US,US,,,Pain,"",4,C,OZEMPIC,SEMAGLUTIDE,1,"",UNK,,"","","","",,"",,"","","",
24615187,246151871,1,I,,20240822,20241113,20241113,PER,"",US-NOVOPROD-1276633,NOVO NORDISK,"",,"",A,"",Y,,"",20241113,"",CN,US,US,,,Pain,"",1,SS,OZEMPIC,SEMAGLUTIDE,1,Subcutaneous,"0.5 mg, qw",,"",U,"",MP5E419,,"",0.5,MG,Solution for injection,/WK,
24615201,246152013,3,F,20240827,20240821,20241113,20241213,PER,"",US-NOVOPROD-1283185,NOVO NORDISK,"",,"","",F,Y,,"",20241213,"",CN,US,US,,,Diarrhoea,"",2,SS,OZEMPIC,SEMAGLUTIDE,1,Subcutaneous,2 mg once weekly,,"",U,"","",,"",2,MG,Solution for injection,/WK,
24615214,246152141,1,I,20240906,20240906,20241113,20241113,PER,"",US-NOVOPROD-1285040,NOVO NORDISK,"",,"","",F,Y,,"",20241113,"",CN,US,US,,,Incorrect dose administered,"",2,SS,OZEMPIC,SEMAGLUTIDE,1,Subcutaneous,"2 mg, qw",,"",U,"",par0247,,"",2,MG,Solution for injection,/WK,
24615230,246152301,1,I,20240101,20241017,20241113,20241113,PER,"",US-SA-2024SA311493,SANOFI AVENTIS,"",62,YR,A,F,Y,,"",20241113,"",MD,US,US,,,Therapeutic response unexpected,"",8,C,OZEMPIC,SEMAGLUTIDE,1,"",UNK,,"",U,"","",,"",,"","","",
24615260,246152601,1,I,20241001,20241029,20241113,20241113,EXP,"","US-MADRIGAL PHARMACEUTICALS, INC-2024REZ2610",MADRIGAL PHARMACEUTICALS,"",,"","","",Y,,"",20241113,"",HP,US,US,,,Muscle tightness,"",7,C,OZEMPIC,SEMAGLUTIDE,1,Unknown,"1 milligram, qw",,"","","","",,"",1,MG,"",/WK,
24615265,246152651,1,I,20240101,20241030,20241113,20241113,PER,"",US-SA-2024SA324848,SANOFI AVENTIS,"",56,YR,A,F,Y,,"",20241113,"",MD,US,US,,,Sleep disorder,"",4,C,WEGOVY,SEMAGLUTIDE,1,"",UNK,,"",U,"","",,"",,"",Injection,"",
24615540,246155404,4,F,20240101,20241223,20241113,20241226,PER,"",US-SA-2024SA327086,SANOFI AVENTIS,"",59,YR,A,F,Y,100,KG,20241226,"",MD,US,US,,,Anxiety,"",9,C,OZEMPIC,SEMAGLUTIDE,1,"",UNK,,"",U,"","",,"",,"","","",
24615642,246156422,2,F,20241101,20241125,20241113,20241203,PER,"",US-SA-2024SA325324,SANOFI AVENTIS,"",68,YR,E,M,Y,121.82,KG,20241203,"",MD,US,US,,,Cough,"",8,C,RYBELSUS,SEMAGLUTIDE,1,"","",,"",U,"","",,"",,"","","",
24616098,246160981,1,I,,20241107,20241113,20241113,PER,"",US-ELI_LILLY_AND_COMPANY-US202411004619,ELI LILLY AND COMPANY,"",67,YR,E,M,Y,,"",20241113,"",CN,US,US,,,Glycosylated haemoglobin increased,"",5,C,OZEMPIC,SEMAGLUTIDE,1,"","",,"","","","",,"",,"","","",
24616195,246161951,1,I,20240401,20241102,20241113,20241113,EXP,"",US-NOVOPROD-1314570,NOVO NORDISK,"",,"","",F,Y,,"",20241114,"",CN,US,US,246161951,OT,Fatigue,"",1,PS,WEGOVY,SEMAGLUTIDE,1,Subcutaneous,UNK,,"","","","",,215256,,"",Solution for injection,"",7
24616209,246162091,1,I,20210726,20241104,20241113,20241113,EXP,"",US-NOVOPROD-1288882,NOVO NORDISK,"",56,YR,"",F,Y,,"",20241114,"",CN,US,US,246162091,HO,Thrombotic thrombocytopenic purpura,"",1,PS,OZEMPIC,SEMAGLUTIDE,1,Subcutaneous,"1 mg, qw",,"",U,"","",,209637,1,MG,Solution for injection,/WK,3
24616269,246162691,1,I,20240801,20241105,20241114,20241114,PER,"",US-SA-2024SA324095,SANOFI AVENTIS,"",54,YR,A,F,Y,,"",20241114,"",HP,US,US,,,Eye disorder,"",2,C,OZEMPIC,SEMAGLUTIDE,1,Unknown,"",,"",U,"","",,"",,"","","",
24616460,246164601,1,I,,20241104,20241114,20241114,EXP,"",US-NOVOPROD-1313462,NOVO NORDISK,"",,"","",M,Y,,"",20241114,"",CN,US,US,246164601,OT,Gastrointestinal disorder,"",1,PS,OZEMPIC,SEMAGLUTIDE,1,Subcutaneous,UNK,,"",U,"","",,209637,,"",Solution for injection,"",7
24616468,246164681,1,I,,20241104,20241114,20241114,EXP,"",US-NOVOPROD-1313994,NOVO NORDISK,"",,"",A,F,Y,,"",20241114,"",MD,US,US,246164681,OT,Optic ischaemic neuropathy,"",1,PS,OZEMPIC,SEMAGLUTIDE,1,Subcutaneous,UNK,,"","","","",,209637,,"",Solution for injection,"",7
24616470,246164701,1,I,,20241104,20241114,20241114,EXP,"",US-NOVOPROD-1313795,NOVO NORDISK,"",,"","",F,Y,,"",20241114,"",MD,US,US,246164701,HO,Electrolyte imbalance,"",1,PS,OZEMPIC,SEMAGLUTIDE,1,Subcutaneous,0.25 mg,,"",Y,"","",,209637,0.25,MG,Solution for injection,"",3
24616471,246164711,1,I,,20241104,20241114,20241114,EXP,"",US-NOVOPROD-1314016,NOVO NORDISK,"",,"","","",Y,,"",20241114,"",CN,US,US,246164711,OT,Intestinal obstruction,"",1,PS,OZEMPIC,SEMAGLUTIDE,1,Subcutaneous,UNK,,"",U,"","",,209637,,"",Solution for injection,"",7
24616480,246164801,1,I,20241008,20241104,20241114,20241114,EXP,"",US-NOVOPROD-1313800,NOVO NORDISK,"",,"",A,M,Y,,"",20241114,"",CN,US,US,246164801,OT,Knee arthroplasty,"",1,PS,OZEMPIC,SEMAGLUTIDE,1,Subcutaneous,0.5 mg,,"","","","",,209637,0.5,MG,Solution for injection,"",7
24616481,246164811,1,I,20220301,20241104,20241114,20241114,EXP,"",US-NOVOPROD-1313967,NOVO NORDISK,"",52,YR,"","",Y,,"",20241114,"",CN,US,US,246164811,OT,Nausea,"",1,PS,OZEMPIC,SEMAGLUTIDE,1,Subcutaneous,UNK,,"",U,"","",,209637,,"",Solution for injection,"",7
24616483,246164831,1,I,,20241104,20241114,20241114,EXP,"",US-NOVOPROD-1314066,NOVO NORDISK,"",,"","","",Y,,"",20241114,"",CN,US,US,246164831,OT,Gastrointestinal disorder,"",1,PS,OZEMPIC,SEMAGLUTIDE,1,Subcutaneous,UNK,,"",U,"","",,209637,,"",Solution for injection,"",7
24616485,246164851,1,I,20241028,20241104,20241114,20241114,EXP,"",US-NOVOPROD-1313899,NOVO NORDISK,"",71,YR,"",F,Y,,"",20241114,"",CN,US,US,246164851,HO,Knee operation,"",1,PS,OZEMPIC,SEMAGLUTIDE,1,Subcutaneous,"1 mg, qw",,"","","",PAR0608,,209637,1,MG,Solution for injection,/WK,3
24616496,246164961,1,I,20240101,20241105,20241114,20241114,PER,"",US-UNITED THERAPEUTICS-UNT-2024-035634,UNITED THERAPEUTICS,"",,"","",M,Y,112.02,KG,20241114,"","",US,US,,,Dermatitis contact,"",18,C,OZEMPIC,SEMAGLUTIDE,1,"",.25 OR,,"","","","",,"",,"","","",
24616522,246165221,1,I,,20241105,20241114,20241114,EXP,"",US-NOVOPROD-1314987,NOVO NORDISK,"",,"","",F,Y,,"",20241114,"",CN,US,US,246165221,OT,Neoplasm malignant,"",1,PS,OZEMPIC,SEMAGLUTIDE,1,Subcutaneous,UNK,,"",U,"","",,209637,,"",Solution for injection,"",7
24616523,246165231,1,I,,20241105,20241114,20241114,EXP,"",US-NOVOPROD-1314248,NOVO NORDISK,"",,"","",F,Y,,"",20241114,"",CN,US,US,246165231,OT,Cataract,"",1,PS,OZEMPIC,SEMAGLUTIDE,1,Subcutaneous,UNK,,"",U,"","",,209637,,"",Solution for injection,"",7
24616524,246165241,1,I,,20241105,20241114,20241114,EXP,"",US-NOVOPROD-1314253,NOVO NORDISK,"",,"","",M,Y,,"",20241114,"",MD,US,US,246165241,OT,Lung neoplasm malignant,"",1,PS,OZEMPIC,SEMAGLUTIDE,1,Subcutaneous,UNK,,"",Y,"","",,209637,,"",Solution for injection,"",7
24616526,246165261,1,I,,20241105,20241114,20241114,EXP,"",US-NOVOPROD-1314981,NOVO NORDISK,"",55,YR,"",F,Y,,"",20241114,"",MD,US,US,246165261,OT,Pancreatic carcinoma,"",1,PS,OZEMPIC,SEMAGLUTIDE,1,Subcutaneous,UNK,,"","","","",,209637,,"",Solution for injection,"",7
24616527,246165271,1,I,,20241105,20241114,20241114,EXP,"",US-NOVOPROD-1291412,NOVO NORDISK,"",,"",E,F,Y,,"",20241114,"",MD,US,US,246165271,HO,Vomiting projectile,"",1,PS,OZEMPIC,SEMAGLUTIDE,1,Subcutaneous,UNK (Dose decresed),,"",U,"","",,209637,,"",Solution for injection,"",3
24616528,246165281,1,I,20240919,20241105,20241114,20241114,EXP,"",US-NOVOPROD-1314218,NOVO NORDISK,"",67,YR,"",F,Y,,"",20241114,"",CN,US,US,246165281,HO,Vomiting,"",1,PS,OZEMPIC,SEMAGLUTIDE,1,Subcutaneous,0.25 mg,,"",Y,"",PZF9N93,,209637,0.25,MG,Solution for injection,"",3
24617869,246178692,2,F,20230101,20240922,20241114,20241116,EXP,"",US-UNITED THERAPEUTICS-UNT-2023-020137,UNITED THERAPEUTICS,"",,"","",F,Y,85.261,KG,20241116,"",PH,US,US,246178692,HO,Staphylococcal infection,"",13,C,OZEMPIC,SEMAGLUTIDE,1,"",UNK [pen injector],,"","","","",,"",,"","","",3
24618491,246184911,1,I,20240816,20241113,20241113,20241113,DIR,727359,"",FDA-CTU,"",70,YR,"",M,N,,"",20241113,N,PH,US,"",246184911,HO,Hypotension,"",1,PS,SEMAGLUTIDE,SEMAGLUTIDE,1,"","",,"","","","",,"",,"","","",3
24618623,246186231,1,I,,20241113,20241113,20241113,DIR,727327,"",FDA-CTU,"",,"","",F,N,,"",20241113,Y,HP,US,"",,,Left ventricular failure,"",10,C,OZEMPIC,SEMAGLUTIDE,1,"","",,"","","","",,"",,"","","",
24618913,246189131,1,I,20241111,20241113,20241113,20241113,DIR,727288,"",FDA-CTU,"",61,YR,"",F,N,77.85,KG,20241113,N,PH,US,"",246189131,HO,Presyncope,"",1,PS,OZEMPIC,SEMAGLUTIDE,1,Subcutaneous,OTHER FREQUENCY : weekly;?,,"",Y,D,"",,"",1,MG,"",999,3
24618914,246189141,1,I,,20241113,20241113,20241113,DIR,727308,"",FDA-CTU,"",,"","",UNK,N,,"",20241113,N,CN,US,"",246189141,HO,Confusional state,"",1,PS,OZEMPIC,SEMAGLUTIDE,1,"","",,"","","","",,"",,"","","",3
24618920,246189201,1,I,20240501,20241113,20241113,20241113,DIR,727283,"",FDA-CTU,"",67,YR,"",F,N,130.5,KG,20241113,N,CN,US,"",246189201,RI,Chest pain,"",1,PS,OZEMPIC,SEMAGLUTIDE,1,"","",,"","","","",,"",,"","","",6
24619127,246191271,1,I,20231020,20231021,20241114,20241114,PER,"",US-NALPROPION PHARMACEUTICALS INC.-US-2023CUR004411,CURRAX PHARMACEUTICALS,"",56,YR,"",F,Y,83.9,KG,20241114,"",CN,US,US,246191271,OT,Diarrhoea,"",2,C,SEMAGLUTIDE,SEMAGLUTIDE,1,"",UNK,,"",D,"","",,"",,"","","",7
24619263,246192631,1,I,20230101,20231127,20241114,20241114,PER,"",US-CURRAX PHARMACEUTICALS LLC-US-2023CUR004942,CURRAX PHARMACEUTICALS,"",,"","",F,Y,,"",20241114,"",CN,US,US,,,Unevaluable event,"",2,C,SEMAGLUTIDE,SEMAGLUTIDE,1,"",UNK,,"",D,"","",,"",,"","","",
24619471,246194711,1,I,20240115,20240118,20241114,20241114,PER,"",US-CURRAX PHARMACEUTICALS LLC-US-2024CUR000237,CURRAX PHARMACEUTICALS,"",28,YR,"",F,Y,,"",20241114,"",CN,US,US,,,Vomiting,"",3,SS,OZEMPIC,SEMAGLUTIDE,1,Unknown,UNK,,"","","","",,"",,"","","",
24619971,246199711,1,I,,20241104,20241114,20241114,EXP,"",US-ELI_LILLY_AND_COMPANY-US202411002035,ELI LILLY AND COMPANY,"",74,YR,E,M,Y,,"",20241114,"",CN,US,US,246199711,HO,Injection site haemorrhage,"",7,C,OZEMPIC,SEMAGLUTIDE,1,"","",,"","","","",,"",,"","","",3
24620607,246206071,1,I,20240101,20241105,20241114,20241114,EXP,"",US-NOVOPROD-1316462,NOVO NORDISK,"",70,YR,"",M,Y,,"",20241114,"",CN,US,US,246206071,DE,Death,"",1,SS,SEMAGLUTIDE,SEMAGLUTIDE,1,Subcutaneous,0.24 mg,,"",D,"","",,"",0.24,MG,"","",1
24621100,246211001,1,I,20240826,20241114,20241114,20241114,DIR,FDA-CDER-CTU-2024-78894,"",FDA-CTU,"",76,YR,"",M,N,126.7,KG,20241114,N,HP,US,"",246211001,DE,Cardio-respiratory arrest,"",13,C,OZEMPIC,SEMAGLUTIDE,1,"","",,"","","","",,"",,"","","",1
24621551,246215511,1,I,,20241113,20241114,20241114,PER,"",NVSC2024US220059,NOVARTIS,"",,"","",F,Y,,"",20241114,"",CN,US,US,,,Nausea,"",6,C,OZEMPIC,SEMAGLUTIDE,1,Unknown,UNK,,"",U,"","",,"",,"","","",
24622219,246222191,1,I,,20241104,20241114,20241114,EXP,"",US-NOVOPROD-1314084,NOVO NORDISK,"",52,YR,"","",Y,,"",20241115,"",CN,US,US,246222191,HO,Ileus,"",1,PS,OZEMPIC,SEMAGLUTIDE,1,"","",,"",U,"","",,209637,,"",Solution for injection,"",3
24622220,246222201,1,I,20230101,20241104,20241114,20241114,EXP,"",US-NOVOPROD-1314216,NOVO NORDISK,"",64,YR,"",M,Y,,"",20241115,"",CN,US,US,246222201,OT,Ear tube insertion,"",1,PS,OZEMPIC,SEMAGLUTIDE,1,Subcutaneous,"1 mg, qw",,"","","",PAR0648,,209637,1,MG,Solution for injection,/WK,7
24622221,246222211,1,I,,20241104,20241114,20241114,EXP,"",US-NOVOPROD-1313947,NOVO NORDISK,"",56,YR,"","",Y,,"",20241115,"",CN,US,US,246222211,OT,Small intestinal obstruction,"",1,PS,OZEMPIC,SEMAGLUTIDE,1,Subcutaneous,Unknown,,"",U,"","",,209637,,"",Solution for injection,"",7
24622260,246222601,1,I,,20241104,20241114,20241114,EXP,"",US-NOVOPROD-1314356,NOVO NORDISK,"",55,YR,"",F,Y,,"",20241115,"",HP,US,US,246222601,HO,Autoimmune disorder,"",1,PS,RYBELSUS,SEMAGLUTIDE,1,Oral,"3 mg, qd",,"","","","",,213051,3,MG,Tablet,QD,3
24622261,246222611,1,I,,20241104,20241114,20241114,EXP,"",US-NOVOPROD-1314737,NOVO NORDISK,"",,"","",F,Y,,"",20241115,"",CN,US,US,246222611,DS,Disability,"",1,PS,WEGOVY,SEMAGLUTIDE,1,Subcutaneous,UNK,,"",U,"","",,215256,,"",Solution for injection,"",4
24622262,246222621,1,I,,20241104,20241114,20241114,EXP,"",US-NOVOPROD-1314699,NOVO NORDISK,"",50,YR,"","",Y,,"",20241115,"",CN,US,US,246222621,OT,Off label use,"",1,PS,OZEMPIC,SEMAGLUTIDE,1,Subcutaneous,UNK,,"",U,"","",,209637,,"",Solution for injection,"",7
24622267,246222671,1,I,,20241104,20241114,20241114,EXP,"",US-NOVOPROD-1314325,NOVO NORDISK,"",,"","","",Y,,"",20241115,"",CN,US,US,246222671,OT,Intestinal obstruction,"",1,PS,OZEMPIC,SEMAGLUTIDE,1,Subcutaneous,UNK,,"",U,"","",,209637,,"",Solution for injection,"",7
24622277,246222771,1,I,,20241104,20241114,20241114,EXP,"",US-NOVOPROD-1315012,NOVO NORDISK,"",,"",A,"",Y,,"",20241115,"",CN,US,US,246222771,OT,Medical procedure,"",1,PS,OZEMPIC,SEMAGLUTIDE,1,Subcutaneous,UNK,,"",N,"","",,209637,,"",Solution for injection,"",7
24622278,246222781,1,I,,20241104,20241114,20241114,EXP,"",US-NOVOPROD-1314895,NOVO NORDISK,"",,"",A,F,Y,,"",20241115,"",CN,US,US,246222781,OT,Knee arthroplasty,"",1,PS,WEGOVY,SEMAGLUTIDE,1,Subcutaneous,1.7 mg,,"",U,"",PZFCD71,,215256,1.7,MG,Solution for injection,"",7
24622280,246222802,2,F,,20241218,20241114,20241230,EXP,"",US-NOVOPROD-1314919,NOVO NORDISK,"",47,YR,"",F,Y,,"",20241231,"",CN,US,US,246222802,DS,Disability,"",1,PS,OZEMPIC,SEMAGLUTIDE,1,Subcutaneous,UNk,,"",U,"","",,209637,,"",Solution for injection,"",4
24622436,246224361,1,I,20230301,20241105,20241115,20241115,EXP,"",US-NOVOPROD-1314986,NOVO NORDISK,"",,"","",F,Y,,"",20241115,"",CN,US,US,246224361,OT,Off label use,"",1,PS,OZEMPIC,SEMAGLUTIDE,1,Subcutaneous,UNK,,"","","","",,209637,,"",Solution for injection,"",7
24622437,246224372,2,F,,20241112,20241115,20241121,EXP,"",US-NOVOPROD-1318586,NOVO NORDISK,"",,"","",M,Y,,"",20241121,"",CN,US,US,246224372,OT,Nephrolithiasis,"",1,PS,OZEMPIC,SEMAGLUTIDE,1,Subcutaneous,UNK,,"",U,"","",,209637,,"",Solution for injection,"",7
24622439,246224391,1,I,20241022,20241104,20241115,20241115,EXP,"",US-NOVOPROD-1316039,NOVO NORDISK,"",,"","",F,Y,,"",20241115,"",CN,US,US,246224391,OT,Injection site indentation,"",1,PS,WEGOVY,SEMAGLUTIDE,1,Subcutaneous,"0.5 mg, qw",,"",Y,"",PZFCX55,,215256,0.5,MG,Solution for injection,/WK,7
24622823,246228231,1,I,,20241112,20241115,20241115,PER,"",NVSC2024US218943,NOVARTIS,"",,"","",F,Y,,"",20241115,"",CN,US,US,,,Product dose omission issue,"",2,C,WEGOVY,SEMAGLUTIDE,1,Unknown,UNK,,"",U,"","",,"",,"","","",
24622855,246228551,1,I,,20241111,20241115,20241115,EXP,"",US-BIOGEN-2024BI01290235,BIOGEN,"",,"","",F,Y,,"",20241115,"",CN,US,US,246228551,OT,Cerebrovascular accident,"",8,C,RYBELSUS,SEMAGLUTIDE,1,Other,"",,"","","","",,"",,"",Unknown,"",7
24622954,246229541,1,I,,20241106,20241115,20241115,PER,"",US-GSK-US2024AMR139751,GLAXOSMITHKLINE,"",,"","",F,Y,72.1,KG,20241115,"",CN,US,US,,,Limb discomfort,"",2,C,RYBELSUS,SEMAGLUTIDE,1,"",UNK,,"",U,"","",,"",,"","","",
24623458,246234582,2,F,20241001,20241121,20241115,20241129,EXP,"",US-BIOGEN-2024BI01290133,BIOGEN,"",54,YR,"",M,Y,98.087,KG,20241129,"",CN,US,US,,,Ankle fracture,"",9,C,OZEMPIC,SEMAGLUTIDE,1,Other,inject 0.25 mg under the skin every week for 28 days then 0.5 mg every week,,"","","","",,"",,"",Unknown,"",
24623814,246238141,1,I,,20241114,20241114,20241114,DIR,727501,"",FDA-CTU,"",,"","",F,N,,"",20241114,Y,HP,US,"",,,Heart rate,"",10,C,OZEMPIC,SEMAGLUTIDE,1,"","",,"","","","",,"",,"","","",
24624139,246241391,1,I,20240625,20241115,20241115,20241115,DIR,727566,"",FDA-CTU,"",54,YR,"",M,N,,"",20241115,N,HP,US,"",246241391,HO,Diarrhoea,"",1,PS,SEMAGLUTIDE,SEMAGLUTIDE,1,Subcutaneous,1.00 MG QWEEK SUBCUTANEOUS?,,"","","","",,"",1,MG,"",999,3
24624217,246242171,1,I,20240713,20241115,20241115,20241115,DIR,727573,"",FDA-CTU,"",69,YR,"",M,N,,"",20241115,N,HP,US,"",246242171,LT,Sinus tachycardia,"",1,PS,SEMAGLUTIDE,SEMAGLUTIDE,1,"","",,"",Y,D,"",,"",,"","","",2
24624362,246243621,1,I,20240223,20241114,20241114,20241114,DIR,727531,"",FDA-CTU,"",52,YR,"",F,N,72.9,KG,20241114,N,CN,US,"",246243621,HO,Myocardial infarction,"",1,PS,OZEMPIC,SEMAGLUTIDE,1,"","",,"",N,D,"",,99,,"","","",3
24624363,246243631,1,I,,20241114,20241114,20241114,DIR,727511,"",FDA-CTU,"",,"","",F,N,,"",20241114,Y,CN,US,"",,,Malaise,"",1,PS,OZEMPIC,SEMAGLUTIDE,1,"","",,"",Y,D,"",,"",,"","","",
24624382,246243821,1,I,20240306,20241114,20241114,20241114,DIR,727560,"",FDA-CTU,"",27,YR,"",M,N,117,KG,20241114,N,CN,US,"",246243821,HO,Syncope,"",1,PS,WEGOVY,SEMAGLUTIDE,1,"","",,"",Y,D,"",,"",,"","","",3
24624394,246243942,2,F,,20241127,20241115,20241204,PER,"",US-ASTRAZENECA-202410USA003981US,ALEXION PHARMACEUTICALS,"",,"","","",Y,,"",20241204,"","",US,US,246243942,OT,Weight decreased,"",2,SS,OZEMPIC,SEMAGLUTIDE,1,"","",,"",U,U,"",,"",,"","","",7
24624535,246245353,3,F,,20241119,20241115,20241126,EXP,"",US-GSK-US2024140276,GLAXOSMITHKLINE,"",,"","","",Y,,"",20241126,"",CN,US,US,,,Malaise,"",2,C,OZEMPIC,SEMAGLUTIDE,1,"",UNK,,"",U,"","",,"",,"","","",
24624566,246245662,2,F,20241101,20241113,20241115,20241119,EXP,"",US-MALLINCKRODT-MNK202406784,MALLINCKRODT,"",63,YR,"",F,Y,,"",20241119,"",CN,US,US,,,Visual impairment,"",2,C,OZEMPIC,SEMAGLUTIDE,1,"",UNKNOWN,,"","","","",,"",,"","","",
24625551,246255512,2,F,20241001,20241119,20241115,20241201,EXP,"",US-NOVOPROD-1318813,NOVO NORDISK,"",,"",E,M,Y,231,KG,20241202,"",CN,US,US,246255512,HO,Hypertension,"",1,PS,OZEMPIC,SEMAGLUTIDE,1,Subcutaneous,2 mg,,"",U,"","",,209637,,"",Solution for injection,"",3
24625649,246256491,1,I,20240503,20240503,20241115,20241115,PER,"",US-NOVOPROD-1219156,NOVO NORDISK,"",63,YR,"",F,Y,,"",20241115,"",CN,US,US,246256491,OT,Blood glucose increased,"",2,C,OZEMPIC,SEMAGLUTIDE,1,Subcutaneous,"0.25 mg, qw",,"","","",PZF8W56,,"",0.25,MG,Solution for injection,/WK,7
24625809,246258091,1,I,,20240822,20241115,20241115,PER,"",US-ANIPHARMA-2024-US-046578,ANI,"",44,YR,"",F,Y,,"",20241115,"",HP,US,US,,,Injection site pruritus,"",3,C,OZEMPIC,SEMAGLUTIDE,1,"","",,"","",N,"",,"",,"","","",
24625852,246258521,1,I,,20241015,20241115,20241115,PER,"",US-ANIPHARMA-2024-US-055974,ANI,"",,"","",F,Y,55.34,KG,20241115,"",CN,US,US,,,Arthralgia,"",3,C,OZEMPIC .25 OR 0.5 PEN INJCTR,"",2,"","",,"","",N,"",,"",,"","","",
24625866,246258661,1,I,20241024,20241025,20241115,20241115,PER,"",US-ANIPHARMA-2024-US-057832,ANI,"",59,YR,"",M,Y,128.37,KG,20241115,"",CN,US,US,,,Asthenia,"",6,C,OZEMPIC,SEMAGLUTIDE,1,"","",,"","",N,"",,"",,"","","",
24625967,246259671,1,I,20240606,20240809,20241115,20241115,PER,"",US-ANIPHARMA-2024-US-040501,ANI,"",63,YR,"",F,Y,,"",20241115,"",CN,US,US,246259671,OT,Peripheral swelling,"",9,C,OZEMPIC,SEMAGLUTIDE,1,"","",,"","",N,"",,"",,"","","",7
24626247,246262471,1,I,20240101,20241102,20241115,20241115,PER,"",US-SA-2024SA327022,SANOFI AVENTIS,"",64,YR,A,F,Y,,"",20241115,"",MD,US,US,,,Asthma,"",16,C,WEGOVY,SEMAGLUTIDE,1,"",UNK,,"",U,"","",,"",,"",Injection,"",
24626294,246262941,1,I,20220101,20241101,20241115,20241115,EXP,"",US-NOVOPROD-1288569,NOVO NORDISK,"",65,YR,"",M,Y,104.8,KG,20241115,"",CN,US,US,246262941,HO,Diarrhoea,"",1,PS,OZEMPIC,SEMAGLUTIDE,1,Subcutaneous,0.50 mg,,"",U,"","",,209637,0.5,MG,Solution for injection,"",3
24626694,246266941,1,I,20241001,20241112,20241115,20241115,EXP,"",US-PFIZER INC-202400301358,PFIZER,"",50,YR,"",M,Y,,"",20241115,"",HP,US,US,246266941,OT,Pain,"",6,C,OZEMPIC,SEMAGLUTIDE,1,"",2mg/0.75 mL pen injctr,,"","","","",,"",,"","","",7
24626741,246267411,1,I,20040101,20241007,20241115,20241115,PER,"",US-NOVOPROD-1281749,NOVO NORDISK,"",58,YR,"",M,Y,,"",20241115,"",CN,US,US,,,Lacrimation increased,"",3,SS,OZEMPIC,SEMAGLUTIDE,1,Subcutaneous,"0.5 mg, qw",,"",U,"","",,"",0.5,MG,Solution for injection,/WK,
24626745,246267451,1,I,20240214,20240415,20241115,20241115,PER,"",US-NOVOPROD-1179133,NOVO NORDISK,"",70,YR,"",F,Y,,"",20241115,"",MD,US,US,,,Eye disorder,"",2,C,OZEMPIC,SEMAGLUTIDE,1,Subcutaneous,2mg,,"",U,"","",,"",,"",Solution for injection,"",
24626760,246267601,1,I,20240918,20240920,20241115,20241115,PER,"",US-NOVOPROD-1289339,NOVO NORDISK,"",61,YR,"",F,Y,,"",20241115,"",CN,US,US,,,Hyperglycaemia,"",2,SS,OZEMPIC,SEMAGLUTIDE,1,Subcutaneous,"2 mg, qw",,"",U,"",PAR0370,,"",2,MG,Solution for injection,/WK,
24626771,246267712,2,F,,20240913,20241115,20241122,PER,"",US-NOVOPROD-1287307,NOVO NORDISK,"",,"","",M,Y,,"",20241122,"",CN,US,US,,,Wrong technique in product usage process,"",1,SS,OZEMPIC,SEMAGLUTIDE,1,Subcutaneous,0.25 mg,,"",U,"","",,"",0.25,MG,Solution for injection,"",
24626772,246267722,2,F,20240319,20240829,20241115,20241122,PER,"",US-NOVOPROD-1284549,NOVO NORDISK,"",80,YR,"",F,Y,,"",20241122,"",CN,US,US,,,Therapeutic product effect delayed,"",3,SS,OZEMPIC,SEMAGLUTIDE,1,Subcutaneous,"0.25 mg, qw",,"",U,"","",,"",0.25,MG,Solution for injection,/WK,
24626833,246268331,1,I,,20240506,20241115,20241115,PER,"",US-NOVOPROD-1222257,NOVO NORDISK,"",,"",A,F,Y,,"",20241115,"",CN,US,US,,,Malaise,"",2,SS,OZEMPIC,SEMAGLUTIDE,1,Subcutaneous,Unk,,"",U,"","",,"",,"",Solution for injection,"",
24626894,246268941,1,I,,20240607,20241115,20241115,PER,"",US-NOVOPROD-1241112,NOVO NORDISK,"",,"","",M,Y,,"",20241115,"",CN,US,US,,,Weight decreased,"",2,SS,OZEMPIC,SEMAGLUTIDE,1,Subcutaneous,1 mg,,"",U,"","",,"",1,MG,Solution for injection,"",
24626924,246269242,2,F,,20240827,20241115,20241122,PER,"",US-NOVOPROD-1276682,NOVO NORDISK,"",62,YR,"",M,Y,,"",20241122,"",CN,US,US,,,Vascular dementia,"",3,SS,OZEMPIC,SEMAGLUTIDE,1,Subcutaneous,"2 mg, qw",,"",U,"","",,"",2,MG,Solution for injection,/WK,
24626959,246269591,1,I,20240520,20240618,20241115,20241115,PER,"",US-NOVOPROD-1261754,NOVO NORDISK,"",67,YR,"",F,Y,,"",20241115,"",CN,US,US,,,Abdominal pain upper,"",1,SS,OZEMPIC,SEMAGLUTIDE,1,Subcutaneous,"1 mg, qw",,"","","","",,"",1,MG,Solution for injection,/WK,
24626960,246269601,1,I,,20240618,20241115,20241115,PER,"",US-NOVOPROD-1261455,NOVO NORDISK,"",,"",A,F,Y,,"",20241115,"",CN,US,US,,,Nausea,"",2,SS,OZEMPIC,SEMAGLUTIDE,1,Subcutaneous,1 mg,,"","","","",,"",,"",Solution for injection,"",
24627019,246270191,1,I,,20241107,20241115,20241115,PER,"",US-SA-2024SA331937,SANOFI AVENTIS,"",,"",A,F,Y,87.73,KG,20241116,"",HP,US,US,,,Headache,"",15,C,OZEMPIC,SEMAGLUTIDE,1,"",1/0.75 (3) PEN INJCTR,,"",U,"","",,"",,"","","",
24627856,246278561,1,I,20241106,20241107,20241116,20241116,EXP,"",US-UNITED THERAPEUTICS-UNT-2024-035666,UNITED THERAPEUTICS,"",82,YR,"",M,Y,88.435,KG,20241116,"","",US,US,246278561,HO,Pulmonary thrombosis,"",12,C,OZEMPIC,SEMAGLUTIDE,1,"",UNK,,"","","","",,"",,"","","",3
24627982,246279821,1,I,20240101,20241104,20241117,20241117,PER,"",US-SA-2024SA328429,SANOFI AVENTIS,"",44,YR,A,F,Y,,"",20241117,"",MD,US,US,,,Nasopharyngitis,"",6,C,OZEMPIC,SEMAGLUTIDE,1,"",UNK,,"",U,"","",,"",,"",Injection,"",
24628046,246280461,1,I,,20241108,20241117,20241117,EXP,"",US-UNITED THERAPEUTICS-UNT-2024-036525,UNITED THERAPEUTICS,"",,"","",F,Y,109.75,KG,20241117,"","",US,US,246280461,OT,Thrombosis,"",25,C,OZEMPIC,SEMAGLUTIDE,1,"",UNK,,"","","","",,"",,"","","",7
24629006,246290061,1,I,20240101,20241105,20241118,20241118,EXP,"",US-NOVOPROD-1314214,NOVO NORDISK,"",66,YR,"",F,Y,,"",20241118,"",CN,US,US,246290061,OT,Cataract operation,"",1,PS,OZEMPIC,SEMAGLUTIDE,1,Subcutaneous,UNK,,"",N,"",PZFAA68,,209637,,"",Solution for injection,"",7
24629011,246290111,1,I,,20241105,20241118,20241118,EXP,"",US-NOVOPROD-1314252,NOVO NORDISK,"",,"","",F,Y,,"",20241118,"",CN,US,US,246290111,OT,Cataract,"",1,PS,OZEMPIC,SEMAGLUTIDE,1,Subcutaneous,UNK,,"",U,"","",,209637,,"",Solution for injection,"",7
24629014,246290141,1,I,20240802,20241105,20241118,20241118,EXP,"",US-NOVOPROD-1313734,NOVO NORDISK,"",74,YR,"",M,Y,,"",20241118,"",CN,US,US,246290141,OT,Blood glucose increased,"",1,PS,OZEMPIC,SEMAGLUTIDE,1,Subcutaneous,1 mg,,"",U,"",PAR0483,,209637,1,MG,Solution for injection,"",7
24629025,246290251,1,I,,20241105,20241118,20241118,EXP,"",US-NOVOPROD-1315005,NOVO NORDISK,"",,"","",F,Y,,"",20241118,"",HP,US,US,246290251,OT,Deep vein thrombosis,"",1,PS,OZEMPIC,SEMAGLUTIDE,1,Subcutaneous,UNK,,"","","","",,209637,,"",Solution for injection,"",7
24629031,246290311,1,I,,20241105,20241118,20241118,EXP,"",US-NOVOPROD-1315008,NOVO NORDISK,"",,"","",F,Y,,"",20241118,"",MD,US,US,246290311,OT,Liver transplant rejection,"",1,PS,RYBELSUS,SEMAGLUTIDE,1,Subcutaneous,"3 mg, qd",,"",N,"","",,213051,3,MG,Tablet,QD,7
24629041,246290411,1,I,,20241105,20241118,20241118,EXP,"",US-NOVOPROD-1314759,NOVO NORDISK,"",,"","",M,Y,,"",20241118,"",CN,US,US,246290411,DS,Disability,"",1,PS,OZEMPIC,SEMAGLUTIDE,1,Subcutaneous,UNK,,"",U,"","",,209637,,"",Solution for injection,"",4
24629043,246290431,1,I,20241006,20241105,20241118,20241118,EXP,"",US-NOVOPROD-1314946,NOVO NORDISK,"",69,YR,"",F,Y,,"",20241118,"",CN,US,US,246290431,HO,Hip fracture,"",1,PS,OZEMPIC,SEMAGLUTIDE,1,Subcutaneous,2 mg,,"","","",PAR0402,,209637,2,MG,Solution for injection,"",3
24629044,246290441,1,I,,20241105,20241118,20241118,EXP,"",US-NOVOPROD-1316460,NOVO NORDISK,"",,"","","",Y,,"",20241118,"",CN,US,US,246290441,OT,Rheumatoid arthritis,"",1,PS,OZEMPIC,SEMAGLUTIDE,1,Subcutaneous,UNK,,"",U,"","",,209637,,"",Solution for injection,"",7
24629046,246290461,1,I,,20241105,20241118,20241118,EXP,"",US-NOVOPROD-1314990,NOVO NORDISK,"",,"","",F,Y,,"",20241118,"",CN,US,US,246290461,OT,Vomiting,"",1,PS,OZEMPIC,SEMAGLUTIDE,1,Subcutaneous,UNK,,"",U,"","",,209637,,"",Solution for injection,"",7
24629049,246290491,1,I,,20241106,20241118,20241118,EXP,"",US-NOVOPROD-1314266,NOVO NORDISK,"",59,YR,"",F,Y,,"",20241118,"",MD,US,US,246290491,HO,Diabetic ketoacidosis,"",1,PS,SEMAGLUTIDE,SEMAGLUTIDE,1,"","1 mg, qw",,"",Y,"","",,209637,1,MG,"",/WK,3
24629182,246291821,1,I,,20241108,20241118,20241118,EXP,"",US-NOVOPROD-1318251,NOVO NORDISK,"",,"","",M,Y,,"",20241118,"",MD,US,US,246291821,OT,Gastric bypass,"",1,PS,WEGOVY,SEMAGLUTIDE,1,Subcutaneous,UNK,,"","","","",,215256,,"",Solution for injection,"",7
24629184,246291841,1,I,,20241108,20241118,20241118,EXP,"",US-NOVOPROD-1317110,NOVO NORDISK,"",,"",A,"",Y,,"",20241118,"",CN,US,US,246291841,OT,Sinus disorder,"",1,PS,OZEMPIC,SEMAGLUTIDE,1,Subcutaneous,0.5 mg,,"",U,"","",,209637,0.5,MG,Solution for injection,"",7
24629186,246291861,1,I,20240801,20241107,20241118,20241118,EXP,"",US-NOVOPROD-1317760,NOVO NORDISK,"",84,YR,"",M,Y,,"",20241118,"",CN,US,US,246291861,OT,Wrong technique in product usage process,"",1,PS,OZEMPIC,SEMAGLUTIDE,1,Subcutaneous,0.25 mg,,"",U,"","",,209637,0.25,MG,Solution for injection,"",7
24629187,246291871,1,I,,20241107,20241118,20241118,EXP,"",US-NOVOPROD-1317146,NOVO NORDISK,"",,"",E,F,Y,,"",20241118,"",CN,US,US,246291871,HO,Renal disorder,"",1,PS,WEGOVY,SEMAGLUTIDE,1,Subcutaneous,"1.7 mg, qw",,"",U,"",PZFBZ97,,215256,1.7,MG,Solution for injection,/WK,3
24630048,246300481,1,I,,20241113,20241118,20241118,PER,"",US-BIOGEN-2024BI01290569,BIOGEN,"",,"","",F,Y,,"",20241118,"",CN,US,US,,,Cognitive disorder,"",10,C,OZEMPIC,SEMAGLUTIDE,1,Other,"",,"","","","",,"",,"",Unknown,"",
24630517,246305171,1,I,20191005,20241115,20241115,20241115,DIR,FDA-CDER-CTU-2024-79271,"",FDA-CTU,"",59,YR,"",M,N,121.11,KG,20241115,N,CN,US,"",,,Myalgia,"",5,C,SEMAGLUTIDE,SEMAGLUTIDE,1,"","",,"","","","",,"",,"","","",
24630670,246306701,1,I,,20241112,20241118,20241118,PER,"",US-ELI_LILLY_AND_COMPANY-US202411007769,ELI LILLY AND COMPANY,"",61,YR,A,F,Y,65,KG,20241118,"",CN,US,US,,,Nausea,"",5,C,OZEMPIC,SEMAGLUTIDE,1,"","",,"","","","",,"",,"","","",
24630897,246308971,1,I,20240921,20241116,20241116,20241116,DIR,727882,"",FDA-CTU,"",53,YR,"",F,N,103.5,KG,20241116,N,CN,US,"",246308971,OT,Facial discomfort,"",1,PS,OZEMPIC,SEMAGLUTIDE,1,Subcutaneous,OTHER QUANTITY : .25 Injection(s)?OTHER FREQUENCY : Once a week?,,"",N,D,Pzfaa86,20260131,99,,"","",999,7
24631476,246314762,2,F,20240916,20241212,20241118,20241218,EXP,"",US-OTSUKA-2024_027098,OTSUKA,"",44,YR,"",M,Y,92.97,KG,20241218,"",MD,US,US,246314762,OT,Middle insomnia,"",9,C,OZEMPIC,SEMAGLUTIDE,1,Unknown,UNK,,"","","","",,"",,"","","",7
24631648,246316481,1,I,,20241108,20241118,20241118,EXP,"",US-TEVA-VS-3265143,TEVA,"",57,YR,"",F,Y,,"",20241118,"",CN,US,US,246316481,OT,Pain in extremity,"",9,C,OZEMPIC,SEMAGLUTIDE,1,Unknown,1 M SOP 4 MG/3 ML,,"","","","",,"",,"","","",7
24631766,246317661,1,I,20240615,20241118,20241118,20241118,DIR,728034,"",FDA-CTU,"",52,YR,"",M,N,127,KG,20241118,N,HP,US,"",246317661,RI,Pancreatitis,"",1,PS,SEMAGLUTIDE,SEMAGLUTIDE,1,Subcutaneous,2.00 MG QWEEK SUBCUTNEOUS?,,"",Y,D,"",,"",2,MG,"",999,6
24631784,246317841,1,I,,20241106,20241118,20241118,EXP,"",US-ELI_LILLY_AND_COMPANY-US202411004081,ELI LILLY AND COMPANY,"",63,YR,A,M,Y,,"",20241118,"",CN,US,US,246317841,OT,Drug ineffective,"",4,SS,OZEMPIC,SEMAGLUTIDE,1,Unknown,"UNK UNK, unknown",,"","","","",,"",,"","","",7
24631788,246317881,1,I,20230801,20241106,20241118,20241118,EXP,"",US-ELI_LILLY_AND_COMPANY-US202411004560,ELI LILLY AND COMPANY,"",76,YR,E,F,Y,,"",20241118,"",CN,US,US,246317881,HO,Blood cholesterol increased,"",2,SS,RYBELSUS,SEMAGLUTIDE,1,Unknown,"UNK UNK, unknown",,"","","",ASKU,,"",,"","","",3
24632037,246320372,2,F,20220101,20241206,20241118,20241211,PER,"",US-AMGEN-USASP2024225938,AMGEN,"",59,YR,A,F,Y,,"",20241211,"",CN,US,US,,,Therapy interrupted,"",3,C,OZEMPIC,SEMAGLUTIDE,1,"",UNK,,"","","","",,"",,"",Unknown formulation,"",
24632319,246323191,1,I,20240903,20241118,20241118,20241118,DIR,728065,"",FDA-CTU,"",60,YR,"",M,N,133,KG,20241118,N,PH,US,"",,,Hallucination,"",1,PS,SEMAGLUTIDE,SEMAGLUTIDE,1,Subcutaneous,OTHER FREQUENCY : QWEEK;?,,"",Y,"",PZF9M93,,"",0.5,MG,"",999,
24632341,246323411,1,I,20240101,20241010,20241118,20241118,EXP,"",US-NOVOPROD-1319493,NOVO NORDISK,"",,"","",F,Y,,"",20241118,"",CN,US,US,246323411,HO,Hip arthroplasty,"",1,PS,RYBELSUS,SEMAGLUTIDE,1,Oral,7 mg,,"",U,"","",,213051,7,MG,Tablet,"",3
24632342,246323421,1,I,20220101,20231227,20241118,20241118,EXP,"",US-NOVOPROD-1317837,NOVO NORDISK,"",,"","",M,Y,,"",20241118,"",CN,US,US,246323421,OT,Cardiac failure,"",1,PS,OZEMPIC,SEMAGLUTIDE,1,Subcutaneous,UNK,,"",U,"","",,209637,,"",Solution for injection,"",7
24632343,246323431,1,I,,20231013,20241118,20241118,EXP,"",US-NOVOPROD-1317904,NOVO NORDISK,"",,"","",F,Y,,"",20241118,"",CN,US,US,246323431,OT,Accident,"",1,PS,OZEMPIC,SEMAGLUTIDE,1,Subcutaneous,UNK,,"",U,"","",,209637,,"",Solution for injection,"",7
24632344,246323441,1,I,20231001,20231101,20241118,20241118,EXP,"",US-NOVOPROD-1317840,NOVO NORDISK,"",,"","","",Y,,"",20241118,"",CN,US,US,246323441,OT,Pneumonia,"",1,PS,OZEMPIC,SEMAGLUTIDE,1,Subcutaneous,UNK,,"",U,"","",,209637,,"",Solution for injection,"",7
24632549,246325492,2,F,,20241202,20241118,20241205,EXP,"",US-PHARMING-PHAUS2024001046,PHARMING GROUP,"",,"","","",Y,,"",20241205,"",CN,US,US,246325492,OT,Kidney infection,"",5,C,OZEMPIC,SEMAGLUTIDE,1,"","",,"","","","",,"",,"",Injection,"",7
24633085,246330851,1,I,20231101,20241031,20241118,20241118,EXP,"",US-NOVOPROD-1311274,NOVO NORDISK,"",,"","",F,Y,267,KG,20241118,"",CN,US,US,246330851,OT,Weight increased,"",1,PS,WEGOVY,SEMAGLUTIDE,1,Subcutaneous,1 mg,,"",Y,"","",,215256,1,MG,Solution for injection,"",7
24633205,246332051,1,I,,20241105,20241118,20241118,PER,"",US-SA-2024SA325273,SANOFI AVENTIS,"",75,YR,E,F,Y,,"",20241119,"",CN,US,US,,,Intercepted product storage error,"",2,C,OZEMPIC,SEMAGLUTIDE,1,"",UNK,,"",U,"","",,"",,"","","",
24633948,246339481,1,I,20241001,20241113,20241118,20241118,PER,"",US-SMPA-2024SPA005200,SUNOVION,"",,"","","",Y,,"",20241118,"",CN,US,US,,,Rash,"",16,C,OZEMPIC,SEMAGLUTIDE,1,Unknown,"",,"","","","",,"",,"","","",
24634113,246341131,1,I,,20241106,20241119,20241119,EXP,"",US-NOVOPROD-1318157,NOVO NORDISK,"",,"","","",Y,,"",20241119,"",CN,US,US,246341131,OT,Sensitive skin,"",1,PS,WEGOVY,SEMAGLUTIDE,1,Subcutaneous,1.7 mg,,"",Y,"","",,215256,1.7,MG,Solution for injection,"",7
24634114,246341141,1,I,,20241106,20241119,20241119,EXP,"",US-NOVOPROD-1316894,NOVO NORDISK,"",,"","",F,Y,,"",20241119,"",MD,US,US,246341141,HO,Gastrointestinal disorder,"",1,PS,WEGOVY,SEMAGLUTIDE,1,Subcutaneous,UNK,,"","","","",,215256,,"",Solution for injection,"",3
24634115,246341151,1,I,20231001,20241106,20241119,20241119,EXP,"",US-NOVOPROD-1316311,NOVO NORDISK,"",65,YR,"",F,Y,,"",20241119,"",HP,US,US,246341151,OT,Product dispensing error,"",1,PS,OZEMPIC,SEMAGLUTIDE,1,Subcutaneous,"0.5 mg, qw",,"",U,"","",,209637,0.5,MG,Solution for injection,/WK,7
24634116,246341161,1,I,20231129,20241106,20241119,20241119,EXP,"",US-NOVOPROD-1315292,NOVO NORDISK,"",61,YR,"","",Y,,"",20241119,"",CN,US,US,246341161,HO,Off label use,"",1,PS,OZEMPIC,SEMAGLUTIDE,1,Subcutaneous,"0.5 mg, qw",,"",Y,"","",,209637,0.5,MG,Solution for injection,/WK,3
24634117,246341171,1,I,20240718,20241106,20241119,20241119,EXP,"",US-NOVOPROD-1317027,NOVO NORDISK,"",46,YR,"",F,Y,,"",20241119,"",CN,US,US,246341171,OT,Tongue spasm,"",1,PS,WEGOVY,SEMAGLUTIDE,1,Subcutaneous,"0.25 mg, qw",,"",Y,"","",,215256,0.25,MG,Solution for injection,/WK,7
24634119,246341191,1,I,,20241106,20241119,20241119,EXP,"",US-NOVOPROD-1316637,NOVO NORDISK,"",,"",A,F,Y,,"",20241119,"",CN,US,US,246341191,OT,Surgery,"",1,PS,OZEMPIC,SEMAGLUTIDE,1,Subcutaneous,"1 mg, qw",,"",U,"","",,209637,1,MG,Solution for injection,/WK,7
24634121,246341211,1,I,,20241106,20241119,20241119,EXP,"",US-NOVOPROD-1315440,NOVO NORDISK,"",73,YR,"",F,Y,,"",20241119,"",CN,US,US,246341211,HO,Ileus,"",1,PS,OZEMPIC,SEMAGLUTIDE,1,Subcutaneous,unk,,"",U,"","",,209637,,"",Solution for injection,"",3
24634123,246341232,2,F,20241030,20241213,20241119,20241224,EXP,"",US-NOVOPROD-1316966,NOVO NORDISK,"",70,YR,"",F,Y,71.569,KG,20241224,"",MD,US,US,246341232,OT,Aspiration,"",1,PS,WEGOVY,SEMAGLUTIDE,1,Subcutaneous,UNK,,"","","","",,215256,,"",Solution for injection,"",7
24634126,246341261,1,I,20230301,20241105,20241119,20241119,EXP,"",US-NOVOPROD-1313884,NOVO NORDISK,"",,"","",F,Y,,"",20241119,"",CN,US,US,246341261,HO,Colitis,"",1,PS,OZEMPIC,SEMAGLUTIDE,1,Subcutaneous,"2 mg, qw",,"",U,"","",,209637,2,MG,Solution for injection,/WK,3
24634219,246342191,1,I,,20241107,20241119,20241119,EXP,"",US-NOVOPROD-1317113,NOVO NORDISK,"",,"","",M,Y,,"",20241119,"",CN,US,US,246342191,OT,Unevaluable event,"",1,PS,OZEMPIC,SEMAGLUTIDE,1,Subcutaneous,0.25 mg(restarted),,"",N,"","",,209637,0.25,MG,Solution for injection,"",7
24634221,246342211,1,I,20220101,20241107,20241119,20241119,EXP,"",US-NOVOPROD-1317818,NOVO NORDISK,"",79,YR,"",F,Y,,"",20241119,"",CN,US,US,246342211,OT,Spinal operation,"",1,PS,OZEMPIC,SEMAGLUTIDE,1,Subcutaneous,"0.5 mg, qw",,"",U,"","",,209637,0.5,MG,Solution for injection,/WK,7
24634222,246342222,2,F,,20241115,20241119,20241126,EXP,"",US-NOVOPROD-1319218,NOVO NORDISK,"",,"","",F,Y,,"",20241126,"",CN,US,US,,,Nausea,"",1,PS,OZEMPIC,SEMAGLUTIDE,1,Subcutaneous,0.5 mg,,"",Y,"","",,209637,0.5,MG,Solution for injection,"",
24634223,246342232,2,F,,20241203,20241119,20241213,EXP,"",US-NOVOPROD-1317407,NOVO NORDISK,"",,"","",F,Y,,"",20241213,"",CN,US,US,,,Product dispensing error,"",1,PS,OZEMPIC,SEMAGLUTIDE,1,Subcutaneous,UNK,,"",U,"","",,209637,,"",Solution for injection,"",
24634226,246342261,1,I,20241106,20241107,20241119,20241119,EXP,"",US-NOVOPROD-1316481,NOVO NORDISK,"",68,YR,"",F,Y,,"",20241119,"",CN,US,US,246342261,OT,Atrial fibrillation,"",1,PS,OZEMPIC,SEMAGLUTIDE,1,Subcutaneous,"1 mg, qw",,"",U,"","",,209637,1,MG,Solution for injection,/WK,7
24634230,246342301,1,I,,20241107,20241119,20241119,EXP,"",US-NOVOPROD-1317605,NOVO NORDISK,"",,"",A,F,Y,,"",20241119,"",CN,US,US,246342301,HO,Cardiac failure congestive,"",1,PS,OZEMPIC,SEMAGLUTIDE,1,Subcutaneous,0.5 mg,,"",U,"",PZF9F62,,209637,0.5,MG,Solution for injection,"",3
24634359,246343591,1,I,20241013,20241108,20241119,20241119,EXP,"",US-NOVOPROD-1317658,NOVO NORDISK,"",61,YR,"",F,Y,,"",20241119,"",CN,US,US,246343591,HO,Intestinal obstruction,"",1,PS,OZEMPIC,SEMAGLUTIDE,1,Subcutaneous,UNK,,"",U,"","",,209637,,"",Solution for injection,"",3
24634361,246343611,1,I,,20241108,20241119,20241119,EXP,"",US-NOVOPROD-1318020,NOVO NORDISK,"",66,YR,"",M,Y,,"",20241119,"",CN,US,US,246343611,OT,Surgery,"",1,PS,OZEMPIC,SEMAGLUTIDE,1,Subcutaneous,0.5 mg,,"","","","",,209637,0.5,MG,Solution for injection,"",7
24634371,246343711,1,I,,20241108,20241119,20241119,EXP,"",US-NOVOPROD-1316268,NOVO NORDISK,"",54,YR,"",M,Y,181.41,KG,20241119,"",MD,US,US,246343711,HO,Supraventricular tachycardia,"",1,PS,RYBELSUS,SEMAGLUTIDE,1,Oral,7 mg,,"",U,"","",,213051,7,MG,Tablet,"",3
24634375,246343751,1,I,,20241108,20241119,20241119,EXP,"",US-NOVOPROD-1318779,NOVO NORDISK,"",,"","",F,Y,,"",20241119,"",MD,US,US,246343751,DS,Disability,"",1,PS,OZEMPIC,SEMAGLUTIDE,1,Subcutaneous,UNK,,"",U,"","",,209637,,"",Solution for injection,"",4
24634377,246343771,1,I,,20241108,20241119,20241119,EXP,"",US-NOVOPROD-1317122,NOVO NORDISK,"",,"","",M,Y,,"",20241119,"",CN,US,US,246343771,DS,Disability,"",1,PS,OZEMPIC,SEMAGLUTIDE,1,Subcutaneous,UNK,,"",U,"","",,209637,,"",Solution for injection,"",4
24634379,246343792,2,F,20241102,20241211,20241119,20241220,EXP,"",US-NOVOPROD-1317032,NOVO NORDISK,"",49,YR,"",F,Y,,"",20241220,"",CN,US,US,246343792,OT,Pancreatitis acute,"",1,PS,OZEMPIC,SEMAGLUTIDE,1,Subcutaneous,"2 mg, qw",364,MG,Y,"","",,209637,2,MG,Solution for injection,/WK,7
24634380,246343801,1,I,,20241110,20241119,20241119,EXP,"",US-NOVOPROD-1318720,NOVO NORDISK,"",,"","",F,Y,,"",20241119,"",CN,US,US,246343801,OT,Lipectomy,"",1,PS,WEGOVY,SEMAGLUTIDE,1,Subcutaneous,UNK,,"","","","",,215256,,"",Solution for injection,"",7
24634382,246343821,1,I,,20241108,20241119,20241119,EXP,"",US-NOVOPROD-1316314,NOVO NORDISK,"",,"","",F,Y,,"",20241119,"",CN,US,US,246343821,OT,Upper limb fracture,"",1,PS,OZEMPIC,SEMAGLUTIDE,1,Subcutaneous,Once weekly,,"",U,"",PZFAT39,,209637,,"",Solution for injection,"",7
24634389,246343892,2,F,20240701,20241125,20241119,20241204,EXP,"",US-NOVOPROD-1316317,NOVO NORDISK,"",79,YR,"",M,Y,,"",20241204,"",CN,US,US,246343892,OT,Haematological malignancy,"",1,PS,OZEMPIC,SEMAGLUTIDE,1,Subcutaneous,0.25 mg,,"","","",PZFAT37,,209637,0.25,MG,Solution for injection,"",7
24634459,246344591,1,I,,20241114,20241119,20241119,PER,"",US-ELI_LILLY_AND_COMPANY-US202411009613,ELI LILLY AND COMPANY,"",34,YR,A,F,Y,,"",20241119,"",CN,US,US,,,Hepatic enzyme increased,"",6,SS,WEGOVY,SEMAGLUTIDE,1,Unknown,"UNK UNK, unknown",,"",U,"","",,"",,"","","",
24634527,246345271,1,I,,20241112,20241119,20241119,EXP,"",US-JAZZ PHARMACEUTICALS-2024-US-021053,JAZZ,"",,"","",F,Y,,"",20241118,"",CN,US,US,246345271,OT,Cataplexy,"",10,C,WEGOVY,SEMAGLUTIDE,1,"",0000,,"","","","",,"",,"","","",7
24634735,246347352,2,F,,20241111,20241119,20241125,PER,"",US-RDY-SPO/USA/24/0016648,DR REDDYS,"Hean AC, Schneeberger AR, Lee KC. Unremitting Nausea Due to Lurasidone After Semaglutide Initiation. Primary Care Companion for CNS Disorders. 2024;26(4):24cr03736. DOI: 10.4088/PCC.24cr03736.",35,YR,A,F,Y,,"",20241125,"",PH,US,US,,,Nausea,"",10,SS,SEMAGLUTIDE,SEMAGLUTIDE,1,Subcutaneous,0.25 mg subcutaneously weekly,,"","","",Unknown,,"",0.25,MG,"",/WK,
24635229,246352291,1,I,,20231026,20241119,20241119,EXP,"",US-AMNEAL PHARMACEUTICALS-2023-AMRX-03729,AMNEAL,"",,"","",F,Y,103,KG,20241119,"",MD,US,US,,,Hepatic steatosis,"",4,C,OZEMPIC,SEMAGLUTIDE,1,Subcutaneous,025 mg/0.5 2mg/3ml,,"","","","",,"",,"","","",
24636015,246360151,1,I,,20241112,20241119,20241119,EXP,"",US-JAZZ PHARMACEUTICALS-2024-US-021079,JAZZ,"",,"","",M,Y,,"",20241119,"",CN,US,US,246360151,OT,Anger,"",5,C,WEGOVY,SEMAGLUTIDE,1,"",0.5 MG/0.5 ML PEN,,"","","","",,"",,"","","",7
24636713,246367131,1,I,,20241114,20241119,20241119,PER,"",US-ELI_LILLY_AND_COMPANY-US202411009287,ELI LILLY AND COMPANY,"",44,YR,A,"",Y,,"",20241119,"",LW,US,US,246367131,HO,Abdominal pain,"",2,SS,OZEMPIC,SEMAGLUTIDE,1,Unknown,"UNK UNK, unknown",,"","","","",,"",,"","","",3
24636745,246367452,2,F,20241025,20241114,20241119,20241121,EXP,"",NVSC2024US212473,NOVARTIS,"",52,YR,"",F,Y,,"",20241121,"",CN,US,US,246367452,OT,Rhinorrhoea,"",9,C,OZEMPIC,SEMAGLUTIDE,1,Unknown,UNK,,"",U,"","",,"",,"","","",7
24637055,246370551,1,I,20230202,20241118,20241118,20241118,DIR,728114,"",FDA-CTU,"",31,YR,"",F,N,78.75,KG,20241118,N,CN,US,"",246370551,OT,Dizziness,"",1,PS,WEGOVY,SEMAGLUTIDE,1,"","",,"",N,D,"",,99,,"","","",7
24637877,246378771,1,I,20241031,20241110,20241119,20241119,DIR,FDA-CDER-CTU-2024-79807,"",FDA-CTU,"",60,YR,"",F,N,86.18,KG,20241110,N,MD,US,"",246378771,DS,Optic ischaemic neuropathy,"",1,PS,WEGOVY,SEMAGLUTIDE,1,Subcutaneous,"",,"",D,D,"",,"",1,MG,"","",4
24638314,246383141,1,I,20240812,20241119,20241119,20241119,DIR,728257,"",FDA-CTU,"",76,YR,"",M,N,,"",20241119,N,PH,US,"",246383141,LT,Suicidal ideation,"",1,PS,SEMAGLUTIDE,SEMAGLUTIDE,1,"","",,"",D,D,"",,"",,"","","",2
24638339,246383391,1,I,,20241106,20241119,20241119,EXP,"","US-BELCHER PHARMACEUTICALS, LLC-2024US004095",PAREXEL,"",,"","","",Y,,"",20241119,"",CN,US,US,246383391,HO,Illness,"",1,PS,SEMAGLUTIDE,SEMAGLUTIDE,1,"",5 mg/2mL (2.5  mg/mL),,"",N,"",I827G011A1,,"",,"",Injection,"",3
24638479,246384791,1,I,20241004,20241119,20241119,20241119,DIR,728334,"",FDA-CTU,"",64,YR,"",M,N,107,KG,20241119,N,PH,US,"",246384791,LT,Suicidal ideation,"",1,PS,SEMAGLUTIDE,SEMAGLUTIDE,1,"","",,"",Y,D,"",,"",,"","","",2
24638575,246385751,1,I,,20241118,20241119,20241119,PER,"",US-ELI_LILLY_AND_COMPANY-US202411012064,ELI LILLY AND COMPANY,"",,"","","",Y,,"",20241119,"",MD,US,US,,,Muscle atrophy,"",2,C,OZEMPIC,SEMAGLUTIDE,1,"","",,"","","","",,"",,"","","",
24638835,246388352,2,F,,20241202,20241119,20241209,EXP,"",US-ALKERMES INC.-ALK-2024-002900,ALKERMES,"",,"","",M,Y,99.782,KG,20241209,"",HP,US,US,246388352,OT,Tympanic membrane perforation,"",6,C,OZEMPIC,SEMAGLUTIDE,1,Unknown,UNK,,"","","","",,"",,"","","",7
24638857,246388571,1,I,,20240326,20241119,20241119,EXP,"",US-NOVOPROD-1317080,NOVO NORDISK,"",,"","",F,Y,,"",20241119,"",CN,US,US,246388571,OT,Weight increased,"",1,PS,OZEMPIC,SEMAGLUTIDE,1,Subcutaneous,UNK,,"",U,"","",,209637,,"",Solution for injection,"",7
24638903,246389031,1,I,,20241104,20241119,20241119,PER,"",US-SA-2024SA325744,SANOFI AVENTIS,"",,"",A,M,Y,,"",20241119,"",CN,US,US,,,Gait disturbance,"",4,C,OZEMPIC,SEMAGLUTIDE,1,"","",,"",U,"","",,"",,"","","",
24638904,246389041,1,I,20241105,20241105,20241119,20241119,PER,"",US-SA-2024SA328939,SANOFI AVENTIS,"",,"","",M,Y,,"",20241119,"",CN,US,US,,,Blood glucose increased,"",5,C,OZEMPIC,SEMAGLUTIDE,1,"","",,"",U,"","",,"",,"","","",
24638936,246389361,1,I,20241107,20241107,20241119,20241119,PER,"",US-SA-2024SA334356,SANOFI AVENTIS,"",53,YR,A,F,Y,,"",20241119,"",PH,US,US,,,Gingival swelling,"",4,C,OZEMPIC,SEMAGLUTIDE,1,"",UNK,,"",U,"","",,"",,"","","",
24638986,246389861,1,I,,20241107,20241119,20241119,PER,"",US-SA-2024SA331059,SANOFI AVENTIS,"",,"",E,M,Y,,"",20241120,"",MD,US,US,,,Arthritis,"",4,C,OZEMPIC,SEMAGLUTIDE,1,"","UNK, 1 M SOP 4MG/3ML",,"",U,"","",,"",,"","","",
24639062,246390621,1,I,,20241108,20241119,20241119,PER,"",US-SA-2024SA334029,SANOFI AVENTIS,"",,"",A,F,Y,81.82,KG,20241120,"",HP,US,US,,,Arthralgia,"",2,C,OZEMPIC,SEMAGLUTIDE,1,"","",,"",U,"","",,"",,"","","",
24639400,246394002,2,F,20241101,20241211,20241119,20241216,EXP,"",US-ABBVIE-6000207,ABBVIE,"",69,YR,"",M,Y,111.13,KG,20241216,"",CN,US,US,,,Weight decreased,"",18,C,OZEMPIC,SEMAGLUTIDE,1,"","",,"","","","",,"",,"","","",
24639520,246395202,2,F,20240101,20241209,20241119,20241217,PER,"",US-UNITED THERAPEUTICS-UNT-2024-034653,UNITED THERAPEUTICS,"",,"","",M,Y,95.238,KG,20241217,"","",US,US,,,Headache,"",4,C,OZEMPIC,SEMAGLUTIDE,1,"",UNK,,"","","","",,"",,"","","",
24639707,246397071,1,I,20241105,20241108,20241119,20241119,EXP,"",US-NOVOPROD-1317615,NOVO NORDISK,"",37,YR,"",F,Y,,"",20241120,"",HP,US,US,246397071,OT,Pain in extremity,"",1,PS,WEGOVY,SEMAGLUTIDE,1,Subcutaneous,"0.5 mg, qw",,"",U,"","",,215256,0.5,MG,Solution for injection,/WK,7
24640129,246401291,1,I,,20241111,20241120,20241120,EXP,"",US-NOVOPROD-1318556,NOVO NORDISK,"",42,YR,"",F,Y,,"",20241120,"",CN,US,US,246401291,OT,Coeliac disease,"",1,PS,WEGOVY,SEMAGLUTIDE,1,Subcutaneous,Starter dose,,"","","","",,215256,,"",Solution for injection,"",7
24640132,246401321,1,I,,20241111,20241120,20241120,EXP,"",US-NOVOPROD-1318475,NOVO NORDISK,"",,"",A,F,Y,,"",20241120,"",CN,US,US,246401321,OT,Visual impairment,"",1,PS,OZEMPIC,SEMAGLUTIDE,1,Subcutaneous,UNK,,"",U,"",PZFAP88,,209637,,"",Solution for injection,"",7
24640133,246401331,1,I,20231101,20241111,20241120,20241120,EXP,"",US-NOVOPROD-1317882,NOVO NORDISK,"",57,YR,"",F,Y,,"",20241120,"",CN,US,US,246401331,OT,Hiatus hernia,"",1,PS,WEGOVY,SEMAGLUTIDE,1,Subcutaneous,"1.7 mg, qw",,"",U,"","",,215256,1.7,MG,Solution for injection,/WK,7
24640134,246401341,1,I,,20241111,20241120,20241120,EXP,"",US-NOVOPROD-1318553,NOVO NORDISK,"",,"",E,F,Y,,"",20241120,"",CN,US,US,246401341,HO,Hip arthroplasty,"",1,SS,OZEMPIC,SEMAGLUTIDE,1,Subcutaneous,1 mg,,"",U,"","",,"",1,MG,Solution for injection,"",3
24640135,246401351,1,I,,20241111,20241120,20241120,EXP,"",US-NOVOPROD-1318423,NOVO NORDISK,"",,"","","",Y,,"",20241120,"",CN,US,US,246401351,OT,Wrong technique in product usage process,"",1,PS,OZEMPIC,SEMAGLUTIDE,1,Subcutaneous,UNK,,"",U,"","",,209637,,"",Solution for injection,"",7
24640138,246401381,1,I,,20241111,20241120,20241120,EXP,"",US-NOVOPROD-1317885,NOVO NORDISK,"",,"","",F,Y,,"",20241120,"",CN,US,US,246401381,OT,Fracture,"",1,PS,WEGOVY,SEMAGLUTIDE,1,Subcutaneous,UNK,,"",U,"","",,215256,,"",Solution for injection,"",7
24640139,246401391,1,I,20240318,20241111,20241120,20241120,EXP,"",US-NOVOPROD-1317933,NOVO NORDISK,"",,"","",F,Y,,"",20241120,"",CN,US,US,246401391,HO,Nausea,"",1,PS,WEGOVY,SEMAGLUTIDE,1,Subcutaneous,restarted,,"",U,"",pzfbt39,,215256,1,MG,Solution for injection,"",3
24640142,246401421,1,I,,20241111,20241120,20241120,EXP,"",US-NOVOPROD-1318683,NOVO NORDISK,"",72,YR,"",F,Y,,"",20241120,"",CN,US,US,246401421,OT,Cataract,"",1,PS,OZEMPIC,SEMAGLUTIDE,1,Subcutaneous,Once weekly,,"",N,"","",,209637,,"",Solution for injection,"",7
24640145,246401451,1,I,,20241111,20241120,20241120,EXP,"",US-NOVOPROD-1317890,NOVO NORDISK,"",,"",E,F,Y,,"",20241120,"",CN,US,US,246401451,HO,Intestinal obstruction,"",1,PS,OZEMPIC,SEMAGLUTIDE,1,Subcutaneous,UNK,,"",U,"","",,209637,,"",Solution for injection,"",3
24640150,246401501,1,I,20240901,20241111,20241120,20241120,EXP,"",US-NOVOPROD-1317870,NOVO NORDISK,"",59,YR,"",M,Y,,"",20241120,"",CN,US,US,246401501,HO,Accident at work,"",1,PS,OZEMPIC,SEMAGLUTIDE,1,Subcutaneous,0.25 mg,,"",Y,"","",,209637,0.25,MG,Solution for injection,"",3
24640160,246401601,1,I,20240101,20241111,20241120,20241120,EXP,"",US-NOVOPROD-1319754,NOVO NORDISK,"",54,YR,"",M,Y,,"",20241120,"",CN,US,US,246401601,HO,Pyrexia,"",1,PS,OZEMPIC,SEMAGLUTIDE,1,Subcutaneous,"0.5 mg, qw",,"","","","",,209637,0.5,MG,Solution for injection,/WK,3
24640282,246402824,4,F,20240101,20241226,20241120,20241230,EXP,"",US-UNITED THERAPEUTICS-UNT-2024-036143,UNITED THERAPEUTICS,"",,"","",M,Y,81.633,KG,20241230,"","",US,US,246402824,HO,Haematoma,"",13,C,OZEMPIC,SEMAGLUTIDE,1,"",UNK,,"","","","",,"",,"","","",3
24640325,246403251,1,I,,20241115,20241120,20241120,PER,"",US-ELI_LILLY_AND_COMPANY-US202411010786,ELI LILLY AND COMPANY,"",60,YR,A,"",Y,,"",20241120,"",CN,US,US,246403251,OT,Diarrhoea,"",3,SS,OZEMPIC,SEMAGLUTIDE,1,Unknown,"UNK UNK, unknown",,"",U,"","",,"",,"","","",7
24641361,246413611,1,I,20240101,20241111,20241120,20241120,PER,"",US-UNITED THERAPEUTICS-UNT-2024-035874,UNITED THERAPEUTICS,"",,"","",M,Y,104.99,KG,20241120,"","",US,US,,,Drug tolerance decreased,"",15,C,OZEMPIC,SEMAGLUTIDE,1,"",UNK,,"","","","",,"",,"","","",
24641383,246413831,1,I,20241111,20241112,20241120,20241120,EXP,"",US-ZPPROD-ZP24US000953,ZEALAND PHARMACEUTICALS,"",,"","","",Y,,"",20241120,"",HP,US,US,246413831,DE,Death,"",3,SS,OZEMPIC,SEMAGLUTIDE,1,"",0.25/0.50 milligram,,"",D,"",Unknown,,"",0.25,MG,"","",1
24641407,246414071,1,I,20241117,20241119,20241120,20241120,PER,"",US-ELI_LILLY_AND_COMPANY-US202411012549,ELI LILLY AND COMPANY,"",44,YR,A,F,Y,,"",20241120,"",HP,US,US,,,Incorrect dose administered,"",6,C,SEMAGLUTIDE,SEMAGLUTIDE,1,"","",,"","","","",,"",,"","","",
24641977,246419771,1,I,20240612,20241119,20241119,20241119,DIR,728222,"",FDA-CTU,"",66,YR,"",M,N,97.5,KG,20241119,N,MD,US,"",246419771,OT,Generalised tonic-clonic seizure,"",1,PS,OZEMPIC,SEMAGLUTIDE,1,"","",,"",Y,D,"",,"",,"","","",7
24642038,246420381,1,I,20241013,20241119,20241119,20241119,DIR,728223,"",FDA-CTU,"",63,YR,"",F,N,67.05,KG,20241119,Y,CN,US,"",,,Alopecia,"",1,PS,WEGOVY,SEMAGLUTIDE,1,"","",,"",Y,Y,"",,"",,"","","",
24642114,246421141,1,I,,20241119,20241120,20241120,PER,"",US-ELI_LILLY_AND_COMPANY-US202411012553,ELI LILLY AND COMPANY,"",71,YR,E,F,Y,,"",20241120,"",CN,US,US,,,Wound,"",2,C,OZEMPIC,SEMAGLUTIDE,1,"",UNK,,"","","","",,"",,"","","",
24642207,246422071,1,I,20240509,20241119,20241119,20241119,DIR,728339,"",FDA-CTU,"",33,YR,"",F,N,80.1,KG,20241119,N,CN,US,"",246422071,HO,Panic attack,"",1,PS,WEGOVY,SEMAGLUTIDE,1,"","",,"",N,D,"",,999999,,"","","",3
24642303,246423031,1,I,20240701,20241119,20241119,20241119,DIR,728370,"",FDA-CTU,"",50,YR,"",M,N,112.5,KG,20241119,N,CN,US,"",246423031,RI,Allodynia,"",1,PS,OZEMPIC,SEMAGLUTIDE,1,Intramuscular,OTHER QUANTITY : 1 Injection(s);?OTHER FREQUENCY : Weekly;?,,"",Y,D,"",,"",,"","",999,6
24642311,246423111,1,I,20240615,20241119,20241119,20241119,DIR,728379,"",FDA-CTU,"",63,YR,"",F,N,78.75,KG,20241119,Y,CN,US,"",246423111,DS,Pruritus,"",1,PS,WEGOVY,SEMAGLUTIDE,1,Subcutaneous,OTHER QUANTITY : 4 Injection(s);?OTHER FREQUENCY : 1 X week;?,,"",Y,D,NZF8A72,20250516,99,,"","",999,4
24642620,246426201,1,I,20240428,20241120,20241120,20241120,DIR,728449,"",FDA-CTU,"",42,YR,"",F,N,90,KG,20241120,N,CN,US,"",246426201,RI,Anxiety,"",1,PS,WEGOVY,SEMAGLUTIDE,1,Other,OTHER FREQUENCY : Once a week?OTHER ROUTE : Injection in leg or stomach?,,"",N,D,"",,99,,"","",999,6
24642813,246428131,1,I,20241014,20241120,20241120,20241120,DIR,728477,"",FDA-CTU,"",47,YR,"",F,N,69.75,KG,20241120,Y,CN,US,"",,,Illness,"",1,PS,SEMAGLUTIDE,SEMAGLUTIDE,1,Subcutaneous,"",,"",Y,D,"",,99,,"","","",
24642817,246428171,1,I,20240905,20241120,20241120,20241120,DIR,728487,"",FDA-CTU,"",62,YR,"",F,N,112.5,KG,20241120,Y,"",US,"",246428171,HO,Abdominal pain upper,"",1,PS,WEGOVY,SEMAGLUTIDE,1,"","",,"",N,N,"",,"",,"","","",3
24643199,246431991,1,I,,20241107,20241120,20241120,PER,"",US-SA-2024SA333005,SANOFI AVENTIS,"",,"",E,M,Y,82.73,KG,20241120,"",MD,US,US,,,Product use in unapproved indication,"",6,C,OZEMPIC,SEMAGLUTIDE,1,"","",,"",U,"","",,"",,"","","",
24643226,246432261,1,I,,20241108,20241120,20241120,PER,"",US-SA-2024SA337621,SANOFI AVENTIS,"",,"",A,F,Y,,"",20241120,"",MD,US,US,,,Blood iron decreased,"",11,C,OZEMPIC,SEMAGLUTIDE,1,"","",,"",U,"","",,"",,"",Injection,"",
24643953,246439532,2,F,,20241120,20241120,20241121,EXP,"",US-PFIZER INC-202400190124,PFIZER,"",90,YR,"",F,Y,,"",20241121,"",HP,US,US,246439532,HO,Cellulitis,"",14,C,OZEMPIC,SEMAGLUTIDE,1,"",1 M SOP 4MG/3ML,,"","","","",,"",,"","","",3
24644015,246440151,1,I,,20240111,20241120,20241120,EXP,"",US-NOVOPROD-1320978,NOVO NORDISK,"",,"","",M,Y,,"",20241120,"",CN,US,US,246440151,OT,Neoplasm malignant,"",1,PS,OZEMPIC,SEMAGLUTIDE,1,Subcutaneous,UNK,,"",U,"","",,209637,,"",Solution for injection,"",7
24644016,246440161,1,I,,20240307,20241120,20241120,EXP,"",US-NOVOPROD-1320983,NOVO NORDISK,"",,"","","",Y,,"",20241120,"",CN,US,US,246440161,OT,Hypertension,"",1,PS,OZEMPIC,SEMAGLUTIDE,1,Subcutaneous,UNK,,"",U,"","",,209637,,"",Solution for injection,"",7
24644143,246441431,1,I,,20241112,20241120,20241120,PER,"",US-BRISTOL-MYERS SQUIBB COMPANY-2024-178211,BRISTOL-MYERS SQUIBB COMPANY,"",50,YR,A,F,Y,,"",20241121,"",CN,US,US,246441431,HO,Product use issue,"",4,C,OZEMPIC,SEMAGLUTIDE,1,"","",,"",U,"","",,"",,"","","",3
24644442,246444421,1,I,,20241112,20241121,20241121,PER,"",US-SA-2024SA338884,SANOFI AVENTIS,"",49,YR,A,F,Y,,"",20241121,"",MD,US,US,,,Oral herpes,"",14,C,WEGOVY,SEMAGLUTIDE,1,"","",,"",U,"","",,"",,"",Injection,"",
24644708,246447081,1,I,,20241112,20241121,20241121,EXP,"",US-NOVOPROD-1318771,NOVO NORDISK,"",,"","",M,Y,,"",20241121,"",CN,US,US,246447081,HO,Diabetic wound,"",1,PS,OZEMPIC,SEMAGLUTIDE,1,Subcutaneous,2 mg,,"","","",PAR0404,,209637,2,MG,Solution for injection,"",3
24644711,246447111,1,I,20241105,20241112,20241121,20241121,EXP,"",US-NOVOPROD-1318587,NOVO NORDISK,"",58,YR,"",M,Y,,"",20241121,"",CN,US,US,246447111,OT,Wrong technique in product usage process,"",1,PS,OZEMPIC,SEMAGLUTIDE,1,Subcutaneous,0.25 mg,,"",N,"",PZFAJ95,,209637,0.25,MG,Solution for injection,"",7
24644729,246447291,1,I,,20241115,20241121,20241121,PER,"",US-ELI_LILLY_AND_COMPANY-US202411010684,ELI LILLY AND COMPANY,"",43,YR,A,"",Y,,"",20241121,"",LW,US,US,246447291,HO,Abdominal pain,"",2,SS,OZEMPIC,SEMAGLUTIDE,1,Unknown,"UNK UNK, unknown",,"","","","",,"",,"","","",3
24644740,246447401,1,I,,20241112,20241121,20241121,EXP,"",US-NOVOPROD-1319586,NOVO NORDISK,"",,"","",M,Y,,"",20241121,"",CN,US,US,246447401,OT,Surgery,"",1,PS,OZEMPIC,SEMAGLUTIDE,1,Subcutaneous,"1 mg, qw",,"",D,"","",,209637,1,MG,Solution for injection,/WK,7
24644741,246447411,1,I,,20241113,20241121,20241121,EXP,"",US-NOVOPROD-1319013,NOVO NORDISK,"",,"","","",Y,,"",20241121,"",CN,US,US,246447411,DS,Disability,"",1,PS,WEGOVY,SEMAGLUTIDE,1,Subcutaneous,UNK,,"",U,"","",,215256,,"",Solution for injection,"",4
24644742,246447421,1,I,,20241113,20241121,20241121,EXP,"",US-NOVOPROD-1319993,NOVO NORDISK,"",,"","",F,Y,,"",20241121,"",MD,US,US,246447421,DE,Death,"",1,PS,OZEMPIC,SEMAGLUTIDE,1,Subcutaneous,UNK,,"",D,"","",,209637,,"",Solution for injection,"",1
24644744,246447441,1,I,,20241113,20241121,20241121,EXP,"",US-NOVOPROD-1319512,NOVO NORDISK,"",,"","","",Y,,"",20241121,"",CN,US,US,246447441,OT,Type 1 diabetes mellitus,"",1,PS,OZEMPIC,SEMAGLUTIDE,1,Subcutaneous,UNK,,"",N,"","",,209637,,"",Solution for injection,"",7
24644792,246447921,1,I,,20241113,20241121,20241121,PER,"",US-SA-2024SA337038,SANOFI AVENTIS,"",74,YR,E,M,Y,,"",20241121,"",CN,US,US,,,Glycosylated haemoglobin abnormal,"",2,C,OZEMPIC,SEMAGLUTIDE,1,"","",,"",U,"","",,"",,"","","",
24645020,246450201,1,I,,20241115,20241121,20241121,PER,"",US-ELI_LILLY_AND_COMPANY-US202411010448,ELI LILLY AND COMPANY,"",66,YR,E,"",Y,,"",20241121,"",LW,US,US,246450201,OT,Nausea,"",2,SS,RYBELSUS,SEMAGLUTIDE,1,Unknown,"UNK UNK, unknown",,"","","","",,"",,"","","",7
24645328,246453282,2,F,20240823,20241127,20241121,20241203,EXP,"",US-ABBVIE-5987135,ABBVIE,"",55,YR,"",M,Y,100,KG,20241203,"",CN,US,US,246453282,OT,Osteoarthritis,"",4,C,OZEMPIC,SEMAGLUTIDE,1,"",2 Milligram,,"","","","",,"",,"","","",7
24646226,246462261,1,I,20240914,20241001,20241121,20241121,PER,"","US-COLLEGIUM PHARMACEUTICAL, INC.-20240900774",COLLEGIUM PHARMACEUTICAL,"",,"","","",Y,,"",20241121,"",CN,US,US,,,Drug screen negative,"",2,C,OZEMPIC,SEMAGLUTIDE,1,Unknown,"0.25 milligram, once weekly",,"","","","",,"",0.25,MG,"","",
24647426,246474261,1,I,,20241104,20241121,20241121,PER,"",US-COSETTE-CP2024US000337,COSETTE PHARMACEUTICALS INC,"",,"","",F,Y,,"",20241121,"",CN,US,US,,,Nausea,"",2,C,WEGOVY,SEMAGLUTIDE,1,Unknown,"",,"","","",Unknown,,"",,"","","",
24647472,246474721,1,I,,20241120,20241120,20241120,DIR,728588,"",FDA-CTU,"",76,YR,"",F,N,51.75,KG,20241120,Y,CN,US,"",246474721,HO,Therapy change,"",1,PS,OZEMPIC,SEMAGLUTIDE,1,"","",,"","","","",,"",,"","","",3
24647520,246475201,1,I,20240801,20241121,20241121,20241121,DIR,728634,"",FDA-CTU,"",64,YR,"",F,N,90,KG,20241121,N,CN,US,"",246475201,OT,Arthralgia,"",1,PS,OZEMPIC,SEMAGLUTIDE,1,Subcutaneous,OTHER QUANTITY : 1 Injection(s);?OTHER FREQUENCY : once per week;?,,"",N,Y,PZF8S57,20251031,"",,"","",999,7
24647601,246476012,2,F,,20241204,20241121,20241213,PER,"",US-INCYTE CORPORATION-2024IN011947,INCYTE,"",,"","","",Y,,"",20241213,"",CN,US,US,,,Nausea,"",4,C,OZEMPIC,SEMAGLUTIDE,1,Unknown,4MG/3ML,,"","","","",,"",,"","","",
24648695,246486951,1,I,,20240329,20241121,20241121,EXP,"",US-NOVOPROD-1320412,NOVO NORDISK,"",,"","",F,Y,,"",20241121,"",CN,US,US,246486951,OT,Weight decreased,"",1,PS,OZEMPIC,SEMAGLUTIDE,1,Subcutaneous,UNK,,"",U,"","",,209637,,"",Solution for injection,"",7
24648891,246488911,1,I,20240910,20241106,20241121,20241121,EXP,"","US-MADRIGAL PHARMACEUTICALS, INC-2024REZ3072",MADRIGAL PHARMACEUTICALS,"",,"","","",Y,,"",20241121,"",HP,US,US,,,Blood alkaline phosphatase increased,"",9,C,OZEMPIC,SEMAGLUTIDE,1,"","2 milligram, qw",,"","","","",,"",2,MG,"",/WK,
24648977,246489771,1,I,,20241118,20241121,20241121,EXP,"",US-LUNDBECK-DKLU4007101,LUNDBECK,"",,"","","",Y,,"",20241121,"",HP,US,US,246489771,HO,Occipital neuralgia,"",15,C,OZEMPIC,SEMAGLUTIDE,1,"","",,"","","","",,"",,"",Tablet,"",3
24649039,246490391,1,I,,20241108,20241121,20241121,PER,"",US-SA-2024SA338163,SANOFI AVENTIS,"",,"",A,F,Y,,"",20241121,"",MD,US,US,,,Therapeutic response decreased,"",7,C,OZEMPIC,SEMAGLUTIDE,1,"",Pen injector,,"",U,"","",,"",,"","","",
24649148,246491482,2,F,,20241212,20241121,20241220,PER,"",US-SA-2024SA339173,SANOFI AVENTIS,"",,"",A,F,Y,68.18,KG,20241220,"",MD,US,US,,,Immune system disorder,"",10,C,WEGOVY,SEMAGLUTIDE,1,"","",,"",U,"","",,"",,"","","",
24649355,246493554,4,F,,20241203,20241121,20241206,PER,"",US-SA-2024SA337951,SANOFI AVENTIS,"",45,YR,A,F,Y,,"",20241206,"",CN,US,US,,,Blood glucose increased,"",2,C,RYBELSUS,SEMAGLUTIDE,1,"",UNK,,"",U,"","",,"",,"","","",
24649693,246496931,1,I,,20241111,20241121,20241121,PER,"",US-ELI_LILLY_AND_COMPANY-US202411007003,ELI LILLY AND COMPANY,"",,"","","",Y,,"",20241121,"",CN,US,US,246496931,OT,Impaired gastric emptying,"",2,SS,OZEMPIC,SEMAGLUTIDE,1,Unknown,"UNK UNK, unknown",,"",U,"","",,"",,"","","",7
24649738,246497382,2,F,20230101,20241204,20241121,20241208,EXP,"",US-ABBVIE-6009880,ABBVIE,"",56,YR,"",F,Y,112.49,KG,20241208,"",CN,US,US,246497382,OT,Rotator cuff syndrome,"",6,C,OZEMPIC,SEMAGLUTIDE,1,"","",,"","","","",,"",,"","","",7
24650027,246500271,1,I,20241107,20241111,20241122,20241122,EXP,"",US-NOVOPROD-1322145,NOVO NORDISK,"",,"",A,F,Y,,"",20241122,"",CN,US,US,246500271,OT,Off label use,"",1,PS,OZEMPIC,SEMAGLUTIDE,1,Subcutaneous,0.25 mg,,"","","","",,209637,,"",Solution for injection,"",7
24650042,246500421,1,I,20240707,20241112,20241122,20241122,EXP,"",US-NOVOPROD-1318585,NOVO NORDISK,"",,"","",M,Y,,"",20241122,"",CN,US,US,246500421,OT,Cataract operation,"",1,PS,OZEMPIC,SEMAGLUTIDE,1,Subcutaneous,UNK,,"",Y,U,"",,209637,,"",Solution for injection,"",7
24650048,246500481,1,I,,20241112,20241122,20241122,EXP,"",US-NOVOPROD-1318355,NOVO NORDISK,"",51,YR,"","",Y,,"",20241122,"",CN,US,US,246500481,HO,Ileus,"",1,PS,OZEMPIC,SEMAGLUTIDE,1,"",UNK,,"",U,"","",,209637,,"",Solution for injection,"",3
24650049,246500491,1,I,,20241112,20241122,20241122,EXP,"",US-NOVOPROD-1319829,NOVO NORDISK,"",,"",A,F,Y,,"",20241122,"",CN,US,US,246500491,OT,Atrial fibrillation,"",1,PS,OZEMPIC,SEMAGLUTIDE,1,Subcutaneous,"1 mg, qw",,"",N,"","",,209637,1,MG,Solution for injection,/WK,7
24650050,246500501,1,I,20241107,20241112,20241122,20241122,EXP,"",US-NOVOPROD-1318684,NOVO NORDISK,"",,"","",F,Y,,"",20241122,"",CN,US,US,246500501,HO,Counterfeit product administered,"",1,SS,SEMAGLUTIDE,SEMAGLUTIDE,1,Subcutaneous,1 mg,,"",Y,"","",,"",1,MG,"","",3
24650051,246500511,1,I,20240101,20241112,20241122,20241122,EXP,"",US-NOVOPROD-1319356,NOVO NORDISK,"",76,YR,"",F,Y,,"",20241122,"",CN,US,US,246500511,OT,Tooth extraction,"",1,PS,OZEMPIC,SEMAGLUTIDE,1,Subcutaneous,"1 mg, qw",,"","","",PAR0358,,209637,1,MG,Solution for injection,/WK,7
24650053,246500531,1,I,,20241112,20241122,20241122,EXP,"",US-NOVOPROD-1318478,NOVO NORDISK,"",,"","",F,Y,,"",20241122,"",CN,US,US,246500531,OT,Neoplasm malignant,"",1,PS,OZEMPIC,SEMAGLUTIDE,1,Subcutaneous,UNK,,"",U,"","",,209637,,"",Solution for injection,"",7
24650054,246500541,1,I,,20241112,20241122,20241122,EXP,"",US-NOVOPROD-1318212,NOVO NORDISK,"",46,YR,"",F,Y,,"",20241122,"",CN,US,US,246500541,OT,Blindness,"",1,PS,OZEMPIC,SEMAGLUTIDE,1,Subcutaneous,weekly,,"",N,"","",,209637,,"",Solution for injection,"",7
24650055,246500551,1,I,20230901,20241112,20241122,20241122,EXP,"",US-NOVOPROD-1318468,NOVO NORDISK,"",73,YR,"",M,Y,,"",20241122,"",CN,US,US,246500551,OT,Colon cancer,"",1,PS,OZEMPIC,SEMAGLUTIDE,1,Subcutaneous,"0.5 mg, qw",,"",Y,"",PZFAG56,,209637,0.5,MG,Solution for injection,/WK,7
24650060,246500601,1,I,,20241112,20241122,20241122,EXP,"",US-NOVOPROD-1318367,NOVO NORDISK,"",68,YR,"","",Y,,"",20241122,"",CN,US,US,246500601,HO,Pancreatitis necrotising,"",1,PS,OZEMPIC,SEMAGLUTIDE,1,Subcutaneous,UNK (Increased),,"",N,"","",,209637,,"",Solution for injection,"",3
24650061,246500611,1,I,,20241112,20241122,20241122,EXP,"",US-NOVOPROD-1319848,NOVO NORDISK,"",,"","",M,Y,,"",20241122,"",CN,US,US,246500611,OT,Memory impairment,"",1,PS,OZEMPIC,SEMAGLUTIDE,1,Subcutaneous,0.5 mg,,"",U,"",PZFAP88,,209637,0.5,MG,Solution for injection,"",7
24650085,246500851,1,I,20240601,20241113,20241122,20241122,EXP,"",US-NOVOPROD-1320335,NOVO NORDISK,"",81,YR,"",F,Y,,"",20241122,"",CN,US,US,246500851,HO,Cardiac pacemaker replacement,"",1,PS,OZEMPIC,SEMAGLUTIDE,1,Subcutaneous,1 mg,,"",Y,"",PAR0364,,209637,1,MG,Solution for injection,"",3
24650087,246500871,1,I,,20241113,20241122,20241122,EXP,"",US-NOVOPROD-1319556,NOVO NORDISK,"",,"",A,F,Y,,"",20241122,"",CN,US,US,246500871,OT,Hysterectomy,"",1,PS,OZEMPIC,SEMAGLUTIDE,1,Subcutaneous,2 mg,,"","","","",,209637,2,MG,Solution for injection,"",7
24650088,246500881,1,I,,20241113,20241122,20241122,EXP,"",US-NOVOPROD-1319568,NOVO NORDISK,"",,"","",F,Y,,"",20241122,"",HP,US,US,246500881,OT,Fall,"",1,PS,WEGOVY,SEMAGLUTIDE,1,Subcutaneous,UNK,,"",Y,"","",,215256,,"",Solution for injection,"",7
24650089,246500891,1,I,,20241113,20241122,20241122,EXP,"",US-NOVOPROD-1320254,NOVO NORDISK,"",,"",A,F,Y,,"",20241122,"",CN,US,US,246500891,OT,Breast cancer,"",1,PS,OZEMPIC,SEMAGLUTIDE,1,Subcutaneous,UNK,,"",U,"","",,209637,,"",Solution for injection,"",7
24650091,246500912,2,F,20241101,20241217,20241122,20241227,EXP,"",US-NOVOPROD-1319566,NOVO NORDISK,"",62,YR,"",F,Y,81.633,KG,20241227,"",MD,US,US,246500912,HO,Syncope,"",1,PS,WEGOVY,SEMAGLUTIDE,1,Subcutaneous,"1.7 mg, qw",,"",Y,"","",,215256,1.7,MG,Solution for injection,/WK,3
24650165,246501652,2,F,,20241212,20241122,20241218,EXP,"",US-UCBSA-2024060005,UCB,"",,"","",F,Y,70.567,KG,20241219,"",HP,US,US,246501652,OT,Rheumatoid arthritis,"",3,C,OZEMPIC,SEMAGLUTIDE,1,"",.25 OR 0.5,,"",U,"","",,"",,"",Solution for injection in pre-filled pen,"",7
24650406,246504063,3,F,20241112,20241122,20241122,20241130,PER,"",US-UNITED THERAPEUTICS-UNT-2024-020312,UNITED THERAPEUTICS,"",73,YR,"",F,Y,73.016,KG,20241130,"","",US,US,,,Pain in extremity,"",24,C,OZEMPIC,SEMAGLUTIDE,1,"",UNK [0.25 OR],,"","","","",,"",,"","","",
24651675,246516751,1,I,,20241118,20241122,20241122,PER,"",US-ELI_LILLY_AND_COMPANY-US202411012590,ELI LILLY AND COMPANY,"",45,YR,A,"",Y,,"",20241122,"",LW,US,US,246516751,HO,Nausea,"",2,SS,OZEMPIC,SEMAGLUTIDE,1,Unknown,"UNK, unknown",,"","","","",,"",,"","","",3
24652509,246525091,1,I,20241008,20241122,20241122,20241122,DIR,728808,"",FDA-CTU,"",46,YR,"",M,N,106,KG,20241122,N,HP,US,"",246525091,LT,Suicidal ideation,"",2,SS,SEMAGLUTIDE,SEMAGLUTIDE,1,"","",,"","","","",,"",,"","","",2
24652579,246525791,1,I,20241010,20241122,20241122,20241122,DIR,728818,"",FDA-CTU,"",78,YR,"",M,N,100,KG,20241122,N,HP,US,"",,,Vomiting,"",1,PS,SEMAGLUTIDE,SEMAGLUTIDE,1,Oral,3.00 MG AM ORAL?,,"",Y,D,"",,"",3,MG,Tablet,999,
24653155,246531551,1,I,,20240802,20241122,20241122,PER,"",US-NOVOPROD-1268247,NOVO NORDISK,"",,"","",M,Y,,"",20241122,"",CN,US,US,,,Eye haemorrhage,"",2,SS,OZEMPIC,SEMAGLUTIDE,1,Subcutaneous,"1 mg, qd",,"",U,"","",,"",1,MG,Solution for injection,QD,
24653412,246534121,1,I,20241014,20241121,20241121,20241121,DIR,728746,"",FDA-CTU,"",48,YR,"",M,N,85,KG,20241121,"",CN,US,"",246534121,DE,Completed suicide,"",1,PS,OZEMPIC,SEMAGLUTIDE,1,"","",,"",N,D,"",,99,,"","","",1
24653466,246534661,1,I,,20240906,20241122,20241122,PER,"",US-NOVOPROD-1283893,NOVO NORDISK,"",,"","",F,Y,,"",20241122,"",CN,US,US,,,COVID-19,"",1,SS,OZEMPIC,SEMAGLUTIDE,1,Subcutaneous,0.5 mg,,"",U,"","",,"",0.5,MG,Solution for injection,"",
24653484,246534841,1,I,,20240726,20241122,20241122,PER,"",US-NOVOPROD-1285365,NOVO NORDISK,"",80,YR,"",M,Y,,"",20241122,"",CN,US,US,,,Visual impairment,"",4,SS,OZEMPIC,SEMAGLUTIDE,1,"","",,"",U,"","",,"",,"",Solution for injection,"",
24653493,246534931,1,I,20230101,20240911,20241122,20241122,PER,"",US-NOVOPROD-1284301,NOVO NORDISK,"",75,YR,"",F,Y,,"",20241122,"",CN,US,US,,,Weight decreased,"",2,SS,OZEMPIC,SEMAGLUTIDE,1,Subcutaneous,"2 mg, qw",,"",U,"",PAR0247,,"",2,MG,Solution for injection,/WK,
24653501,246535011,1,I,,20240916,20241122,20241122,PER,"",US-NOVOPROD-1285080,NOVO NORDISK,"",,"",A,F,Y,,"",20241122,"",CN,US,US,,,Wrong technique in product usage process,"",1,SS,OZEMPIC,SEMAGLUTIDE,1,Subcutaneous,1mg weekly,,"",U,"",PAR0193,,"",1,MG,Solution for injection,/WK,
24653509,246535091,1,I,,20241120,20241122,20241122,PER,"",US-NOVOPROD-1289089,NOVO NORDISK,"",,"",A,F,Y,,"",20241122,"",CN,US,US,,,Walking aid user,"",2,SS,OZEMPIC,SEMAGLUTIDE,1,Subcutaneous,UNK,,"",U,"","",,"",,"",Solution for injection,"",
24653513,246535131,1,I,,20240920,20241122,20241122,PER,"",US-NOVOPROD-1285782,NOVO NORDISK,"",,"","",F,Y,,"",20241122,"",PH,US,US,,,Nausea,"",1,SS,OZEMPIC,SEMAGLUTIDE,1,Subcutaneous,0.5 mg,,"",U,U,"",,"",0.5,MG,Solution for injection,"",
24653527,246535271,1,I,20240919,20240923,20241122,20241122,PER,"",US-NOVOPROD-1290288,NOVO NORDISK,"",70,YR,"",F,Y,,"",20241122,"",CN,US,US,,,Blood glucose increased,"",3,SS,OZEMPIC,SEMAGLUTIDE,1,Subcutaneous,"0.5 mg, qw",,"",U,"",NZF8E59,,"",0.5,MG,Solution for injection,/WK,
24653530,246535301,1,I,20240401,20240918,20241122,20241122,PER,"",US-NOVOPROD-1289985,NOVO NORDISK,"",,"","",F,Y,,"",20241122,"",CN,US,US,,,Memory impairment,"",2,SS,OZEMPIC,SEMAGLUTIDE,1,Subcutaneous,UNK,,"",U,"","",,"",,"",Solution for injection,"",
24653542,246535421,1,I,20231006,20231030,20241122,20241122,PER,"",US-NOVOPROD-1127056,NOVO NORDISK,"",80,YR,"",F,Y,,"",20241122,"",MD,US,US,246535421,HO,Wrong dose,"",3,C,OZEMPIC,SEMAGLUTIDE,1,Subcutaneous,1 mg,,"","","","",,"",1,MG,Solution for injection,"",3
24653587,246535871,1,I,,20240301,20241122,20241122,PER,"",US-NOVOPROD-1188054,NOVO NORDISK,"",,"","",F,Y,,"",20241122,"",CN,US,US,,,Nausea,"",1,SS,OZEMPIC,SEMAGLUTIDE,1,Subcutaneous,"1 mg, qw",,"",U,"",NAR0107,,"",1,MG,Solution for injection,/WK,
24653597,246535971,1,I,,20231128,20241122,20241122,PER,"",US-NOVOPROD-1146681,NOVO NORDISK,"",,"",E,M,Y,,"",20241122,"",CN,US,US,,,Dizziness,"",2,C,OZEMPIC,SEMAGLUTIDE,1,Subcutaneous,UNK,,"",U,"","",,"",,"",Solution for injection,"",
24653645,246536451,1,I,,20240724,20241122,20241122,PER,"",US-NOVOPROD-1150580,NOVO NORDISK,"",,"","",F,Y,,"",20241122,"",CN,US,US,,,Illness,"",2,C,OZEMPIC,SEMAGLUTIDE,1,Subcutaneous,UNK,,"",U,"",NAR0114,,"",,"",Solution for injection,"",
24653777,246537771,1,I,20240603,20240603,20241122,20241122,PER,"",US-NOVOPROD-1237724,NOVO NORDISK,"",,"","",F,Y,,"",20241122,"",CN,US,US,,,Inappropriate schedule of product administration,"",1,SS,OZEMPIC,SEMAGLUTIDE,1,Subcutaneous,0.25 mg,,"",U,"","",,"",0.25,MG,Solution for injection,"",
24653779,246537791,1,I,20220101,20240916,20241122,20241122,PER,"",US-NOVOPROD-1279621,NOVO NORDISK,"",79,YR,"",F,Y,,"",20241122,"",CN,US,US,,,Blood glucose increased,"",1,SS,OZEMPIC,SEMAGLUTIDE,1,Subcutaneous,"0.25 mg, qw",,"",U,"",ASKU,,"",0.25,MG,Solution for injection,/WK,
24653801,246538012,2,F,20240701,20240910,20241122,20241122,PER,"",US-NOVOPROD-1257412,NOVO NORDISK,"",75,YR,"",F,Y,,"",20241122,"",MD,US,US,246538012,OT,Blood glucose fluctuation,"",5,C,OZEMPIC,SEMAGLUTIDE,1,"","",,"","","","",,"",,"",Solution for injection,"",7
24653848,246538481,1,I,,20240808,20241122,20241122,PER,"",US-NOVOPROD-1270281,NOVO NORDISK,"",,"","",M,Y,,"",20241122,"",CN,US,US,,,Presyncope,"",1,SS,OZEMPIC,SEMAGLUTIDE,1,Subcutaneous,UNK,,"",U,"","",,"",,"",Solution for injection,"",
24653854,246538541,1,I,,20240719,20241122,20241122,PER,"",US-NOVOPROD-1272895,NOVO NORDISK,"",,"",A,F,Y,,"",20241122,"",CN,US,US,,,Dizziness,"",2,SS,OZEMPIC,SEMAGLUTIDE,1,Subcutaneous,UNK,,"",U,"","",,"",,"",Solution for injection,"",
24653866,246538661,1,I,20230215,20241121,20241121,20241121,DIR,728787,"",FDA-CTU,"",65,YR,"",M,N,97.65,KG,20241121,N,CN,US,"",246538661,DS,Depression,"",1,PS,OZEMPIC,SEMAGLUTIDE,1,"","",,"",N,D,"",,"",,"","","",4
24654043,246540431,1,I,,20241111,20241122,20241122,EXP,"",US-ELI_LILLY_AND_COMPANY-US202411007884,ELI LILLY AND COMPANY,"",64,YR,A,F,Y,,"",20241122,"",CN,US,US,246540431,HO,Cataract,"",4,SS,OZEMPIC,SEMAGLUTIDE,1,Subcutaneous,"UNK UNK, weekly (1/W)",,"",Y,"","",,"",,"","",/WK,3
24654713,246547131,1,I,,20240820,20241122,20241122,PER,"",US-NOVOPROD-1283140,NOVO NORDISK,"",,"",A,F,Y,,"",20241122,"",CN,US,US,,,Nausea,"",1,SS,OZEMPIC,SEMAGLUTIDE,1,Subcutaneous,0.25 mg,,"",U,"","",,"",0.25,MG,Solution for injection,"",
24654986,246549861,1,I,,20241120,20241122,20241122,PER,"",US-BIOMARINAP-US-2024-162054,BIOMARIN,"",,"","","",Y,,"",20241122,"",CN,US,US,,,Nasopharyngitis,"",6,C,WEGOVY,SEMAGLUTIDE,1,"",0.25 milligram,,"","","","",,"",0.25,MG,"","",
24655568,246555681,1,I,20140101,20241114,20241123,20241123,PER,"",US-ABBVIE-6007728,ABBVIE,"",58,YR,"",M,Y,93.893,KG,20241123,"",CN,US,US,,,Erectile dysfunction,"",13,C,OZEMPIC,SEMAGLUTIDE,1,Unknown,"",,"","","","",,"",,"","","",
24656077,246560771,1,I,20240101,20241114,20241124,20241124,PER,"",US-SA-2024SA340789,SANOFI AVENTIS,"",66,YR,E,F,Y,,"",20241124,"",MD,US,US,246560771,HO,Impaired quality of life,"",4,C,OZEMPIC,SEMAGLUTIDE,1,"","",,"",U,"","",,"",,"",Injection,"",3
24656444,246564441,1,I,20220101,20241119,20241124,20241124,PER,"",US-AMGEN-USASP2024229071,AMGEN,"",62,YR,A,F,Y,,"",20241124,"",CN,US,US,,,Drug dose omission by device,"",3,C,OZEMPIC,SEMAGLUTIDE,1,"","",,"","","","",,"",,"","","",
24656648,246566481,1,I,,20241113,20241124,20241124,EXP,"",US-NOVOPROD-1320263,NOVO NORDISK,"",41,YR,"",F,Y,,"",20241125,"",CN,US,US,246566481,HO,Diverticulitis,"",1,PS,WEGOVY,SEMAGLUTIDE,1,Subcutaneous,UNK,,"",Y,"","",,215256,,"",Solution for injection,"",3
24656649,246566491,1,I,20240801,20241112,20241124,20241124,EXP,"",US-NOVOPROD-1318798,NOVO NORDISK,"",65,YR,"","",Y,,"",20241125,"",CN,US,US,246566491,OT,Abdominal discomfort,"",1,PS,OZEMPIC,SEMAGLUTIDE,1,Subcutaneous,UNK,10,MG,Y,"","",,209637,,"",Solution for injection,"",7
24656651,246566511,1,I,20221203,20241112,20241124,20241124,EXP,"",US-NOVOPROD-1318891,NOVO NORDISK,"",43,YR,"",F,Y,,"",20241125,"",CN,US,US,246566511,HO,Diarrhoea,"",1,PS,WEGOVY,SEMAGLUTIDE,1,Subcutaneous,"2.4 mg, qw",,"",U,"","",,215256,2.4,MG,Solution for injection,/WK,3
24656654,246566541,1,I,,20241112,20241124,20241124,EXP,"",US-NOVOPROD-1318877,NOVO NORDISK,"",57,YR,"",F,Y,,"",20241125,"",CN,US,US,246566541,OT,Neoplasm malignant,"",1,PS,OZEMPIC,SEMAGLUTIDE,1,Subcutaneous,0.5 mg,,"",U,"",PZFAT37,,209637,0.5,MG,Solution for injection,"",7
24656657,246566571,1,I,20240501,20241112,20241124,20241124,EXP,"",US-NOVOPROD-1318956,NOVO NORDISK,"",71,YR,"","",Y,,"",20241125,"",CN,US,US,246566571,HO,Faecaloma,"",1,PS,WEGOVY,SEMAGLUTIDE,1,Subcutaneous,"0.25 mg, qw",,"",U,"","",,215256,0.25,MG,Solution for injection,/WK,3
24656659,246566592,2,F,20240906,20241205,20241124,20241216,EXP,"",US-NOVOPROD-1318681,NOVO NORDISK,"",78,YR,"",F,Y,86.621,KG,20241216,"",HP,US,US,246566592,OT,Diarrhoea,"",1,PS,OZEMPIC,SEMAGLUTIDE,1,"","",,"",Y,"","",,209637,,"",Solution for injection,"",7
24656688,246566882,2,F,20240101,20241204,20241124,20241208,EXP,"",US-ABBVIE-6012470,ABBVIE,"",60,YR,"",F,Y,168,KG,20241208,"",CN,US,US,246566882,HO,Device related infection,"",3,C,OZEMPIC,SEMAGLUTIDE,1,"","",,"","","","",,"",,"","","",3
24656747,246567471,1,I,,20241113,20241125,20241125,EXP,"",US-NOVOPROD-1318686,NOVO NORDISK,"",,"",A,F,Y,,"",20241125,"",CN,US,US,246567471,DS,Chronic disease,"",1,PS,OZEMPIC,SEMAGLUTIDE,1,Subcutaneous,1 mg,,"",U,"","",,209637,1,MG,Solution for injection,"",4
24656881,246568811,1,I,,20241113,20241125,20241125,EXP,"",US-NOVOPROD-1319561,NOVO NORDISK,"",,"",A,F,Y,,"",20241125,"",CN,US,US,246568811,OT,Counterfeit product administered,"",1,PS,SEMAGLUTIDE,SEMAGLUTIDE,1,"","",,"",U,"","",,209637,,"","","",7
24656882,246568821,1,I,,20241113,20241125,20241125,EXP,"",US-NOVOPROD-1319697,NOVO NORDISK,"",,"","","",Y,,"",20241125,"",CN,US,US,246568821,OT,Dyspepsia,"",1,PS,OZEMPIC,SEMAGLUTIDE,1,"","",,"",U,"","",,209637,,"",Solution for injection,"",7
24656893,246568931,1,I,,20241113,20241125,20241125,EXP,"",US-NOVOPROD-1319216,NOVO NORDISK,"",,"","","",Y,,"",20241125,"",CN,US,US,246568931,OT,Dyspepsia,"",1,PS,OZEMPIC,SEMAGLUTIDE,1,"","",,"",U,"","",,209637,,"",Solution for injection,"",7
24656896,246568961,1,I,,20241113,20241125,20241125,EXP,"",US-NOVOPROD-1320411,NOVO NORDISK,"",,"",A,M,Y,,"",20241125,"",MD,US,US,246568961,OT,Faecal vomiting,"",1,PS,OZEMPIC,SEMAGLUTIDE,1,Subcutaneous,UNK,,"",Y,"","",,209637,,"",Solution for injection,"",7
24656897,246568971,1,I,,20241113,20241125,20241125,EXP,"",US-NOVOPROD-1319032,NOVO NORDISK,"",,"","",F,Y,,"",20241125,"",CN,US,US,246568971,OT,Blood pressure increased,"",1,PS,WEGOVY,SEMAGLUTIDE,1,Subcutaneous,1.7 mg,,"",U,"",PZFBY54,,215256,,"",Solution for injection,"",7
24656902,246569021,1,I,20240701,20241113,20241125,20241125,EXP,"",US-NOVOPROD-1319288,NOVO NORDISK,"",65,YR,"",F,Y,,"",20241125,"",HP,US,US,246569021,OT,Inappropriate schedule of product administration,"",1,PS,OZEMPIC,SEMAGLUTIDE,1,Subcutaneous,"0.5 mg, qw",,"",Y,"","",,209637,0.5,MG,Solution for injection,/WK,7
24656981,246569811,1,I,20241101,20241114,20241125,20241125,PER,"",US-ABBVIE-6009841,ABBVIE,"",76,YR,"",F,Y,,"",20241125,"",MD,US,US,,,Illness,"",4,C,OZEMPIC,SEMAGLUTIDE,1,"","",,"","","","",,"",,"","","",
24656990,246569901,1,I,,20241114,20241125,20241125,EXP,"",US-NOVOPROD-1320992,NOVO NORDISK,"",,"","",M,Y,,"",20241125,"",CN,US,US,246569901,OT,Surgery,"",1,PS,OZEMPIC,SEMAGLUTIDE,1,Subcutaneous,1 mg,,"","","",PAR0362,,209637,1,MG,Solution for injection,"",7
24656992,246569921,1,I,20241001,20241114,20241125,20241125,EXP,"",US-NOVOPROD-1321041,NOVO NORDISK,"",,"","",F,Y,,"",20241125,"",CN,US,US,246569921,HO,Hallucination,"",1,PS,OZEMPIC,SEMAGLUTIDE,1,"",UNK,,"",N,"",PAR0646,,209637,,"",Solution for injection,"",3
24656996,246569961,1,I,,20241114,20241125,20241125,EXP,"",US-NOVOPROD-1321097,NOVO NORDISK,"",,"",A,F,Y,,"",20241125,"",CN,US,US,246569961,OT,Cataract operation,"",1,PS,OZEMPIC,SEMAGLUTIDE,1,Subcutaneous,UNK,,"","","","",,209637,,"",Solution for injection,"",7
24657002,246570021,1,I,,20241114,20241125,20241125,EXP,"",US-NOVOPROD-1320019,NOVO NORDISK,"",,"","","",Y,,"",20241125,"",CN,US,US,246570021,OT,Dyspepsia,"",1,PS,OZEMPIC,SEMAGLUTIDE,1,"","",,"",U,"","",,209637,,"",Solution for injection,"",7
24657451,246574512,2,F,,20241126,20241125,20241204,EXP,"",US-SMPA-2024SPA005154,SUNOVION,"",,"","","",Y,,"",20241204,"",CN,US,US,246574512,DE,Pancreatic carcinoma,"",14,C,OZEMPIC,SEMAGLUTIDE,1,Subcutaneous,(0.25 or 0.5 mg/dose) Subcutaneous Pen Injector 2 mg/1.5ml,,"","","","",,"",,"","","",1
24657885,246578851,1,I,20240101,20241114,20241125,20241125,EXP,"",US-ORPHANEU-2024009039,RECORDATI,"",,"","","",Y,,"",20241125,"",CN,US,US,246578851,HO,Thrombosis,"",2,SS,OZEMPIC,SEMAGLUTIDE,1,"",UNK,,"",U,"","",,"",,"","","",3
24658973,246589731,1,I,20241119,20241122,20241122,20241122,DIR,729018,"",FDA-CTU,"",51,YR,"",M,N,146.25,KG,20241122,N,CN,US,"",246589731,LT,Diabetes mellitus,"",1,PS,OZEMPIC,SEMAGLUTIDE,1,Subcutaneous,WEEKLLY SUBCUTANEOUS?,,"",N,D,"",20241130,"",,"","",QW,2
24659154,246591541,1,I,20240408,20241122,20241122,20241122,DIR,729025,"",FDA-CTU,"",39,YR,"",F,N,105.75,KG,20241122,N,CN,US,"",246591541,DS,Depression,"",1,PS,WEGOVY,SEMAGLUTIDE,1,Intramuscular,Frequency : Weekly;?,,"",Y,D,"",,"",,"",Injection,QW,4
24659273,246592731,1,I,,20241119,20241125,20241125,PER,"",US-AMGEN-USASP2024229367,AMGEN,"",,"","",F,Y,,"",20241125,"",HP,US,US,246592731,OT,Depression,"",2,C,WEGOVY,SEMAGLUTIDE,1,"",UNK,,"","","","",,"",,"","","",7
24659359,246593591,1,I,20241114,20241123,20241123,20241123,DIR,729044,"",FDA-CTU,"",45,YR,"",F,N,69.3,KG,20241123,N,CN,US,"",246593591,OT,Gastrointestinal disorder,"",1,PS,WEGOVY,SEMAGLUTIDE,1,"","",,"",N,D,"",20250709,"",,"","","",7
24660037,246600371,1,I,,20241122,20241125,20241125,PER,"",US-BAYER-2024A166807,BAYER HEALTHCARE LLC,"",68,YR,E,M,Y,,"",20241125,"",CN,US,US,,,Product solubility abnormal,"",2,SS,OZEMPIC,SEMAGLUTIDE,1,"",UNK,,"","","","",,"",,"","","",
24660426,246604261,1,I,20240227,20241124,20241124,20241124,DIR,729147,"",FDA-CTU,"",55,YR,"",F,N,,"",20241124,N,CN,US,"",246604261,LT,Splenomegaly,"",1,PS,OZEMPIC,SEMAGLUTIDE,1,"",Frequency : Weekly;?,,"","","","",,"",,"","",QW,2
24660638,246606381,1,I,20240821,20241125,20241125,20241125,DIR,729224,"",FDA-CTU,"",40,YR,"",M,N,99.45,KG,20241125,Y,CN,US,"",,,Drug ineffective,"",1,PS,SEMAGLUTIDE,SEMAGLUTIDE,1,Subcutaneous,1 INJE CTION   1/WEEK SUBCUTANEOUS?,,"",Y,D,G03A01-24,20241102,99,,"","",999,
24660675,246606751,1,I,20240806,20240812,20241125,20241125,PER,"","US-AVADEL CNS PHARMACEUTICALS, LLC-2024AVA01494","AVADEL CNS PHARMACEUTICALS, LLC","",32,YR,"",M,Y,,"",20241115,"",CN,US,US,,,Product dose omission issue,"",4,C,OZEMPIC,SEMAGLUTIDE,1,"","2 mg, once weekly",,"","","","",,"",2,MG,"",/WK,
24660886,246608861,1,I,20240101,20241004,20241125,20241125,PER,"","US-AVADEL CNS PHARMACEUTICALS, LLC-2024AVA01928","AVADEL CNS PHARMACEUTICALS, LLC","",,"","",F,Y,92.971,KG,20241125,"",CN,US,US,,,Middle insomnia,"",7,C,OZEMPIC,SEMAGLUTIDE,1,"","",,"","","","",,"",,"","","",
24661212,246612121,1,I,20240101,20240822,20241125,20241125,PER,"","US-AVADEL CNS PHARMACEUTICALS, LLC-2024AVA01581","AVADEL CNS PHARMACEUTICALS, LLC","",,"","",F,Y,,"",20241125,"",CN,US,US,,,Terminal insomnia,"",3,C,WEGOVY,SEMAGLUTIDE,1,"",UNK,,"","","","",,"",,"","","",
24661297,246612971,1,I,,20240910,20241125,20241125,PER,"","US-AVADEL CNS PHARMACEUTICALS, LLC-2023AVA00398","AVADEL CNS PHARMACEUTICALS, LLC","",,"","",M,Y,,"",20241125,"",CN,US,US,,,Mood altered,"",21,C,OZEMPIC,SEMAGLUTIDE,1,"",0.25 mg,,"","","","",,"",0.25,MG,Injection,"",
24661400,246614001,1,I,20241125,20241125,20241125,20241125,DIR,729157,"",FDA-CTU,"",49,YR,"",F,N,99.9,KG,20241125,N,CN,US,"",246614001,OT,Tremor,"",1,PS,WEGOVY,SEMAGLUTIDE,1,Subcutaneous,Frequency : Weekly;?,,"",N,N,"",,"",,"",Injection,QW,7
24661486,246614861,1,I,20240715,20241125,20241125,20241125,DIR,729217,"",FDA-CTU,"",61,YR,"",M,N,138.15,KG,20241125,N,PH,US,"",246614861,LT,Pancreatitis,"",1,PS,OZEMPIC,SEMAGLUTIDE,1,Subcutaneous,OTHER FREQUENCY : weekly;?,,"",N,D,"",,"",1,MG,"",999,2
24661535,246615351,1,I,,20241119,20241125,20241125,PER,"",US-Mission Pharmacal Company-2165923,MISSION PHARMACAL COMPANY,"",53,YR,"",M,Y,,"",20241125,"","",US,US,,,Drug ineffective,"",4,C,OZEMPIC,SEMAGLUTIDE,1,"","",,"",U,U,"",,"",,"","","",
24661537,246615371,1,I,,20241119,20241125,20241125,PER,"",US-Mission Pharmacal Company-2165924,MISSION PHARMACAL COMPANY,"",53,YR,"",M,Y,,"",20241125,"","",US,US,,,Drug ineffective,"",4,C,OZEMPIC,SEMAGLUTIDE,1,"","",,"",U,U,"",,"",,"","","",
24662427,246624271,1,I,,20240905,20241125,20241125,PER,"",US-NOVOPROD-1281092,NOVO NORDISK,"",,"",A,F,Y,,"",20241126,"",CN,US,US,,,Muscle spasms,"",1,SS,OZEMPIC,SEMAGLUTIDE,1,Subcutaneous,UNK,,"",N,"","",,"",,"",Solution for injection,"",
24662490,246624902,2,F,20240101,20241127,20241125,20241209,EXP,"",US-NOVOPROD-1320296,NOVO NORDISK,"",75,YR,"",F,Y,,"",20241209,"",HP,US,US,246624902,HO,Wheezing,"",1,PS,OZEMPIC,SEMAGLUTIDE,1,Subcutaneous,0.25 mg,,"",Y,N,PZFAJ95,,209637,0.25,MG,Solution for injection,"",3
24662491,246624911,1,I,20190101,20241114,20241125,20241125,EXP,"",US-NOVOPROD-1320408,NOVO NORDISK,"",,"",A,F,Y,,"",20241126,"",CN,US,US,246624911,HO,Dysphagia,"",1,PS,OZEMPIC,SEMAGLUTIDE,1,Subcutaneous,UNK,,"",Y,"","",,209637,,"",Solution for injection,"",3
24662526,246625261,1,I,,20241114,20241126,20241126,EXP,"",US-NOVOPROD-1320608,NOVO NORDISK,"",55,YR,"",F,Y,,"",20241126,"",MD,US,US,246625261,OT,Pancreatic carcinoma,"",1,PS,OZEMPIC,SEMAGLUTIDE,1,Subcutaneous,UNK,,"",N,"","",,209637,,"",Solution for injection,"",7
24662527,246625272,2,F,20241005,20241202,20241126,20241212,EXP,"",US-NOVOPROD-1320561,NOVO NORDISK,"",72,YR,"",F,Y,,"",20241212,"",CN,US,US,246625272,OT,Upper limb fracture,"",1,PS,OZEMPIC,SEMAGLUTIDE,1,Subcutaneous,0.25,,"",N,"","",,209637,,"",Solution for injection,"",7
24662530,246625301,1,I,20230301,20241114,20241126,20241126,EXP,"",US-NOVOPROD-1321168,NOVO NORDISK,"",44,YR,"",F,Y,,"",20241126,"",CN,US,US,246625301,OT,Visual impairment,"",1,PS,WEGOVY,SEMAGLUTIDE,1,Subcutaneous,UNK,,"",U,"",NZF8H86,,215256,,"",Solution for injection,"",7
24662531,246625311,1,I,,20241114,20241126,20241126,EXP,"",US-NOVOPROD-1321222,NOVO NORDISK,"",,"","",F,Y,,"",20241126,"",MD,US,US,246625311,HO,Suicide attempt,"",1,PS,WEGOVY,SEMAGLUTIDE,1,Subcutaneous,UNK,,"",Y,"","",,215256,,"",Solution for injection,"",3
24662534,246625341,1,I,,20241114,20241126,20241126,EXP,"",US-NOVOPROD-1320962,NOVO NORDISK,"",,"","",F,Y,,"",20241126,"",CN,US,US,246625341,OT,Fatigue,"",1,PS,OZEMPIC,SEMAGLUTIDE,1,Subcutaneous,1 mg,,"",U,"",PAR0487,,209637,1,MG,Solution for injection,"",7
24662535,246625351,1,I,20220101,20241115,20241126,20241126,EXP,"",US-NOVOPROD-1315038,NOVO NORDISK,"",84,YR,"",F,Y,,"",20241126,"",CN,US,US,246625351,OT,Cataract operation,"",1,PS,OZEMPIC,SEMAGLUTIDE,1,Subcutaneous,"1 mg, qw",,"",U,"",par0607,,209637,1,MG,Solution for injection,/WK,7
24662536,246625361,1,I,20241014,20241115,20241126,20241126,EXP,"",US-NOVOPROD-1321525,NOVO NORDISK,"",65,YR,"",M,Y,,"",20241126,"",CN,US,US,246625361,OT,Urinary retention,"",1,PS,OZEMPIC,SEMAGLUTIDE,1,Subcutaneous,0.25 mg,,"",N,"",PZFAT39,,209637,0.25,MG,Solution for injection,"",7
24662707,246627071,1,I,,20241115,20241126,20241126,EXP,"",US-NOVOPROD-1321580,NOVO NORDISK,"",59,YR,"",M,Y,,"",20241126,"",CN,US,US,246627071,HO,Cerebrovascular accident,"",1,PS,OZEMPIC,SEMAGLUTIDE,1,Subcutaneous,UNK,,"",U,"","",,209637,,"",Solution for injection,"",3
24662708,246627081,1,I,,20241114,20241126,20241126,EXP,"",US-NOVOPROD-1321786,NOVO NORDISK,"",,"",A,M,Y,,"",20241126,"",HP,US,US,246627081,OT,Appendicectomy,"",1,SS,WEGOVY,SEMAGLUTIDE,1,Subcutaneous,2.4 mg,,"",U,"","",,"",2.4,MG,Solution for injection,"",7
24662709,246627091,1,I,20240715,20241115,20241126,20241126,EXP,"",US-NOVOPROD-1321588,NOVO NORDISK,"",68,YR,"",M,Y,,"",20241126,"",CN,US,US,246627091,DE,Myocardial infarction,"",1,PS,OZEMPIC,SEMAGLUTIDE,1,Subcutaneous,2 mg,,"",U,"","",,209637,2,MG,Solution for injection,"",1
24662719,246627191,1,I,,20241118,20241126,20241126,EXP,"",US-NOVOPROD-1321378,NOVO NORDISK,"",55,YR,"",M,Y,,"",20241126,"",CN,US,US,246627191,HO,Intestinal obstruction,"",1,PS,WEGOVY,SEMAGLUTIDE,1,Subcutaneous,UNK,,"",N,"","",,215256,,"",Solution for injection,"",3
24662725,246627251,1,I,,20241115,20241126,20241126,EXP,"",US-NOVOPROD-1322562,NOVO NORDISK,"",,"",A,F,Y,,"",20241126,"",CN,US,US,246627251,HO,Hospitalisation,"",1,PS,OZEMPIC,SEMAGLUTIDE,1,Subcutaneous,0.25 mg,,"",U,"","",,209637,0.25,MG,Solution for injection,"",3
24662727,246627271,1,I,,20241115,20241126,20241126,EXP,"",US-NOVOPROD-1322564,NOVO NORDISK,"",65,YR,"",M,Y,,"",20241126,"",HP,US,US,246627271,OT,Optic ischaemic neuropathy,"",1,PS,OZEMPIC,SEMAGLUTIDE,1,Subcutaneous,"0.5 mg, qw",,"",N,"","",,209637,0.5,MG,Solution for injection,/WK,7
24662731,246627311,1,I,,20241118,20241126,20241126,EXP,"",US-NOVOPROD-1322820,NOVO NORDISK,"",,"","",F,Y,,"",20241126,"",HP,US,US,246627311,HO,Diverticulitis,"",1,PS,WEGOVY,SEMAGLUTIDE,1,Subcutaneous,UNK,,"","","","",,215256,,"",Solution for injection,"",3
24662737,246627371,1,I,20240909,20241115,20241126,20241126,EXP,"",US-NOVOPROD-1289517,NOVO NORDISK,"",51,YR,"",F,Y,,"",20241126,"",HP,US,US,246627371,OT,Hypoglycaemia,"",1,PS,WEGOVY,SEMAGLUTIDE,1,Subcutaneous,0.5 mg,,"","","","",,215256,0.5,MG,Solution for injection,"",7
24662739,246627391,1,I,,20241116,20241126,20241126,EXP,"",US-NOVOPROD-1322559,NOVO NORDISK,"",,"","",M,Y,,"",20241126,"",CN,US,US,246627391,OT,Cerebrovascular accident,"",1,PS,OZEMPIC,SEMAGLUTIDE,1,Subcutaneous,UNK,,"",U,"","",,209637,,"",Solution for injection,"",7
24662740,246627401,1,I,,20241116,20241126,20241126,EXP,"",US-NOVOPROD-1322767,NOVO NORDISK,"",,"","","",Y,,"",20241126,"",CN,US,US,246627401,DS,Glucose tolerance impaired,"",1,PS,WEGOVY,SEMAGLUTIDE,1,Subcutaneous,UNK,,"",U,"","",,215256,,"",Solution for injection,"",4
24663317,246633171,1,I,20241101,20241119,20241126,20241126,EXP,"",US-ABBVIE-6013016,ABBVIE,"",76,YR,"",M,Y,,"",20241126,"",CN,US,US,246633171,OT,Aortic valve replacement,"",3,C,OZEMPIC,SEMAGLUTIDE,1,"","",,"","","","",,"",,"","","",7
24663388,246633881,1,I,,20241106,20241126,20241126,PER,"","US-Axsome Therapeutics, Inc.-AXS202411-001860","AXSOME THERAPEUTICS, INC.","",56,YR,A,F,Y,,"",20241123,"",HP,US,"",,,Bruxism,"",4,C,WEGOVY,SEMAGLUTIDE,1,Unknown,UNK,,"","","","",,"",,"",Unknown,"",
24663573,246635731,1,I,,20241018,20241126,20241126,PER,"","US-Axsome Therapeutics, Inc.-AXS202311-001419","AXSOME THERAPEUTICS, INC.","",68,YR,E,F,Y,,"",20241125,"",CN,US,"",246635731,OT,Somnolence,"",6,SS,OZEMPIC,SEMAGLUTIDE,1,Unknown,UNK,,"","","","",,"",,"",Unknown,"",7
24664343,246643431,1,I,20241124,20241125,20241125,20241125,DIR,729264,"",FDA-CTU,"",78,YR,"",F,N,91.35,KG,20241125,N,CN,US,"",246643431,OT,Tendon injury,"",9,C,OZEMPIC,SEMAGLUTIDE,1,"","",,"","","","",,"",,"","","",7
24664839,246648391,1,I,,20241125,20241125,20241125,DIR,729259,"",FDA-CTU,"",78,YR,"",M,N,105.2,KG,20241125,N,MD,US,"",246648391,OT,Product prescribing error,"",1,PS,SEMAGLUTIDE,SEMAGLUTIDE,1,Oral,"",,"",D,D,"",,"",,"","","",7
24665121,246651211,1,I,,20241112,20241126,20241126,EXP,"",US-SMPA-2024SPA005330,SUNOVION,"",,"","","",Y,,"",20241126,"",CN,US,US,246651211,OT,Thrombosis,"",12,C,RYBELSUS,SEMAGLUTIDE,1,Unknown,UNK,,"","","","",,"",,"","","",7
24665288,246652881,1,I,,20241122,20241126,20241126,PER,"",US-BRISTOL-MYERS SQUIBB COMPANY-2024-184594,BRISTOL-MYERS SQUIBB COMPANY,"",74,YR,E,F,Y,,"",20241126,"",CN,US,US,,,Product use issue,"",14,C,OZEMPIC,SEMAGLUTIDE,1,"","",,"",U,"","",,"",,"","","",
24665477,246654772,2,F,20240524,20241125,20241126,20241202,EXP,"",US-KYOWAKIRIN-2024KK026646,KYOWA,"",,"","","",Y,,"",20241202,"",HP,US,US,,,Adverse event,"",4,C,OZEMPIC,SEMAGLUTIDE,1,Unknown,0.25 mg/ 0.5 mg DOS (2mg/3ml),,"","","","",,"",,"","","",
24665816,246658161,1,I,20241016,20241126,20241126,20241126,DIR,729341,"",FDA-CTU,"",57,YR,"",F,N,56.7,KG,20241126,Y,CN,US,"",246658161,DS,Insomnia,"",1,PS,SEMAGLUTIDE,SEMAGLUTIDE,1,"","",,"",N,D,"",,99,,"","","",4
24665844,246658441,1,I,,20241125,20241126,20241126,PER,"",US-BRISTOL-MYERS SQUIBB COMPANY-2024-184662,BRISTOL-MYERS SQUIBB COMPANY,"",71,YR,E,F,Y,58.97,KG,20241126,"",CN,US,US,,,Pigmentation disorder,"",13,C,OZEMPIC,SEMAGLUTIDE,1,"",0.25MG/O.5MG DOSE 3ML PEN,,"",U,"","",,"",,"",Tablet,"",
24665929,246659291,1,I,,20241118,20241126,20241126,EXP,"",US-SA-2024SA340383,SANOFI AVENTIS,"",82,YR,E,M,Y,,"",20241126,"",CN,US,US,246659291,OT,Dementia,"",2,C,OZEMPIC,SEMAGLUTIDE,1,"",ONCE A WEEK,,"",U,"","",,"",,"","",/WK,7
24666473,246664731,1,I,,20241113,20241126,20241126,PER,"",US-SA-2024SA341244,SANOFI AVENTIS,"",,"",A,M,Y,,"",20241126,"",MD,US,US,,,General physical health deterioration,"",3,C,OZEMPIC,SEMAGLUTIDE,1,"",UNK,,"",U,"","",,"",,"","","",
24666651,246666512,2,F,,20241217,20241126,20241225,PER,"",US-SA-2024SA342213,SANOFI AVENTIS,"",,"",E,F,Y,,"",20241225,"",MD,US,US,,,Inappropriate schedule of product administration,"",6,C,OZEMPIC,SEMAGLUTIDE,1,"","0.2 SOP 2MG/3ML,Z",,"",U,"","",,"",,"","","",
24666738,246667381,1,I,20240213,20240215,20241126,20241126,EXP,"",US-NOVOPROD-1320209,NOVO NORDISK,"",,"",A,M,Y,,"",20241126,"",CN,US,US,246667381,OT,Meniscus operation,"",1,PS,OZEMPIC,SEMAGLUTIDE,1,Subcutaneous,0.5mg,,"",N,"","",,209637,,"",Solution for injection,"",7
24666739,246667391,1,I,,20240722,20241126,20241126,EXP,"",US-NOVOPROD-1273956,NOVO NORDISK,"",,"","",F,Y,,"",20241126,"",CN,US,US,246667391,OT,Heat stroke,"",1,PS,OZEMPIC,SEMAGLUTIDE,1,Subcutaneous,UNK,,"",U,"","",,209637,,"",Solution for injection,"",7
24666741,246667411,1,I,,20240716,20241126,20241126,EXP,"",US-NOVOPROD-1260598,NOVO NORDISK,"",,"","","",Y,,"",20241126,"",CN,US,US,246667411,OT,Abdominal pain upper,"",1,PS,WEGOVY,SEMAGLUTIDE,1,Subcutaneous,0.5 mg,,"",U,"","",,215256,0.5,MG,Solution for injection,"",7
24667195,246671951,1,I,,20241117,20241126,20241126,PER,"",US-ELI_LILLY_AND_COMPANY-US202411012050,ELI LILLY AND COMPANY,"",61,YR,A,"",Y,,"",20241126,"",CN,US,US,246671951,OT,Impaired gastric emptying,"",4,SS,OZEMPIC,SEMAGLUTIDE,1,Unknown,"UNK UNK, unknown",,"","","","",,"",,"",Injection,"",7
24667909,246679093,3,F,20240201,20241219,20241127,20241230,EXP,"",US-NOVOPROD-1322227,NOVO NORDISK,"",62,YR,"",F,Y,,"",20241230,"",CN,US,US,246679093,HO,Weight loss poor,"",1,PS,OZEMPIC,SEMAGLUTIDE,1,Subcutaneous,0.25 mg,,"","","","",,209637,0.25,MG,Solution for injection,"",3
24667910,246679101,1,I,,20241118,20241127,20241127,EXP,"",US-NOVOPROD-1322984,NOVO NORDISK,"",,"","",M,Y,,"",20241127,"",CN,US,US,246679101,OT,Rotator cuff repair,"",1,PS,WEGOVY,SEMAGLUTIDE,1,Subcutaneous,1.7 mg,,"",U,"",PZFAF44,,215256,,"",Solution for injection,"",7
24667914,246679141,1,I,20240101,20241118,20241127,20241127,EXP,"",US-INTERCEPT-PM2024002317,INTERCEPT PHARMACEUTICALS,"",,"","",F,Y,,"",20241127,"",CN,US,US,246679141,HO,Hospitalisation,"",9,C,OZEMPIC,SEMAGLUTIDE,1,"","",,"","","","",,"",,"","","",3
24667919,246679191,1,I,20240101,20241118,20241127,20241127,EXP,"",US-NOVOPROD-1321109,NOVO NORDISK,"",66,YR,"",F,Y,,"",20241127,"",CN,US,US,246679191,HO,Diverticulitis,"",1,PS,WEGOVY,SEMAGLUTIDE,1,Subcutaneous,2.4 mg,,"",Y,"",PZF9M33,,215256,2.4,MG,Solution for injection,"",3
24667920,246679201,1,I,,20241117,20241127,20241127,EXP,"",US-NOVOPROD-1322311,NOVO NORDISK,B. Livitz et al.. Semaglutide-Induced Severe AKI Requiring Hemodialysis. Journal of the American Society of Nephrology. 2024;35:1214,61,YR,"",F,Y,,"",20241127,"",HP,US,US,246679201,HO,Nephropathy toxic,"",1,PS,SEMAGLUTIDE,SEMAGLUTIDE,1,"",UNK,,"",U,"","",,209637,,"","","",3
24667924,246679241,1,I,20230901,20241118,20241127,20241127,EXP,"",US-NOVOPROD-1324413,NOVO NORDISK,"",72,YR,"",F,Y,,"",20241127,"",CN,US,US,246679241,HO,Dyspnoea,"",2,PS,OZEMPIC,SEMAGLUTIDE,1,Subcutaneous,0.5 once weekly,,"",N,"","",,209637,,"",Solution for injection,"",3
24667926,246679261,1,I,20241118,20241119,20241127,20241127,EXP,"",US-NOVOPROD-1324203,NOVO NORDISK,"",76,YR,"",F,Y,,"",20241127,"",CN,US,US,246679261,OT,Dyspepsia,"",1,PS,OZEMPIC,SEMAGLUTIDE,1,Subcutaneous,"1 mg, qw",,"",U,"",NARD350,,209637,1,MG,Solution for injection,/WK,7
24667930,246679301,1,I,20241101,20241120,20241127,20241127,EXP,"",US-NOVOPROD-1324289,NOVO NORDISK,"",65,YR,"",F,Y,,"",20241127,"",CN,US,US,246679301,OT,Surgery,"",1,PS,OZEMPIC,SEMAGLUTIDE,1,Subcutaneous,UNK,,"",D,"",PZF9J36,,209637,,"",Solution for injection,"",7
24667931,246679311,1,I,20240101,20241118,20241127,20241127,EXP,"",US-NOVOPROD-1324414,NOVO NORDISK,"",,"",E,F,Y,,"",20241127,"",CN,US,US,246679311,OT,Nausea,"",1,PS,OZEMPIC,SEMAGLUTIDE,1,Subcutaneous,UNK,,"",Y,"",PAR0486,,209637,,"",Solution for injection,"",7
24667932,246679321,1,I,20231018,20241119,20241127,20241127,EXP,"",US-NOVOPROD-1324220,NOVO NORDISK,"",54,YR,"",F,Y,,"",20241127,"",CN,US,US,246679321,OT,Road traffic accident,"",1,PS,WEGOVY,SEMAGLUTIDE,1,Subcutaneous,"2.4 mg, qw",,"",U,"",PZF9N40,,215256,2.4,MG,Solution for injection,/WK,7
24667963,246679631,1,I,20241119,20241120,20241127,20241127,PER,"",US-ELI_LILLY_AND_COMPANY-US202411013584,ELI LILLY AND COMPANY,"",,"","",F,Y,,"",20241127,"",CN,US,US,,,Fall,"",6,SS,OZEMPIC,SEMAGLUTIDE,1,Unknown,"UNK UNK, unknown",,"",U,"","",,"",,"","","",
24669041,246690412,2,F,20241108,20241203,20241127,20241213,EXP,"",US-EMD Serono-2024061150,EMD SERONO INC,"",54,YR,A,F,Y,,"",20241213,"",PH,US,US,246690412,OT,Metabolic dysfunction-associated steatohepatitis,"",2,C,OZEMPIC,SEMAGLUTIDE,1,"","",,"","","","",,"",,"","","",7
24669665,246696651,1,I,20240615,20241124,20241124,20241124,DIR,FDA-CDER-CTU-2024-81609,"",FDA-CTU,"",59,YR,"",F,N,,"",20241124,N,MD,US,"",246696651,LT,Intussusception,"",1,PS,OZEMPIC,SEMAGLUTIDE,1,"","",,"",D,D,"",,"",,"","","",2
24670441,246704411,1,I,20241125,20241126,20241126,20241126,DIR,729439,"",FDA-CTU,"",55,YR,"",F,N,108.72,KG,20241126,N,MD,US,"",246704411,HO,Therapy interrupted,"",1,PS,WEGOVY,SEMAGLUTIDE,1,Subcutaneous,OTHER FREQUENCY : Weekly;?,,"",D,D,"",,"",,"","",999,3
24670496,246704961,1,I,20241114,20241125,20241127,20241127,EXP,"",US-BAYER-2024A168769,BAYER HEALTHCARE PHARMACEUTICALS INC.,"",34,YR,A,F,Y,155.1,KG,20241127,"",CN,US,US,246704961,HO,Fluid retention,"",3,C,OZEMPIC,SEMAGLUTIDE,1,"","",,"","","","",,"",,"","","",3
24671495,246714951,1,I,20240715,20241114,20241127,20241127,EXP,"",US-NOVOPROD-1320924,NOVO NORDISK,"",68,YR,"",F,Y,,"",20241127,"",CN,US,US,246714951,OT,Nerve compression,"",1,PS,OZEMPIC,SEMAGLUTIDE,1,Subcutaneous,"0.5 mg, qw",,"",U,"","",,209637,0.5,MG,Solution for injection,/WK,7
24671641,246716411,1,I,20210101,20241118,20241127,20241127,EXP,"",US-ELI_LILLY_AND_COMPANY-US202411011347,ELI LILLY AND COMPANY,"",77,YR,E,F,Y,,"",20241127,"",CN,US,US,246716411,OT,Blood glucose increased,"",3,SS,OZEMPIC,SEMAGLUTIDE,1,Unknown,"UNK UNK, bid",,"",Y,"",ASKU,,"",,"","",BID,7
24672417,246724171,1,I,20240101,20241118,20241127,20241127,PER,"",US-SA-2024SA343339,SANOFI AVENTIS,"",35,YR,A,F,Y,,"",20241128,"",HP,US,US,,,Stress,"",2,SS,WEGOVY,SEMAGLUTIDE,1,"",UNK,,"",Y,"","",,"",,"","","",
24672504,246725041,1,I,,20241121,20241127,20241127,PER,"",US-BRISTOL-MYERS SQUIBB COMPANY-2024-183189,BRISTOL-MYERS SQUIBB COMPANY,"",56,YR,A,F,Y,,"",20241128,"",PH,US,US,246725041,HO,Influenza,"",12,C,OZEMPIC,SEMAGLUTIDE,1,"",0.25/0.5 mg,,"",U,"","",,"",,"","","",3
24672582,246725821,1,I,,20241119,20241127,20241127,PER,"",US-SA-2024SA343533,SANOFI AVENTIS,"",59,YR,A,F,Y,,"",20241128,"",CN,US,US,,,Intentional product misuse,"",2,C,OZEMPIC,SEMAGLUTIDE,1,"","",,"",U,"","",,"",,"","","",
24672767,246727672,2,F,20150101,20241127,20241128,20241202,EXP,"",US-ABBVIE-5973399,ABBVIE,"",57,YR,"",F,Y,91,KG,20241202,"",CN,US,US,246727672,HO,Rheumatoid arthritis,"",11,C,WEGOVY,SEMAGLUTIDE,1,"",7 Milligram,,"","","","",,"",7,MG,"","",3
24673113,246731131,1,I,20240101,20241120,20241128,20241128,EXP,"",US-UNITED THERAPEUTICS-UNT-2024-037487,UNITED THERAPEUTICS,"",,"","",F,Y,72.562,KG,20241128,"","",US,US,246731131,HO,Haematoma,"",5,C,OZEMPIC,SEMAGLUTIDE,1,"",UNK,,"","","","",,"",,"","","",3
24673125,246731252,2,F,20170401,20241209,20241128,20241216,EXP,"",US-ABBVIE-6017763,ABBVIE,"",44,YR,"",M,Y,95.254,KG,20241216,"",CN,US,US,246731252,HO,Hepatic cirrhosis,"",3,C,OZEMPIC,SEMAGLUTIDE,1,"","",,"","","","",,"",,"","","",3
24674147,246741471,1,I,20240901,20240920,20241128,20241128,PER,"",US-AJANTA-2024AJA00164,AJANTA PHARMA USA INC,"",76,YR,E,F,Y,105,KG,20241128,"",CN,US,US,,,Eye irritation,"",2,C,OZEMPIC,SEMAGLUTIDE,1,"","",,"","","","",,"",,"","","",
24674169,246741691,1,I,20221110,20241119,20241128,20241128,EXP,"",US-UCBSA-2024058935,UCB,"",59,YR,"",M,Y,,"",20241128,"",CN,US,US,246741691,OT,Pituitary-dependent Cushing's syndrome,"",10,C,OZEMPIC,SEMAGLUTIDE,1,"","1 milligram, (4 mg/3 mL)",,"","","","",,"",1,MG,Injection,"",7
24674254,246742542,2,F,,20241217,20241128,20241221,PER,"",US-ROCHE-10000141868,ROCHE,"",39,YR,A,F,Y,,"",20241221,"",CN,US,US,,,Condition aggravated,"",3,C,OZEMPIC,SEMAGLUTIDE,1,"","",,"","","","",,"",2,MG,"","",
24674998,246749981,1,I,20241017,20241121,20241128,20241128,EXP,"","US-CATALYST PHARMACEUTICALS, INC-US-CATA-24-01386",CATALYST PHARMA,"",36,YR,"",F,Y,92.063,KG,20241128,"",CN,US,US,246749981,HO,Product dose omission issue,"",14,C,WEGOVY,SEMAGLUTIDE,1,Unknown,0.5 mg/0.5 ml once a week,,"","","",UNKNOWN,,"",,"","",/WK,3
24675242,246752421,1,I,,20241125,20241128,20241128,EXP,"",US-SA-2024SA348914,SANOFI AVENTIS,"",50,YR,A,F,Y,61.36,KG,20241128,"",MD,US,US,246752421,OT,Seizure,"",10,C,OZEMPIC,SEMAGLUTIDE,1,"","",,"",U,"","",,"",,"","","",7
24675462,246754621,1,I,20240101,20241112,20241128,20241128,EXP,"",US-RECORDATI RARE DISEASES-2024008958,RECORDATI,"",,"","","",Y,,"",20241128,"",CN,US,US,246754621,OT,Diabetes mellitus,"",2,C,OZEMPIC,SEMAGLUTIDE,1,"",UNK,,"",D,"","",,"",,"","","",7
24676207,246762071,1,I,20241120,20241120,20241128,20241128,PER,"",US-SA-2024SA344971,SANOFI AVENTIS,"",55,YR,A,F,Y,,"",20241128,"",CN,US,US,,,Urticaria,"",7,C,OZEMPIC,SEMAGLUTIDE,1,Subcutaneous,"",,"",U,"","",,"",,"","","",
24676788,246767881,1,I,,20241119,20241128,20241128,PER,"",US-SA-2024SA023543,SANOFI AVENTIS,"",,"",A,F,Y,98,KG,20241129,"",MD,US,US,,,Malaise,"",7,C,OZEMPIC,SEMAGLUTIDE,1,"","",,"",U,"","",,"",,"","","",
24676912,246769121,1,I,,20241122,20241128,20241128,PER,"",US-AMGEN-USASP2024232263,AMGEN,"",80,YR,E,M,Y,,"",20241128,"",HP,US,US,,,Drug interaction,"",2,C,OZEMPIC,SEMAGLUTIDE,1,"","",,"","","","",,"",,"","","",
24677154,246771541,1,I,20240101,20241122,20241129,20241129,EXP,"",US-ABBVIE-5992473,ABBVIE,"",76,YR,"",M,Y,79.378,KG,20241129,"",CN,US,US,246771541,OT,Abdominal pain upper,"",2,C,WEGOVY,SEMAGLUTIDE,1,"","",,"","","","",,"",,"","","",7
24677322,246773221,1,I,20241025,20241125,20241129,20241129,PER,"",US-AMGEN-USASP2024233785,AMGEN,"",54,YR,A,F,Y,,"",20241128,"",HP,US,US,,,Adverse reaction,"",18,C,OZEMPIC,SEMAGLUTIDE,1,"",0.25 milligram and 0.5 milligram,,"","","","",,"",,"","","",
24677481,246774811,1,I,20241101,20241120,20241129,20241129,PER,"",US-SA-2024SA347918,SANOFI AVENTIS,"",,"",A,F,Y,,"",20241129,"",CN,US,US,,,Pruritus,"",3,C,OZEMPIC,SEMAGLUTIDE,1,"","",,"",U,"","",,"",,"","","",
24677575,246775751,1,I,,20241120,20241129,20241129,PER,"",US-SA-2024SA349657,SANOFI AVENTIS,"",66,YR,E,F,Y,,"",20241129,"",CN,US,US,,,Blood glucose increased,"",2,C,OZEMPIC,SEMAGLUTIDE,1,"","",,"",U,"","",,"",,"","","",
24677622,246776221,1,I,20240101,20240819,20241129,20241129,PER,"",US-UCBSA-2024037215,UCB,"",,"","",M,Y,68,KG,20241129,"",HP,US,US,,,Fungal infection,"",8,C,OZEMPIC,SEMAGLUTIDE,1,"",UNK,,"","","","",,"",,"","","",
24678257,246782572,2,F,20240101,20241223,20241129,20241228,PER,"",US-UNITED THERAPEUTICS-UNT-2024-031207,UNITED THERAPEUTICS,"",,"","",F,Y,81.633,KG,20241228,"","",US,US,,,Epistaxis,"",5,C,WEGOVY,SEMAGLUTIDE,1,"",UNK,,"","","","",,"",,"","","",
24678423,246784231,1,I,,20241120,20241129,20241129,PER,"",US-UNITED THERAPEUTICS-UNT-2024-024989,UNITED THERAPEUTICS,"",,"","",F,Y,105.49,KG,20241129,"","",US,US,,,Headache,"",27,C,OZEMPIC,SEMAGLUTIDE,1,"",UNK,,"","","","",,"",,"","","",
24678576,246785761,1,I,20240101,20241119,20241129,20241129,EXP,"",US-TEVA-VS-3263768,TEVA,"",46,YR,"",F,Y,,"",20241129,"",CN,US,US,246785761,OT,Drug interaction,"",6,C,OZEMPIC,SEMAGLUTIDE,1,"","",,"","","","",,"",,"","","",7
24678952,246789521,1,I,,20241116,20241129,20241129,PER,"",US-PHARMING-PHAUS2024001084,PHARMING GROUP,"",,"","","",Y,,"",20241129,"",CN,US,US,,,Drug ineffective,"",24,C,OZEMPIC,SEMAGLUTIDE,1,"","",,"","","","",,"",,"","","",
24680115,246801151,1,I,20231103,20231108,20241129,20241129,5DAY,"",US-BRACCO-2023US05734,BRACCO,"",60,YR,"",M,Y,,"",20241129,"",CN,US,US,246801151,OT,Anaphylactic reaction,"",9,C,OZEMPIC,SEMAGLUTIDE,1,"",1 MG/DOSE,,"","","","",,"",,"","","",7
24680141,246801411,1,I,20240130,20240209,20241129,20241129,5DAY,"",US-BRACCO-2024US00557,BRACCO,"",41,YR,"",F,Y,,"",20241129,"",HP,US,US,246801411,HO,Anaphylactic reaction,"",19,C,OZEMPIC,SEMAGLUTIDE,1,"","",,"",U,"","",,"",,"","","",3
24680181,246801811,1,I,20240328,20240405,20241129,20241129,5DAY,"",US-BRACCO-2024US01622,BRACCO,"",56,YR,"",M,Y,,"",20241129,"",CN,US,US,246801811,OT,Fall,"",29,C,OZEMPIC,SEMAGLUTIDE,1,Subcutaneous,"05 mg, qiw",,"","","","",,"",5,MG,"","",7
24680418,246804181,1,I,20240922,20240923,20241129,20241129,5DAY,"",US-BRACCO-2024US05989,BRACCO,"",31,YR,"",F,Y,,"",20241129,"",CN,US,US,246804181,OT,Anaphylactic reaction,"",10,C,SEMAGLUTIDE,SEMAGLUTIDE,1,"","",,"","","","",,"",,"","","",7
24680515,246805151,1,I,20180101,20241122,20241129,20241129,EXP,"",US-PFIZER INC-PV202400153279,PFIZER,"",45,YR,"",F,Y,102,KG,20241129,"",CN,US,US,246805151,OT,Pneumonia,"",18,C,OZEMPIC,SEMAGLUTIDE,1,Subcutaneous,Inject 2 mg subcutaneously once a week,,"","","","",,"",,"",Solution for injection in pre-filled pen,/WK,7
24680575,246805751,1,I,,20241118,20241129,20241129,EXP,"",US-NOVOPROD-1323056,NOVO NORDISK,"",,"","","",Y,,"",20241129,"",CN,US,US,246805751,OT,Sarcoidosis,"",1,PS,WEGOVY,SEMAGLUTIDE,1,Subcutaneous,UNK,,"",U,"","",,215256,,"",Solution for injection,"",7
24680576,246805761,1,I,20240905,20241118,20241129,20241129,EXP,"",US-NOVOPROD-1322934,NOVO NORDISK,"",76,YR,"",F,Y,,"",20241129,"",CN,US,US,246805761,OT,Wrong technique in product usage process,"",1,PS,OZEMPIC,SEMAGLUTIDE,1,Subcutaneous,0.5 mg,,"",Y,U,"",,209637,0.5,MG,Solution for injection,"",7
24680577,246805771,1,I,,20241118,20241129,20241129,EXP,"",US-NOVOPROD-1322951,NOVO NORDISK,"",,"",A,M,Y,,"",20241129,"",CN,US,US,246805771,HO,Neoplasm malignant,"",1,PS,OZEMPIC,SEMAGLUTIDE,1,Subcutaneous,UNK,,"",U,"","",,209637,,"",Solution for injection,"",3
24680578,246805782,2,F,20241023,20241212,20241129,20241226,EXP,"",US-NOVOPROD-1321894,NOVO NORDISK,"",73,YR,"",M,Y,,"",20241226,"",CN,US,US,246805782,OT,Depression,Depression,1,PS,OZEMPIC,SEMAGLUTIDE,1,Subcutaneous,0.25 mg qw,13.75,MG,Y,Y,"",,209637,0.25,MG,Solution for injection,/WK,7
24680581,246805811,1,I,,20241118,20241129,20241129,EXP,"",US-NOVOPROD-1322117,NOVO NORDISK,"",,"","",F,Y,,"",20241129,"",CN,US,US,246805811,HO,Glycosylated haemoglobin increased,"",1,PS,OZEMPIC,SEMAGLUTIDE,1,Subcutaneous,2 mg,,"",Y,Y,NAR0209,,209637,2,MG,Solution for injection,"",3
24680892,246808922,2,F,,20241224,20241129,20241230,PER,"",US-SA-2024SA347539,SANOFI AVENTIS,"",50,YR,A,M,Y,,"",20241231,"",MD,US,US,,,Skin discolouration,"",9,C,OZEMPIC,SEMAGLUTIDE,1,"",UNK,,"",U,"","",,"",,"","","",
24681060,246810601,1,I,,20241120,20241129,20241129,PER,"",US-SA-2024SA306806,SANOFI AVENTIS,"",62,YR,A,F,Y,72.608,KG,20241129,"",HP,US,US,,,Injection site pain,"",5,C,OZEMPIC,SEMAGLUTIDE,1,"","",,"",U,"","",,"",,"","","",
24681568,246815681,1,I,20080101,20241122,20241130,20241130,EXP,"",US-ABBVIE-6020734,ABBVIE,"",46,YR,"",M,Y,,"",20241130,"",CN,US,US,246815681,HO,Arthritis,"",5,C,OZEMPIC,SEMAGLUTIDE,1,"","",,"","","","",,"",,"","","",3
24682931,246829311,1,I,20240101,20241119,20241201,20241201,PER,"",US-SA-2024SA351305,SANOFI AVENTIS,"",69,YR,E,F,Y,,"",20241201,"",MD,US,US,,,Arthralgia,"",7,C,OZEMPIC,SEMAGLUTIDE,1,"",UNK,,"",U,"","",,"",,"","","",
24683301,246833011,1,I,20240501,20241125,20241201,20241201,EXP,"",US-ABBVIE-5995036,ABBVIE,"",74,YR,"",F,Y,83.915,KG,20241201,"",CN,US,US,246833011,OT,Blood pressure measurement,"",8,C,OZEMPIC,SEMAGLUTIDE,1,"","",,"","","","",,"",,"","","",7
24683469,246834691,1,I,20240801,20241119,20241201,20241201,EXP,"",US-NOVOPROD-1321867,NOVO NORDISK,"",79,YR,"",F,Y,,"",20241202,"",CN,US,US,246834691,OT,Blood glucose fluctuation,"",1,PS,OZEMPIC,SEMAGLUTIDE,1,Subcutaneous,"0.5 mg, qw(hold for two months)",,"",N,U,PZFAT37,,209637,0.5,MG,Solution for injection,/WK,7
24683471,246834711,1,I,,20241119,20241201,20241201,EXP,"",US-NOVOPROD-1323193,NOVO NORDISK,"",,"","",F,Y,,"",20241202,"",CN,US,US,246834711,OT,Cataract,"",1,PS,OZEMPIC,SEMAGLUTIDE,1,Subcutaneous,"1 mg, qw",,"",U,"",PAR0484,,209637,1,MG,Solution for injection,/WK,7
24683476,246834761,1,I,20240101,20241119,20241201,20241201,EXP,"",US-NOVOPROD-1321868,NOVO NORDISK,"",81,YR,"",M,Y,,"",20241202,"",MD,US,US,246834761,DE,Death,"",1,PS,OZEMPIC,SEMAGLUTIDE,1,Subcutaneous,0.50 mg,,"",D,"","",,209637,0.5,MG,Solution for injection,"",1
24683479,246834791,1,I,,20241119,20241201,20241201,EXP,"",US-NOVOPROD-1322773,NOVO NORDISK,"",,"",A,"",Y,,"",20241202,"",MD,US,US,246834791,OT,Medullary thyroid cancer,"",1,PS,OZEMPIC,SEMAGLUTIDE,1,Subcutaneous,UNK,,"",Y,"","",,209637,,"",Solution for injection,"",7
24683485,246834851,1,I,,20241119,20241201,20241201,EXP,"",US-NOVOPROD-1321872,NOVO NORDISK,"",,"","",F,Y,,"",20241202,"",CN,US,US,246834851,OT,Meningioma benign,"",1,PS,OZEMPIC,SEMAGLUTIDE,1,Subcutaneous,"2.0 mg, qd",,"","","","",,209637,2,MG,Solution for injection,QD,7
24683588,246835881,1,I,20240301,20241119,20241202,20241202,EXP,"",US-NOVOPROD-1325486,NOVO NORDISK,"",48,YR,"",F,Y,,"",20241202,"",CN,US,US,246835881,HO,Blood pressure increased,"",1,PS,WEGOVY,SEMAGLUTIDE,1,Subcutaneous,UNK,,"",U,"","",,215256,,"",Solution for injection,"",3
24683591,246835911,1,I,20241001,20241119,20241202,20241202,EXP,"",US-NOVOPROD-1326764,NOVO NORDISK,"",61,YR,"",M,Y,,"",20241202,"",CN,US,US,246835911,OT,Off label use,"",1,PS,OZEMPIC,SEMAGLUTIDE,1,Subcutaneous,0.25 mg (restarted),,"",U,"","",,209637,0.25,MG,Solution for injection,"",7
24683593,246835931,1,I,,20241119,20241202,20241202,EXP,"",US-NOVOPROD-1325338,NOVO NORDISK,"",,"","",F,Y,99.773,KG,20241202,"",CN,US,US,246835931,OT,Neuropathic arthropathy,"",3,C,OZEMPIC,SEMAGLUTIDE,1,Subcutaneous,UNK,,"","","",PAR0246,,"",,"",Solution for injection,"",7
24683709,246837091,1,I,,20241120,20241202,20241202,EXP,"",US-NOVOPROD-1322772,NOVO NORDISK,"",60,YR,"","",Y,,"",20241202,"",CN,US,US,246837091,HO,Intestinal obstruction,"",1,PS,OZEMPIC,SEMAGLUTIDE,1,Subcutaneous,UNK,,"",U,"","",,209637,,"",Solution for injection,"",3
24683710,246837101,1,I,,20241120,20241202,20241202,EXP,"",US-NOVOPROD-1322933,NOVO NORDISK,"",59,YR,"","",Y,,"",20241202,"",CN,US,US,246837101,HO,Intestinal obstruction,"",1,PS,OZEMPIC,SEMAGLUTIDE,1,Subcutaneous,UNK,,"",U,"","",,209637,,"",Solution for injection,"",3
24683730,246837301,1,I,,20241120,20241202,20241202,EXP,"",US-NOVOPROD-1323067,NOVO NORDISK,"",,"",A,M,Y,,"",20241202,"",CN,US,US,246837301,OT,Retinal detachment,"",1,PS,OZEMPIC,SEMAGLUTIDE,1,Subcutaneous,UNK,,"",U,"","",,209637,,"",Solution for injection,"",7
24683732,246837321,1,I,,20241120,20241202,20241202,EXP,"",US-NOVOPROD-1324977,NOVO NORDISK,"",,"",A,F,Y,,"",20241202,"",CN,US,US,246837321,OT,Limb operation,"",1,PS,OZEMPIC,SEMAGLUTIDE,1,Subcutaneous,UNK,,"","","","",,209637,,"",Solution for injection,"",7
24683733,246837331,1,I,20240901,20241120,20241202,20241202,EXP,"",US-NOVOPROD-1324290,NOVO NORDISK,"",71,YR,"",M,Y,,"",20241202,"",CN,US,US,246837331,OT,Cataract operation,"",1,PS,OZEMPIC,SEMAGLUTIDE,1,Subcutaneous,"0.5 mg, qw",,"",Y,"",PZF9E55,,209637,0.5,MG,Solution for injection,/WK,7
24683736,246837361,1,I,,20241120,20241202,20241202,EXP,"",US-NOVOPROD-1324402,NOVO NORDISK,"",,"","",F,Y,,"",20241202,"",MD,US,US,246837361,OT,Optic ischaemic neuropathy,"",1,PS,OZEMPIC,SEMAGLUTIDE,1,Subcutaneous,2 mg,,"",Y,"","",,209637,2,MG,Solution for injection,"",7
24683738,246837381,1,I,,20241120,20241202,20241202,EXP,"",US-NOVOPROD-1324403,NOVO NORDISK,"",,"","",F,Y,,"",20241202,"",MD,US,US,246837381,OT,Optic ischaemic neuropathy,"",1,PS,OZEMPIC,SEMAGLUTIDE,1,Subcutaneous,2 mg,,"",N,"","",,209637,2,MG,Solution for injection,"",7
24683739,246837391,1,I,,20241120,20241202,20241202,EXP,"",US-NOVOPROD-1324535,NOVO NORDISK,"",57,YR,"",F,Y,,"",20241202,"",HP,US,US,246837391,OT,Thrombosis,"",1,PS,WEGOVY,SEMAGLUTIDE,1,Subcutaneous,1.7 mg,,"",Y,"","",,215256,1.7,MG,Solution for injection,"",7
24683745,246837451,1,I,,20241120,20241202,20241202,EXP,"",US-NOVOPROD-1323734,NOVO NORDISK,"",,"","",F,Y,,"",20241202,"",MD,US,US,246837451,HO,Dehydration,"",1,PS,OZEMPIC,SEMAGLUTIDE,1,Subcutaneous,0.5 mg,,"",Y,"","",,209637,0.5,MG,Solution for injection,"",3
24683746,246837461,1,I,20241109,20241120,20241202,20241202,EXP,"",US-NOVOPROD-1324404,NOVO NORDISK,"",,"","",F,Y,,"",20241202,"",MD,US,US,246837461,OT,Optic ischaemic neuropathy,"",1,PS,OZEMPIC,SEMAGLUTIDE,1,Subcutaneous,2 mg,,"",N,"","",,209637,2,MG,Solution for injection,"",7
24683747,246837471,1,I,20241101,20241120,20241202,20241202,EXP,"",US-NOVOPROD-1325140,NOVO NORDISK,"",,"","",M,Y,,"",20241202,"",CN,US,US,246837471,OT,Surgery,"",1,PS,OZEMPIC,SEMAGLUTIDE,1,Subcutaneous,1 mg,,"","","","",,209637,1,MG,Solution for injection,"",7
24683751,246837511,1,I,20240101,20241120,20241202,20241202,EXP,"",US-NOVOPROD-1324299,NOVO NORDISK,"",,"","",F,Y,,"",20241202,"",CN,US,US,246837511,OT,Loss of consciousness,"",1,PS,WEGOVY,SEMAGLUTIDE,1,Subcutaneous,UNK,,"",U,"","",,215256,,"",Solution for injection,"",7
24683753,246837531,1,I,20241021,20241120,20241202,20241202,EXP,"",US-NOVOPROD-1323142,NOVO NORDISK,"",,"","",F,Y,,"",20241202,"",CN,US,US,246837531,OT,Blood pressure decreased,"",1,PS,WEGOVY,SEMAGLUTIDE,1,Subcutaneous,"0.25 mg, qw",,"",N,"","",,215256,0.25,MG,Solution for injection,"",7
24683950,246839501,1,I,,20241121,20241202,20241202,EXP,"",US-NOVOPROD-1324270,NOVO NORDISK,"",,"","",F,Y,,"",20241202,"",HP,US,US,246839501,OT,Cerebrovascular accident,"",1,PS,RYBELSUS,SEMAGLUTIDE,1,Oral,7 mg,,"",Y,"","",,213051,7,MG,Tablet,"",7
24683952,246839521,1,I,,20241121,20241202,20241202,EXP,"",US-NOVOPROD-1324396,NOVO NORDISK,"",,"","",F,Y,,"",20241202,"",CN,US,US,246839521,HO,Hospitalisation,"",1,PS,WEGOVY,SEMAGLUTIDE,1,Subcutaneous,"0.5 mg, qw",,"",U,"",PZFCX55,,215256,0.5,MG,Solution for injection,/WK,3
24684449,246844491,1,I,20240101,20241118,20241202,20241202,EXP,"",US-RECORDATI RARE DISEASES-2024009169,RECORDATI,"",,"","","",Y,,"",20241202,"",CN,US,US,246844491,DS,Nerve injury,"",2,SS,OZEMPIC,SEMAGLUTIDE,1,"","1 mg, qw",,"",D,"","",,"",,"","",/WK,4
24684564,246845641,1,I,20241101,20241121,20241202,20241202,EXP,"",US-NOVOPROD-1325052,NOVO NORDISK,"",84,YR,"",F,Y,,"",20241202,"",HP,US,US,246845641,HO,Small intestinal obstruction,"",1,PS,OZEMPIC,SEMAGLUTIDE,1,Subcutaneous,UNK,,"",Y,"","",,209637,,"",Solution for injection,"",3
24684565,246845651,1,I,,20241121,20241202,20241202,EXP,"",US-NOVOPROD-1325345,NOVO NORDISK,"",65,YR,"",F,Y,,"",20241202,"",CN,US,US,246845651,OT,Cataract,"",1,PS,OZEMPIC,SEMAGLUTIDE,1,Subcutaneous,1 mg,,"",U,"",PAR0607,,209637,1,MG,Solution for injection,"",7
24684566,246845661,1,I,,20241121,20241202,20241202,EXP,"",US-NOVOPROD-1325674,NOVO NORDISK,"",69,YR,"",M,Y,,"",20241202,"",HP,US,US,246845661,OT,Paraesthesia,"",1,PS,OZEMPIC,SEMAGLUTIDE,1,Subcutaneous,restarted on smaller doses,,"",Y,"","",,209637,,"",Solution for injection,"",7
24684568,246845681,1,I,20240801,20241121,20241202,20241202,EXP,"",US-NOVOPROD-1325288,NOVO NORDISK,"",54,YR,"",M,Y,,"",20241202,"",CN,US,US,246845681,HO,Loss of consciousness,"",1,PS,OZEMPIC,SEMAGLUTIDE,1,Subcutaneous,"UNK, qw",,"",D,"",pzfag56,,209637,,"",Solution for injection,"",3
24684572,246845721,1,I,,20241121,20241202,20241202,EXP,"",US-NOVOPROD-1326044,NOVO NORDISK,"",,"","",M,Y,,"",20241202,"",CN,US,US,246845721,OT,Deafness,"",1,PS,OZEMPIC,SEMAGLUTIDE,1,Subcutaneous,0.25 mg,,"",U,"",PZF9K22,,209637,0.25,MG,Solution for injection,"",7
24684574,246845741,1,I,,20241121,20241202,20241202,EXP,"",US-NOVOPROD-1325274,NOVO NORDISK,"",,"","",M,Y,,"",20241202,"",CN,US,US,246845741,OT,Deafness,"",1,PS,OZEMPIC,SEMAGLUTIDE,1,Subcutaneous,0.25 mg,,"","","","",,209637,0.25,MG,Solution for injection,"",7
24684575,246845751,1,I,,20241121,20241202,20241202,EXP,"",US-NOVOPROD-1325307,NOVO NORDISK,"",,"",A,M,Y,,"",20241202,"",CN,US,US,246845751,OT,Cartilage injury,"",1,PS,OZEMPIC,SEMAGLUTIDE,1,Subcutaneous,Once weekly on Sunday,,"",U,"",PAR0248,,209637,,"",Solution for injection,"",7
24684577,246845772,2,F,20240101,20241205,20241202,20241217,EXP,"",US-NOVOPROD-1324942,NOVO NORDISK,"",,"",A,M,Y,,"",20241217,"",CN,US,US,246845772,OT,Off label use,"",1,PS,WEGOVY,SEMAGLUTIDE,1,Subcutaneous,2.4 mg,,"",N,"","",,215256,2.4,MG,Solution for injection,"",7
24684591,246845911,1,I,,20241119,20241202,20241202,30DAY,"",US-NOVOPROD-1322299,NOVO NORDISK,"",,"","",F,Y,,"",20241202,"",CN,US,US,246845911,OT,Device leakage,"",1,PS,OZEMPIC,SEMAGLUTIDE,1,Subcutaneous,UNK,,"",U,"",PZFAT37,,209637,,"",Solution for injection,"",7
24685218,246852181,1,I,20240602,20241127,20241127,20241127,DIR,729564,"",FDA-CTU,"",49,YR,"",M,N,89,KG,20241127,N,PH,US,"",246852181,HO,Diabetes mellitus,"",3,SS,OZEMPIC,SEMAGLUTIDE,1,"","",,"","","","",,"",,"","","",3
24686058,246860581,1,I,20241122,20241127,20241127,20241127,DIR,729607,"",FDA-CTU,"",79,YR,"",M,N,61.2,KG,20241127,N,CN,US,"",246860581,DS,Insomnia,"",1,PS,OZEMPIC,SEMAGLUTIDE,1,Other,OTHER FREQUENCY : once a week;?OTHER ROUTE : injected into a belly area;?,,"",Y,Y,00301694772120,20261130,99,,"",Injection,999,4
24686111,246861111,1,I,,20241130,20241201,20241201,DIR,FDA-CDER-CTU-2024-82270,"",FDA-CTU,"",,"","",F,N,,"",20241130,N,HP,US,"",246861111,HO,Hospitalisation,"",16,C,WEGOVY 2.4MG/DOSE,"",2,"","",,"","","","",,"",,"","","",3
24686409,246864091,1,I,20241126,20241128,20241128,20241128,DIR,729642,"",FDA-CTU,"",,"","",UNK,N,,"",20241128,N,CN,US,"",246864091,OT,Thyroid mass,"",1,PS,SEMAGLUTIDE,SEMAGLUTIDE,1,"","",,"","","","",,"",,"","","",7
24686443,246864431,1,I,20241128,20241128,20241128,20241128,DIR,729672,"",FDA-CTU,"",37,YR,"",M,N,,"",20241128,N,CN,US,"",246864431,HO,Ill-defined disorder,"",1,PS,WEGOVY,SEMAGLUTIDE,1,"","",,"",N,D,"",,"",,"","","",3
24686446,246864461,1,I,20240909,20241128,20241128,20241128,DIR,729676,"",FDA-CTU,"",41,YR,"",F,N,64.35,KG,20241128,N,CN,US,"",246864461,HO,Large intestinal stenosis,"",1,PS,WEGOVY,SEMAGLUTIDE,1,"","",,"",N,D,"",,"",,"","","",3
24686492,246864921,1,I,,20241126,20241202,20241202,PER,"",US-PFIZER INC-202400311341,PFIZER,"",67,YR,"",M,Y,,"",20241202,"",CN,US,US,,,Full blood count decreased,"",2,C,OZEMPIC,SEMAGLUTIDE,1,"",UNK,,"","","","",,"",,"","","",
24686898,246868982,2,F,20241118,20241203,20241202,20241206,EXP,"",US-JAZZ PHARMACEUTICALS-2024-US-021323,JAZZ,"",40,YR,"",F,Y,,"",20241205,"",CN,US,US,246868982,OT,Contraindicated product administered,"",21,C,WEGOVY,SEMAGLUTIDE,1,"",UNK,,"","","","",,"",,"","","",7
24686994,246869941,1,I,20241017,20241130,20241130,20241130,DIR,729730,"",FDA-CTU,"",66,YR,"",F,N,95.4,KG,20241130,N,CN,US,"",246869941,DS,Pain,"",5,C,OZEMPIC,SEMAGLUTIDE,1,"","",,"","","","",,"",,"","","",4
24687130,246871301,1,I,20241106,20241130,20241130,20241130,DIR,729732,"",FDA-CTU,"",58,YR,"",F,N,119.25,KG,20241130,N,CN,US,"",246871301,RI,Vomiting,"",1,PS,RYBELSUS,SEMAGLUTIDE,1,Oral,OTHER QUANTITY : 30 Tablet(s);?Frequency : Daily;?,,"",Y,Y,"",,"",,"","",QD,6
24687216,246872162,2,F,20241016,20241125,20241202,20241203,EXP,"",US-ABBVIE-6021939,ABBVIE,"",50,YR,"",F,Y,,"",20241203,"",CN,US,US,246872162,OT,Chills,"",7,C,OZEMPIC,SEMAGLUTIDE,1,Subcutaneous,Form strength: 8 mg / 3ml,,"","","","",,"",2,MG,Solution for injection in pre-filled pen,/WK,7
24687413,246874131,1,I,20241028,20241201,20241201,20241201,DIR,729777,"",FDA-CTU,"",69,YR,"",M,N,86.85,KG,20241201,N,CN,US,"",246874131,DS,Joint range of motion decreased,"",1,PS,OZEMPIC,SEMAGLUTIDE,1,"",OTHER QUANTITY : 1 Injection(s);?OTHER FREQUENCY : Weekly;?,,"",N,"","",,"",,"","",999,4
24687419,246874191,1,I,20241021,20241201,20241201,20241201,DIR,729775,"",FDA-CTU,"",52,YR,"",F,N,74.7,KG,20241201,N,CN,US,"",246874191,OT,Fungal infection,"",1,PS,OZEMPIC,SEMAGLUTIDE,1,Subcutaneous,OTHER QUANTITY : .5 Injection(s);?OTHER FREQUENCY : Weekly;?,,"",Y,D,PZFCW51,20260731,"",,"","",999,7
24687569,246875691,1,I,20241118,20241202,20241202,20241202,DIR,729827,"",FDA-CTU,"",43,YR,"",F,N,104.85,KG,20241202,N,CN,US,"",246875691,DS,Blood pressure increased,"",1,PS,OZEMPIC,SEMAGLUTIDE,1,Subcutaneous,OTHER QUANTITY : 1 Injection(s);?,,"",N,"",00301694181137,20260228,99,,"","","",4
24687798,246877981,1,I,,20241120,20241202,20241202,PER,"",US-SA-2024SA350186,SANOFI AVENTIS,"",,"",E,M,Y,105.45,KG,20241202,"",MD,US,US,,,Injection site discolouration,"",11,C,OZEMPIC,SEMAGLUTIDE,1,"","",,"",U,"","",,"",,"","","",
24688687,246886871,1,I,20240826,20241121,20241203,20241203,EXP,"",US-NOVOPROD-1317314,NOVO NORDISK,"",,"",A,F,Y,,"",20241203,"",CN,US,US,246886871,HO,Deafness,"",1,PS,OZEMPIC,SEMAGLUTIDE,1,Subcutaneous,0.25 mg,,"",U,"","",,209637,0.25,MG,Solution for injection,"",3
24688689,246886891,1,I,,20241120,20241203,20241203,EXP,"",US-NOVOPROD-1322952,NOVO NORDISK,"",,"","","",Y,,"",20241203,"",CN,US,US,246886891,OT,Diarrhoea,"",1,PS,OZEMPIC,SEMAGLUTIDE,1,"","",,"",U,"","",,209637,,"",Solution for injection,"",7
24688691,246886911,1,I,,20241121,20241203,20241203,EXP,"",US-NOVOPROD-1324373,NOVO NORDISK,"",75,YR,"",M,Y,94.3,KG,20241203,"",MD,US,US,246886911,OT,Cancer screening abnormal,"",1,PS,OZEMPIC,SEMAGLUTIDE,1,Subcutaneous,UNK,,"",N,"","",,209637,,"",Solution for injection,"",7
24688693,246886931,1,I,20190418,20241121,20241203,20241203,EXP,"",US-NOVOPROD-1261670,NOVO NORDISK,"",49,YR,"",F,Y,96.599,KG,20241203,"",CN,US,US,246886931,HO,Pancreatitis,"",1,PS,OZEMPIC,SEMAGLUTIDE,1,Subcutaneous,"0.25 mg, qw",13.125,MG,U,"","",,209637,0.25,MG,Solution for injection,/WK,3
24688700,246887001,1,I,,20241121,20241203,20241203,EXP,"",US-NOVOPROD-1325312,NOVO NORDISK,"",,"","",F,Y,,"",20241203,"",CN,US,US,246887001,OT,Blindness,"",1,PS,OZEMPIC,SEMAGLUTIDE,1,Subcutaneous,"1 mg, qw",,"",U,"","",,209637,1,MG,Solution for injection,/WK,7
24688710,246887101,1,I,,20241121,20241203,20241203,EXP,"",US-NOVOPROD-1325537,NOVO NORDISK,"",,"",E,F,Y,,"",20241203,"",CN,US,US,246887101,HO,Retching,"",1,PS,OZEMPIC,SEMAGLUTIDE,1,"","",,"",U,"","",,209637,,"",Solution for injection,"",3
24688801,246888011,1,I,20210101,20241122,20241203,20241203,EXP,"",US-NOVOPROD-1325208,NOVO NORDISK,"",,"","",F,Y,,"",20241203,"",CN,US,US,246888011,HO,Concussion,"",1,PS,OZEMPIC,SEMAGLUTIDE,1,Subcutaneous,UNK,,"",U,"","",,209637,,"",Solution for injection,"",3
24688809,246888091,1,I,,20241122,20241203,20241203,EXP,"",US-NOVOPROD-1325319,NOVO NORDISK,"",,"",A,"",Y,,"",20241203,"",CN,US,US,246888091,OT,Ligament rupture,"",1,PS,WEGOVY,SEMAGLUTIDE,1,"","",,"",U,"","",,215256,,"",Solution for injection,"",7
24688810,246888101,1,I,,20241122,20241203,20241203,EXP,"",US-NOVOPROD-1326419,NOVO NORDISK,"",73,YR,"",M,Y,,"",20241203,"",CN,US,US,246888101,OT,Cardioversion,"",1,PS,OZEMPIC,SEMAGLUTIDE,1,Subcutaneous,"0.25 mg, qw",,"",Y,"","",,209637,0.25,MG,Solution for injection,/WK,7
24688825,246888251,1,I,,20241122,20241203,20241203,EXP,"",US-NOVOPROD-1326479,NOVO NORDISK,"",66,YR,"",F,Y,,"",20241203,"",CN,US,US,246888251,OT,Neuralgia,"",1,PS,WEGOVY,SEMAGLUTIDE,1,Subcutaneous,"1 mg, qw",,"",U,"","",,215256,1,MG,Solution for injection,/WK,7
24688826,246888261,1,I,,20241122,20241203,20241203,30DAY,"",US-NOVOPROD-1327178,NOVO NORDISK,"",,"","",M,Y,,"",20241203,"",CN,US,US,246888261,OT,Product packaging issue,"",1,PS,OZEMPIC,SEMAGLUTIDE,1,Subcutaneous,UNK,,"",D,"",PZF9G09,,209637,,"",Solution for injection,"",7
24688828,246888281,1,I,,20241123,20241203,20241203,EXP,"",US-NOVOPROD-1326698,NOVO NORDISK,"",60,YR,"",M,Y,,"",20241203,"",CN,US,US,246888281,HO,Hospitalisation,"",1,PS,WEGOVY,SEMAGLUTIDE,1,Subcutaneous,"2.4 mg, qw",,"",Y,"","",,215256,2.4,MG,Solution for injection,/WK,3
24688829,246888291,1,I,,20241122,20241203,20241203,EXP,"",US-NOVOPROD-1326848,NOVO NORDISK,"",,"",A,F,Y,,"",20241203,"",CN,US,US,246888291,HO,Transient ischaemic attack,"",1,PS,OZEMPIC,SEMAGLUTIDE,1,Subcutaneous,0.25 mg,,"",U,"","",,209637,0.25,MG,Solution for injection,"",3
24688830,246888301,1,I,,20241122,20241203,20241203,EXP,"",US-NOVOPROD-1326722,NOVO NORDISK,"",,"","","",Y,,"",20241203,"",MD,US,US,246888301,DS,Product use in unapproved indication,"",1,PS,OZEMPIC,SEMAGLUTIDE,1,Subcutaneous,"2 mg, qw",,"","","","",,209637,2,MG,Solution for injection,/WK,4
24688866,246888661,1,I,,20241011,20241203,20241203,PER,"",US-HALEON-2212067,Haleon PLC,"",66,YR,"",F,Y,,"",20241203,"",CN,US,US,,,Drug ineffective,"",5,C,OZEMPIC,SEMAGLUTIDE,1,"","",,"","","","",,"",,"","","",
24689452,246894521,1,I,,20241202,20241203,20241203,EXP,"",US-ROCHE-10000147478,ROCHE,"",75,YR,E,F,Y,,"",20241203,"",CN,US,US,246894521,HO,Lower limb fracture,"",8,C,SEMAGLUTIDE,SEMAGLUTIDE,1,"","",,"","","","",,"",,"","","",3
24691025,246910251,1,I,20241027,20241202,20241202,20241202,DIR,729943,"",FDA-CTU,"",75,YR,"",F,N,,"",20241202,Y,PH,US,"",246910251,DE,Death,"",10,C,rybelsus 14 mg tablet,"",2,"","",,"","","","",,"",,"","","",1
24691413,246914131,1,I,,20241127,20241203,20241203,PER,"",US-PFIZER INC-202400314576,PFIZER,"",61,YR,"",F,Y,,"",20241203,"",HP,US,US,,,Pain,"",4,C,RYBELSUS,SEMAGLUTIDE,1,"",UNK,,"","","","",,"",,"","","",
24691624,246916241,1,I,20240710,20241203,20241203,20241203,DIR,729971,"",FDA-CTU,"",70,YR,"",F,N,,"",20241203,N,PH,US,"",246916241,HO,Cholelithiasis,"",1,PS,SEMAGLUTIDE,SEMAGLUTIDE,1,Subcutaneous,OTHER FREQUENCY : QWEEK;?,,"","","","",,"",1,MG,"",999,3
24692034,246920341,1,I,20241111,20241203,20241203,20241203,DIR,730066,"",FDA-CTU,"",36,YR,"",F,N,108,KG,20241203,N,CN,US,"",246920341,OT,Palpitations,"",1,PS,OZEMPIC,SEMAGLUTIDE,1,Subcutaneous,OTHER QUANTITY : 1 Injection(s);?OTHER FREQUENCY : Once a week;?,,"",Y,D,"",,"",,"","",999,7
24692035,246920351,1,I,20240417,20241203,20241203,20241203,DIR,730072,"",FDA-CTU,"",64,YR,"",F,N,,"",20241203,N,CN,US,"",246920351,HO,Therapy cessation,"",1,PS,RYBELSUS,SEMAGLUTIDE,1,Oral,OTHER QUANTITY : 1 Tablet(s);?,,"",N,D,"",,"",,"","","",3
24692311,246923111,1,I,,20241121,20241203,20241203,EXP,"",US-ELI_LILLY_AND_COMPANY-US202411014863,ELI LILLY AND COMPANY,"",76,YR,E,F,Y,,"",20241203,"",CN,US,US,246923111,OT,Hypoglycaemia,"",2,SS,OZEMPIC,SEMAGLUTIDE,1,Unknown,"UNK UNK, unknown",,"",U,"","",,"",,"","","",7
24692510,246925101,1,I,20241021,20241203,20241203,20241203,DIR,729991,"",FDA-CTU,"",33,YR,"",M,N,153,KG,20241203,N,PH,US,"",246925101,DE,Rash,"",1,PS,SEMAGLUTIDE,SEMAGLUTIDE,1,Subcutaneous,"",,"",Y,D,"",,"",,"","","",1
24692647,246926472,2,F,20241202,20241203,20241203,20241204,PER,"",NVSC2024US230523,NOVARTIS,"",,"","","",Y,,"",20241204,"",PH,US,US,,,Underdose,"",10,C,OZEMPIC,SEMAGLUTIDE,1,Unknown,"2 mg, QW",,"",U,"","",,"",2,MG,"",/WK,
24692809,246928091,1,I,20240404,20240819,20241203,20241203,EXP,"",US-NOVOPROD-1318388,NOVO NORDISK,"",77,YR,"",F,Y,,"",20241203,"",CN,US,US,246928091,OT,Pain,"",1,PS,OZEMPIC,SEMAGLUTIDE,1,Subcutaneous,1.0 mg,,"",D,"",PAR0334,,209637,,"",Solution for injection,"",7
24692812,246928121,1,I,,20240812,20241203,20241203,EXP,"",US-NOVOPROD-1308112,NOVO NORDISK,"",,"","",F,Y,,"",20241203,"",CN,US,US,246928121,OT,Medical procedure,"",1,PS,OZEMPIC,SEMAGLUTIDE,1,Subcutaneous,restarted at 0.25 mg,,"",U,"","",,209637,,"",Solution for injection,"",7
24692830,246928301,1,I,20241120,20241126,20241203,20241203,PER,"",US-FreseniusKabi-FK202417736,FRESENIUS KABI,"",65,YR,E,F,Y,83,KG,20241203,"",HP,US,US,,,Therapeutic product effect decreased,"",4,C,OZEMPIC,SEMAGLUTIDE,1,"","",,"",U,"",Unknown,,"",,"","","",
24692921,246929211,1,I,20231201,20241121,20241203,20241203,EXP,"",US-ELI_LILLY_AND_COMPANY-US202411014710,ELI LILLY AND COMPANY,"",67,YR,E,M,Y,,"",20241203,"",CN,US,US,246929211,HO,Balance disorder,"",17,C,OZEMPIC,SEMAGLUTIDE,1,"","",,"","","","",,"",,"","","",3
24693015,246930151,1,I,20241101,20241129,20241203,20241203,EXP,"",US-PHARMING-PHAUS2024001144,PHARMING GROUP,"",,"","","",Y,,"",20241203,"",CN,US,US,246930151,OT,Syncope,"",7,C,OZEMPIC,SEMAGLUTIDE,1,"","",,"","","","",,"",,"",Injection,"",7
24693049,246930491,1,I,,20241029,20241203,20241203,PER,"",US-LUNDBECK-DKLU4006218,LUNDBECK,"",,"","","",Y,,"",20241203,"",HP,US,US,,,Hypersensitivity,"",6,C,OZEMPIC,SEMAGLUTIDE,1,"","",,"","","","",,"",,"","","",
24693100,246931001,1,I,20241001,20241104,20241203,20241203,PER,"",US-LEX-000544,LEXICON PHARMACEUTICALS,"",65,YR,"",F,Y,116,KG,20241203,"",MD,US,US,,,Genital infection fungal,"",15,C,OZEMPIC,SEMAGLUTIDE,1,Subcutaneous,2 mg under the skin every 7 days,,"","","","",,"",2,MG,"","",
24693114,246931141,1,I,,20210108,20241203,20241203,EXP,"",US-NOVOPROD-1319952,NOVO NORDISK,"",,"","",M,Y,,"",20241203,"",CN,US,US,246931141,HO,Hospitalisation,"",1,PS,OZEMPIC,SEMAGLUTIDE,1,Subcutaneous,unk,,"","","","",,209637,,"",Solution for injection,"",3
24693121,246931211,1,I,,20220411,20241203,20241203,EXP,"",US-NOVOPROD-1325188,NOVO NORDISK,"",,"","",F,Y,,"",20241203,"",CN,US,US,246931211,OT,Wrong technique in product usage process,"",1,PS,OZEMPIC,SEMAGLUTIDE,1,Subcutaneous,UNK,,"",U,"",LP57881,,209637,,"",Solution for injection,"",7
24693123,246931231,1,I,,20240320,20241203,20241203,EXP,"",US-NOVOPROD-1325344,NOVO NORDISK,"",,"","",F,Y,,"",20241203,"",CN,US,US,246931231,DS,Product use in unapproved indication,"",1,PS,OZEMPIC,SEMAGLUTIDE,1,Subcutaneous,UNK,,"",U,"","",,209637,,"",Solution for injection,"",4
24693404,246934042,2,F,20240101,20241205,20241203,20241211,PER,"",US-UNITED THERAPEUTICS-UNT-2024-038425,UNITED THERAPEUTICS,"",,"","",M,Y,136.05,KG,20241211,"","",US,US,,,Chest discomfort,"",16,C,OZEMPIC,SEMAGLUTIDE,1,"",UNK,,"","","","",,"",,"","","",
24693622,246936221,1,I,,20241122,20241204,20241204,EXP,"",US-NOVOPROD-1326929,NOVO NORDISK,"",,"","",F,Y,,"",20241204,"",HP,US,US,246936221,OT,Abdominal pain,"",1,PS,WEGOVY,SEMAGLUTIDE,1,Subcutaneous,UNK,,"",U,"","",,215256,,"",Solution for injection,"",7
24693632,246936321,1,I,,20241125,20241204,20241204,EXP,"",US-NOVOPROD-1320664,NOVO NORDISK,"",,"","",F,Y,,"",20241204,"",CN,US,US,246936321,HO,Inappropriate schedule of product administration,"",1,PS,OZEMPIC,SEMAGLUTIDE,1,Subcutaneous,0.25 mg(took 5 doses),,"",U,"","",,209637,0.25,MG,Solution for injection,"",3
24693633,246936331,1,I,20230801,20241125,20241204,20241204,EXP,"",US-NOVOPROD-1325300,NOVO NORDISK,"",62,YR,"",F,Y,,"",20241204,"",CN,US,US,246936331,HO,Breast cancer female,"",1,PS,OZEMPIC,SEMAGLUTIDE,1,Subcutaneous,UNK,,"",U,"","",,209637,,"",Solution for injection,"",3
24693642,246936421,1,I,20230101,20241125,20241204,20241204,EXP,"",US-NOVOPROD-1326169,NOVO NORDISK,"",39,YR,"",F,Y,,"",20241204,"",CN,US,US,246936421,HO,Muscle spasms,"",1,PS,OZEMPIC,SEMAGLUTIDE,1,Subcutaneous,UNK,,"",Y,"",PZFAM92,,209637,,"",Solution for injection,"",3
24693645,246936451,1,I,20240704,20241125,20241204,20241204,EXP,"",US-NOVOPROD-1326252,NOVO NORDISK,"",57,YR,"",M,Y,,"",20241204,"",CN,US,US,246936451,OT,Rotator cuff syndrome,"",1,PS,OZEMPIC,SEMAGLUTIDE,1,Subcutaneous,"1 mg, qw",,"","","","",,209637,1,MG,Solution for injection,/WK,7
24693648,246936481,1,I,,20241125,20241204,20241204,EXP,"",US-NOVOPROD-1327863,NOVO NORDISK,"",,"","","",Y,,"",20241204,"",CN,US,US,246936481,OT,Corneal transplant,"",1,PS,OZEMPIC,SEMAGLUTIDE,1,Subcutaneous,UNK,,"",U,"",PAR0639,,209637,,"",Solution for injection,"",7
24693650,246936501,1,I,,20241125,20241204,20241204,EXP,"",US-NOVOPROD-1326786,NOVO NORDISK,"",64,YR,"",F,Y,,"",20241204,"",CN,US,US,246936501,OT,Intraocular pressure increased,"",1,PS,OZEMPIC,SEMAGLUTIDE,1,Subcutaneous,"2 mg, qw",,"",U,"",PAR0489,,209637,2,MG,Solution for injection,/WK,7
24693654,246936541,1,I,,20241125,20241204,20241204,EXP,"",US-NOVOPROD-1326800,NOVO NORDISK,"",65,YR,"",F,Y,126.98,KG,20241204,"",MD,US,US,246936541,OT,Glomerular filtration rate decreased,"",1,PS,OZEMPIC,SEMAGLUTIDE,1,Subcutaneous,1 mg,,"",Y,"","",,209637,1,MG,Solution for injection,"",7
24693657,246936571,1,I,20240701,20241125,20241204,20241204,EXP,"",US-NOVOPROD-1327505,NOVO NORDISK,"",,"","",M,Y,,"",20241204,"",CN,US,US,246936571,OT,Bipolar disorder,"",1,PS,OZEMPIC,SEMAGLUTIDE,1,Subcutaneous,2,,"",U,"",PAR0368,,209637,,"",Solution for injection,"",7
24693658,246936581,1,I,,20241126,20241204,20241204,EXP,"",US-NOVOPROD-1328841,NOVO NORDISK,"",,"","",F,Y,,"",20241204,"",CN,US,US,246936581,OT,Arthritis,"",1,PS,WEGOVY,SEMAGLUTIDE,1,Subcutaneous,"2.4 mg, qw",,"","","","",,215256,2.4,MG,Solution for injection,/WK,7
24693659,246936591,1,I,,20241125,20241204,20241204,EXP,"",US-NOVOPROD-1326205,NOVO NORDISK,"",,"",A,M,Y,,"",20241204,"",CN,US,US,246936591,HO,Diarrhoea,"",1,PS,OZEMPIC,SEMAGLUTIDE,1,Subcutaneous,UNK,,"","","","",,209637,,"",Solution for injection,"",3
24693832,246938322,2,F,,20241219,20241204,20241227,PER,"",US-ACADIA PHARMACEUTICALS INC.-ACA-2024-PIM-007741,ACADIA PHARMACEUTICALS,"",,"","",M,Y,,"",20241227,"",CN,US,US,,,Tremor,"",12,C,OZEMPIC,SEMAGLUTIDE,1,"",2/1.5ml,,"","","","",,"",,"",Injection,"",
24694057,246940571,1,I,,20241001,20241204,20241204,PER,"",US-ORG100016242-2024000606,PACIRA,"",65,YR,E,M,Y,,"",20241204,"",HP,US,US,246940571,HO,Hyperglycaemia,"",38,C,OZEMPIC,SEMAGLUTIDE,1,Unknown,2 mg,,"","","","",,"",,"","","",3
24694799,246947991,1,I,,20241001,20241204,20241204,PER,"",US-ORG100016242-2024000610,PACIRA,"",65,YR,E,M,Y,,"",20241204,"",HP,US,US,,,Dyspnoea,"",37,C,OZEMPIC,SEMAGLUTIDE,1,Unknown,2 mg,,"","","","",,"",,"","","",
24694816,246948161,1,I,,20241001,20241204,20241204,PER,"",US-ORG100016242-2024000612,PACIRA,"",65,YR,E,M,Y,,"",20241204,"",HP,US,US,,,Wound haemorrhage,"",36,C,OZEMPIC,SEMAGLUTIDE,1,Unknown,2 mg,,"","","","",,"",,"","","",
24694826,246948261,1,I,,20241001,20241204,20241204,PER,"",US-ORG100016242-2024000613,PACIRA,"",65,YR,E,M,Y,,"",20241204,"",HP,US,US,,,Anaemia,"",36,C,OZEMPIC,SEMAGLUTIDE,1,Unknown,2 mg,,"","","","",,"",,"","","",
24695212,246952121,1,I,20241127,20241203,20241203,20241203,DIR,730197,"",FDA-CTU,"",38,YR,"",F,N,68.85,KG,20241203,N,CN,US,"",246952121,DS,Herpes zoster,"",1,PS,OZEMPIC,SEMAGLUTIDE,1,Subcutaneous,OTHER QUANTITY : 3 4mg/3ml;?OTHER FREQUENCY : Weekly;?,,"","","",NAR0220,20260430,"",,"",Injection,999,4
24695220,246952201,1,I,20241001,20241203,20241203,20241203,DIR,730196,"",FDA-CTU,"",44,YR,"",F,N,69.75,KG,20241203,N,CN,US,"",246952201,DS,Arthralgia,"",1,PS,WEGOVY,SEMAGLUTIDE,1,Other,OTHER ROUTE : Injection;?,,"",Y,Y,"",20250813,99,,"","","",4
24695652,246956521,1,I,20241129,20241202,20241204,20241204,PER,"",US-ELI_LILLY_AND_COMPANY-US202412001047,ELI LILLY AND COMPANY,"",77,YR,E,M,Y,,"",20241204,"",CN,US,US,,,Blood glucose decreased,"",6,C,OZEMPIC,SEMAGLUTIDE,1,Unknown,"UNK UNK, unknown",,"","","","",,"",,"","","",
24696674,246966741,1,I,20230101,20241122,20241204,20241204,EXP,"",US-ELI_LILLY_AND_COMPANY-US202411017208,ELI LILLY AND COMPANY,"",60,YR,A,F,Y,,"",20241204,"",CN,US,US,246966741,OT,Nephrolithiasis,"",8,SS,OZEMPIC,SEMAGLUTIDE,1,Unknown,"UNK UNK, unknown",,"",Y,"","",,"",,"","","",7
24696677,246966771,1,I,,20241203,20241204,20241204,PER,"",US-ELI_LILLY_AND_COMPANY-US202412002281,ELI LILLY AND COMPANY,"",57,YR,A,F,Y,,"",20241204,"",CN,US,US,,,Gastrointestinal disorder,"",2,SS,RYBELSUS,SEMAGLUTIDE,1,Unknown,"UNK, unknown",,"",U,"","",,"",,"","","",
24696723,246967231,1,I,,20240725,20241204,20241204,PER,"",US-HIKMA PHARMACEUTICALS USA INC.-US-H14001-24-07123,HIKMA,"",,"","","",Y,,"",20241204,"",CN,US,US,,,Drug ineffective,"",4,C,WEGOVY,SEMAGLUTIDE,1,Unknown,Unknown,,"","","",Unknown,,"",,"","","",
24696883,246968831,1,I,,20241126,20241204,20241204,PER,"",US-BRISTOL-MYERS SQUIBB COMPANY-2024-185712,BRISTOL-MYERS SQUIBB COMPANY,"",79,YR,E,M,Y,,"",20241204,"",HP,US,US,246968831,OT,Pancytopenia,"",5,C,OZEMPIC,SEMAGLUTIDE,1,"","",,"",U,"","",,"",,"","","",7
24697337,246973371,1,I,20220101,20241126,20241204,20241204,EXP,"",US-AMGEN-USASP2024235631,AMGEN,"",55,YR,A,F,Y,,"",20241204,"",LW,US,US,246973371,OT,Type 2 diabetes mellitus,"",8,C,OZEMPIC,SEMAGLUTIDE,1,Subcutaneous,"1 milligram, qwk",,"","","","",,"",1,MG,"",/WK,7
24697356,246973561,1,I,,20241031,20241204,20241204,PER,"",US-LUNDBECK-DKLU4006520,LUNDBECK,"",,"","","",Y,,"",20241204,"",HP,US,US,,,Drug effect less than expected,"",3,C,OZEMPIC,SEMAGLUTIDE,1,Subcutaneous,"",,"","","","",,"",,"","","",
24697409,246974092,2,F,20241010,20241218,20241204,20241230,EXP,"",US-BAYER-2024A171920,BAYER HEALTHCARE PHARMACEUTICALS INC.,"",73,YR,E,M,Y,73.923,KG,20241230,"",HP,US,US,246974092,OT,Blood creatine increased,"",23,C,OZEMPIC,SEMAGLUTIDE,1,"","",,"","","","",,"",,"","","",7
24697799,246977991,1,I,,20241125,20241204,20241204,PER,"",US-SA-2024SA357031,SANOFI AVENTIS,"",,"",E,M,Y,78.18,KG,20241204,"",MD,US,US,,,Skin fissures,"",5,C,RYBELSUS,SEMAGLUTIDE,1,"",UNK,,"",U,"","",,"",,"","","",
24698178,246981781,1,I,20241027,20241202,20241204,20241204,EXP,"",US-INCYTE CORPORATION-2024IN012602,INCYTE,"",,"","","",Y,,"",20241204,"",CN,US,US,246981781,DE,Death,"",9,C,RYBELSUS,SEMAGLUTIDE,1,Unknown,14 milligram,,"","","","",,"",14,MG,Tablet,"",1
24698294,246982941,1,I,,20220404,20241204,20241204,EXP,"",US-NOVOPROD-1325760,NOVO NORDISK,"",,"","",F,Y,,"",20241204,"",CN,US,US,246982941,OT,Toe amputation,"",1,PS,OZEMPIC,SEMAGLUTIDE,1,Subcutaneous,UNK,,"",U,"",MP5A428,,209637,,"",Solution for injection,"",7
24698295,246982951,1,I,,20240617,20241204,20241204,EXP,"",US-NOVOPROD-1320144,NOVO NORDISK,A. Araiza et al.. Semaglutide Associated Acute Necrotizing Pancreatitis: A Case Report. American Journal of Respiratory and Critical Care Medicine. 2024;209,51,YR,"",F,Y,,"",20241204,"",HP,US,US,246982951,OT,Pancreatitis necrotising,"",1,SS,SEMAGLUTIDE,SEMAGLUTIDE,1,Subcutaneous,UNK,,"",U,"","",,"",,"","","",7
24699123,246991231,1,I,,20241115,20241205,20241205,PER,"",US-BEH-2024185999,CSL BEHRING,"",,"",E,F,Y,,"",20241205,"",CN,US,US,,,Sinusitis,"",8,C,OZEMPIC,SEMAGLUTIDE,1,Unknown,"",,"","","","",,"",,"","","",
24699149,246991491,1,I,20241126,20241126,20241205,20241205,PER,"",US-ROCHE-10000145319,ROCHE,"",31,YR,A,F,Y,136.07,KG,20241205,"",CN,US,US,,,Product complaint,"",2,C,OZEMPIC,SEMAGLUTIDE,1,"",1/0.75mg injection pen,,"","","","",,"",,"",Direct auto-injector,"",
24699305,246993051,1,I,,20241127,20241205,20241205,PER,"",US-SA-2024SA357925,SANOFI AVENTIS,"",,"",A,F,Y,111.36,KG,20241205,"",MD,US,US,,,Ulcer haemorrhage,"",19,C,OZEMPIC,SEMAGLUTIDE,1,"","",,"",U,"","",,"",,"","","",
24699463,246994632,2,F,,20241212,20241205,20241227,PER,"",US-SMPA-2024SPA005565,SUNOVION,"",,"","","",Y,,"",20241227,"",CN,US,US,,,Hot flush,"",3,C,OZEMPIC,SEMAGLUTIDE,1,Unknown,UNK,,"","","","",,"",,"","","",
24699481,246994811,1,I,,20241121,20241205,20241205,EXP,"",US-ZPPROD-ZP24US000959,ZEALAND PHARMACEUTICALS,"",,"","","",Y,,"",20241205,"",HP,US,US,246994811,DS,Disability,"",2,SS,OZEMPIC,SEMAGLUTIDE,1,Subcutaneous,"",,"",U,"",Product batch not requested,,"",,"",Solution for injection,"",4
24700352,247003521,1,I,,20240918,20241205,20241205,EXP,"",US-ALKEM LABORATORIES LIMITED-US-ALKEM-2024-22371,ALKEM,"Sahyouni MJ, Acevedo LA, Rodriguez SC, Chiles JA, Pennings NJ.. Neuropathy of diabetes following initiation of a low-carbohydrate diet: Case report. Obesity Pillars. 2024;11:100115",50,YR,"",M,Y,,"",20241205,"",HP,US,US,,,Diabetic neuropathy,"",2,SS,SEMAGLUTIDE,SEMAGLUTIDE,1,Unknown,"0.25 milligram, once weekly",,"",Y,"",Unknown,,"",0.25,MG,Injection,/WK,
24700431,247004311,1,I,,20241126,20241205,20241205,EXP,"",US-UNITED THERAPEUTICS-UNT-2024-038205,UNITED THERAPEUTICS,"",,"","",F,Y,103.4,KG,20241205,"","",US,US,247004311,HO,Viral infection,"",15,C,OZEMPIC,SEMAGLUTIDE,1,"",UNK,,"","","","",,"",,"","","",3
24700762,247007621,1,I,20241202,20241204,20241204,20241204,DIR,730299,"",FDA-CTU,"",71,YR,"",F,N,66.23,KG,20241204,N,PH,US,"",247007621,OT,Squamous cell carcinoma,"",14,C,SEMAGLUTIDE,SEMAGLUTIDE,1,"","",,"","","","",,"",,"","","",7
24701386,247013861,1,I,20241113,20241123,20241205,20241205,DIR,FDA-CDER-CTU-2024-83373,"",FDA-CTU,"",74,YR,"",F,N,60.33,KG,20241123,N,CN,US,"",,,Device use confusion,"",1,PS,SEMAGLUTIDE,SEMAGLUTIDE,1,Intravenous (not otherwise specified),Frequency : Weekly;?,,"",Y,D,10312024 100,20250228,99,2,ML,"",QW,
24701428,247014281,1,I,20241117,20241125,20241205,20241205,EXP,"",US-NOVOPROD-1322932,NOVO NORDISK,"",,"","",F,Y,,"",20241205,"",CN,US,US,247014281,HO,Cough,"",1,PS,OZEMPIC,SEMAGLUTIDE,1,"","",,"",U,"","",,209637,,"",Solution for injection,"",3
24701429,247014291,1,I,,20241125,20241205,20241205,EXP,"",US-NOVOPROD-1326772,NOVO NORDISK,"",,"",A,F,Y,,"",20241205,"",CN,US,US,247014291,HO,Blood sodium decreased,"",1,PS,OZEMPIC,SEMAGLUTIDE,1,Subcutaneous,1 mg,,"",U,"","",,209637,1,MG,Solution for injection,"",3
24701482,247014821,1,I,20240801,20241125,20241205,20241205,EXP,"",US-NOVOPROD-1327856,NOVO NORDISK,"",66,YR,"",F,Y,,"",20241205,"",CN,US,US,247014821,OT,Glycosylated haemoglobin increased,"",1,PS,OZEMPIC,SEMAGLUTIDE,1,Subcutaneous,2 mg,,"",Y,"",NAR0228,,209637,,"",Solution for injection,"",7
24701487,247014871,1,I,20240615,20241125,20241205,20241205,EXP,"",US-NOVOPROD-1326996,NOVO NORDISK,"",59,YR,"",F,Y,,"",20241205,"",MD,US,US,247014871,OT,Intussusception,"",1,PS,OZEMPIC,SEMAGLUTIDE,1,Subcutaneous,"2.4 mg, qw",,"",Y,"","",,209637,2.4,MG,Solution for injection,/WK,7
24702429,247024291,1,I,,20241205,20241205,20241205,DIR,FDA-CDER-CTU-2024-83524,"",FDA-CTU,"",63,YR,"",F,N,,"",20241205,N,"",US,"",247024291,OT,COVID-19,"",2,SS,OZEMPIC,SEMAGLUTIDE,1,"","",,"","","","",,"",,"","","",7
24702697,247026971,1,I,20200323,20241205,20241205,20241205,DIR,730431,"",FDA-CTU,"",63,YR,"",M,N,129,KG,20241205,N,PH,US,"",,,Rash,"",1,PS,SEMAGLUTIDE,SEMAGLUTIDE,1,Subcutaneous,OTHER FREQUENCY : QWEEK;?,,"",Y,D,"",,"",0.5,MG,"",999,
24702901,247029011,1,I,20241125,20241202,20241205,20241205,PER,"",US-BIOMARINAP-US-2024-162278,BIOMARIN,"",,"","","",Y,,"",20241205,"",CN,US,US,,,Dyspepsia,"",8,C,OZEMPIC,SEMAGLUTIDE,1,"","",,"","","","",,"",,"","","",
24703163,247031631,1,I,20240724,20241127,20241205,20241205,EXP,"",US-PFIZER INC-PV202400155446,PFIZER,"",14,YR,"",M,Y,113.4,KG,20241205,"",MD,US,US,247031631,OT,Disease recurrence,"",13,C,OZEMPIC,SEMAGLUTIDE,1,"",UNK,,"","","","",,"",,"","","",7
24704118,247041181,1,I,20240501,20241127,20241206,20241206,EXP,"",US-UNITED THERAPEUTICS-UNT-2024-035990,UNITED THERAPEUTICS,"",69,YR,"",F,Y,83.9,KG,20241206,"","",US,US,247041181,HO,Treatment noncompliance,"",31,C,OZEMPIC,SEMAGLUTIDE,1,"",UNK,,"","","","",,"",,"","","",3
24705117,247051171,1,I,,20241122,20241206,20241206,PER,"",US-COSETTE-CP2024US000380,COSETTE PHARMACEUTICALS INC,"",,"","",F,Y,,"",20241206,"",CN,US,US,,,Flushing,"",2,C,WEGOVY,SEMAGLUTIDE,1,Unknown,"",,"","","",Unknown,,"",,"","","",
24705136,247051361,1,I,,20241205,20241206,20241206,PER,"",US-BIOGEN-2024BI01292941,BIOGEN,"",,"","",F,Y,,"",20241206,"",CN,US,US,,,Hypersensitivity,"",9,C,OZEMPIC,SEMAGLUTIDE,1,Other,"",,"","","","",,"",,"",Unknown,"",
24705285,247052851,1,I,20200815,20241205,20241205,20241205,DIR,730476,"",FDA-CTU,"",68,YR,"",M,N,,"",20241205,N,PH,US,"",,,Constipation,"",1,PS,SEMAGLUTIDE,SEMAGLUTIDE,1,"","",,"","","","",,"",,"","","",
24705323,247053231,1,I,20200204,20241205,20241205,20241205,DIR,730465,"",FDA-CTU,"",87,YR,"",M,N,78,KG,20241205,N,PH,US,"",,,Vomiting,"",1,PS,SEMAGLUTIDE,SEMAGLUTIDE,1,Subcutaneous,OTHER FREQUENCY : QWEEK;?,,"","","","",,"",1,MG,"",999,
24705799,247057991,1,I,20240201,20241205,20241205,20241205,DIR,730485,"",FDA-CTU,"",64,YR,"",M,N,96.3,KG,20241205,N,CN,US,"",,,Pain of skin,"",1,PS,SEMAGLUTIDE,SEMAGLUTIDE,1,Subcutaneous,OTHER QUANTITY : 1 Injection(s);?OTHER FREQUENCY : Once a week;?,,"",N,D,G19A01-24,20241116,99,,"","",999,
24706321,247063211,1,I,20240101,20241127,20241206,20241206,PER,"",US-SA-2024SA358077,SANOFI AVENTIS,"",50,YR,A,F,Y,,"",20241206,"",HP,US,US,,,Pruritus,"",3,C,OZEMPIC,SEMAGLUTIDE,1,"",UNK,,"",U,"","",,"",,"",Injection,"",
24706437,247064371,1,I,,20241204,20241206,20241206,PER,"",US-BRISTOL-MYERS SQUIBB COMPANY-2024-189570,BRISTOL-MYERS SQUIBB COMPANY,"",51,YR,A,F,Y,,"",20241206,"",HP,US,US,,,Joint swelling,"",2,C,OZEMPIC,SEMAGLUTIDE,1,"","",,"",U,"","",,"",,"","","",
24706466,247064662,2,F,20220101,20241219,20241206,20241224,EXP,"",US-ABBVIE-6032343,ABBVIE,"",54,YR,"",M,Y,77.11,KG,20241224,"",CN,US,US,247064662,OT,Carpal tunnel syndrome,"",7,C,OZEMPIC,SEMAGLUTIDE,1,"",Form Strength: 0.5 mg,,"","","","",,"",,"","",/WK,7
24707269,247072691,1,I,,20240821,20241206,20241206,PER,"",US-NOVOPROD-1293713,NOVO NORDISK,"",,"","",F,Y,,"",20241206,"",CN,US,US,,,Blood cholesterol increased,"",1,SS,OZEMPIC,SEMAGLUTIDE,1,Subcutaneous,"0.25 mg, qw",,"",U,"",PZF9A71,,"",0.25,MG,Solution for injection,/WK,
24707280,247072802,2,F,,20231211,20241206,20241206,PER,"",US-NOVOPROD-1152202,NOVO NORDISK,"",69,YR,"",F,Y,104.31,KG,20241206,"",CN,US,US,,,Glycosylated haemoglobin increased,"",3,C,OZEMPIC,SEMAGLUTIDE,1,Subcutaneous,UNK,,"","","","",,"",,"",Solution for injection,"",
24707310,247073102,2,F,20240227,20240313,20241206,20241206,PER,"",US-NOVOPROD-1193773,NOVO NORDISK,"",72,YR,"","",Y,,"",20241206,"",CN,US,US,,,Diarrhoea,"",3,SS,OZEMPIC,SEMAGLUTIDE,1,Subcutaneous,"0.5 mg, qw",,"",U,"","",,"",0.5,MG,Solution for injection,/WK,
24707321,247073211,1,I,20240815,20241206,20241206,20241206,DIR,730616,"",FDA-CTU,"",45,YR,"",F,N,54,KG,20241206,N,CN,US,"",247073211,RI,Impaired quality of life,"",1,PS,WEGOVY,SEMAGLUTIDE,1,Other,OTHER QUANTITY : 1 Injection(s);?OTHER FREQUENCY : Weekly;?OTHER ROUTE : Sub-Q into abdominal area;?,,"",Y,D,"",,"",,"","",999,6
24707575,247075751,1,I,,20241206,20241206,20241206,DIR,730568,"",FDA-CTU,"",78,YR,"",M,N,,"",20241206,N,MD,US,"",247075751,OT,Depression,"",1,PS,SEMAGLUTIDE,SEMAGLUTIDE,1,Oral,"",,"",Y,D,"",,"",,"","","",7
24707618,247076181,1,I,20230401,20240711,20241206,20241206,PER,"",US-NOVOPROD-1273382,NOVO NORDISK,"",65,YR,"",F,Y,,"",20241206,"",CN,US,US,,,Weight decreased,"",1,SS,OZEMPIC,SEMAGLUTIDE,1,Subcutaneous,"1 mg, qw",,"",U,"","",,"",1,MG,Solution for injection,/WK,
24707742,247077421,1,I,20241020,20241206,20241206,20241206,DIR,730562,"",FDA-CTU,"",41,YR,"",F,N,94.95,KG,20241206,N,CN,US,"",247077421,DS,Dysphagia,"",1,PS,WEGOVY,SEMAGLUTIDE,1,Other,OTHER QUANTITY : 4 Injection(s)?OTHER FREQUENCY : weekly?OTHER ROUTE : Injected into a ?,,"","",D,00301694505148,20260430,"",,"","",999,4
24707787,247077871,1,I,,20240910,20241206,20241206,PER,"",US-NOVOPROD-1292682,NOVO NORDISK,"",,"","",F,Y,,"",20241206,"",CN,US,US,,,Vomiting,"",2,SS,OZEMPIC,SEMAGLUTIDE,1,Subcutaneous,0.5 mg,,"",U,"","",,"",0.5,MG,Solution for injection,"",
24707806,247078061,1,I,,20241025,20241206,20241206,PER,"",US-NOVOPROD-1266269,NOVO NORDISK,"",,"","","",Y,,"",20241206,"",CN,US,US,247078061,OT,Oedema peripheral,"",2,SS,OZEMPIC,SEMAGLUTIDE,1,Subcutaneous,UNK,,"",U,"","",,"",,"",Solution for injection,"",7
24707839,247078391,1,I,20240101,20241003,20241206,20241206,PER,"",US-NOVOPROD-1297441,NOVO NORDISK,"",74,YR,"",F,Y,,"",20241206,"",CN,US,US,247078391,HO,Flatulence,"",2,SS,OZEMPIC,SEMAGLUTIDE,1,Subcutaneous,UNK,,"",U,"","",,"",,"",Solution for injection,"",3
24708023,247080231,1,I,20240101,20241205,20241206,20241206,PER,"",US-GILEAD-2024-0696319,GILEAD,"",,"","",F,Y,,"",20241206,"",HP,US,US,,,Abdominal discomfort,"",2,C,OZEMPIC,SEMAGLUTIDE,1,"","",,"","","","",,"",,"","","",
24708130,247081301,1,I,20240101,20241203,20241206,20241206,EXP,"",US-ABBVIE-6032563,ABBVIE,"",68,YR,"",F,Y,,"",20241206,"",CN,US,US,247081301,HO,General symptom,"",3,SS,OZEMPIC,SEMAGLUTIDE,1,Unknown,"",,"",U,"","",,"",,"","","",3
24709230,247092301,1,I,,20241118,20241208,20241208,PER,"",US-GSK-US2024AMR144137,GLAXOSMITHKLINE,"",,"","",F,Y,,"",20241208,"",HP,US,US,,,Rash,"",8,C,WEGOVY,SEMAGLUTIDE,1,"",UNK,,"",U,"","",,"",,"","","",
24709346,247093461,1,I,,20241126,20241208,20241208,EXP,"",US-NOVOPROD-1328829,NOVO NORDISK,"",,"","",F,Y,,"",20241209,"",CN,US,US,247093461,OT,Neoplasm malignant,"",1,PS,OZEMPIC,SEMAGLUTIDE,1,Subcutaneous,UNK (stopped 2 or 3 months ago),,"",N,"",PAR0333,,209637,,"",Solution for injection,"",7
24709347,247093471,1,I,20241118,20241126,20241208,20241208,EXP,"",US-NOVOPROD-1327739,NOVO NORDISK,"",,"","",F,Y,,"",20241209,"",CN,US,US,247093471,HO,Feeling abnormal,"",1,PS,OZEMPIC,SEMAGLUTIDE,1,"","",,"",Y,"","",,209637,,"",Solution for injection,"",3
24709350,247093501,1,I,,20241126,20241208,20241208,EXP,"",US-NOVOPROD-1327709,NOVO NORDISK,"",,"","",F,Y,,"",20241209,"",CN,US,US,247093501,HO,Hospitalisation,"",1,PS,OZEMPIC,SEMAGLUTIDE,1,Subcutaneous,UNK,,"",U,"","",,209637,,"",Solution for injection,"",3
24709352,247093521,1,I,20240404,20241126,20241208,20241208,EXP,"",US-NOVOPROD-1327740,NOVO NORDISK,"",84,YR,"",F,Y,,"",20241209,"",CN,US,US,247093521,OT,Ischaemic stroke,"",1,PS,OZEMPIC,SEMAGLUTIDE,1,Subcutaneous,UNK,,"",U,"",NZF8J14,,209637,,"",Solution for injection,"",7
24709353,247093531,1,I,,20241126,20241208,20241208,EXP,"",US-NOVOPROD-1327729,NOVO NORDISK,"",,"","",F,Y,,"",20241209,"",CN,US,US,247093531,HO,Shoulder fracture,"",1,PS,OZEMPIC,SEMAGLUTIDE,1,Subcutaneous,"1 mg, qw",,"",U,"","",,209637,1,MG,Solution for injection,"",3
24709356,247093561,1,I,20231213,20241126,20241208,20241208,EXP,"",US-NOVOPROD-1321835,NOVO NORDISK,"",,"","",M,Y,,"",20241209,"",CN,US,US,247093561,OT,Renal pain,"",2,PS,OZEMPIC,SEMAGLUTIDE,1,Subcutaneous,UNK,,"",N,"","",,209637,,"",Solution for injection,"",7
24709364,247093641,1,I,20241005,20241126,20241208,20241208,EXP,"",US-NOVOPROD-1327840,NOVO NORDISK,"",,"",A,F,Y,,"",20241209,"",CN,US,US,247093641,OT,Knee operation,"",1,PS,OZEMPIC,SEMAGLUTIDE,1,"","",,"","","","",,209637,,"",Solution for injection,"",7
24709366,247093661,1,I,,20241126,20241208,20241208,EXP,"",US-NOVOPROD-1329029,NOVO NORDISK,"",,"","","",Y,,"",20241209,"",CN,US,US,247093661,OT,Renal disorder,"",1,PS,OZEMPIC,SEMAGLUTIDE,1,Subcutaneous,UNK,,"",U,"","",,209637,,"",Solution for injection,"",7
24709429,247094291,1,I,,20241126,20241209,20241209,EXP,"",US-NOVOPROD-1329868,NOVO NORDISK,"",,"","",M,Y,,"",20241209,"",HP,US,US,247094291,OT,Intestinal obstruction,"",1,PS,RYBELSUS,SEMAGLUTIDE,1,Subcutaneous,UNK,,"",Y,"","",,213051,,"",Tablet,"",7
24709430,247094301,1,I,20230101,20241126,20241209,20241209,EXP,"",US-NOVOPROD-1329452,NOVO NORDISK,"",55,YR,"",M,Y,,"",20241209,"",CN,US,US,247094301,DS,Device breakage,"",1,PS,OZEMPIC,SEMAGLUTIDE,1,"","",,"",U,"","",,209637,,"",Solution for injection,"",4
24709431,247094311,1,I,,20241126,20241209,20241209,EXP,"",US-NOVOPROD-1330525,NOVO NORDISK,"",,"","",F,Y,,"",20241209,"",CN,US,US,247094311,HO,COVID-19,"",1,PS,WEGOVY,SEMAGLUTIDE,1,Subcutaneous,UNK,,"",U,"","",,215256,,"",Solution for injection,"",3
24709441,247094411,1,I,20240831,20241127,20241209,20241209,EXP,"",US-NOVOPROD-1328981,NOVO NORDISK,"",84,YR,"",F,Y,,"",20241209,"",CN,US,US,247094411,OT,Tooth extraction,"",1,PS,OZEMPIC,SEMAGLUTIDE,1,Subcutaneous,"0.5 mg, qw",,"",U,"",PZF9V80,,209637,0.5,MG,Solution for injection,/WK,7
24709446,247094461,1,I,20241125,20241127,20241209,20241209,EXP,"",US-NOVOPROD-1327738,NOVO NORDISK,"",36,YR,"",M,Y,,"",20241209,"",CN,US,US,247094461,HO,Inappropriate schedule of product administration,"",1,PS,OZEMPIC,SEMAGLUTIDE,1,"","",,"",U,"","",,209637,,"",Solution for injection,"",3
24709449,247094491,1,I,,20241127,20241209,20241209,EXP,"",US-NOVOPROD-1327694,NOVO NORDISK,"",,"","",F,Y,,"",20241209,"",CN,US,US,247094491,HO,Hospitalisation,"",1,PS,OZEMPIC,SEMAGLUTIDE,1,Subcutaneous,UNK,,"",U,"","",,209637,,"",Solution for injection,"",3
24709459,247094591,1,I,20240912,20241127,20241209,20241209,EXP,"",US-NOVOPROD-1329139,NOVO NORDISK,"",64,YR,"",F,Y,,"",20241209,"",CN,US,US,247094591,OT,Illness,"",1,PS,OZEMPIC,SEMAGLUTIDE,1,Subcutaneous,"1 mg, qw",,"","","",PAR0363,,209637,1,MG,Solution for injection,/WK,7
24709571,247095711,1,I,20240101,20241128,20241209,20241209,EXP,"",US-NOVOPROD-1327688,NOVO NORDISK,"",61,YR,"",F,Y,,"",20241209,"",CN,US,US,247095711,HO,Colitis,"",1,PS,OZEMPIC,SEMAGLUTIDE,1,Subcutaneous,"UNK UNK, qw",20.714,MG,Y,"","",,209637,,"",Solution for injection,/WK,3
24709579,247095791,1,I,20240909,20241127,20241209,20241209,EXP,"",US-NOVOPROD-1329269,NOVO NORDISK,"",,"","",M,Y,,"",20241209,"",CN,US,US,247095791,HO,Renal transplant,"",1,PS,OZEMPIC,SEMAGLUTIDE,1,Subcutaneous,0.5mg,,"",U,"",PZFCC82,,209637,0.5,MG,Solution for injection,"",3
24709581,247095811,1,I,,20241127,20241209,20241209,EXP,"",US-NOVOPROD-1329827,NOVO NORDISK,"",,"","",F,Y,,"",20241209,"",CN,US,US,247095811,HO,Hypertension,"",1,PS,OZEMPIC,SEMAGLUTIDE,1,Subcutaneous,UNK,,"",U,"","",,209637,,"",Solution for injection,"",3
24709584,247095841,1,I,,20241127,20241209,20241209,EXP,"",US-NOVOPROD-1329733,NOVO NORDISK,"",,"",A,"",Y,,"",20241209,"",MD,US,US,247095841,OT,Visual impairment,"",1,PS,OZEMPIC,SEMAGLUTIDE,1,Subcutaneous,UNK,,"",U,"","",,209637,,"",Solution for injection,"",7
24710417,247104172,2,F,20240101,20241220,20241209,20241226,EXP,"",US-ABBVIE-6035582,ABBVIE,"",74,YR,"",F,Y,114,KG,20241226,"",CN,US,US,247104172,OT,Arthralgia,"",3,C,OZEMPIC,SEMAGLUTIDE,1,"","",,"","","","",,"",,"","","",7
24711233,247112331,1,I,20241201,20241205,20241205,20241205,DIR,FDA-CDER-CTU-2024-83918,"",FDA-CTU,"",82,YR,"",F,N,98.9,KG,20241205,N,PH,US,"",247112331,HO,Pancreatitis acute,"",1,PS,OZEMPIC,SEMAGLUTIDE,1,"","",,"","","","",,"",,"","","",3
24712848,247128481,1,I,20241208,20241208,20241208,20241208,DIR,730859,"",FDA-CTU,"",26,YR,"",F,N,77.85,KG,20241208,N,CN,US,"",,,Nausea,"",1,PS,SEMAGLUTIDE,SEMAGLUTIDE,1,Other,Frequency : ONCE A WEEK ?OTHER ROUTE : Injected into left upper thigh?,,"",Y,Y,"",,99,,"",Injection,QW,
24712965,247129651,1,I,19681209,20241208,20241208,20241208,DIR,730849,"",FDA-CTU,"",55,YR,"",F,N,89.1,KG,20241208,N,CN,US,"",247129651,OT,Syncope,"",1,PS,SEMAGLUTIDE,SEMAGLUTIDE,1,"",WEEKLY 2.4 MG SQ  SQ,,"",Y,D,"",,99,2.4,MG/M**2,"",QW,7
24712974,247129741,1,I,20241205,20241208,20241208,20241208,DIR,730847,"",FDA-CTU,"",42,YR,"",F,N,87.75,KG,20241208,N,CN,US,"",247129741,RI,Constipation,"",2,C,OZEMPIC,SEMAGLUTIDE,1,"","",,"","","","",,"",,"","","",6
24713018,247130181,1,I,20241201,20241208,20241208,20241208,DIR,730848,"",FDA-CTU,"",44,YR,"",M,N,148.5,KG,20241208,N,CN,US,"",,,Suicidal ideation,"",1,PS,WEGOVY,SEMAGLUTIDE,1,"","",,"",Y,D,"",,"",,"","","",
24713077,247130771,1,I,,20200921,20241209,20241209,EXP,"",US-NOVOPROD-1317723,NOVO NORDISK,"",,"","",M,Y,,"",20241209,"",CN,US,US,247130771,OT,Cataract operation,"",1,PS,OZEMPIC,SEMAGLUTIDE,1,Subcutaneous,UNK,,"",U,"","",,209637,,"",Solution for injection,"",7
24713083,247130831,1,I,,20240801,20241209,20241209,EXP,"",US-NOVOPROD-1302205,NOVO NORDISK,"",,"","","",Y,,"",20241209,"",CN,US,US,247130831,OT,Suicidal ideation,"",1,PS,OZEMPIC,SEMAGLUTIDE,1,Subcutaneous,Unk,,"",U,"","",,209637,,"",Solution for injection,"",7
24713214,247132141,1,I,20241102,20241209,20241209,20241209,DIR,730926,"",FDA-CTU,"",38,YR,"",F,N,81.9,KG,20241209,N,CN,US,"",247132141,DS,Insomnia,"",6,C,OZEMPIC,SEMAGLUTIDE,1,"","",,"","","","",,"",,"","","",4
24713510,247135101,1,I,20240101,20241202,20241209,20241209,PER,"",US-SA-2024SA363020,SANOFI AVENTIS,"",62,YR,A,F,Y,,"",20241209,"",MD,US,US,,,Asthma,"",11,C,OZEMPIC,SEMAGLUTIDE,1,"",UNK,,"",U,"","",,"",,"","","",
24713782,247137821,1,I,20240105,20240425,20241209,20241209,5DAY,"","US-REGENERON PHARMACEUTICALS, INC.-2024-058994",REGENERON,"",,"","",M,Y,,"",20241209,"",HP,US,US,247137821,OT,Intentional dose omission,"",5,C,OZEMPIC,SEMAGLUTIDE,1,"","",,"",U,"","",,"",,"","","",7
24714231,247142311,1,I,20241113,20241206,20241206,20241206,DIR,FDA-CDER-CTU-2024-84465,"",FDA-CTU,"",43,YR,"",F,N,133.81,KG,20241206,N,"",US,"",247142311,DS,Illness,"",1,PS,WEGOVY,SEMAGLUTIDE,1,"","",,"",D,D,"",,"",,"","","",4
24714739,247147391,1,I,20240101,20241127,20241210,20241210,EXP,"",US-NOVOPROD-1331557,NOVO NORDISK,"",55,YR,"",F,Y,,"",20241210,"",CN,US,US,247147391,HO,Disability,"",1,PS,OZEMPIC,SEMAGLUTIDE,1,Subcutaneous,1 mg qw,,"",U,"",PAR0603,,209637,1,MG,Solution for injection,/WK,3
24714855,247148551,1,I,20201201,20241203,20241210,20241210,EXP,"",US-NOVOPROD-1330980,NOVO NORDISK,"",65,YR,"","",Y,,"",20241210,"",CN,US,US,247148551,OT,Weight decreased,"",1,PS,OZEMPIC,SEMAGLUTIDE,1,Subcutaneous,"0.25 mg, qw",,"","","","",,209637,0.25,MG,Solution for injection,/WK,7
24714859,247148591,1,I,,20241203,20241210,20241210,EXP,"",US-NOVOPROD-1330537,NOVO NORDISK,"",65,YR,"","",Y,,"",20241210,"",CN,US,US,247148591,OT,Intestinal obstruction,"",1,PS,OZEMPIC,SEMAGLUTIDE,1,Subcutaneous,UNK,,"",U,"","",,209637,,"",Solution for injection,"",7
24714862,247148621,1,I,20220101,20241130,20241210,20241210,EXP,"",US-NOVOPROD-1330555,NOVO NORDISK,"",,"","",F,Y,,"",20241210,"",CN,US,US,247148621,HO,Haemorrhagic arteriovenous malformation,"",1,PS,OZEMPIC,SEMAGLUTIDE,1,Subcutaneous,UNK,,"",Y,"","",,209637,,"",Solution for injection,"",3
24714866,247148662,2,F,20241111,20241218,20241210,20241230,EXP,"",US-NOVOPROD-1331463,NOVO NORDISK,"",72,YR,"",M,Y,97.9,KG,20241231,"",CN,US,US,247148662,HO,Knee arthroplasty,"",1,PS,OZEMPIC,SEMAGLUTIDE,1,Subcutaneous,"0.25 mg, qw",,"","","",PZFAG56,,209637,0.25,MG,Solution for injection,/WK,3
24714867,247148671,1,I,20240515,20241130,20241210,20241210,EXP,"",US-NOVOPROD-1330557,NOVO NORDISK,"",43,YR,"",F,Y,,"",20241210,"",CN,US,US,247148671,OT,Product use in unapproved indication,"",1,PS,OZEMPIC,SEMAGLUTIDE,1,Subcutaneous,"2 mg, qm",2.879,MG,Y,"","",,209637,2,MG,Solution for injection,/MONTH,7
24715030,247150301,1,I,,20241206,20241210,20241210,PER,"",US-ELI_LILLY_AND_COMPANY-US202412005708,ELI LILLY AND COMPANY,"",61,YR,A,F,Y,,"",20241210,"",CN,US,US,,,Glycosylated haemoglobin increased,"",2,SS,OZEMPIC,SEMAGLUTIDE,1,Unknown,"UNK, unknown",,"",U,"","",,"",,"","","",
24715281,247152811,1,I,,20241203,20241210,20241210,EXP,"",US-JAZZ PHARMACEUTICALS-2024-US-022912,JAZZ,"",,"","",M,Y,,"",20241210,"",CN,US,US,247152811,OT,Nephrolithiasis,"",14,C,OZEMPIC,SEMAGLUTIDE,1,"",2 MG/DOSE (8 MG/3 ML),,"","","","",,"",,"","","",7
24715762,247157621,1,I,20220101,20241205,20241210,20241210,EXP,"",US-ABBVIE-5918919,ABBVIE,"",57,YR,"",F,Y,98,KG,20241210,"",CN,US,US,247157621,DS,Trigger finger,"",2,C,OZEMPIC,SEMAGLUTIDE,1,Subcutaneous,"",,"","","","",,"",2,MG,"",/WK,4
24716260,247162601,1,I,20210901,20241205,20241210,20241210,EXP,"",US-JAZZ PHARMACEUTICALS-2022-US-020879,JAZZ,"",48,YR,"",F,Y,,"",20241210,"",MD,US,US,247162601,OT,Drug tolerance,"",32,C,WEGOVY,SEMAGLUTIDE,1,"",UNK,,"","","","",,"",,"","","",7
24716778,247167781,1,I,,20241205,20241210,20241210,PER,"",US-AMGEN-USASP2024240706,AMGEN,"",,"","",M,Y,,"",20241210,"",HP,US,US,,,Product dose omission issue,"",10,C,OZEMPIC,SEMAGLUTIDE,1,"",(2 milligram/3 Milliliter),,"","","","",,"",2,MG,Injection,"",
24716824,247168241,1,I,20241204,20241208,20241208,20241208,DIR,FDA-CDER-CTU-2024-84446,"",FDA-CTU,"",63,YR,"",M,N,119,KG,20241208,N,"",US,"",247168241,LT,Multiple organ dysfunction syndrome,"",1,PS,OZEMPIC,SEMAGLUTIDE,1,Subcutaneous,Frequency : Weekly;?,,"","","","",,"",1,MG,"",QW,2
24717269,247172691,1,I,20241103,20241209,20241209,20241209,DIR,730943,"",FDA-CTU,"",33,YR,"",F,N,76.5,KG,20241209,N,CN,US,"",247172691,HO,Anxiety,"",1,PS,SEMAGLUTIDE,SEMAGLUTIDE,1,"","",,"",N,D,"",,99,,"","","",3
24717289,247172891,1,I,20241204,20241209,20241209,20241209,DIR,730945,"",FDA-CTU,"",15,YR,"",F,N,124,KG,20241209,N,PH,US,"",247172891,HO,Therapy interrupted,"",1,PS,WEGOVY,SEMAGLUTIDE,1,Subcutaneous,OTHER FREQUENCY : weekly;?,,"",Y,Y,"",,"",0.25,MG,"",999,3
24717300,247173001,1,I,20240901,20241122,20241210,20241210,PER,"",US-MYLANLABS-2024M1104989,MYLAN,"",62,YR,"",M,Y,,"",20241210,"",MD,US,US,,,Anosmia,"",6,C,OZEMPIC,SEMAGLUTIDE,1,Unknown,UNK,,"","","","",,"",,"",Unknown,"",
24717352,247173521,1,I,,20241204,20241210,20241210,PER,"",US-AMGEN-USASP2024239637,AMGEN,"",,"",E,M,Y,,"",20241210,"",MD,US,US,,,Back pain,"",2,C,OZEMPIC,SEMAGLUTIDE,1,"",UNK,,"","","","",,"",,"","","",
24717708,247177081,1,I,,20241128,20241210,20241210,EXP,"",US-ALEMBIC PHARMACUETICALS LIMITED-2024SCAL001788,ALEMBIC,"Gooding M.S, Hammoud D.A, Epling B, Rocco J, Laidlaw E, Kuriakose S. et.al.. Perplexing paradoxical reactions: navigating the complexity of protracted tuberculosis meningitis-a case report. Frontiers in Immunology. 2024;15 (1441945):01-11",,"","","",Y,,"",20241210,"",HP,US,US,247177081,OT,Bacteraemia,"",12,C,SEMAGLUTIDE,SEMAGLUTIDE,1,Unknown,UNK,,"","","","",,"",,"","","",7
24717975,247179751,1,I,,20241203,20241210,20241210,EXP,"",US-GSK-US2024152145,GLAXOSMITHKLINE,"",,"","","",Y,,"",20241210,"",CN,US,US,247179751,HO,Product dose omission issue,"",2,C,OZEMPIC,SEMAGLUTIDE,1,"",UNK,,"",U,"","",,"",,"","","",3
24717992,247179921,1,I,,20241209,20241210,20241210,PER,"",US-BRISTOL-MYERS SQUIBB COMPANY-2024-191385,BRISTOL-MYERS SQUIBB COMPANY,"",67,YR,E,F,Y,,"",20241210,"",HP,US,US,,,Sinusitis,"",8,C,OZEMPIC,SEMAGLUTIDE,1,"","",,"",U,"","",,"",500,MG,"","",
24718137,247181371,1,I,20241126,20241209,20241209,20241209,DIR,731016,"",FDA-CTU,"",49,YR,"",M,N,136.35,KG,20241209,N,CN,US,"",247181371,LT,Hypophagia,"",1,PS,WEGOVY,SEMAGLUTIDE,1,Intramuscular,OTHER FREQUENCY : Once weekly 2.4mg;?,,"",Y,Y,"",,"",,"","",999,2
24718151,247181511,1,I,,20241202,20241210,20241210,EXP,"",US-ELI_LILLY_AND_COMPANY-US202412002096,ELI LILLY AND COMPANY,"",73,YR,E,F,Y,105.7,KG,20241210,"",CN,US,US,247181511,OT,Arthralgia,"",9,C,OZEMPIC,SEMAGLUTIDE,1,"","",,"","","","",,"",,"","","",7
24718206,247182061,1,I,,20241203,20241210,20241210,EXP,"",US-ELI_LILLY_AND_COMPANY-US202412002948,ELI LILLY AND COMPANY,"",42,YR,A,"",Y,,"",20241210,"",LW,US,US,247182061,OT,Ileus,"",2,SS,OZEMPIC,SEMAGLUTIDE,1,Unknown,"UNK UNK, unknown",,"","","","",,"",,"","","",7
24718892,247188921,1,I,20241122,20241210,20241210,20241210,DIR,731185,"",FDA-CTU,"",71,YR,"",F,N,,"",20241210,N,PH,US,"",,,Product after taste,"",1,PS,RYBELSUS,SEMAGLUTIDE,1,Oral,Frequency : Daily;?,,"",Y,N,"",,"",3,MG,"",QD,
24718893,247188931,1,I,20241202,20241210,20241210,20241210,DIR,731128,"",FDA-CTU,"",45,YR,"",M,N,99,KG,20241210,N,CN,US,"",247188931,LT,Confusional state,"",1,PS,SEMAGLUTIDE,SEMAGLUTIDE,1,Subcutaneous,OTHER QUANTITY : 1 Injection(s);?OTHER FREQUENCY : once a week;?,,"",Y,Y,09172024@43,20241216,99,,"","",999,2
24718937,247189371,1,I,20241103,20241210,20241210,20241210,DIR,731196,"",FDA-CTU,"",52,YR,"",F,N,99.9,KG,20241210,Y,PH,US,"",247189371,LT,Peritonitis,"",1,PS,SEMAGLUTIDE,SEMAGLUTIDE,1,"","",,"",Y,D,"",,99,,"","","",2
24718938,247189381,1,I,20241208,20241210,20241210,20241210,DIR,731127,"",FDA-CTU,"",59,YR,"",F,N,95.85,KG,20241210,Y,CN,US,"",247189381,OT,Diarrhoea,"",1,PS,OZEMPIC,SEMAGLUTIDE,1,"","",,"","","","",,"",,"","","",7
24718968,247189681,1,I,,20241126,20241210,20241210,EXP,"",US-NOVOPROD-1333623,NOVO NORDISK,"",,"","",F,Y,,"",20241210,"",CN,US,US,247189681,OT,Blindness,"",1,PS,OZEMPIC,SEMAGLUTIDE,1,Subcutaneous,UNK,,"",U,"","",,209637,,"",Solution for injection,"",7
24719511,247195111,1,I,20240101,20241130,20241211,20241211,EXP,"",US-NOVOPROD-1330734,NOVO NORDISK,"",,"","",M,Y,,"",20241211,"",CN,US,US,247195111,OT,Product use issue,"",1,PS,OZEMPIC,SEMAGLUTIDE,1,Subcutaneous,UNK,,"",U,"","",,209637,,"",Solution for injection,"",7
24719524,247195241,1,I,,20241202,20241211,20241211,EXP,"",US-NOVOPROD-1331313,NOVO NORDISK,"",,"","",F,Y,,"",20241211,"",MD,US,US,247195241,HO,Small intestinal obstruction,"",1,PS,OZEMPIC,SEMAGLUTIDE,1,Subcutaneous,0.25 mg,,"",Y,"","",,209637,0.25,MG,Solution for injection,"",3
24719526,247195261,1,I,20240329,20241202,20241211,20241211,EXP,"",US-NOVOPROD-1330407,NOVO NORDISK,"",,"","",F,Y,,"",20241211,"",CN,US,US,247195261,OT,Blood glucose increased,"",1,PS,OZEMPIC,SEMAGLUTIDE,1,Subcutaneous,0.25 mg,,"",U,"",NZF8038,,209637,0.25,MG,Solution for injection,"",7
24719529,247195291,1,I,,20241202,20241211,20241211,EXP,"",US-NOVOPROD-1330489,NOVO NORDISK,"",53,YR,"",F,Y,,"",20241211,"",CN,US,US,247195291,OT,Gastrooesophageal reflux disease,"",1,PS,WEGOVY,SEMAGLUTIDE,1,Subcutaneous,1 mg,,"",Y,"","",,215256,,"",Solution for injection,"",7
24719530,247195301,1,I,,20241202,20241211,20241211,EXP,"",US-NOVOPROD-1330639,NOVO NORDISK,"",,"","",M,Y,,"",20241211,"",CN,US,US,247195301,OT,Bone marrow necrosis,"",1,PS,OZEMPIC,SEMAGLUTIDE,1,Subcutaneous,UNK,,"",U,"",PAR0242,,209637,,"",Solution for injection,"",7
24719537,247195371,1,I,20241111,20241202,20241211,20241211,EXP,"",US-NOVOPROD-1330539,NOVO NORDISK,"",67,YR,"",F,Y,,"",20241211,"",CN,US,US,247195371,HO,Carotid endarterectomy,"",1,PS,OZEMPIC,SEMAGLUTIDE,1,Subcutaneous,UNK,,"","","","",,209637,,"",Solution for injection,"",3
24719549,247195491,1,I,,20241202,20241211,20241211,EXP,"",US-NOVOPROD-1331474,NOVO NORDISK,"",,"","",M,Y,,"",20241211,"",CN,US,US,247195491,OT,Nerve injury,"",1,PS,WEGOVY,SEMAGLUTIDE,1,Subcutaneous,0.25mg,,"",U,"","",,215256,0.25,MG,Solution for injection,"",7
24719941,247199411,1,I,20241031,20241206,20241211,20241211,PER,"",US-ABBVIE-6037465,ABBVIE,"",49,YR,"",F,Y,,"",20241211,"",MD,US,US,,,Skin hyperpigmentation,"",3,C,OZEMPIC,SEMAGLUTIDE,1,"","",,"","","","",,"",,"","","",
24719983,247199831,1,I,20231109,20241204,20241211,20241211,EXP,"",US-JAZZ PHARMACEUTICALS-2024-US-018658,JAZZ,"",64,YR,"",F,Y,,"",20241211,"",CN,US,US,247199831,OT,Joint contracture,"",6,C,WEGOVY,SEMAGLUTIDE,1,"",0000,,"","","","",,"",,"","","",7
24720098,247200981,1,I,,20241202,20241211,20241211,PER,"",US-ELI_LILLY_AND_COMPANY-US202412001781,ELI LILLY AND COMPANY,"",53,YR,A,"",Y,,"",20241211,"",CN,US,US,247200981,HO,Nausea,"",3,SS,OZEMPIC,SEMAGLUTIDE,1,Unknown,"UNK UNK, unknown",,"",U,"","",,"",,"","","",3
24720196,247201961,1,I,,20241209,20241211,20241211,PER,"",US-BRISTOL-MYERS SQUIBB COMPANY-2024-191564,BRISTOL-MYERS SQUIBB COMPANY,"",75,YR,E,M,Y,,"",20241211,"",PH,US,US,,,Off label use,"",4,C,RYBELSUS,SEMAGLUTIDE,1,"","",,"",U,"","",,"",,"",Tablet,"",
24720339,247203391,1,I,,20241202,20241211,20241211,EXP,"",US-SA-2024SA362197,SANOFI AVENTIS,"",89,YR,E,F,Y,,"",20241211,"",CN,US,US,247203391,OT,Disability,"",2,C,OZEMPIC,SEMAGLUTIDE,1,"",UNK,,"",U,"","",,"",,"","","",7
24721268,247212681,1,I,,20241207,20241211,20241211,PER,"",US-BRISTOL-MYERS SQUIBB COMPANY-2024-191977,BRISTOL-MYERS SQUIBB COMPANY,"",,"","","",Y,,"",20241211,"",CN,US,US,,,Asthenia,"",2,SS,RYBELSUS,SEMAGLUTIDE,1,Oral,"",,"",U,"",Unknown,,"",,"",Tablet,"",
24721402,247214022,2,F,20240101,20241223,20241211,20241227,EXP,"",US-ABBVIE-6038944,ABBVIE,"",48,YR,"",F,Y,74.842,KG,20241227,"",CN,US,US,247214022,HO,Blood ketone body increased,"",3,C,WEGOVY,SEMAGLUTIDE,1,"","",,"","","","",,"",,"","","",3
24721428,247214281,1,I,20241101,20241205,20241211,20241211,EXP,"",US-PFIZER INC-PV202400142891,PFIZER,"",63,YR,"",F,Y,,"",20241211,"",HP,US,US,247214281,OT,Contusion,"",3,C,OZEMPIC,SEMAGLUTIDE,1,"",UNK,,"","","","",,"",,"",Injection,"",7
24721687,247216871,1,I,20241210,20241210,20241210,20241210,DIR,731231,"",FDA-CTU,"",51,YR,"",F,N,110,KG,20241210,N,HP,US,"",247216871,OT,Mood altered,"",1,PS,OZEMPIC,SEMAGLUTIDE,1,Subcutaneous,0.5 MG WEKLY SUBCUTANEOUS,,"",Y,D,PZF9F62,,"",0.5,MG,"",999,7
24722639,247226391,1,I,,20241202,20241211,20241211,PER,"",US-MYLANLABS-2024M1109056,MYLAN,"",,"","",F,Y,78.93,KG,20241211,"",CN,US,US,,,Sneezing,"",4,C,OZEMPIC,SEMAGLUTIDE,1,Unknown,UNK,,"","","","",,"",,"",Unknown,"",
24723133,247231331,1,I,20240829,20241211,20241211,20241211,DIR,731362,"",FDA-CTU,"",53,YR,"",F,N,,"",20241211,N,"",US,"",247231331,HO,Sphincter of Oddi dysfunction,"",1,PS,SEMAGLUTIDE,SEMAGLUTIDE,1,"",OTHER FREQUENCY : weekly;?,,"","","",06172024@14,20241214,99,,"","",999,3
24724314,247243141,1,I,20240101,20241205,20241212,20241212,EXP,"",US-UCBSA-2024064097,UCB,"",,"","",F,Y,102.96,KG,20241212,"",MD,US,US,247243141,OT,Mental status changes,"",6,C,OZEMPIC,SEMAGLUTIDE,1,Subcutaneous,"1 milligram, Once Daily (qd), 2 mgil.5 mL (1 mg dose)",,"",U,"","",,"",1,MG,"",QD,7
24724357,247243571,1,I,,20241202,20241212,20241212,EXP,"",US-NOVOPROD-1332494,NOVO NORDISK,"",,"","",F,Y,,"",20241212,"",CN,US,US,247243571,OT,Rehabilitation therapy,"",1,PS,OZEMPIC,SEMAGLUTIDE,1,Subcutaneous,0.25 mg qw,,"",U,"",PZFAJ98,,209637,0.25,MG,Solution for injection,/WK,7
24724360,247243601,1,I,20241001,20241202,20241212,20241212,EXP,"",US-NOVOPROD-1332463,NOVO NORDISK,"",,"",A,M,Y,,"",20241212,"",CN,US,US,247243601,OT,Diarrhoea,"",1,PS,OZEMPIC,SEMAGLUTIDE,1,"","",,"",U,"","",,209637,,"",Solution for injection,"",7
24724369,247243691,1,I,20230701,20241202,20241212,20241212,EXP,"",US-NOVOPROD-1331583,NOVO NORDISK,"",71,YR,"",F,Y,,"",20241212,"",CN,US,US,247243691,OT,Constipation,"",1,PS,OZEMPIC,SEMAGLUTIDE,1,Subcutaneous,0.25 mg,,"",U,"","",,209637,0.25,MG,Solution for injection,"",7
24724370,247243701,1,I,20221202,20241203,20241212,20241212,EXP,"",US-NOVOPROD-1330224,NOVO NORDISK,"",63,YR,"",F,Y,,"",20241212,"",CN,US,US,247243701,HO,Cholecystectomy,"",1,PS,OZEMPIC,SEMAGLUTIDE,1,Subcutaneous,UNK,,"",U,"","",,209637,,"",Solution for injection,"",3
24724371,247243711,1,I,20231101,20241203,20241212,20241212,EXP,"",US-NOVOPROD-1330237,NOVO NORDISK,"",64,YR,"",M,Y,,"",20241212,"",CN,US,US,247243711,DE,Intestinal obstruction,"",1,PS,OZEMPIC,SEMAGLUTIDE,1,"","",,"",D,"","",,209637,,"",Solution for injection,"",1
24724375,247243751,1,I,20240401,20241202,20241212,20241212,EXP,"",US-NOVOPROD-1331299,NOVO NORDISK,"",65,YR,"",M,Y,,"",20241212,"",CN,US,US,247243751,OT,Blood glucose increased,"",1,SS,OZEMPIC,SEMAGLUTIDE,1,Subcutaneous,1 mg,,"",U,"",PAR0657,,"",1,MG,Solution for injection,"",7
24724378,247243781,1,I,,20241203,20241212,20241212,EXP,"",US-NOVOPROD-1330938,NOVO NORDISK,"",49,YR,"",M,Y,,"",20241212,"",CN,US,US,247243781,HO,Intestinal obstruction,"",1,PS,OZEMPIC,SEMAGLUTIDE,1,Subcutaneous,UNK,,"",U,"","",,209637,,"",Solution for injection,"",3
24724381,247243811,1,I,20240101,20241202,20241212,20241212,EXP,"",US-NOVOPROD-1324371,NOVO NORDISK,"",21,YR,"",F,Y,,"",20241212,"",HP,US,US,247243811,HO,Constipation,"",1,PS,WEGOVY,SEMAGLUTIDE,1,Subcutaneous,"1 mg, qw",89,MG,Y,"","",,215256,1,MG,Solution for injection,/WK,3
24724394,247243941,1,I,,20241203,20241212,20241212,EXP,"",US-NOVOPROD-1333481,NOVO NORDISK,"",,"","",M,Y,,"",20241212,"",MD,US,US,247243941,OT,Malabsorption,"",1,PS,WEGOVY,SEMAGLUTIDE,1,Subcutaneous,"1.7 mg, qw",,"",Y,"","",,215256,1.7,MG,Solution for injection,/WK,7
24724964,247249641,1,I,20240101,20241211,20241212,20241212,PER,"",US-ELI_LILLY_AND_COMPANY-US202412008209,ELI LILLY AND COMPANY,"",50,YR,A,F,Y,,"",20241212,"",HP,US,US,,,Drug hypersensitivity,"",5,C,OZEMPIC,SEMAGLUTIDE,1,Unknown,"UNK UNK, unknown",,"","","","",,"",,"","","",
24725146,247251462,2,F,,20241213,20241212,20241219,EXP,"",US-PHARMING-PHAUS2024001133,PHARMING GROUP,"",,"","","",Y,,"",20241219,"",CN,US,US,247251462,HO,Device related infection,"",5,C,WEGOVY,SEMAGLUTIDE,1,"","",,"","","","",,"",,"","","",3
24725870,247258701,1,I,,20241118,20241212,20241212,PER,"",US-ELI_LILLY_AND_COMPANY-US202412006450,ELI LILLY AND COMPANY,"",,"","","",Y,,"",20241212,"",CN,US,US,,,Injection site pain,"",3,C,OZEMPIC,SEMAGLUTIDE,1,Unknown,"UNK UNK, unknown",,"","","","",,"",,"","","",
24726322,247263221,1,I,20231018,20241211,20241211,20241211,DIR,731295,"",FDA-CTU,"",41,YR,"",M,N,156,KG,20241211,N,PH,US,"",247263221,HO,Vomiting,"",1,PS,SEMAGLUTIDE,SEMAGLUTIDE,1,Subcutaneous,OTHER FREQUENCY : QWEEK;?,,"",Y,D,"",,"",1,MG,"",999,3
24726471,247264711,1,I,20231013,20241211,20241211,20241211,DIR,731296,"",FDA-CTU,"",51,YR,"",F,N,69,KG,20241211,N,PH,US,"",247264711,HO,Nausea,"",1,PS,SEMAGLUTIDE,SEMAGLUTIDE,1,Subcutaneous,OTHER FREQUENCY : QWEEK;?,,"",Y,Y,"",,"",2.4,MG,"",999,3
24726473,247264731,1,I,20231019,20241211,20241211,20241211,DIR,731343,"",FDA-CTU,"",76,YR,"",M,N,,"",20241211,N,PH,US,"",,,Pancreatitis acute,"",1,PS,SEMAGLUTIDE,SEMAGLUTIDE,1,"","",,"","","","",,"",,"","","",
24726481,247264811,1,I,20230917,20241211,20241211,20241211,DIR,731299,"",FDA-CTU,"",66,YR,"",M,N,,"",20241211,N,PH,US,"",,,Abdominal pain,"",1,PS,SEMAGLUTIDE,SEMAGLUTIDE,1,"","",,"",D,"","",,"",,"","","",
24726775,247267751,1,I,,20241206,20241212,20241212,PER,"",NVSC2024US234685,NOVARTIS,"",59,YR,"",F,Y,117.91,KG,20241212,"",CN,US,US,,,Joint range of motion decreased,"",4,C,OZEMPIC,SEMAGLUTIDE,1,Unknown,UNK,,"",U,"","",,"",,"","","",
24726979,247269791,1,I,,20241206,20241212,20241212,PER,"",US-ELI_LILLY_AND_COMPANY-US202412005567,ELI LILLY AND COMPANY,"",72,YR,E,F,Y,,"",20241212,"",CN,US,US,,,Product dose omission issue,"",5,C,OZEMPIC,SEMAGLUTIDE,1,Unknown,"UNK UNK, unknown",,"","","","",,"",,"","","",
24727249,247272491,1,I,20240101,20241204,20241212,20241212,PER,"",US-SA-2024SA366402,SANOFI AVENTIS,"",43,YR,A,F,Y,115.45,KG,20241212,"",MD,US,US,,,Dyspnoea,"",8,C,OZEMPIC,SEMAGLUTIDE,1,"",UNK,,"",U,"","",,"",,"","","",
24727828,247278281,1,I,20240422,20241212,20241212,20241212,DIR,731535,"",FDA-CTU,"",35,YR,"",F,N,87,KG,20241212,N,PH,US,"",247278281,HO,Agitation,"",1,PS,SEMAGLUTIDE,SEMAGLUTIDE,1,Subcutaneous,OTHER FREQUENCY : Other;?,,"",D,D,"",,"",0.25,MG,"",999,3
24727829,247278291,1,I,20240209,20241212,20241212,20241212,DIR,731544,"",FDA-CTU,"",73,YR,"",M,N,85,KG,20241212,N,PH,US,"",247278291,HO,Therapy cessation,"",1,PS,SEMAGLUTIDE,SEMAGLUTIDE,1,Subcutaneous,OTHER FREQUENCY : QWEEK;?,,"",Y,D,"",,"",0.5,MG,"",999,3
24728118,247281181,1,I,20241127,20241202,20241212,20241212,EXP,"","US-CATALYST PHARMACEUTICALS, INC-US-CATA-24-01462",CATALYST PHARMA,"",57,YR,"",M,Y,108.84,KG,20241212,"",CN,US,US,247281181,HO,Pneumonia,"",11,C,OZEMPIC,SEMAGLUTIDE,1,Unknown,1 mg weekly,,"","","",Unknown,,"",1,MG,"",/WK,3
24728221,247282212,2,F,20240405,20241205,20241212,20241217,EXP,"",US-NOVOPROD-1325850,NOVO NORDISK,"",48,YR,"",F,Y,,"",20241217,"",CN,US,US,247282212,OT,Product use in unapproved indication,"",1,PS,OZEMPIC,SEMAGLUTIDE,1,"","",0.277,MG,Y,"","",,209637,,"",Solution for injection,"",7
24728992,247289921,1,I,20240605,20241202,20241213,20241213,EXP,"",US-NOVOPROD-1332495,NOVO NORDISK,"",66,YR,"",F,Y,,"",20241213,"",CN,US,US,247289921,HO,Postoperative wound complication,"",1,PS,OZEMPIC,SEMAGLUTIDE,1,Subcutaneous,2 mg( dose increased),,"",N,"","",,209637,2,MG,Solution for injection,"",3
24729555,247295551,1,I,20230601,20241204,20241213,20241213,EXP,"","US-B.I. Pharmaceuticals,Inc./Ridgefield-2024-BI-068413",BOEHRINGER INGELHEIM,"",63,YR,A,F,Y,97.96,KG,20241213,"",CN,US,US,247295551,HO,Nausea,"",4,SS,OZEMPIC,SEMAGLUTIDE,1,"","",,"",N,"",Unknown,,"",1,MG,"",/WK,3
24730185,247301851,1,I,20240501,20241212,20241213,20241213,PER,"","US-B.I. Pharmaceuticals,Inc./Ridgefield-2024-BI-068522",BOEHRINGER INGELHEIM,"",62,YR,A,F,Y,,"",20241213,"",CN,US,US,,,Fungal infection,"",3,C,OZEMPIC,SEMAGLUTIDE,1,"","",,"","","","",,"",,"","","",
24730282,247302821,1,I,,20241209,20241213,20241213,EXP,"",US-SA-2024SA367413,SANOFI AVENTIS,"",76,YR,E,F,Y,,"",20241213,"",CN,US,US,247302821,OT,Glaucoma,"",3,C,OZEMPIC,SEMAGLUTIDE,1,"",UNK,,"",U,"","",,"",,"","","",7
24730825,247308251,1,I,20240101,20241203,20241213,20241213,EXP,"",US-SA-2024SA364884,SANOFI AVENTIS,"",31,YR,A,F,Y,,"",20241213,"",CN,US,US,247308251,DS,Wheezing,"",8,C,RYBELSUS,SEMAGLUTIDE,1,"","",,"",U,"","",,"",,"",Tablet,"",4
24731329,247313291,1,I,20241207,20241212,20241212,20241212,DIR,731664,"",FDA-CTU,"",66,YR,"",F,N,130.95,KG,20241212,N,CN,US,"",,,Rash erythematous,"",13,C,OZEMPIC,SEMAGLUTIDE,1,"","",,"","","","",,"",,"","","",
24731544,247315441,1,I,20241210,20241212,20241212,20241212,DIR,731659,"",FDA-CTU,"",41,YR,"",F,N,82.35,KG,20241212,N,CN,US,"",247315441,RI,Mood swings,"",1,PS,OZEMPIC,SEMAGLUTIDE,1,"","",,"",N,D,"",,"",,"","","",6
24731545,247315451,1,I,20240820,20241212,20241212,20241212,DIR,731640,"",FDA-CTU,"",60,YR,"",F,N,92.25,KG,20241212,N,CN,US,"",247315451,DS,Negative thoughts,"",1,PS,OZEMPIC,SEMAGLUTIDE,1,Other,OTHER FREQUENCY : once per week;?OTHER ROUTE : injection;?,,"",Y,D,"",,"",,"","",999,4
24731747,247317471,1,I,20240930,20241213,20241213,20241213,DIR,731748,"",FDA-CTU,"",58,YR,"",F,N,76,KG,20241213,N,PH,US,"",247317471,HO,Hypophagia,"",2,C,SEMAGLUTIDE,SEMAGLUTIDE,1,"","",,"","","","",,"",,"","","",3
24732224,247322242,2,F,,20241211,20241213,20241216,PER,"",US-Calliditas-2024CAL02846,CALLIDITAS THERAPEUTICS AB,"",73,YR,E,F,Y,58,KG,20241216,"",CN,US,US,,,Weight increased,"",5,C,OZEMPIC,SEMAGLUTIDE,1,"","",,"","","","",,"",,"","","",
24732322,247323221,1,I,20241101,20241203,20241213,20241213,EXP,"",US-TEVA-VS-3273081,TEVA,"",60,YR,"",F,Y,,"",20241213,"",CN,US,US,247323221,OT,Decreased interest,"",14,C,OZEMPIC,SEMAGLUTIDE,1,"",(0.2 SOP 2mg/ml),,"","","","",,"",,"","","",7
24732788,247327881,1,I,20241207,20241213,20241213,20241213,DIR,731823,"",FDA-CTU,"",55,YR,"",F,N,78.75,KG,20241213,N,CN,US,"",247327881,DE,Completed suicide,"",1,PS,WEGOVY,SEMAGLUTIDE,1,Subcutaneous,0.5 INJECTION (S) SUBCUTANEOUS,,"",N,D,"",,"",,"","",999,1
24732904,247329041,1,I,,20241204,20241213,20241213,PER,"",US-INCYTE CORPORATION-2024IN012835,INCYTE,"",,"","","",Y,,"",20241213,"",CN,US,US,,,Myalgia,"",7,C,WEGOVY,SEMAGLUTIDE,1,Unknown,0.25 milligram,,"","","","",,"",0.25,MG,Injection,"",
24733344,247333441,1,I,20240101,20241209,20241213,20241213,PER,"",US-SA-2024SA367299,SANOFI AVENTIS,"",59,YR,A,F,Y,,"",20241213,"",HP,US,US,,,Stress,"",3,C,OZEMPIC,SEMAGLUTIDE,1,"","",,"","","","",,"",,"","","",
24733383,247333831,1,I,20240101,20241209,20241213,20241213,PER,"",US-SA-2024SA365785,SANOFI AVENTIS,"",64,YR,A,F,Y,,"",20241213,"",MD,US,US,,,Pruritus,"",3,C,OZEMPIC,SEMAGLUTIDE,1,"",UNK,,"",U,"","",,"",,"","","",
24733526,247335261,1,I,,20231115,20241213,20241213,PER,"",US-NOVOPROD-1141993,NOVO NORDISK,"",,"","",M,Y,,"",20241213,"",CN,US,US,,,Contusion,"",2,C,OZEMPIC,SEMAGLUTIDE,1,Subcutaneous,UNK,,"",N,"",MZF1K09,,"",,"",Solution for injection,"",
24733675,247336751,1,I,,20240905,20241213,20241213,PER,"",US-NOVOPROD-1279069,NOVO NORDISK,"",,"",A,F,Y,,"",20241213,"",CN,US,US,,,Blood glucose increased,"",1,SS,OZEMPIC,SEMAGLUTIDE,1,Subcutaneous,0.25 mg,,"",U,"",PZF9M93,,"",0.25,MG,Solution for injection,"",
24733688,247336882,2,F,20240812,20241112,20241213,20241213,PER,"",US-NOVOPROD-1308164,NOVO NORDISK,"",63,YR,"",F,Y,,"",20241213,"",MD,US,US,,,COVID-19,"",5,SS,OZEMPIC,SEMAGLUTIDE,1,Subcutaneous,"0.25 mg, qw",,"","","","",,"",0.25,MG,Solution for injection,/WK,
24733880,247338801,1,I,20240101,20241210,20241214,20241214,PER,"",US-UNITED THERAPEUTICS-UNT-2024-039741,UNITED THERAPEUTICS,"",,"","",M,Y,91.156,KG,20241214,"","",US,US,,,Therapy non-responder,"",7,C,OZEMPIC,SEMAGLUTIDE,1,"",UNK,,"","","","",,"",,"","","",
24734087,247340871,1,I,,20241201,20241214,20241214,EXP,"",US-JNJFOC-20241227976,JOHNSON AND JOHNSON,"Gooding MS, Dima HA, Epling B, Rocco J, Laidlaw E, Kuriakose S, et al. Perplexing paradoxical reactions: navigating the complexity of protracted tuberculosis meningitis?a case report. Front Immunol. 2024;doi:https://doi.org/10.3389/fimmu.2024.1441945.",45,YR,A,M,Y,,"",20241214,"",HP,US,US,247340871,OT,Neutropenia,"",8,C,SEMAGLUTIDE,SEMAGLUTIDE,1,"","",,"","","","",,"",,"","","",7
24734599,247345991,1,I,20241001,20241210,20241214,20241214,PER,"",US-SA-2024SA368497,SANOFI AVENTIS,"",65,YR,E,F,Y,,"",20241214,"",HP,US,US,,,Pain,"",4,C,OZEMPIC,SEMAGLUTIDE,1,"","",,"",U,"","",,"",,"","","",
24734696,247346961,1,I,20241205,20241206,20241214,20241214,EXP,"",US-MedisourceRx-2167080,MEDISOURCERX - No Location Specified,"",57,YR,"",M,Y,,"",20241214,"",MD,US,US,247346961,HO,Pancreatitis acute,"",1,PS,SEMAGLUTIDE,SEMAGLUTIDE,1,"","",,"","","","",,"",,"","","",3
24734955,247349552,2,F,,20241226,20241215,20241230,PER,"",US-SA-2024SA368514,SANOFI AVENTIS,"",,"",E,F,Y,,"",20241230,"",MD,US,US,,,Accidental exposure to product,"",7,C,OZEMPIC,SEMAGLUTIDE,1,"","",,"",U,"","",,"",,"","","",
24735055,247350551,1,I,20240101,20241206,20241215,20241215,PER,"",US-SA-2024SA368967,SANOFI AVENTIS,"",72,YR,E,M,Y,,"",20241215,"",PH,US,US,,,Injection site pruritus,"",3,C,OZEMPIC,SEMAGLUTIDE,1,"","",,"",U,"","",,"",,"","","",
24735234,247352342,2,F,20240101,20241216,20241215,20241218,EXP,"",US-ABBVIE-6043645,ABBVIE,"",62,YR,"",F,Y,86.182,KG,20241218,"",CN,US,US,247352342,OT,Stomatitis,"",8,C,WEGOVY,SEMAGLUTIDE,1,"","",,"","","","",,"",,"","","",7
24735249,247352491,1,I,20240702,20241210,20241215,20241215,EXP,"",US-ABBVIE-5855169,ABBVIE,"",64,YR,"",F,Y,,"",20241215,"",CN,US,US,247352491,OT,Abdominal pain upper,"",4,C,OZEMPIC,SEMAGLUTIDE,1,"","",,"","","","",,"",1,MG,"","",7
24735811,247358111,1,I,20220601,20241204,20241216,20241216,EXP,"",US-NOVOPROD-1291065,NOVO NORDISK,"",59,YR,"",M,Y,87.08,KG,20241216,"",CN,US,US,247358111,HO,Dyspepsia,"",1,PS,OZEMPIC,SEMAGLUTIDE,1,Subcutaneous,"0.25 mg, qw",,"",U,"","",,209637,0.25,MG,Solution for injection,/WK,3
24736176,247361761,1,I,20240101,20241209,20241216,20241216,EXP,"",US-SA-2024SA366609,SANOFI AVENTIS,"",,"",A,F,Y,,"",20241216,"",MD,US,US,247361761,HO,Urinary retention,"",3,C,RYBELSUS,SEMAGLUTIDE,1,"",UNK,,"",U,"","",,"",,"",Tablet,"",3
24736242,247362421,1,I,20230301,20241211,20241216,20241216,EXP,"",US-BRISTOL-MYERS SQUIBB COMPANY-2024-193492,BRISTOL-MYERS SQUIBB COMPANY,"",54,YR,A,M,Y,,"",20241216,"",CN,US,US,247362421,HO,COVID-19,"",6,C,SEMAGLUTIDE,SEMAGLUTIDE,1,"","",,"",U,"","",,"",,"","","",3
24737356,247373561,1,I,,20241202,20241216,20241216,EXP,"",US-HIKMA PHARMACEUTICALS-US-H14001-24-11470,HIKMA,"Gooding MS, Hammoud DA, Epling B, Rocco J, Laidlaw E, Kuriakose S, et al.. Gooding MS, Hammoud DA, Epling B, Rocco J, Laidlaw E, Kuriakose S, Chaturvedi M, Galindo F, Ma SV, Mystakelis H, Poole A, Russo K, Shah M, Malone JL, Rupert AW, Sereti I, Manion M. Perplexing paradoxical reactions: Navigating the complexity of protracted tuberculosis meningitis-a case report.. Frontiers in Immunology. 2024;/:1-11",45,YR,"",M,Y,,"",20241216,"",MD,US,US,247373561,OT,Condition aggravated,"",11,SS,SEMAGLUTIDE,SEMAGLUTIDE,1,Unknown,unknown,,"","","",unknown,,"",,"","","",7
24737599,247375991,1,I,20240701,20240726,20241216,20241216,EXP,"",US-RECORDATI RARE DISEASE INC.-2024005151,RECORDATI,"",,"","","",Y,,"",20241216,"",HP,US,US,,,Cystitis,"",18,C,OZEMPIC,SEMAGLUTIDE,1,"","",,"",D,"","",,"",,"","","",
24737600,247376001,1,I,20180101,20241213,20241213,20241213,DIR,731849,"",FDA-CTU,"",41,YR,"",M,N,108,KG,20241213,N,CN,US,"",247376001,DS,Contusion,"",5,C,OZEMPIC,SEMAGLUTIDE,1,"","",,"","","","",,"",,"","","",4
24737623,247376231,1,I,20240901,20240917,20241216,20241216,EXP,"",US-RECORDATI RARE DISEASE INC.-2024007267,RECORDATI,"",,"","","",Y,,"",20241216,"",HP,US,US,,,Headache,"",6,C,WEGOVY,SEMAGLUTIDE,1,"",UNK,,"",D,"","",,"",,"","","",
24737655,247376551,1,I,,20241211,20241216,20241216,EXP,"",US-SA-2024SA368368,SANOFI AVENTIS,"",65,YR,E,F,Y,,"",20241216,"",MD,US,US,247376551,HO,Dyspnoea,"",4,C,OZEMPIC,SEMAGLUTIDE,1,"","",,"",U,"","",,"",,"","","",3
24738684,247386841,1,I,,20241212,20241216,20241216,EXP,"",US-INCYTE CORPORATION-2024IN013205,INCYTE,"",,"","","",Y,,"",20241216,"",CN,US,US,247386841,OT,Sciatica,"",25,C,OZEMPIC,SEMAGLUTIDE,1,Unknown,1 M SOP 4mg/3ml,,"","","","",,"",,"","","",7
24739306,247393061,1,I,,20241213,20241216,20241216,PER,"",US-Calliditas-2024CAL01639,CALLIDITAS THERAPEUTICS AB,"",49,YR,A,M,Y,139.7,KG,20241216,"",CN,US,US,,,Food craving,"",2,C,SEMAGLUTIDE,SEMAGLUTIDE,1,"","",,"","","","",,"",,"","","",
24739629,247396291,1,I,,20241206,20241216,20241216,PER,"",US-SA-2024SA369648,SANOFI AVENTIS,"",,"",A,F,Y,75.91,KG,20241216,"",MD,US,US,,,Pain,"",2,C,OZEMPIC,SEMAGLUTIDE,1,"",UNK,,"",U,"","",,"",,"",Injection,"",
24739648,247396481,1,I,,20241211,20241216,20241216,PER,"",US-SA-2024SA368385,SANOFI AVENTIS,"",,"",E,F,Y,,"",20241216,"",MD,US,US,,,Pruritus,"",14,C,OZEMPIC,SEMAGLUTIDE,1,"","",,"",U,"","",,"",,"","","",
24739954,247399541,1,I,,20241205,20241216,20241216,EXP,"",US-BRISTOL-MYERS SQUIBB COMPANY-2024-190049,BRISTOL-MYERS SQUIBB COMPANY,"",78,YR,E,M,Y,136.08,KG,20241216,"",CN,US,US,247399541,HO,Dyspnoea,"",4,C,RYBELSUS,SEMAGLUTIDE,1,"","",,"","","","",,"",,"",Tablet,"",3
24740537,247405371,1,I,20241004,20241203,20241217,20241217,EXP,"",US-NOVOPROD-1331702,NOVO NORDISK,"",77,YR,"",M,Y,,"",20241217,"",CN,US,US,247405371,HO,Injection site infection,"",1,PS,OZEMPIC,SEMAGLUTIDE,1,Subcutaneous,1 mg,,"",U,"","",,209637,1,MG,Solution for injection,"",3
24740546,247405461,1,I,20241119,20241203,20241217,20241217,EXP,"",US-NOVOPROD-1331893,NOVO NORDISK,"",,"","",M,Y,,"",20241217,"",CN,US,US,247405461,OT,Sleep disorder,"",1,PS,OZEMPIC,SEMAGLUTIDE,1,Subcutaneous,0.5 mg,,"",U,"","",,209637,0.5,MG,Solution for injection,"",7
24740547,247405471,1,I,20241106,20241204,20241217,20241217,EXP,"",US-NOVOPROD-1333655,NOVO NORDISK,"",69,YR,"",F,Y,,"",20241217,"",CN,US,US,247405471,HO,Device occlusion,"",1,PS,OZEMPIC,SEMAGLUTIDE,1,Subcutaneous,0.25 mg,,"",U,"",PZFAJ95,,209637,,"",Solution for injection,"",3
24740550,247405501,1,I,,20241204,20241217,20241217,EXP,"",US-NOVOPROD-1333148,NOVO NORDISK,"",,"","",F,Y,,"",20241217,"",MD,US,US,247405501,OT,Seizure,"",1,PS,OZEMPIC,SEMAGLUTIDE,1,Subcutaneous,UNK,,"",Y,"","",,209637,,"",Solution for injection,"",7
24740551,247405511,1,I,20230401,20241203,20241217,20241217,EXP,"",US-NOVOPROD-1332333,NOVO NORDISK,"",73,YR,"",M,Y,,"",20241217,"",CN,US,US,247405511,HO,Off label use,"",1,PS,OZEMPIC,SEMAGLUTIDE,1,Subcutaneous,UNK,,"",U,"","",,209637,,"",Solution for injection,"",3
24740552,247405521,1,I,,20241204,20241217,20241217,EXP,"",US-NOVOPROD-1333070,NOVO NORDISK,"",,"","",F,Y,,"",20241217,"",MD,US,US,247405521,HO,Blindness unilateral,"",1,PS,OZEMPIC,SEMAGLUTIDE,1,Subcutaneous,UNK,,"",U,"","",,209637,,"",Solution for injection,"",3
24740553,247405531,1,I,20240101,20241203,20241217,20241217,EXP,"",US-NOVOPROD-1333472,NOVO NORDISK,"",,"",A,F,Y,,"",20241217,"",HP,US,US,247405531,OT,Cholecystitis,"",1,PS,OZEMPIC,SEMAGLUTIDE,1,Subcutaneous,0.5mg,,"",Y,"","",,209637,,"",Solution for injection,"",7
24740554,247405541,1,I,,20241204,20241217,20241217,EXP,"",US-NOVOPROD-1332466,NOVO NORDISK,"",,"","",M,Y,,"",20241217,"",CN,US,US,247405541,OT,Wrong technique in product usage process,"",1,PS,OZEMPIC,SEMAGLUTIDE,1,Subcutaneous,"0.5 mg, qw",,"",U,"","",,209637,0.5,MG,Solution for injection,/WK,7
24740556,247405561,1,I,,20241204,20241217,20241217,EXP,"",US-NOVOPROD-1333637,NOVO NORDISK,"",,"","",F,Y,,"",20241217,"",CN,US,US,247405561,OT,Foot fracture,"",1,PS,OZEMPIC,SEMAGLUTIDE,1,Subcutaneous,UNK,,"","","","",,209637,,"",Solution for injection,"",7
24740558,247405581,1,I,20230801,20241203,20241217,20241217,EXP,"",US-NOVOPROD-1332354,NOVO NORDISK,"",65,YR,"",M,Y,,"",20241217,"",CN,US,US,247405581,HO,Knee arthroplasty,"",1,PS,OZEMPIC,SEMAGLUTIDE,1,Subcutaneous,UNK,,"",U,"","",,209637,,"",Solution for injection,"",3
24740559,247405591,1,I,20241201,20241204,20241217,20241217,EXP,"",US-NOVOPROD-1332485,NOVO NORDISK,"",77,YR,"",M,Y,,"",20241217,"",MD,US,US,247405591,HO,Visual impairment,"",1,PS,OZEMPIC,SEMAGLUTIDE,1,Subcutaneous,"0.5 mg, qw",,"","","","",,209637,0.5,MG,Solution for injection,/WK,3
24740560,247405601,1,I,20241010,20241203,20241217,20241217,EXP,"",US-NOVOPROD-1332255,NOVO NORDISK,"",73,YR,"",F,Y,,"",20241217,"",CN,US,US,247405601,HO,Diarrhoea,"",1,PS,OZEMPIC,SEMAGLUTIDE,1,Subcutaneous,"2 mg, qw",,"",Y,"","",,209637,2,MG,Solution for injection,/WK,3
24740564,247405641,1,I,20240101,20241203,20241217,20241217,EXP,"",US-NOVOPROD-1332395,NOVO NORDISK,"",,"","",F,Y,,"",20241217,"",CN,US,US,247405641,OT,Abdominal discomfort,"",1,PS,WEGOVY,SEMAGLUTIDE,1,Subcutaneous,1.7 mg,,"",U,"","",,215256,1.7,MG,Solution for injection,"",7
24740565,247405651,1,I,20241031,20241203,20241217,20241217,EXP,"",US-NOVOPROD-1332330,NOVO NORDISK,"",77,YR,"",M,Y,,"",20241217,"",CN,US,US,247405651,OT,Polyp,"",1,PS,OZEMPIC,SEMAGLUTIDE,1,Subcutaneous,"0.5 mg, qw",,"","","","",,209637,0.5,MG,Solution for injection,/WK,7
24740569,247405691,1,I,20240901,20241205,20241217,20241217,EXP,"",US-NOVOPROD-1333942,NOVO NORDISK,"",74,YR,"",F,Y,,"",20241217,"",CN,US,US,247405691,HO,Breast cancer,"",1,PS,OZEMPIC,SEMAGLUTIDE,1,Subcutaneous,"0.5 mg, qw",,"",U,"",pzf9v80,,209637,0.5,MG,Solution for injection,/WK,3
24740593,247405932,2,F,20240101,20241219,20241217,20241226,PER,"",US-UNITED THERAPEUTICS-UNT-2024-033069,UNITED THERAPEUTICS,"",,"","",M,Y,93.878,KG,20241226,"","",US,US,,,Product dose omission issue,"",13,C,OZEMPIC,SEMAGLUTIDE,1,"",UNK,,"","","","",,"",,"","","",
24740720,247407201,1,I,,20241205,20241217,20241217,EXP,"",US-NOVOPROD-1335110,NOVO NORDISK,"",60,YR,"",F,Y,,"",20241217,"",MD,US,US,247407201,HO,Small intestinal obstruction,"",1,PS,OZEMPIC,SEMAGLUTIDE,1,Subcutaneous,0.25 mg,,"",Y,"","",,209637,0.25,MG,Solution for injection,"",3
24740728,247407281,1,I,,20241206,20241217,20241217,EXP,"",US-NOVOPROD-1333214,NOVO NORDISK,"",,"","",F,Y,,"",20241217,"",MD,US,US,247407281,OT,Hyperthyroidism,"",1,PS,WEGOVY,SEMAGLUTIDE,1,Subcutaneous,"0.25 mg, qw",,"","","","",,215256,0.25,MG,Solution for injection,/WK,7
24740729,247407291,1,I,,20241206,20241217,20241217,EXP,"",US-NOVOPROD-1333841,NOVO NORDISK,"",,"","",F,Y,,"",20241217,"",CN,US,US,247407291,OT,Pneumonia,"",1,PS,OZEMPIC,SEMAGLUTIDE,1,Subcutaneous,0.5 mg,,"",U,"",PZF9N37,,209637,0.5,MG,Solution for injection,"",7
24740730,247407301,1,I,,20241205,20241217,20241217,EXP,"",US-NOVOPROD-1334196,NOVO NORDISK,"",,"","",F,Y,,"",20241217,"",CN,US,US,247407301,HO,Cataract operation,"",1,PS,OZEMPIC,SEMAGLUTIDE,1,Subcutaneous,UNK,,"",U,"","",,209637,,"",Solution for injection,"",3
24740733,247407331,1,I,20240901,20241205,20241217,20241217,EXP,"",US-NOVOPROD-1335113,NOVO NORDISK,"",75,YR,"",M,Y,,"",20241217,"",CN,US,US,247407331,OT,Thyroid cancer,"",1,PS,OZEMPIC,SEMAGLUTIDE,1,Subcutaneous,UNK,,"",U,"","",,209637,,"",Solution for injection,"",7
24740737,247407371,1,I,20240101,20241205,20241217,20241217,EXP,"",US-NOVOPROD-1335129,NOVO NORDISK,"",63,YR,"",F,Y,,"",20241217,"",CN,US,US,247407371,HO,Urinary tract infection,"",1,PS,OZEMPIC,SEMAGLUTIDE,1,Subcutaneous,UNK,,"",U,"","",,209637,,"",Solution for injection,"",3
24740739,247407391,1,I,20210101,20241205,20241217,20241217,EXP,"",US-NOVOPROD-1334213,NOVO NORDISK,"",83,YR,"",M,Y,,"",20241217,"",CN,US,US,247407391,OT,Inappropriate schedule of product administration,"",1,PS,OZEMPIC,SEMAGLUTIDE,1,Subcutaneous,"0.25 mg, qw (decreased)",,"",U,"","",,209637,0.25,MG,Solution for injection,/WK,7
24740746,247407461,1,I,,20241206,20241217,20241217,EXP,"",US-NOVOPROD-1334901,NOVO NORDISK,"",64,YR,"",F,Y,113.64,KG,20241217,"",CN,US,US,247407461,DS,Pain,"",1,PS,WEGOVY,SEMAGLUTIDE,1,Subcutaneous,UNK,,"",U,"","",,215256,,"",Solution for injection,"",4
24740747,247407471,1,I,20240101,20241206,20241217,20241217,EXP,"",US-NOVOPROD-1335413,NOVO NORDISK,"",,"","",M,Y,,"",20241217,"",CN,US,US,247407471,OT,Weight decreased,"",1,PS,OZEMPIC,SEMAGLUTIDE,1,Subcutaneous,UNK,,"",U,"","",,209637,,"",Solution for injection,"",7
24740748,247407481,1,I,20240601,20241206,20241217,20241217,EXP,"",US-NOVOPROD-1335984,NOVO NORDISK,"",,"","",F,Y,,"",20241217,"",CN,US,US,247407481,HO,Lower limb fracture,"",1,PS,OZEMPIC,SEMAGLUTIDE,1,Subcutaneous,UNK,,"",U,"",PZF9A71,,209637,,"",Solution for injection,"",3
24740749,247407491,1,I,20221001,20241211,20241217,20241217,EXP,"",US-NOVOPROD-1335606,NOVO NORDISK,"",42,YR,"",M,Y,,"",20241217,"",CN,US,US,247407491,HO,Mallory-Weiss syndrome,"",1,PS,OZEMPIC,SEMAGLUTIDE,1,Subcutaneous,"0.25 mg, qw",,"","","","",,209637,0.25,MG,Solution for injection,/WK,3
24740750,247407501,1,I,,20241206,20241217,20241217,EXP,"",US-NOVOPROD-1335327,NOVO NORDISK,"",,"","",F,Y,,"",20241217,"",CN,US,US,247407501,OT,Lethargy,"",1,PS,WEGOVY,SEMAGLUTIDE,1,Subcutaneous,UNK,,"",U,"","",,215256,,"",Solution for injection,"",7
24740760,247407601,1,I,20221101,20241211,20241217,20241217,EXP,"",US-NOVOPROD-1265699,NOVO NORDISK,"",43,YR,"",F,Y,98.866,KG,20241217,"",CN,US,US,247407601,HO,Impaired gastric emptying,"",1,PS,OZEMPIC,SEMAGLUTIDE,1,Subcutaneous,"0.25 mg, qw",4,MG,U,"","",,209637,0.25,MG,Solution for injection,/WK,3
24741150,247411501,1,I,20240901,20241213,20241217,20241217,PER,"",US-ELI_LILLY_AND_COMPANY-US202412010434,ELI LILLY AND COMPANY,"",59,YR,A,"",Y,,"",20241217,"",MD,US,US,,,Product storage error,"",3,C,WEGOVY,SEMAGLUTIDE,1,Unknown,"UNK UNK, unknown",,"","","","",,"",,"","","",
24741181,247411812,2,F,,20241210,20241217,20241218,PER,"",US-ASTRAZENECA-202412USA007514US,ALEXION PHARMACEUTICALS,"",,"","","",Y,,"",20241218,"","",US,US,,,Memory impairment,"",3,C,OZEMPIC,SEMAGLUTIDE,1,Unknown,"",,"","","","",,"",,"","","",
24741791,247417911,1,I,20241213,20241213,20241213,20241213,DIR,FDA-CDER-CTU-2024-86259,"",FDA-CTU,"",43,YR,"",F,N,68.04,KG,20241213,N,"",US,"",247417911,OT,Ventricular extrasystoles,"",2,SS,OZEMPIC,SEMAGLUTIDE,1,"","",,"","","","",,"",,"","","",7
24741913,247419131,1,I,20210623,20241204,20241217,20241217,EXP,"",US-SANDOZ INC.-SDZ2024US057061,SANDOZ,"",57,YR,"",M,Y,,"",20241217,"",CN,US,US,247419131,HO,Pain,"",37,C,OZEMPIC,SEMAGLUTIDE,1,Unknown,"",,"","","","",,"",,"","","",3
24741967,247419672,2,F,20241201,20241220,20241217,20241225,PER,"",US-AMGEN-USASP2024246474,AMGEN,"",74,YR,E,F,Y,,"",20241225,"",HP,US,US,,,Injection site pain,"",3,C,OZEMPIC,SEMAGLUTIDE,1,"","",,"","","","",,"",,"","","",
24741973,247419732,2,F,20240101,20241220,20241217,20241226,EXP,"",US-AMGEN-USASP2024245348,AMGEN,"",72,YR,E,M,Y,,"",20241226,"",MD,US,US,247419732,OT,Malaise,"",3,C,OZEMPIC,SEMAGLUTIDE,1,"","1 milligram, qwk",,"","","","",,"",1,MG,"",/WK,7
24742031,247420311,1,I,20241116,20241213,20241213,20241213,DIR,731890,"",FDA-CTU,"",44,YR,"",F,N,125,KG,20241213,Y,CN,US,"",247420311,LT,Seizure,"",1,PS,SEMAGLUTIDE,SEMAGLUTIDE,1,Subcutaneous,OTHER QUANTITY : 5 Injection(s)?OTHER FREQUENCY : once a week?,,"",N,D,,20240724,99,,"","",999,2
24742198,247421982,2,F,20241209,20241222,20241217,20241227,EXP,"",US-ABBVIE-6040676,ABBVIE,"",60,YR,"",M,Y,91,KG,20241227,"",CN,US,US,247421982,OT,Pain,"",15,C,OZEMPIC,SEMAGLUTIDE,1,"","",,"","","","",,"",1,MG,Injection,/WK,7
24742260,247422602,2,F,,20241217,20241217,20241220,PER,"",US-PHARMING-PHAUS2024001094,PHARMING GROUP,"",,"","","",Y,,"",20241220,"",CN,US,US,,,Urinary tract infection,"",5,C,OZEMPIC,SEMAGLUTIDE,1,"","",,"","","","",,"",,"",Injection,"",
24742619,247426192,2,F,,20241220,20241217,20241227,PER,"",US-PHARMING-PHAUS2024001142,PHARMING GROUP,"",,"","","",Y,,"",20241227,"",CN,US,US,,,Intentional product use issue,"",4,C,OZEMPIC,SEMAGLUTIDE,1,"","",,"","","","",,"",,"","","",
24742661,247426611,1,I,20241208,20241214,20241214,20241214,DIR,731936,"",FDA-CTU,"",41,YR,"",F,N,81,KG,20241214,N,CN,US,"",247426611,DS,Contusion,"",1,PS,CYANOCOBALAMIN\SEMAGLUTIDE,CYANOCOBALAMIN\SEMAGLUTIDE,1,Subcutaneous,ONCE A WEEK SUBCUTANEOUS,,"","","","",,99,,"","",999,4
24742668,247426681,1,I,20241206,20241214,20241214,20241214,DIR,731916,"",FDA-CTU,"",37,YR,"",F,N,76.5,KG,20241214,N,CN,US,"",247426681,DS,Nausea,"",1,PS,SEMAGLUTIDE,SEMAGLUTIDE,1,Other,OTHER QUANTITY : 28 Tablet(s)?Frequency : Daily?OTHER ROUTE : sublingual between cheek and gum?,,"",N,D,"",20250511,99,,"","",QD,4
24742804,247428041,1,I,,20241210,20241217,20241217,EXP,"",US-JAZZ PHARMACEUTICALS-2024-US-023634,JAZZ,"",,"","",F,Y,,"",20241217,"",CN,US,US,247428041,OT,Fatigue,"",5,C,OZEMPIC,SEMAGLUTIDE,1,"",1 MG/DOSE (4 MG/3 ML),,"","","","",,"",,"","","",7
24743042,247430421,1,I,20241111,20241215,20241215,20241215,DIR,731966,"",FDA-CTU,"",44,YR,"",F,N,99.9,KG,20241215,N,CN,US,"",247430421,OT,Hypoglycaemia,"",1,PS,OZEMPIC,SEMAGLUTIDE,1,Subcutaneous,1 INJECTION WEEKLY SUBCUTANEOUS,,"",N,D,"",,"",,"","",999,7
24743079,247430791,1,I,20241208,20241215,20241215,20241215,DIR,731985,"",FDA-CTU,"",38,YR,"",M,N,94.5,KG,20241215,N,CN,US,"",247430791,HO,Blindness unilateral,"",1,PS,WEGOVY,SEMAGLUTIDE,1,"","",,"","","","",,"",,"","","",3
24743084,247430841,1,I,20240930,20241215,20241215,20241215,DIR,731975,"",FDA-CTU,"",56,YR,"",M,N,,"",20241215,N,HP,US,"",,,Peripheral coldness,"",1,PS,OZEMPIC,SEMAGLUTIDE,1,"","",,"","","","",,"",,"","","",
24743484,247434841,1,I,20240101,20241202,20241217,20241217,EXP,"","US-MADRIGAL PHARMACEUTICALS, INC-2024REZ3044",MADRIGAL PHARMACEUTICALS,"",,"","","",Y,,"",20241217,"",CN,US,US,,,Diarrhoea,"",6,C,OZEMPIC,SEMAGLUTIDE,1,"",2mg/3 ml,,"","","","",,"",,"",Injection,"",
24744461,247444611,1,I,,20241204,20241217,20241217,EXP,"",US-BAYER-2024A175671,BAYER HEALTHCARE PHARMACEUTICALS INC.,"Megan S. Gooding1 *, Dima A. Hammoud2 , Brian Epling3 , Joseph Rocco3 , Elizabeth Laidlaw3 , Safia Kuriakose1 , Mansi Chaturvedi 4,5, Frances Galindo3 , Stella V. Ma 3 , Harry Mystakelis 3 , April Poo. Perplexing paradoxical reactions: navigating the complexity of protracted tuberculosis meningitis-a case report. Frontiers in Immunology. 2024;15:Article Number: 1441945",45,YR,A,M,Y,,"",20241217,"",HP,US,US,247444611,OT,Meningitis tuberculous,"",8,C,SEMAGLUTIDE,SEMAGLUTIDE,1,"","",,"","","","",,"",,"","","",7
24745267,247452671,1,I,20240101,20241210,20241217,20241217,PER,"",US-UNITED THERAPEUTICS-UNT-2024-040217,UNITED THERAPEUTICS,"",,"","",F,Y,67.12,KG,20241217,"","",US,US,,,Nasopharyngitis,"",14,C,OZEMPIC,SEMAGLUTIDE,1,"",UNK,,"","","","",,"",,"","","",
24745417,247454171,1,I,20240401,20241203,20241217,20241217,EXP,"",US-NOVOPROD-1332143,NOVO NORDISK,"",73,YR,"",F,Y,,"",20241218,"",CN,US,US,247454171,OT,Blood pressure fluctuation,"",1,PS,OZEMPIC,SEMAGLUTIDE,1,Subcutaneous,UNK,,"",U,"","",,209637,,"",Solution for injection,"",7
24745420,247454201,1,I,20241204,20241205,20241217,20241217,EXP,"",US-NOVOPROD-1335126,NOVO NORDISK,"",65,YR,"",F,Y,,"",20241218,"",CN,US,US,247454201,OT,Vomiting,"",1,PS,OZEMPIC,SEMAGLUTIDE,1,Subcutaneous,0.25 mg,,"",U,"",PZFBG53,,209637,0.25,MG,Solution for injection,"",7
24745421,247454211,1,I,20230801,20241205,20241217,20241217,EXP,"",US-NOVOPROD-1335118,NOVO NORDISK,"",74,YR,"",M,Y,,"",20241218,"",CN,US,US,247454211,HO,Myocardial infarction,"",1,PS,OZEMPIC,SEMAGLUTIDE,1,Subcutaneous,0.5 mg,,"",Y,"","",,209637,0.5,MG,Solution for injection,"",3
24745424,247454241,1,I,20230101,20241205,20241217,20241217,EXP,"",US-NOVOPROD-1335238,NOVO NORDISK,"",,"","",M,Y,,"",20241218,"",HP,US,US,247454241,OT,Product use in unapproved indication,"",1,PS,OZEMPIC,SEMAGLUTIDE,1,Subcutaneous,2mg,,"",U,"","",,209637,,"",Solution for injection,"",7
24745426,247454261,1,I,20240101,20241204,20241217,20241217,EXP,"",US-NOVOPROD-1332444,NOVO NORDISK,"",,"","",F,Y,,"",20241218,"",MD,US,US,247454261,HO,Hospitalisation,"",1,PS,OZEMPIC,SEMAGLUTIDE,1,Subcutaneous,UNK,,"",N,"","",,209637,,"",Solution for injection,"",3
24745429,247454291,1,I,,20241206,20241217,20241217,EXP,"",US-NOVOPROD-1335685,NOVO NORDISK,"",,"","",F,Y,,"",20241218,"",CN,US,US,247454291,DS,Disability,"",1,PS,OZEMPIC,SEMAGLUTIDE,1,Subcutaneous,UNK,,"",U,"","",,209637,,"",Solution for injection,"",4
24745431,247454311,1,I,20230423,20241204,20241217,20241217,EXP,"",US-NOVOPROD-1334129,NOVO NORDISK,"",61,YR,"",M,Y,101.68,KG,20241218,"",MD,US,US,247454311,OT,Hyperglycaemia,"",1,SS,OZEMPIC,SEMAGLUTIDE,1,Subcutaneous,"0.5 mg, qw",,"",U,"","",,"",0.5,MG,Solution for injection,/WK,7
24745616,247456161,1,I,,20241206,20241218,20241218,PER,"",US-SA-2024SA369936,SANOFI AVENTIS,"",,"",A,F,Y,,"",20241218,"",MD,US,US,,,Pruritus,"",12,C,OZEMPIC,SEMAGLUTIDE,1,"","",,"",U,"","",,"",,"","","",
24745684,247456841,1,I,,20241209,20241218,20241218,PER,"",US-SA-2024SA370038,SANOFI AVENTIS,"",47,YR,A,F,Y,,"",20241218,"",MD,US,US,,,Impaired quality of life,"",9,C,OZEMPIC,SEMAGLUTIDE,1,"","",,"",U,"","",,"",,"",Injection,"",
24746416,247464161,1,I,20241205,20241212,20241218,20241218,PER,"",US-VIIV HEALTHCARE-US2024157493,VIIV,"",4,DEC,"",M,Y,,"",20241218,"",PH,US,US,,,Viral load increased,"",4,C,OZEMPIC,SEMAGLUTIDE,1,"",UNK,,"",U,"","",,"",,"","","",
24747091,247470912,2,F,,20241220,20241218,20241230,EXP,"",US-TEVA-VS-3274406,TEVA,"Farley TM, Leary DJ, Poelker FR. Successful oral phytonadione (vitamin K) challenge following an infusion-related reaction to intravenous phytonadione. BMJ-Case-Rep 2024; 17 (11); Farley TM, Leary DJ, Poelker FR. Successful oral phytonadione (vitamin K) challenge following an infusion-related reaction to intravenous phytonadione. BMJ-Case-Rep 2024; 17 (11):.",,"",A,F,Y,96.1,KG,20241230,"",HP,US,US,247470912,LT,Haematoma,"",2,C,SEMAGLUTIDE,SEMAGLUTIDE,1,Subcutaneous,"",,"","","","",,"",2,MG,"",/WK,2
24747573,247475731,1,I,20241201,20241217,20241217,20241217,DIR,732336,"",FDA-CTU,"",46,YR,"",F,N,83.25,KG,20241217,N,CN,US,"",247475731,LT,Hypoglycaemia,"",1,PS,SEMAGLUTIDE,SEMAGLUTIDE,1,Subcutaneous,4 UNITS 1 TIME PER WEEK SUBCUTANEOUS,,"",Y,D,"",20241231,99,,"","",999,2
24748127,247481271,1,I,20240703,20241217,20241217,20241217,DIR,732337,"",FDA-CTU,"",65,YR,"",F,N,96.75,KG,20241217,N,CN,US,"",247481271,OT,Constipation,"",1,PS,OZEMPIC,SEMAGLUTIDE,1,Intramuscular,OTHER FREQUENCY : weekly;?,,"",N,D,"",,"",,"","",999,7
24748665,247486651,1,I,20241111,20241217,20241217,20241217,DIR,732229,"",FDA-CTU,"",73,YR,"",F,N,130,KG,20241217,N,PH,US,"",247486651,DE,Decreased appetite,"",1,PS,OZEMPIC,SEMAGLUTIDE,1,Intramuscular,OTHER FREQUENCY : unknown;?,,"",D,D,unknown,,"",7,MG,"",999,1
24749374,247493741,1,I,,20241209,20241218,20241218,EXP,"","US-BELCHER PHARMACEUTICALS, LLC-2024US004599",PAREXEL,"",,"","","",Y,,"",20241216,"",CN,US,US,247493741,OT,Off label use,"",1,PS,SEMAGLUTIDE,SEMAGLUTIDE,1,"",5 mg/2mL (2.5  mg/mL),,"",D,"",I827G002A1,,"",,"",Injection,"",7
24749412,247494121,1,I,20241204,20241218,20241218,20241218,DIR,732356,"",FDA-CTU,"",63,YR,"",M,N,123.1,KG,20241218,N,PH,US,"",247494121,LT,Pancreatitis necrotising,"",1,PS,OZEMPIC,SEMAGLUTIDE,1,"","",,"",D,D,"",,"",,"","","",2
24750464,247504641,1,I,,20241211,20241218,20241218,PER,"",US-ELI_LILLY_AND_COMPANY-US202412008974,ELI LILLY AND COMPANY,"",52,YR,A,"",Y,,"",20241218,"",CN,US,US,247504641,OT,Vomiting,"",2,SS,OZEMPIC,SEMAGLUTIDE,1,Unknown,"UNK UNK, unknown",,"","","","",,"",,"","","",7
24750965,247509651,1,I,,20241208,20241219,20241219,EXP,"",US-NOVOPROD-1334886,NOVO NORDISK,Anisa Musleh. Prolonged Refractory Hypoglycemia For Seven Days After Discontinuation Of Neutral Protamine Hagedorn (NPH) Insulin And Injectable Semaglutide. Journal of the Endocrine Society. 2024;Vol 8:A469-A470,75,YR,"",M,Y,,"",20241219,"",MD,US,US,247509651,HO,Hyperglycaemia,"",2,PS,SEMAGLUTIDE,SEMAGLUTIDE,1,Subcutaneous,"2 mg, qw",,"",U,"","",,209637,2,MG,"",/WK,3
24751018,247510181,1,I,,20241209,20241219,20241219,EXP,"",US-NOVOPROD-1335930,NOVO NORDISK,"",64,YR,"",F,Y,,"",20241219,"",HP,US,US,247510181,HO,Thrombosis,"",1,PS,OZEMPIC,SEMAGLUTIDE,1,Subcutaneous,"1 mg, qw",,"","","","",,209637,1,MG,Solution for injection,/WK,3
24751020,247510201,1,I,,20241209,20241219,20241219,EXP,"",US-NOVOPROD-1335989,NOVO NORDISK,"",,"","",F,Y,,"",20241219,"",CN,US,US,247510201,OT,Polyp,"",1,PS,OZEMPIC,SEMAGLUTIDE,1,Subcutaneous,1 mg qw,,"","","","",,209637,1,MG,Solution for injection,/WK,7
24751023,247510231,1,I,20241101,20241209,20241219,20241219,EXP,"",US-NOVOPROD-1335673,NOVO NORDISK,"",,"","",F,Y,,"",20241219,"",CN,US,US,247510231,HO,Keloid scar,"",1,PS,OZEMPIC,SEMAGLUTIDE,1,Subcutaneous,"1 mg, qw",,"",U,"",PAR0248,,209637,1,MG,Solution for injection,/WK,3
24751024,247510241,1,I,,20241209,20241219,20241219,EXP,"",US-NOVOPROD-1335906,NOVO NORDISK,"",,"","",F,Y,,"",20241219,"",CN,US,US,247510241,OT,Condition aggravated,"",1,PS,WEGOVY,SEMAGLUTIDE,1,Subcutaneous,"1.7 mg, qw",,"",U,"","",,215256,1.7,MG,Solution for injection,/WK,7
24751049,247510491,1,I,,20241209,20241219,20241219,EXP,"",US-NOVOPROD-1336034,NOVO NORDISK,"",,"","",F,Y,,"",20241219,"",CN,US,US,247510491,OT,Surgery,"",1,PS,WEGOVY,SEMAGLUTIDE,1,Subcutaneous,UNK,,"",U,"","",,215256,,"",Solution for injection,"",7
24751052,247510521,1,I,20230101,20241209,20241219,20241219,EXP,"",US-NOVOPROD-1336038,NOVO NORDISK,"",,"",A,M,Y,104.31,KG,20241219,"",HP,US,US,247510521,HO,Small intestinal obstruction,"",1,PS,RYBELSUS,SEMAGLUTIDE,1,Oral,UNK,,"",Y,"","",,213051,,"",Tablet,"",3
24751161,247511611,1,I,20230202,20241213,20241219,20241219,EXP,"",US-NOVOPROD-1299210,NOVO NORDISK,"",59,YR,"",F,Y,89.342,KG,20241219,"",HP,US,US,247511611,HO,Abdominal pain upper,"",1,PS,WEGOVY,SEMAGLUTIDE,1,Subcutaneous,"0.25 mg, qw",0.75,MG,U,"","",,215256,0.25,MG,Solution for injection,/WK,3
24751241,247512411,1,I,20240301,20241217,20241219,20241219,PER,"",US-ELI_LILLY_AND_COMPANY-US202412012512,ELI LILLY AND COMPANY,"",62,YR,A,M,Y,,"",20241219,"",CN,US,US,,,Constipation,"",2,SS,OZEMPIC,SEMAGLUTIDE,1,Unknown,"UNK UNK, unknown",,"","","","",,"",,"","","",
24751409,247514091,1,I,,20241217,20241219,20241219,PER,"",US-BRISTOL-MYERS SQUIBB COMPANY-2024-196676,BRISTOL-MYERS SQUIBB COMPANY,"",74,YR,E,F,Y,,"",20241219,"",HP,US,US,,,Dyspnoea,"",14,C,OZEMPIC,SEMAGLUTIDE,1,"","",,"",U,"","",,"",,"","","",
24752115,247521151,1,I,,20241216,20241219,20241219,EXP,"",US-ABBVIE-6050457,ABBVIE,"",,"",A,F,Y,,"",20241219,"",CN,US,US,247521151,OT,Vomiting,"",2,SS,OZEMPIC,SEMAGLUTIDE,1,Unknown,"",,"",N,"","",,"",,"","","",7
24753650,247536501,1,I,20230301,20241211,20241219,20241219,EXP,"",US-PFIZER INC-202400327326,PFIZER,"",54,YR,"",M,Y,,"",20241219,"",CN,US,US,247536501,HO,Atrial fibrillation,"",6,C,SEMAGLUTIDE,SEMAGLUTIDE,1,"",UNK,,"","","","",,"",,"","","",3
24754169,247541691,1,I,20230219,20241218,20241218,20241218,DIR,732438,"",FDA-CTU,"",37,YR,"",F,N,105.3,KG,20241218,N,CN,US,"",247541691,LT,Posterior reversible encephalopathy syndrome,"",2,SS,WEGOVY,SEMAGLUTIDE,1,"","",,"",Y,D,"",,"",,"","","",2
24754188,247541881,1,I,20241021,20241218,20241218,20241218,DIR,732409,"",FDA-CTU,"",59,YR,"",F,N,60.75,KG,20241218,N,CN,US,"",,,Thirst,"",1,PS,OZEMPIC,SEMAGLUTIDE,1,Other,1 INJECTION WEEKLY INJECTION?,,"","",D,314683887846,20251231,99,,"","",999,
24754214,247542141,1,I,20241205,20241218,20241218,20241218,DIR,732541,"",FDA-CTU,"",59,YR,"",F,N,65.25,KG,20241218,N,CN,US,"",247542141,HO,Central vision loss,"",1,PS,OZEMPIC,SEMAGLUTIDE,1,Intramuscular,"",,"",N,D,Unknown,,"",,"","","",3
24754324,247543241,1,I,,20241218,20241219,20241219,DIR,FDA-CDER-CTU-2024-87219,"",FDA-CTU,"",,"","",M,N,,"",20241218,N,HP,US,"",,,Hospitalisation,"",6,C,OZEMPIC,SEMAGLUTIDE,1,"","",,"","","","",,"",,"","","",
24754469,247544691,1,I,20241028,20241216,20241219,20241219,PER,"",US-PFIZER INC-202400327602,PFIZER,"",63,YR,"",F,Y,,"",20241219,"",PH,US,US,,,White blood cell count decreased,"",4,C,OZEMPIC,SEMAGLUTIDE,1,"",4mg/3ml,,"","","","",,"",,"","","",
24754796,247547961,1,I,20240101,20241213,20241219,20241219,EXP,"",US-SA-2024SA374858,SANOFI AVENTIS,"",69,YR,E,F,Y,116.82,KG,20241219,"",MD,US,US,247547961,OT,Nasopharyngitis,"",4,C,OZEMPIC,SEMAGLUTIDE,1,"","",,"",U,"","",,"",,"","","",7
24754859,247548591,1,I,,20241211,20241219,20241219,PER,"",US-ELI_LILLY_AND_COMPANY-US202412008898,ELI LILLY AND COMPANY,"",55,YR,A,"",Y,,"",20241219,"",LW,US,US,247548591,OT,Vomiting,"",4,SS,OZEMPIC,SEMAGLUTIDE,1,Unknown,"UNK UNK, unknown",,"","","","",,"",,"","","",7
24754915,247549151,1,I,20241202,20241219,20241219,20241219,DIR,732568,"",FDA-CTU,"",78,YR,"",F,N,54,KG,20241219,N,PH,US,"",247549151,HO,Cholecystitis,"",1,PS,OZEMPIC,SEMAGLUTIDE,1,Subcutaneous,OTHER FREQUENCY : weekly;?,,"",D,D,"",,"",2,MG,"",999,3
24755084,247550841,1,I,20241016,20241218,20241218,20241218,DIR,732420,"",FDA-CTU,"",71,YR,"",M,N,90,KG,20241218,N,PH,US,"",247550841,LT,Blood creatinine increased,"",3,SS,OZEMPIC,SEMAGLUTIDE,1,"","",,"","","","",,"",,"","","",2
24755195,247551951,1,I,,20241211,20241219,20241219,EXP,"",US-ELI_LILLY_AND_COMPANY-US202412009451,ELI LILLY AND COMPANY,"",82,YR,E,M,Y,,"",20241219,"",CN,US,US,247551951,HO,Dementia,"",2,C,OZEMPIC,SEMAGLUTIDE,1,"",UNK,,"","","","",,"",,"","","",3
24755198,247551981,1,I,20241111,20241211,20241219,20241219,EXP,"",US-ELI_LILLY_AND_COMPANY-US202412009018,ELI LILLY AND COMPANY,"",56,YR,A,M,Y,,"",20241219,"",CN,US,US,247551981,HO,Abdominal pain,"",14,C,OZEMPIC,SEMAGLUTIDE,1,"","",,"","","","",,"",,"","","",3
24755216,247552161,1,I,20230118,20241218,20241218,20241218,DIR,732478,"",FDA-CTU,"",76,YR,"",M,N,,"",20241218,N,PH,US,"",,,Taste disorder,"",1,PS,SEMAGLUTIDE,SEMAGLUTIDE,1,Subcutaneous,OTHER FREQUENCY : QWEEK;?,,"","","","",,"",1,MG,"",999,
24755228,247552281,1,I,20230120,20241218,20241218,20241218,DIR,732492,"",FDA-CTU,"",69,YR,"",M,N,,"",20241218,N,PH,US,"",,,Vomiting,"",1,PS,SEMAGLUTIDE,SEMAGLUTIDE,1,Subcutaneous,OTHER FREQUENCY : QWEEK;?,,"","","","",,"",0.5,MG,"",999,
24755263,247552631,1,I,20230223,20241218,20241218,20241218,DIR,732497,"",FDA-CTU,"",74,YR,"",M,N,,"",20241218,N,PH,US,"",247552631,HO,Pancreatitis,"",1,PS,SEMAGLUTIDE,SEMAGLUTIDE,1,Subcutaneous,OTHER FREQUENCY : QWEEK;?,,"","","","",,"",1,MG,"",999,3
24755477,247554771,1,I,20241211,20241211,20241219,20241219,EXP,"","US-PARATEK PHARMACEUTICALS, INC.-2024PTK01145",PARATEK PHARMACEUTICALS,"",67,YR,"",M,Y,,"",20241219,"",CN,US,US,247554771,HO,Fall,"",20,C,OZEMPIC,SEMAGLUTIDE,1,"",1 mg,,"","","","",,"",1,MG,"","",3
24755616,247556161,1,I,,20241212,20241219,20241219,PER,"",US-SA-2024SA374686,SANOFI AVENTIS,"",,"",A,F,Y,63.5,KG,20241219,"",MD,US,US,,,Dermatitis atopic,"",6,C,WEGOVY,SEMAGLUTIDE,1,"","",,"",U,"","",,"",,"","","",
24755816,247558161,1,I,20230101,20241210,20241219,20241219,EXP,"",US-ELI_LILLY_AND_COMPANY-US202412007212,ELI LILLY AND COMPANY,"",66,YR,E,M,Y,,"",20241219,"",CN,US,US,247558161,HO,Dry skin,"",19,C,OZEMPIC,SEMAGLUTIDE,1,"","",,"","","","",,"",,"","","",3
24755846,247558461,1,I,20240801,20241216,20241219,20241219,EXP,"",US-ELI_LILLY_AND_COMPANY-US202412011537,ELI LILLY AND COMPANY,"",47,YR,A,F,Y,,"",20241219,"",CN,US,US,247558461,DE,Death,"",9,SS,OZEMPIC,SEMAGLUTIDE,1,Subcutaneous,"0.25 mg, weekly (1/W)",,"",U,"","",,"",0.25,MG,Solution for injection,/WK,1
24755859,247558591,1,I,,20241217,20241219,20241219,EXP,"",US-ELI_LILLY_AND_COMPANY-US202412012510,ELI LILLY AND COMPANY,"",70,YR,E,"",Y,,"",20241219,"",CN,US,US,247558591,DE,Nausea,"",2,SS,OZEMPIC,SEMAGLUTIDE,1,Unknown,"UNK UNK, unknown",,"",U,"","",,"",,"","","",1
24756237,247562371,1,I,,20241210,20241220,20241220,EXP,"",US-NOVOPROD-1269120,NOVO NORDISK,"",,"",A,F,Y,,"",20241220,"",HP,US,US,247562371,OT,Ileus paralytic,"",4,C,OZEMPIC,SEMAGLUTIDE,1,"",UNK,,"","","","",,"",,"",Solution for injection,"",7
24756336,247563361,1,I,,20241210,20241220,20241220,EXP,"",US-NOVOPROD-1337985,NOVO NORDISK,"",,"","",F,Y,,"",20241220,"",CN,US,US,247563361,OT,Vision blurred,"",1,PS,OZEMPIC,SEMAGLUTIDE,1,Subcutaneous,"1 mg, qw",,"",U,"","",,209637,1,MG,Solution for injection,/WK,7
24756337,247563371,1,I,20241206,20241210,20241220,20241220,EXP,"",US-NOVOPROD-1337724,NOVO NORDISK,"",,"",A,F,Y,,"",20241220,"",CN,US,US,247563371,HO,Hospitalisation,"",1,PS,OZEMPIC,SEMAGLUTIDE,1,Subcutaneous,UNK,,"",U,"","",,209637,,"",Solution for injection,"",3
24756344,247563441,1,I,20241201,20241210,20241220,20241220,EXP,"",US-NOVOPROD-1339030,NOVO NORDISK,"",,"","",F,Y,,"",20241220,"",CN,US,US,247563441,OT,Hip arthroplasty,"",1,PS,OZEMPIC,SEMAGLUTIDE,1,Subcutaneous,"0.25 mg, qw",,"",Y,"","",,209637,0.25,MG,Solution for injection,/WK,7
24756354,247563541,1,I,20240906,20241210,20241220,20241220,EXP,"",US-NOVOPROD-1338562,NOVO NORDISK,"",77,YR,"",M,Y,,"",20241220,"",CN,US,US,247563541,OT,Haemoglobin decreased,"",1,PS,OZEMPIC,SEMAGLUTIDE,1,Subcutaneous,UNK,,"",U,"","",,209637,,"",Solution for injection,"",7
24756358,247563581,1,I,20240101,20241217,20241220,20241220,PER,"",US-SA-2024SA375038,SANOFI AVENTIS,"",58,YR,A,F,Y,75,KG,20241220,"",HP,US,US,,,Vomiting,"",2,SS,OZEMPIC,SEMAGLUTIDE,1,"",UNK,,"",U,"","",,"",,"","","",
24756364,247563641,1,I,,20241211,20241220,20241220,EXP,"",US-NOVOPROD-1337451,NOVO NORDISK,"",,"","",F,Y,,"",20241220,"",CN,US,US,247563641,DS,Blindness,"",1,PS,OZEMPIC,SEMAGLUTIDE,1,Subcutaneous,0.25 mg,,"","","","",,209637,,"",Solution for injection,"",4
24756365,247563651,1,I,,20241210,20241220,20241220,EXP,"",US-NOVOPROD-1337156,NOVO NORDISK,"",,"","","",Y,,"",20241220,"",CN,US,US,247563651,OT,Surgery,"",1,PS,OZEMPIC,SEMAGLUTIDE,1,Subcutaneous,UNK,,"",Y,"","",,209637,,"",Solution for injection,"",7
24756366,247563661,1,I,20240601,20241210,20241220,20241220,EXP,"",US-NOVOPROD-1337441,NOVO NORDISK,"",53,YR,"",M,Y,,"",20241220,"",CN,US,US,247563661,HO,Fournier's gangrene,"",1,PS,OZEMPIC,SEMAGLUTIDE,1,Subcutaneous,"0.5 mg, qw",,"",Y,"",pzfaa68,,209637,0.5,MG,Solution for injection,/WK,3
24756442,247564421,1,I,,20241218,20241220,20241220,PER,"",US-ELI_LILLY_AND_COMPANY-US202412013715,ELI LILLY AND COMPANY,"",54,YR,A,F,Y,,"",20241220,"",CN,US,US,,,Dyspepsia,"",6,C,OZEMPIC,SEMAGLUTIDE,1,"","",,"","","","",,"",,"","","",
24756673,247566731,1,I,20220626,20241213,20241220,20241220,EXP,"",US-NOVOPROD-1276975,NOVO NORDISK,"",48,YR,"",F,Y,303.86,KG,20241220,"",CN,US,US,247566731,HO,Nausea,"",1,SS,OZEMPIC,SEMAGLUTIDE,1,"","",,"",U,"","",,"",,"",Solution for injection,"",3
24756689,247566891,1,I,20220324,20241216,20241220,20241220,EXP,"",US-NOVOPROD-1259724,NOVO NORDISK,"",51,YR,"",M,Y,136.05,KG,20241220,"",CN,US,US,247566891,OT,Ileus,"",3,PS,OZEMPIC,SEMAGLUTIDE,1,Subcutaneous,"0.25 mg, qw",10.003,MG,N,"","",,209637,0.25,MG,Solution for injection,/WK,7
24757331,247573311,1,I,20240101,20241213,20241220,20241220,EXP,"",US-UCBSA-2024051133,UCB,"",,"","",M,Y,119.75,KG,20241220,"",CN,US,US,247573311,OT,Drug ineffective,"",4,C,OZEMPIC,SEMAGLUTIDE,1,"","",,"","","","",,"",,"","","",7
24757798,247577981,1,I,,20240911,20241220,20241220,PER,"",US-UCBSA-2024047002,UCB,"",,"","",F,Y,,"",20241220,"",HP,US,US,,,Injection site mass,"",8,C,OZEMPIC,SEMAGLUTIDE,1,"","",,"","","","",,"",,"","","",
24757892,247578921,1,I,,20240925,20241220,20241220,PER,"",US-UCBSA-2024050194,UCB,"",,"","","",Y,,"",20241220,"",MD,US,US,,,Condition aggravated,"",2,C,OZEMPIC,SEMAGLUTIDE,1,"",UNK,,"","","","",,"",,"","","",
24758108,247581081,1,I,20240901,20241016,20241220,20241220,PER,"",US-UCBSA-2024054439,UCB,"",74,YR,"",M,Y,,"",20241220,"",HP,US,US,,,Psoriasis,"",3,C,OZEMPIC,SEMAGLUTIDE,1,"","",,"","","","",,"",,"","","",
24759038,247590381,1,I,,20241211,20241220,20241220,PER,"",US-PHARMING-PHAUS2024001202,PHARMING GROUP,"",,"","","",Y,,"",20241220,"",CN,US,US,,,Product administration interrupted,"",13,C,OZEMPIC,SEMAGLUTIDE,1,"","",,"","","","",,"",,"","","",
24759136,247591361,1,I,20240824,20240826,20241220,20241220,PER,"",US-BRAEBURN-US-BRA-24-000786,BRAEBURN PHARMACEUTICALS,"",39,YR,"",F,Y,,"",20241220,"",CN,US,US,,,Withdrawal syndrome,"",2,C,WEGOVY,SEMAGLUTIDE,1,Unknown,"UNK, Unk",,"","","",Unknown,,"",,"","","",
24759357,247593571,1,I,20240401,20241219,20241219,20241219,DIR,732722,"",FDA-CTU,"",68,YR,"",F,N,77.4,KG,20241219,N,CN,US,"",,,Gastrointestinal disorder,"",1,PS,SEMAGLUTIDE,SEMAGLUTIDE,1,Topical,OTHER FREQUENCY : weekly;?,,"",Y,Y,"",,"",,"","",999,
24760025,247600251,1,I,,20241217,20241220,20241220,PER,"",US-PHARMING-PHAUS2024001217,PHARMING GROUP,"",,"","","",Y,,"",20241220,"",CN,US,US,,,Ear infection,"",38,C,WEGOVY,SEMAGLUTIDE,1,Subcutaneous,"",,"","","","",,"",,"",Solution,"",
24760214,247602141,1,I,20230112,20241219,20241219,20241219,DIR,732763,"",FDA-CTU,"",59,YR,"",M,N,157.5,KG,20241219,N,CN,US,"",247602141,LT,Renal impairment,"",1,PS,OZEMPIC,SEMAGLUTIDE,1,"","",,"",N,D,"",,"",,"","","",2
24760398,247603981,1,I,,20241211,20241220,20241220,PER,"",US-ELI_LILLY_AND_COMPANY-US202412008136,ELI LILLY AND COMPANY,"",,"","",F,Y,,"",20241220,"",CN,US,US,,,Fatigue,"",3,C,OZEMPIC,SEMAGLUTIDE,1,"",UNK,,"","","","",,"",,"","","",
24761151,247611511,1,I,20240630,20241210,20241220,20241220,EXP,"",US-NOVOPROD-1323180,NOVO NORDISK,"",72,YR,"",M,Y,,"",20241220,"",CN,US,US,247611511,OT,Road traffic accident,"",1,PS,WEGOVY,SEMAGLUTIDE,1,Subcutaneous,"0.5 mg, qw",,"",Y,"","",,215256,0.5,MG,Solution for injection,/WK,7
24761189,247611891,1,I,20240101,20241209,20241220,20241220,EXP,"",US-NOVOPROD-1336583,NOVO NORDISK,"",79,YR,"",F,Y,,"",20241220,"",CN,US,US,247611891,HO,Hospitalisation,"",1,PS,OZEMPIC,SEMAGLUTIDE,1,Subcutaneous,"1 mg, qw",,"",Y,"","",,209637,1,MG,Solution for injection,/WK,3
24761200,247612001,1,I,,20241208,20241220,20241220,EXP,"",US-NOVOPROD-1337655,NOVO NORDISK,Tamara Altaweel. Semaglutide Induced Pancreatitis: A Case Report. Journal of the Endocrine Society. 2024;8,52,YR,"",M,Y,,"",20241220,"",MD,US,US,247612001,HO,Pancreatitis necrotising,"",1,SS,SEMAGLUTIDE,SEMAGLUTIDE,1,"",UNK,,"",Y,"","",,"",,"","","",3
24761266,247612661,1,I,20230101,20241211,20241220,20241220,EXP,"",US-NOVOPROD-1331738,NOVO NORDISK,"",79,YR,"",F,Y,,"",20241220,"",CN,US,US,247612661,OT,Atrial fibrillation,"",1,PS,OZEMPIC,SEMAGLUTIDE,1,Subcutaneous,0.5 mg,,"",U,"",PZF9Y42,,209637,0.5,MG,Solution for injection,"",7
24761281,247612811,1,I,20241202,20241211,20241220,20241220,EXP,"",US-NOVOPROD-1336624,NOVO NORDISK,"",64,YR,"",M,Y,,"",20241220,"",CN,US,US,247612811,OT,Product communication issue,"",1,PS,OZEMPIC,SEMAGLUTIDE,1,Subcutaneous,UNK,,"","","",PZFAP88,,209637,,"",Solution for injection,"",7
24761282,247612821,1,I,,20241211,20241220,20241220,EXP,"",US-NOVOPROD-1336645,NOVO NORDISK,"",,"","",F,Y,,"",20241220,"",PH,US,US,247612821,OT,Coronary artery disease,"",1,PS,OZEMPIC,SEMAGLUTIDE,1,Subcutaneous,2 mg,,"",U,"","",,209637,2,MG,Solution for injection,"",7
24761312,247613121,1,I,20241112,20241211,20241220,20241220,EXP,"",US-NOVOPROD-1336653,NOVO NORDISK,"",,"","",F,Y,,"",20241220,"",CN,US,US,247613121,OT,Knee arthroplasty,"",1,PS,OZEMPIC,SEMAGLUTIDE,1,Subcutaneous,"1 mg, qw",,"",N,"",PAR0484,,209637,1,MG,Solution for injection,/WK,7
24761315,247613151,1,I,,20241210,20241220,20241220,EXP,"",US-NOVOPROD-1337505,NOVO NORDISK,"",,"",A,F,Y,,"",20241220,"",CN,US,US,247613151,OT,Dementia,"",1,PS,OZEMPIC,SEMAGLUTIDE,1,Subcutaneous,UNK,,"",U,"","",,209637,,"",Solution for injection,"",7
24761316,247613161,1,I,20240908,20241211,20241220,20241220,EXP,"",US-NOVOPROD-1336894,NOVO NORDISK,"",73,YR,"",F,Y,,"",20241220,"",CN,US,US,247613161,OT,Transient ischaemic attack,"",1,PS,OZEMPIC,SEMAGLUTIDE,1,Subcutaneous,Once Weekly,,"",N,"","",,209637,,"",Solution for injection,"",7
24761317,247613171,1,I,,20241210,20241220,20241220,EXP,"",US-NOVOPROD-1336806,NOVO NORDISK,"",29,YR,"",M,Y,131,KG,20241220,"",CN,US,US,247613171,HO,Dyspnoea,"",1,PS,WEGOVY,SEMAGLUTIDE,1,Subcutaneous,1 g qw,,"",Y,"","",,215256,,"",Solution for injection,"",3
24761399,247613991,1,I,20241206,20241210,20241220,20241220,EXP,"",US-NOVOPROD-1337750,NOVO NORDISK,"",83,YR,"",M,Y,,"",20241220,"",CN,US,US,247613991,OT,Deafness,"",1,PS,OZEMPIC,SEMAGLUTIDE,1,Subcutaneous,UNK,,"","","","",,209637,,"",Solution for injection,"",7
24761401,247614011,1,I,,20241210,20241220,20241220,EXP,"",US-NOVOPROD-1337915,NOVO NORDISK,"",,"",A,M,Y,,"",20241220,"",CN,US,US,247614011,OT,Hypersensitivity,"",1,PS,OZEMPIC,SEMAGLUTIDE,1,Subcutaneous,0.25 mg,,"",U,"",PZFAB78,,209637,0.25,MG,Solution for injection,"",7
24761403,247614031,1,I,,20241210,20241220,20241220,EXP,"",US-NOVOPROD-1338172,NOVO NORDISK,"",,"","",M,Y,,"",20241220,"",MD,US,US,247614031,OT,Optic ischaemic neuropathy,"",1,PS,OZEMPIC,SEMAGLUTIDE,1,Subcutaneous,UNK,,"","","","",,209637,,"",Solution for injection,"",7
24761409,247614091,1,I,,20241220,20241220,20241220,PER,"",US-BRISTOL-MYERS SQUIBB COMPANY-2024-197962,BRISTOL-MYERS SQUIBB COMPANY,"",40,YR,A,F,Y,,"",20241220,"",MD,US,US,,,Product dose omission issue,"",2,C,OZEMPIC,SEMAGLUTIDE,1,"","",,"",U,"","",,"",,"","","",
24761420,247614201,1,I,,20241211,20241220,20241220,EXP,"",US-NOVOPROD-1338343,NOVO NORDISK,"",,"","",F,Y,,"",20241220,"",CN,US,US,247614201,OT,Surgery,"",1,PS,OZEMPIC,SEMAGLUTIDE,1,Subcutaneous,UNK,,"",U,"","",,209637,,"",Solution for injection,"",7
24761453,247614531,1,I,20240101,20241213,20241220,20241220,EXP,"",US-UCBSA-2024066021,UCB,"",,"","",F,Y,,"",20241220,"",HP,US,US,247614531,OT,Depression,"",3,C,OZEMPIC,SEMAGLUTIDE,1,"",UNK (0.2 SOP 2MG/3ML),,"","","","",,"",,"","","",7
24761474,247614741,1,I,20241217,20241220,20241220,20241220,DIR,732810,"",FDA-CTU,"",55,YR,"",F,N,70.65,KG,20241220,N,HP,US,"",247614741,LT,Vomiting,"",1,PS,SEMAGLUTIDE,SEMAGLUTIDE,1,Other,8 MG/ML WEEKLY OTHER,,"",N,D,"",,99,,"","",999,2
24761914,247619141,1,I,20240101,20241216,20241221,20241221,PER,"",US-UNITED THERAPEUTICS-UNT-2024-040567,UNITED THERAPEUTICS,"",,"","",M,Y,112.02,KG,20241221,"","",US,US,,,Seasonal allergy,"",6,C,OZEMPIC,SEMAGLUTIDE,1,"",UNK,,"","","","",,"",,"","","",
24762412,247624121,1,I,20241101,20241213,20241221,20241221,PER,"",US-UNITED THERAPEUTICS-UNT-2024-040828,UNITED THERAPEUTICS,"",62,YR,"",M,Y,90.249,KG,20241221,"","",US,US,,,Upper respiratory tract infection,"",4,C,OZEMPIC,SEMAGLUTIDE,1,"",UNK,,"","","","",,"",,"","","",
24762648,247626481,1,I,,20241218,20241221,20241221,PER,"",US-ELI_LILLY_AND_COMPANY-US202412013311,ELI LILLY AND COMPANY,"",62,YR,A,"",Y,,"",20241221,"",CN,US,US,,,Blood glucose increased,"",4,C,OZEMPIC,SEMAGLUTIDE,1,Unknown,"UNK UNK, unknown",,"","","","",,"",,"","","",
24762865,247628651,1,I,,20241217,20241222,20241222,PER,"",US-ELI_LILLY_AND_COMPANY-US202412012535,ELI LILLY AND COMPANY,"",68,YR,E,"",Y,,"",20241222,"",LW,US,US,247628651,OT,Impaired gastric emptying,"",2,SS,OZEMPIC,SEMAGLUTIDE,1,Unknown,"UNK, unknown",,"","","","",,"",,"","","",7
24763378,247633781,1,I,20240101,20241213,20241222,20241222,EXP,"",US-ABBVIE-6024096,ABBVIE,"",64,YR,"",F,Y,84,KG,20241222,"",CN,US,US,247633781,OT,Precancerous skin lesion,"",8,C,OZEMPIC,SEMAGLUTIDE,1,"","",,"","","","",,"",,"","","",7
24763561,247635612,2,F,,20241218,20241223,20241226,PER,"",US-SA-2024SA377018,SANOFI AVENTIS,"",,"",A,F,Y,88.64,KG,20241226,"",MD,US,US,,,Skin disorder,"",16,C,OZEMPIC,SEMAGLUTIDE,1,"","",,"",U,"","",,"",,"","","",
24765136,247651361,1,I,20241201,20241219,20241223,20241223,PER,"",US-ELI_LILLY_AND_COMPANY-US202412014892,ELI LILLY AND COMPANY,"",,"","","",Y,,"",20241223,"",CN,US,US,,,Weight increased,"",5,C,OZEMPIC,SEMAGLUTIDE,1,"",UNK,,"","","","",,"",,"","","",
24765326,247653261,1,I,20240612,20241219,20241219,20241219,DIR,732605,"",FDA-CTU,"",64,YR,"",M,N,135,KG,20241219,N,PH,US,"",247653261,HO,Hypotension,"",1,PS,SEMAGLUTIDE,SEMAGLUTIDE,1,Subcutaneous,OTHER FREQUENCY : QWEEK;?,,"",Y,D,"",,"",0.5,MG,"",999,3
24765327,247653271,1,I,20240805,20241219,20241219,20241219,DIR,732627,"",FDA-CTU,"",76,YR,"",M,N,113,KG,20241219,N,HP,US,"",,,Dizziness,"",1,PS,SEMAGLUTIDE,SEMAGLUTIDE,1,"","",,"",Y,"","",,"",,"","","",
24765328,247653281,1,I,20240818,20241219,20241219,20241219,DIR,732638,"",FDA-CTU,"",70,YR,"",M,N,,"",20241219,N,PH,US,"",,,Small intestinal obstruction,"",1,PS,SEMAGLUTIDE,SEMAGLUTIDE,1,"","",,"",D,"","",,"",,"","","",
24765331,247653311,1,I,20240611,20241219,20241219,20241219,DIR,732652,"",FDA-CTU,"",72,YR,"",M,N,108,KG,20241219,N,HP,US,"",247653311,HO,Dyspnoea,"",1,PS,SEMAGLUTIDE,SEMAGLUTIDE,1,Subcutaneous,0.50 MG QWEEK SUBCUTANEOUS?,,"",Y,D,"",,"",0.5,MG,"",999,3
24765332,247653321,1,I,20240523,20241219,20241219,20241219,DIR,732626,"",FDA-CTU,"",64,YR,"",M,N,85,KG,20241219,N,HP,US,"",247653321,HO,Nausea,"",1,PS,SEMAGLUTIDE,SEMAGLUTIDE,1,Subcutaneous,1.00 MG  QWEEK SUBCUTANEOUS?,,"","","","",,"",1,MG,"",999,3
24765333,247653331,1,I,20240804,20241219,20241219,20241219,DIR,732655,"",FDA-CTU,"",54,YR,"",M,N,113,KG,20241219,N,PH,US,"",247653331,HO,Pancreatitis,"",1,PS,SEMAGLUTIDE,SEMAGLUTIDE,1,Subcutaneous,OTHER FREQUENCY : QWEEK;?,,"",Y,D,"",,"",1,MG,"",999,3
24765334,247653341,1,I,20240701,20241219,20241219,20241219,DIR,732608,"",FDA-CTU,"",56,YR,"",M,N,100,KG,20241219,N,HP,US,"",247653341,HO,Pancreatitis,"",1,PS,OZEMPIC,SEMAGLUTIDE,1,Subcutaneous,0.50 MG QWEEK SUBCUTANEOUS?,,"",Y,D,NZF7B31,,"",0.5,MG,"",999,3
24765338,247653381,1,I,20230307,20241219,20241219,20241219,DIR,732597,"",FDA-CTU,"",58,YR,"",M,N,,"",20241219,N,PH,US,"",,,Pancreatitis,"",1,PS,SEMAGLUTIDE,SEMAGLUTIDE,1,"","",,"",D,"","",,"",,"","","",
24765351,247653511,1,I,20240820,20241219,20241219,20241219,DIR,732625,"",FDA-CTU,"",65,YR,"",F,N,93,KG,20241219,N,PH,US,"",,,Constipation,"",2,SS,WEGOVY,SEMAGLUTIDE,1,"","",,"","","","",,"",,"","","",
24766279,247662791,1,I,20241216,20241220,20241220,20241220,DIR,732852,"",FDA-CTU,"",55,YR,"",F,N,72.45,KG,20241220,N,CN,US,"",247662791,OT,Hypersensitivity,"",1,PS,WEGOVY,SEMAGLUTIDE,1,Subcutaneous,1 INJECTION ONCE A WEEK SUBCUTANEUS,,"",Y,D,PZFBA25,20260430,"",,"","",999,7
24766452,247664521,1,I,20241120,20241223,20241223,20241223,DIR,732991,"",FDA-CTU,"",44,YR,"",F,N,129.15,KG,20241223,Y,CN,US,"",,,Accidental overdose,"",1,PS,SEMAGLUTIDE,SEMAGLUTIDE,1,Subcutaneous,OTHER QUANTITY : 3 Injection(s);?OTHER FREQUENCY : gradual titration;?,,"",N,D,241106k,20250505,99,,"","",999,
24766529,247665291,1,I,,20241216,20241223,20241223,EXP,"",US-ASTRAZENECA-202412USA015720US,ALEXION PHARMACEUTICALS,"",,"","","",Y,,"",20241223,"","",US,US,247665291,OT,Depression,"",13,C,OZEMPIC,SEMAGLUTIDE,1,"","",,"","","","",,"",,"","","",7
24766774,247667741,1,I,20240901,20241211,20241223,20241223,EXP,"",US-NOVOPROD-1336644,NOVO NORDISK,"",72,YR,"",M,Y,,"",20241223,"",CN,US,US,247667741,OT,Neuropathy peripheral,"",1,PS,OZEMPIC,SEMAGLUTIDE,1,Subcutaneous,"2 mg, qw",,"","","",PAR0709,,209637,2,MG,Solution for injection,/WK,7
24766778,247667781,1,I,20230402,20241209,20241223,20241223,EXP,"",US-NOVOPROD-1336593,NOVO NORDISK,"",58,YR,"",F,Y,,"",20241223,"",CN,US,US,247667781,HO,Spinal fusion surgery,"",1,PS,OZEMPIC,SEMAGLUTIDE,1,"","",,"",Y,"","",,209637,,"",Solution for injection,"",3
24766781,247667811,1,I,20220101,20241209,20241223,20241223,EXP,"",US-NOVOPROD-1337929,NOVO NORDISK,"",51,YR,"",F,Y,,"",20241223,"",CN,US,US,247667811,HO,Gastroenteritis,"",1,PS,OZEMPIC,SEMAGLUTIDE,1,Subcutaneous,"2 mg, qw",,"","","",PAR0643,,209637,2,MG,Solution for injection,/WK,3
24766933,247669331,1,I,20241001,20241216,20241223,20241223,PER,"",US-SA-2024SA377549,SANOFI AVENTIS,"",49,YR,A,M,Y,,"",20241223,"",MD,US,US,,,Carpal tunnel syndrome,"",6,C,RYBELSUS,SEMAGLUTIDE,1,"",UNK,,"",U,"","",,"",,"",Tablet,"",
24767027,247670271,1,I,20240101,20241217,20241223,20241223,PER,"",US-SA-2024SA375027,SANOFI AVENTIS,"",,"",A,F,Y,,"",20241223,"",HP,US,US,,,Rash pruritic,"",2,C,WEGOVY,SEMAGLUTIDE,1,"",UNK,,"",U,"","",,"",,"","","",
24767570,247675701,1,I,20240101,20241210,20241223,20241223,EXP,"",US-NOVOPROD-1337651,NOVO NORDISK,"",81,YR,"",F,Y,,"",20241223,"",CN,US,US,247675701,HO,Clostridium difficile infection,"",1,PS,OZEMPIC,SEMAGLUTIDE,1,"",0.25 mg,,"","","","",,209637,0.25,MG,Solution for injection,"",3
24767596,247675961,1,I,20241217,20241221,20241221,20241221,DIR,732917,"",FDA-CTU,"",58,YR,"",F,N,60.75,KG,20241221,Y,PH,US,"",247675961,HO,Contraindicated product administered,"",1,PS,SEMAGLUTIDE,SEMAGLUTIDE,1,Subcutaneous,WEEKLY SUBCUTANEOUS,,"",Y,D,"",,99,,"","",999,3
24768045,247680451,1,I,20240501,20241210,20241223,20241223,EXP,"",US-NOVOPROD-1293199,NOVO NORDISK,"",45,YR,"",F,Y,,"",20241223,"",CN,US,US,247680451,HO,Weight decreased,"",1,PS,OZEMPIC,SEMAGLUTIDE,1,Subcutaneous,0.5 mg,,"",Y,"","",,209637,0.5,MG,Solution for injection,"",3
24768198,247681981,1,I,20241214,20241223,20241223,20241223,DIR,733030,"",FDA-CTU,"",67,YR,"",F,N,81.6,KG,20241223,Y,MD,US,"",247681981,HO,Cholecystitis acute,"",1,PS,SEMAGLUTIDE,SEMAGLUTIDE,1,"","",,"",Y,D,"",,"",,"","","",3
24768207,247682071,1,I,20241128,20241223,20241223,20241223,DIR,733016,"",FDA-CTU,"",59,YR,"",M,N,130.5,KG,20241223,N,CN,US,"",,,Anhedonia,"",1,PS,WEGOVY,SEMAGLUTIDE,1,Subcutaneous,OTHER FREQUENCY : Weekly;?,,"","","","",,"",,"","",999,
24768300,247683001,1,I,20240101,20241218,20241223,20241223,EXP,"",US-ABBVIE-5921507,ABBVIE,"",49,YR,"",M,Y,,"",20241223,"",CN,US,US,247683001,OT,Eye haemorrhage,"",5,C,OZEMPIC,SEMAGLUTIDE,1,"","",,"","","","",,"",,"","","",7
24768469,247684691,1,I,20241214,20241216,20241223,20241223,PER,"",US-ROCHE-10000159748,ROCHE,"",84,YR,E,M,Y,86.18,KG,20241224,"",CN,US,US,,,Device defective,"",2,C,OZEMPIC,SEMAGLUTIDE,1,Unknown,"",,"","","","",,"",1,MG,Injection,/WK,
24768527,247685271,1,I,20200101,20241217,20241224,20241224,EXP,"",US-NOVOPROD-1259771,NOVO NORDISK,"",62,YR,"",M,Y,87.982,KG,20241224,"",CN,US,US,247685271,OT,Nausea,"",1,PS,OZEMPIC,SEMAGLUTIDE,1,Subcutaneous,"0.5 mg, qw",28,MG,D,"","",,209637,0.5,MG,Solution for injection,/WK,7
24768598,247685981,1,I,,20241213,20241224,20241224,EXP,"",US-NOVOPROD-1338442,NOVO NORDISK,"",,"","",M,Y,,"",20241224,"",CN,US,US,247685981,HO,Cardiac operation,"",1,PS,OZEMPIC,SEMAGLUTIDE,1,Subcutaneous,UNK,,"","","","",,209637,,"",Solution for injection,"",3
24768603,247686031,1,I,20220101,20241213,20241224,20241224,EXP,"",US-NOVOPROD-1338438,NOVO NORDISK,"",76,YR,"",F,Y,,"",20241224,"",CN,US,US,247686031,HO,Alopecia,"",1,PS,OZEMPIC,SEMAGLUTIDE,1,Subcutaneous,"1 mg, qw",,"",U,"",par0362,,209637,1,MG,Solution for injection,/WK,3
24768613,247686131,1,I,20220601,20241213,20241224,20241224,EXP,"",US-NOVOPROD-1339618,NOVO NORDISK,"",68,YR,"",F,Y,,"",20241224,"",CN,US,US,247686131,HO,Bladder cancer,"",1,PS,OZEMPIC,SEMAGLUTIDE,1,Subcutaneous,"2 mg, qw",,"",U,"",PAR0646,,209637,2,MG,Solution for injection,/WK,3
24768615,247686151,1,I,,20241213,20241224,20241224,EXP,"",US-NOVOPROD-1338504,NOVO NORDISK,"",46,YR,"",F,Y,,"",20241224,"",CN,US,US,247686151,OT,Papilloedema,"",1,PS,WEGOVY,SEMAGLUTIDE,1,Subcutaneous,UNK,,"",Y,"","",,215256,,"",Solution for injection,"",7
24768618,247686181,1,I,,20241213,20241224,20241224,EXP,"",US-NOVOPROD-1338445,NOVO NORDISK,"",,"","",F,Y,,"",20241224,"",CN,US,US,247686181,OT,Hypoaesthesia,"",1,PS,OZEMPIC,SEMAGLUTIDE,1,Subcutaneous,UNK,,"",N,U,"",,209637,,"",Solution for injection,"",7
24768621,247686211,1,I,20231201,20241213,20241224,20241224,EXP,"",US-NOVOPROD-1339840,NOVO NORDISK,"",,"",A,M,Y,,"",20241224,"",CN,US,US,247686211,HO,Fall,"",1,PS,OZEMPIC,SEMAGLUTIDE,1,Subcutaneous,"1 mg, qw",,"",Y,"","",,209637,1,MG,Solution for injection,/WK,3
24768624,247686241,1,I,20220101,20241217,20241224,20241224,EXP,"",US-NOVOPROD-1259123,NOVO NORDISK,"",31,YR,"",F,Y,98.8,KG,20241224,"",CN,US,US,247686241,HO,Dehydration,"",1,PS,OZEMPIC,SEMAGLUTIDE,1,Subcutaneous,"1 mg, qw",30,MG,Y,"","",,209637,1,MG,Solution for injection,/WK,3
24768625,247686251,1,I,20220801,20241217,20241224,20241224,EXP,"",US-NOVOPROD-1245186,NOVO NORDISK,"",38,YR,"",F,Y,81.64,KG,20241224,"",CN,US,US,247686251,HO,Impaired gastric emptying,"",1,PS,OZEMPIC,SEMAGLUTIDE,1,Subcutaneous,"0.25 mg, qw",1.25,MG,U,"","",,209637,0.25,MG,Solution for injection,/WK,3
24768631,247686311,1,I,20200801,20241217,20241224,20241224,EXP,"",US-NOVOPROD-1245198,NOVO NORDISK,"",40,YR,"",M,Y,129.7,KG,20241224,"",CN,US,US,247686311,HO,Nausea,"",1,PS,OZEMPIC,SEMAGLUTIDE,1,Subcutaneous,"0.25 mg, qw",3.348,MG,U,"","",,209637,0.25,MG,Solution for injection,/WK,3
24768635,247686351,1,I,,20241216,20241224,20241224,EXP,"",US-NOVOPROD-1338100,NOVO NORDISK,"",54,YR,"","",Y,,"",20241224,"",CN,US,US,247686351,OT,Ileus,"",1,PS,OZEMPIC,SEMAGLUTIDE,1,"","",,"",U,"","",,209637,,"",Solution for injection,"",7
24768639,247686391,1,I,20230201,20241218,20241224,20241224,EXP,"",US-NOVOPROD-1263350,NOVO NORDISK,"",39,YR,"",F,Y,117.4,KG,20241224,"",CN,US,US,247686391,HO,Product use issue,"",1,PS,WEGOVY,SEMAGLUTIDE,1,Subcutaneous,"1.7 mg, qw",,"",U,"","",,215256,1.7,MG,Solution for injection,/WK,3
24768704,247687041,1,I,20170201,20241217,20241224,20241224,EXP,"",US-NOVOPROD-1259175,NOVO NORDISK,"",66,YR,"",F,Y,82.5,KG,20241224,"",CN,US,US,247687041,HO,Dyspepsia,"",1,PS,OZEMPIC,SEMAGLUTIDE,1,Subcutaneous,"0.25 mg, qd",116.5,MG,U,"","",,209637,0.25,MG,Solution for injection,QD,3
24768711,247687111,1,I,,20241218,20241224,20241224,EXP,"",US-NOVOPROD-1339558,NOVO NORDISK,"",59,YR,"","",Y,,"",20241224,"",CN,US,US,247687111,OT,Gastrointestinal injury,"",1,SS,RYBELSUS,SEMAGLUTIDE,1,Oral,UNK,,"",U,"","",,"",,"",Tablet,"",7
24768712,247687121,1,I,20221205,20241217,20241224,20241224,EXP,"",US-NOVOPROD-1259156,NOVO NORDISK,"",48,YR,"",F,Y,90.703,KG,20241224,"",CN,US,US,247687121,HO,Impaired gastric emptying,"",1,PS,OZEMPIC,SEMAGLUTIDE,1,Subcutaneous,"0.25 mg, qw",,"",U,"","",,209637,0.25,MG,Solution for injection,/WK,3
24768713,247687131,1,I,20220801,20241218,20241224,20241224,EXP,"",US-NOVOPROD-1259176,NOVO NORDISK,"",51,YR,"",F,Y,86.168,KG,20241224,"",CN,US,US,247687131,HO,Dehydration,"",1,PS,OZEMPIC,SEMAGLUTIDE,1,Subcutaneous,"0.5 mg, qw",28.5,MG,N,"","",,209637,0.5,MG,Solution for injection,/WK,3
24768714,247687141,1,I,,20241210,20241224,20241224,30DAY,"",US-NOVOPROD-1338045,NOVO NORDISK,"",,"","","",Y,,"",20241224,"",CN,US,US,247687141,OT,Injury associated with device,"",1,PS,OZEMPIC,SEMAGLUTIDE,1,Subcutaneous,2 mg,,"",U,"","",,209637,2,MG,Solution for injection,"",7
24768744,247687441,1,I,,20241214,20241224,20241224,PER,"",US-UNITED THERAPEUTICS-UNT-2024-040765,UNITED THERAPEUTICS,"",,"","",F,Y,109.75,KG,20241224,"","",US,US,,,Device use error,"",12,C,WEGOVY,SEMAGLUTIDE,1,"",UNK,,"","","","",,"",,"","","",
24768950,247689501,1,I,,20241216,20241224,20241224,EXP,"","US-B.I. Pharmaceuticals,Inc./Ridgefield-2024-BI-067883",BOEHRINGER INGELHEIM,"",,"","","",Y,,"",20241224,"",CN,US,US,247689501,OT,Dysuria,"",2,C,OZEMPIC,SEMAGLUTIDE,1,"","",,"","","","",,"",,"","","",7
24769154,247691541,1,I,20241201,20241217,20241224,20241224,PER,"",US-BRISTOL-MYERS SQUIBB COMPANY-2024-196554,BRISTOL-MYERS SQUIBB COMPANY,"",54,YR,A,F,Y,,"",20241224,"",PH,US,US,247691541,OT,Neutropenia,"",3,C,OZEMPIC,SEMAGLUTIDE,1,"","",,"",U,"","",,"",,"","","",7
24769746,247697461,1,I,,20241220,20241224,20241224,PER,"",US-BRISTOL-MYERS SQUIBB COMPANY-2024-198825,BRISTOL-MYERS SQUIBB COMPANY,"",87,YR,E,M,Y,100,KG,20241224,"",PH,US,US,,,Nausea,"",2,SS,OZEMPIC,SEMAGLUTIDE,1,"","",,"","","",Unknown,,"",,"","","",
24770108,247701081,1,I,20241210,20241213,20241224,20241224,PER,"",US-BRISTOL-MYERS SQUIBB COMPANY-2024-194973,BRISTOL-MYERS SQUIBB COMPANY,"",66,YR,E,F,Y,,"",20241224,"",CN,US,US,247701081,OT,Abdominal pain upper,"",5,C,OZEMPIC,SEMAGLUTIDE,1,Subcutaneous,"",,"",U,"","",,"",1,MG,"","",7
24770782,247707821,1,I,20241115,20241223,20241223,20241223,DIR,733080,"",FDA-CTU,"",70,YR,"",F,N,90,KG,20241223,N,CN,US,"",,,Tremor,"",3,C,OZEMPIC,SEMAGLUTIDE,1,"","",,"","","","",,"",,"","","",
24770997,247709971,1,I,,20241211,20241224,20241224,EXP,"",US-NOVOPROD-1337244,NOVO NORDISK,"",,"","",F,Y,,"",20241224,"",CN,US,US,247709971,DS,Disability,"",1,PS,OZEMPIC,SEMAGLUTIDE,1,Subcutaneous,UNK,,"",U,"","",,209637,,"",Solution for injection,"",4
24771040,247710401,1,I,20241002,20241224,20241224,20241224,DIR,733159,"",FDA-CTU,"",62,YR,"",F,N,99,KG,20241224,N,CN,US,"",,,Nausea,"",1,PS,OZEMPIC,SEMAGLUTIDE,1,Subcutaneous,Frequency : Weekly;?,,"",Y,D,"",,"",,"",Injection,QW,
24771335,247713351,1,I,,20241203,20241224,20241224,PER,"","US-BELCHER PHARMACEUTICALS, LLC-2024US004664",PAREXEL,"",,"","","",Y,,"",20241223,"",CN,US,US,,,Drug ineffective for unapproved indication,"",1,PS,SEMAGLUTIDE,SEMAGLUTIDE,1,"",5mg/2mL (2.5 mg/mL),,"",D,"",I827G012A1,,"",,"",Injection,"",
24771695,247716951,1,I,,20241203,20241224,20241224,PER,"",US-SMPA-2024SPA005832,SUNOVION,"",,"","","",Y,,"",20241224,"",CN,US,US,,,Cyanosis,"",4,C,OZEMPIC,SEMAGLUTIDE,1,Unknown,UNK,,"","","","",,"",,"","","",
24771986,247719861,1,I,,20241211,20241224,20241224,PER,"",US-SA-2024SA376272,SANOFI AVENTIS,"",79,YR,E,F,Y,,"",20241224,"",MD,US,US,,,Pruritus,"",6,C,OZEMPIC,SEMAGLUTIDE,1,"","",,"",U,"","",,"",,"","","",
24772438,247724381,1,I,20241201,20241219,20241224,20241224,PER,"",US-AMGEN-USASP2024250524,AMGEN,"",70,YR,"",M,Y,,"",20241224,"",CN,US,US,,,Pruritus,"",4,C,OZEMPIC,SEMAGLUTIDE,1,Oral,on a lower dose,,"","","","",,"",,"",Unknown formulation,"",
24772494,247724941,1,I,,20241218,20241224,20241224,PER,"",US-AMGEN-USASP2024249530,AMGEN,"",,"","",F,Y,,"",20241224,"",CN,US,US,,,Nasopharyngitis,"",2,C,OZEMPIC,SEMAGLUTIDE,1,Unknown,UNK,,"","","","",,"",,"","","",
24772505,247725051,1,I,20241001,20241218,20241224,20241224,EXP,"",US-ABBVIE-6029990,ABBVIE,"",62,YR,"",M,Y,86.182,KG,20241224,"",CN,US,US,247725051,HO,Pneumonia,"",3,C,OZEMPIC,SEMAGLUTIDE,1,"","",,"","","","",,"",,"","","",3
24773378,247733781,1,I,,20241211,20241225,20241225,EXP,"",US-AUROBINDO-AUR-APL-2024-062615,AUROBINDO,"Farley TM, Leary DJ, Poelker FR. Successful oral phytonadione (vitamin K) challenge following an infusion-related reaction to intravenous phytonadione. BMJ-Case-Rep. 2024;17:11",,"","",F,Y,,"",20241225,"",HP,US,US,247733781,HO,Haematoma,"",9,C,SEMAGLUTIDE,SEMAGLUTIDE,1,Unknown,UNK,,"",U,"","",,"",,"","","",3
24773738,247737381,1,I,20240101,20241004,20241225,20241225,PER,"",US-ARDELYX-2024ARDX007489,ARDELYX,"",,"","",F,Y,,"",20241225,"",CN,US,US,,,Myalgia,Myalgia,14,C,OZEMPIC,SEMAGLUTIDE,1,Unknown,"",,"",D,"","",,"",,"","","",
24774137,247741371,1,I,20241101,20241220,20241225,20241225,PER,"",US-SA-2024SA379964,SANOFI AVENTIS,"",47,YR,A,F,Y,,"",20241225,"",HP,US,US,247741371,HO,Drug ineffective,"",18,C,OZEMPIC,SEMAGLUTIDE,1,"",UNK,,"",U,"","",,"",,"",Injection,"",3
24774515,247745151,1,I,,20231128,20241225,20241225,PER,"",US-Accord-390343,ACCORD,"",68,YR,E,F,Y,83.46,KG,20241225,"",CN,US,US,,,Product residue present,"",8,C,SEMAGLUTIDE,SEMAGLUTIDE,1,"","",,"","","","",,"",,"","","",
24774569,247745691,1,I,20240801,20241212,20241226,20241226,EXP,"",US-NOVOPROD-1338352,NOVO NORDISK,"",78,YR,"",F,Y,,"",20241226,"",CN,US,US,247745691,HO,Knee operation,"",1,PS,OZEMPIC,SEMAGLUTIDE,1,Subcutaneous,UNK,,"",Y,"","",,209637,,"",Solution for injection,"",3
24774572,247745721,1,I,20240101,20241212,20241226,20241226,EXP,"",US-NOVOPROD-1338357,NOVO NORDISK,"",58,YR,"",M,Y,,"",20241226,"",CN,US,US,247745721,OT,Prostate cancer,"",1,PS,OZEMPIC,SEMAGLUTIDE,1,Subcutaneous,"0.25 mg, qw",,"",U,"",NZF8E59,,209637,0.25,MG,Solution for injection,/WK,7
24774573,247745731,1,I,20241201,20241212,20241226,20241226,EXP,"",US-NOVOPROD-1338413,NOVO NORDISK,"",68,YR,"",M,Y,,"",20241226,"",CN,US,US,247745731,HO,Pertussis,"",1,PS,WEGOVY,SEMAGLUTIDE,1,"","",,"",U,"","",,215256,,"",Solution for injection,"",3
24774597,247745971,1,I,20240709,20241215,20241226,20241226,EXP,"",US-NOVOPROD-1339901,NOVO NORDISK,"",71,YR,"",F,Y,,"",20241226,"",CN,US,US,247745971,OT,Hyperhidrosis,"",1,PS,WEGOVY,SEMAGLUTIDE,1,Subcutaneous,"1 mg, qw",,"",Y,"","",,215256,1,MG,Solution for injection,/WK,7
24774605,247746051,1,I,,20241219,20241226,20241226,EXP,"",US-NOVOPROD-1340058,NOVO NORDISK,"",,"","","",Y,,"",20241226,"",CN,US,US,247746051,OT,Impaired gastric emptying,"",1,PS,OZEMPIC,SEMAGLUTIDE,1,Subcutaneous,UNK,,"",U,"","",,209637,,"",Solution for injection,"",7
24774606,247746061,1,I,20220527,20241219,20241226,20241226,EXP,"",US-NOVOPROD-1261677,NOVO NORDISK,"",62,YR,"",F,Y,83.9,KG,20241226,"",CN,US,US,247746061,HO,Impaired gastric emptying,"",1,PS,OZEMPIC,SEMAGLUTIDE,1,Subcutaneous,"0.50 mg, qw",,"",U,"","",,209637,0.5,MG,Solution for injection,/WK,3
24774607,247746071,1,I,,20241216,20241226,20241226,EXP,"",US-NOVOPROD-1340626,NOVO NORDISK,"",41,YR,"",F,Y,,"",20241226,"",HP,US,US,247746071,OT,Dehydration,"",1,PS,OZEMPIC,SEMAGLUTIDE,1,Subcutaneous,0.25 mg qd for 4 days,,"",Y,"","",,209637,0.25,MG,Solution for injection,QD,7
24774608,247746081,1,I,,20241219,20241226,20241226,EXP,"",US-NOVOPROD-1340326,NOVO NORDISK,"",58,YR,"","",Y,,"",20241226,"",CN,US,US,247746081,OT,Obstruction gastric,"",1,PS,OZEMPIC,SEMAGLUTIDE,1,Subcutaneous,UNK,,"",U,"","",,209637,,"",Solution for injection,"",7
24774729,247747291,1,I,,20241220,20241226,20241226,PER,"",US-ELI_LILLY_AND_COMPANY-US202412015745,ELI LILLY AND COMPANY,"",48,YR,A,"",Y,,"",20241226,"",LW,US,US,247747291,OT,Vomiting,"",2,SS,OZEMPIC,SEMAGLUTIDE,1,Unknown,"UNK UNK, unknown",,"","","","",,"",,"","","",7
24774940,247749401,1,I,,20241220,20241226,20241226,PER,"",US-ELI_LILLY_AND_COMPANY-US202412015573,ELI LILLY AND COMPANY,"",62,YR,A,"",Y,,"",20241226,"",LW,US,US,247749401,OT,Impaired gastric emptying,"",2,SS,OZEMPIC,SEMAGLUTIDE,1,Unknown,"UNK UNK, unknown",,"","","","",,"",,"","","",7
24774980,247749801,1,I,,20241219,20241226,20241226,PER,"",US-UNITED THERAPEUTICS-UNT-2024-012650,UNITED THERAPEUTICS,"",,"","",F,Y,83.9,KG,20241226,"","",US,US,,,Headache,"",17,C,WEGOVY,SEMAGLUTIDE,1,"",UNK,,"","","","",,"",,"","","",
24776176,247761761,1,I,,20241220,20241226,20241226,EXP,"",US-SA-2024SA381111,SANOFI AVENTIS,"",,"",A,F,Y,86.82,KG,20241226,"",HP,US,US,247761761,OT,Burns third degree,"",2,C,WEGOVY,SEMAGLUTIDE,1,"","",,"",U,"","",,"",,"","","",7
24776983,247769831,1,I,,20241211,20241226,20241226,EXP,"",US-SUN PHARMACEUTICAL INDUSTRIES LTD-2024R1-486413,RANBAXY,"",56,YR,"",M,Y,,"",20241226,"",CN,US,US,247769831,HO,Jaundice,"",14,C,OZEMPIC,SEMAGLUTIDE,1,Unknown,UNK,,"","","","",,"",,"","","",3
24776999,247769991,1,I,,20241211,20241226,20241226,EXP,"",US-SUN PHARMACEUTICAL INDUSTRIES LTD-2024R1-486155,RANBAXY,"Sridhar A, Iqbal A, Kaur R, Kumar AP, Haider F, Babic M. Euglycemic Diabetic Ketoacidosis Secondary to Rapid Weight Loss in a Patient on Dapagliflozin. J Endocrine Soc. 2024;Oct-Nov; 8(1):bvae163.763; A400",71,YR,"",F,Y,,"",20241226,"",HP,US,US,247769991,OT,Euglycaemic diabetic ketoacidosis,"",3,SS,OZEMPIC,SEMAGLUTIDE,1,Subcutaneous,"1 milligram, Weekly",,"",U,"","",,"",1,MG,"","",7
24777545,247775451,1,I,20240101,20241221,20241226,20241226,EXP,"",US-SA-2024SA381581,SANOFI AVENTIS,"",,"",E,F,Y,89.09,KG,20241226,"",MD,US,US,247775451,OT,Injection site pain,"",8,C,OZEMPIC,SEMAGLUTIDE,1,"","",,"",U,"","",,"",,"","","",7
24778066,247780661,1,I,,20241219,20241226,20241226,EXP,"",US-ASTRAZENECA-202412USA017823US,ALEXION PHARMACEUTICALS,"",,"","","",Y,,"",20241226,"","",US,CA,247780661,OT,Loss of consciousness,"",17,C,OZEMPIC,SEMAGLUTIDE,1,"","",,"","","","",,"",,"","","",7
24778202,247782021,1,I,,20241212,20241226,20241226,EXP,"",US-NOVOPROD-1338672,NOVO NORDISK,"",,"","","",Y,,"",20241226,"",PH,US,US,247782021,OT,Pancreatic carcinoma,"",1,PS,OZEMPIC,SEMAGLUTIDE,1,Subcutaneous,UNK,,"",U,"","",,209637,,"",Solution for injection,"",7
24778217,247782171,1,I,20240101,20241212,20241226,20241226,EXP,"",US-NOVOPROD-1338744,NOVO NORDISK,"",,"","",F,Y,,"",20241226,"",CN,US,US,247782171,OT,Spinal operation,"",1,PS,WEGOVY,SEMAGLUTIDE,1,Subcutaneous,0.25 mg,,"",Y,"","",,215256,0.25,MG,Solution for injection,"",7
24778218,247782181,1,I,,20241212,20241226,20241226,EXP,"",US-NOVOPROD-1338840,NOVO NORDISK,"",,"","",F,Y,,"",20241226,"",MD,US,US,247782181,HO,Diverticulitis,"",1,PS,RYBELSUS,SEMAGLUTIDE,1,Oral,"14 mg, qd",,"",Y,"","",,213051,14,MG,Tablet,QD,3
24778240,247782401,1,I,20241108,20241212,20241226,20241226,EXP,"",US-NOVOPROD-1338904,NOVO NORDISK,"",,"","",F,Y,,"",20241226,"",CN,US,US,247782401,HO,Headache,"",1,PS,OZEMPIC,SEMAGLUTIDE,1,Subcutaneous,"0.5 mg, qw",,"","","","",,209637,0.5,MG,Solution for injection,/WK,3
24778259,247782591,1,I,20241210,20241212,20241226,20241226,EXP,"",US-NOVOPROD-1338945,NOVO NORDISK,"",78,YR,"",F,Y,,"",20241226,"",CN,US,US,247782591,HO,Hypotension,"",1,PS,OZEMPIC,SEMAGLUTIDE,1,Subcutaneous,"0.25 mg, qw",0.5,MG,Y,"",PZFCN57,,209637,0.25,MG,Solution for injection,/WK,3
24778260,247782601,1,I,20241101,20241212,20241226,20241226,EXP,"",US-NOVOPROD-1338909,NOVO NORDISK,"",66,YR,"",M,Y,,"",20241226,"",CN,US,US,247782601,OT,Euphoric mood,"",1,PS,OZEMPIC,SEMAGLUTIDE,1,Subcutaneous,UNK,,"","","","",,209637,,"",Solution for injection,"",7
24778269,247782691,1,I,20240101,20241212,20241226,20241226,EXP,"",US-NOVOPROD-1338947,NOVO NORDISK,"",,"","",F,Y,,"",20241226,"",CN,US,US,247782691,OT,Intestinal obstruction,"",1,PS,WEGOVY,SEMAGLUTIDE,1,Subcutaneous,"1 mg, qw",,"",Y,"",PZFCY46,,215256,1,MG,Solution for injection,/WK,7
24778293,247782931,1,I,20241201,20241212,20241226,20241226,EXP,"",US-NOVOPROD-1338950,NOVO NORDISK,"",72,YR,"",F,Y,,"",20241226,"",CN,US,US,247782931,OT,Condition aggravated,"",1,PS,OZEMPIC,SEMAGLUTIDE,1,Subcutaneous,UNK,,"",U,"",PZFAJ98,,209637,,"",Solution for injection,"",7
24778304,247783041,1,I,,20241212,20241226,20241226,EXP,"",US-NOVOPROD-1338953,NOVO NORDISK,"",,"","",F,Y,,"",20241226,"",CN,US,US,247783041,HO,Cerebrovascular accident,"",1,PS,OZEMPIC,SEMAGLUTIDE,1,Subcutaneous,0.5 mg,,"","","","",,209637,0.5,MG,Solution for injection,"",3
24778315,247783151,1,I,20241101,20241212,20241226,20241226,EXP,"",US-NOVOPROD-1338957,NOVO NORDISK,"",85,YR,"",F,Y,,"",20241226,"",CN,US,US,247783151,OT,Pneumonia,"",1,PS,OZEMPIC,SEMAGLUTIDE,1,Subcutaneous,"0.5 mg, qw",,"",U,"","",,209637,0.5,MG,Solution for injection,/WK,7
24778316,247783161,1,I,20241212,20241212,20241226,20241226,EXP,"",US-NOVOPROD-1338975,NOVO NORDISK,"",,"","",M,Y,,"",20241226,"",CN,US,US,247783161,OT,Joint injection,"",1,PS,OZEMPIC,SEMAGLUTIDE,1,Subcutaneous,UNK,,"",Y,U,PZFCC82,,209637,,"",Solution for injection,"",7
24778327,247783271,1,I,20241126,20241212,20241226,20241226,EXP,"",US-NOVOPROD-1339011,NOVO NORDISK,"",80,YR,"",F,Y,,"",20241226,"",CN,US,US,247783271,HO,Feeling hot,"",1,PS,OZEMPIC,SEMAGLUTIDE,1,Subcutaneous,0.25 mg,,"",U,"","",,209637,,"",Solution for injection,"",3
24778328,247783281,1,I,20241207,20241212,20241226,20241226,EXP,"",US-NOVOPROD-1339093,NOVO NORDISK,"",42,YR,"",M,Y,,"",20241226,"",CN,US,US,247783281,OT,Syncope,"",1,PS,WEGOVY,SEMAGLUTIDE,1,Subcutaneous,"0.25 mg, qw",,"","","","",,215256,0.25,MG,Solution for injection,/WK,7
24778354,247783541,1,I,,20241213,20241226,20241226,EXP,"",US-NOVOPROD-1338509,NOVO NORDISK,"",,"","",F,Y,,"",20241226,"",CN,US,US,247783541,OT,Increased steroid activity,"",1,PS,RYBELSUS,SEMAGLUTIDE,1,Oral,7 mg,,"","","",PA42075,,213051,7,MG,Tablet,"",7
24778493,247784931,1,I,,20241219,20241226,20241226,PER,"",US-SA-2024SA380427,SANOFI AVENTIS,"",,"",A,M,Y,129.55,KG,20241226,"",MD,US,US,,,Rash,"",22,C,OZEMPIC,SEMAGLUTIDE,1,"","",,"",U,"","",,"",,"","","",
24778815,247788151,1,I,20240110,20241226,20241226,20241226,DIR,733296,"",FDA-CTU,"",56,YR,"",F,N,85.5,KG,20241226,N,CN,US,"",247788151,DS,Ulcer,"",6,C,OZEMPIC,SEMAGLUTIDE,1,"","",,"","","","",,"",,"","","",4
24778873,247788731,1,I,20241119,20241226,20241226,20241226,DIR,733277,"",FDA-CTU,"",52,YR,"",F,N,115.65,KG,20241226,N,CN,US,"",247788731,DS,Thyroid calcification,"",1,PS,OZEMPIC,SEMAGLUTIDE,1,Subcutaneous,Frequency : Weekly;?,,"",N,"","",,"",,"",Injection,QW,4
24778890,247788901,1,I,20230904,20241226,20241226,20241226,DIR,733278,"",FDA-CTU,"",,"","",UNK,N,,"",20241226,N,CN,US,"",247788901,DS,Impaired gastric emptying,"",1,PS,OZEMPIC,SEMAGLUTIDE,1,"","",,"",N,"","",,"",,"","","",4
24779700,247797001,1,I,20241216,20241216,20241226,20241226,EXP,"",US-ACADIA PHARMACEUTICALS INC.-ACA-2024-PIM-008414,ACADIA PHARMACEUTICALS,"",83,YR,"",M,Y,,"",20241227,"",CN,US,US,247797001,DE,Death,"",7,C,OZEMPIC,SEMAGLUTIDE,1,"","",,"","","","",,"",,"","","",1
24779949,247799491,1,I,20241101,20241216,20241226,20241226,EXP,"",US-NOVOPROD-1339052,NOVO NORDISK,"",,"",A,M,Y,,"",20241227,"",CN,US,US,247799491,OT,Weight decreased,"",1,PS,OZEMPIC,SEMAGLUTIDE,1,Subcutaneous,"1 mg, qw",,"","","",PAR0357,,209637,1,MG,Solution for injection,/WK,7
24779950,247799501,1,I,20220101,20241216,20241226,20241226,EXP,"",US-NOVOPROD-1339900,NOVO NORDISK,"",,"",A,F,Y,,"",20241227,"",CN,US,US,247799501,OT,Metabolic surgery,"",1,PS,OZEMPIC,SEMAGLUTIDE,1,Subcutaneous,UNK (restarted),,"",U,"","",,209637,,"",Solution for injection,"",7
24779957,247799571,1,I,20241118,20241216,20241226,20241226,EXP,"",US-NOVOPROD-1339017,NOVO NORDISK,"",,"","",F,Y,,"",20241227,"",CN,US,US,247799571,OT,Product use in unapproved indication,"",1,PS,OZEMPIC,SEMAGLUTIDE,1,Subcutaneous,0.25mg,,"","","","",,209637,,"",Solution for injection,"",7
24779965,247799651,1,I,,20241216,20241226,20241226,EXP,"",US-NOVOPROD-1339009,NOVO NORDISK,"",,"","",F,Y,,"",20241227,"",HP,US,US,247799651,OT,Neoplasm malignant,"",1,PS,RYBELSUS,SEMAGLUTIDE,1,Oral,14 mg,,"","","","",,213051,,"",Tablet,"",7
24780054,247800541,1,I,,20241217,20241227,20241227,EXP,"",US-NOVOPROD-1340625,NOVO NORDISK,"",,"",A,F,Y,,"",20241227,"",CN,US,US,247800541,OT,Visual impairment,"",1,PS,OZEMPIC,SEMAGLUTIDE,1,Subcutaneous,2 mg,,"",U,"",PAR0326,,209637,2,MG,Solution for injection,"",7
24780055,247800551,1,I,20221201,20241219,20241227,20241227,EXP,"",US-NOVOPROD-1260768,NOVO NORDISK,"",32,YR,"",F,Y,90.703,KG,20241227,"",CN,US,US,247800551,HO,Nausea,"",1,PS,OZEMPIC,SEMAGLUTIDE,1,Subcutaneous,"0.5 mg, qw",5,MG,U,"","",,209637,0.5,MG,Solution for injection,/WK,3
24780058,247800581,1,I,20230808,20241219,20241227,20241227,EXP,"",US-NOVOPROD-1260765,NOVO NORDISK,"",60,YR,"",F,Y,81.633,KG,20241227,"",CN,US,US,247800581,HO,Product use issue,"",1,PS,OZEMPIC,SEMAGLUTIDE,1,Subcutaneous,"1 mg, qw",,"",U,"","",,209637,1,MG,Solution for injection,/WK,3
24780071,247800711,1,I,20210824,20241219,20241227,20241227,EXP,"",US-NOVOPROD-1262183,NOVO NORDISK,"",54,YR,"",F,Y,95.25,KG,20241227,"",CN,US,US,247800711,HO,Dyspepsia,"",1,PS,OZEMPIC,SEMAGLUTIDE,1,Subcutaneous,"1 mg, qw",14.758,MG,N,"","",,209637,1,MG,Solution for injection,/WK,3
24780083,247800831,1,I,20241212,20241218,20241227,20241227,EXP,"",US-ELI_LILLY_AND_COMPANY-US202412013828,ELI LILLY AND COMPANY,"",,"","",F,Y,,"",20241227,"",CN,US,US,247800831,OT,Irritable bowel syndrome,"",3,C,OZEMPIC,SEMAGLUTIDE,1,"","",,"","","","",,"",,"","","",7
24780143,247801431,1,I,20230602,20241218,20241227,20241227,EXP,"",US-ELI_LILLY_AND_COMPANY-US202412014007,ELI LILLY AND COMPANY,"",65,YR,E,F,Y,,"",20241227,"",LW,US,US,247801431,OT,Intestinal obstruction,"",2,SS,OZEMPIC,SEMAGLUTIDE,1,Unknown,"0.25 mg, unknown",,"",U,"","",,"",0.25,MG,"","",7
24780987,247809871,1,I,,20241218,20241227,20241227,EXP,"",US-JAZZ PHARMACEUTICALS-2024-US-024417,JAZZ,"",,"","",F,Y,,"",20241227,"",HP,US,US,247809871,OT,Illness,"",12,C,OZEMPIC,SEMAGLUTIDE,1,"",1 MG/DOSE (4 MG/3 ML),,"","","","",,"",,"","","",7
24781619,247816191,1,I,,20241219,20241227,20241227,PER,"",US-PHARMING-PHAUS2024001243,PHARMING GROUP,"",,"","","",Y,,"",20241227,"",CN,US,US,,,Intentional product use issue,"",4,C,WEGOVY,SEMAGLUTIDE,1,"","",,"","","","",,"",,"",Injection,"",
24781725,247817251,1,I,,20241217,20241227,20241227,EXP,"",US-NOVOPROD-1339565,NOVO NORDISK,"",,"","",F,Y,,"",20241227,"",CN,US,US,247817251,OT,Abdominal pain,"",1,PS,OZEMPIC,SEMAGLUTIDE,1,Subcutaneous,UNK,,"",U,"","",,209637,,"",Solution for injection,"",7
24781772,247817721,1,I,,20241220,20241227,20241227,PER,"",US-ROCHE-10000163722,ROCHE,"",,"",E,F,Y,,"",20241227,"",CN,US,US,,,Dyspnoea,"",9,C,OZEMPIC,SEMAGLUTIDE,1,"","",,"","","","",,"",,"","","",
24782053,247820531,1,I,20241125,20241226,20241226,20241226,DIR,733327,"",FDA-CTU,"",39,YR,"",F,N,94.5,KG,20241226,Y,CN,US,"",,,Diarrhoea,"",1,PS,SEMAGLUTIDE,SEMAGLUTIDE,1,"","",,"",Y,D,"",,99,,"","","",
24782522,247825221,1,I,,20241218,20241227,20241227,PER,"",US-GSK-US2024AMR159962,GLAXOSMITHKLINE,"",,"","",F,Y,,"",20241227,"",HP,US,US,,,Cough,"",12,C,OZEMPIC,SEMAGLUTIDE,1,"",UNK,,"",U,"","",,"",,"","","",
24783201,247832011,1,I,20240101,20241213,20241227,20241227,EXP,"",US-NOVOPROD-1339576,NOVO NORDISK,"",74,YR,"",F,Y,,"",20241227,"",CN,US,US,247832011,HO,Hypophagia,"",3,SS,OZEMPIC,SEMAGLUTIDE,1,Subcutaneous,UNK,,"",U,"","",,"",,"",Solution for injection,"",3
24783213,247832131,1,I,,20241215,20241227,20241227,EXP,"",US-NOVOPROD-1339915,NOVO NORDISK,"",,"","",M,Y,,"",20241227,"",CN,US,US,247832131,OT,Gastric bypass,"",1,PS,OZEMPIC,SEMAGLUTIDE,1,Subcutaneous,UNK,,"",U,"","",,209637,,"",Solution for injection,"",7
24783214,247832141,1,I,,20241215,20241227,20241227,EXP,"",US-NOVOPROD-1341392,NOVO NORDISK,Matthew R. Branch. Clinical Manifestations of Semaglutide Overdose: A Case Study. Journal of Psychiatric Practice. 2024;30:444?446,39,YR,"",F,Y,,"",20241227,"",HP,US,US,247832141,HO,White blood cell count increased,"",1,PS,OZEMPIC,SEMAGLUTIDE,1,Subcutaneous,12 mg (overdose),,"",U,"","",,209637,,"",Solution for injection,"",3
24783237,247832371,1,I,20241101,20241224,20241227,20241227,PER,"",US-AMGEN-USASP2024253632,AMGEN,"",62,YR,A,M,Y,,"",20241227,"",HP,US,US,,,Abdominal discomfort,"",6,C,WEGOVY,SEMAGLUTIDE,1,"",0.25 milligram,,"","","","",,"",0.25,MG,Injection,"",
24783653,247836532,2,F,,20241223,20241227,20241230,PER,"",US-SA-2024SA382338,SANOFI AVENTIS,"",,"",E,F,Y,,"",20241230,"",MD,US,US,,,Skin exfoliation,"",8,C,RYBELSUS,SEMAGLUTIDE,1,"","",,"",U,"","",,"",,"",Tablet,"",
24784105,247841051,1,I,20240601,20241227,20241227,20241227,DIR,733421,"",FDA-CTU,"",43,YR,"",F,N,77.85,KG,20241227,"",CN,US,"",247841051,OT,Injury,"",1,PS,WEGOVY,SEMAGLUTIDE,1,"","",,"","","","",,"",,"","","",7
24784325,247843251,1,I,,20241220,20241227,20241227,PER,"",US-ELI_LILLY_AND_COMPANY-US202412015727,ELI LILLY AND COMPANY,"",69,YR,E,"",Y,,"",20241227,"",LW,US,US,247843251,OT,Abdominal pain,"",3,SS,OZEMPIC,SEMAGLUTIDE,1,Unknown,"UNK, unknown",,"","","","",,"",,"","","",7
24785406,247854061,1,I,,20241224,20241228,20241228,PER,"",US-SA-2024SA382714,SANOFI AVENTIS,"",,"",E,F,Y,,"",20241228,"",MD,US,US,,,Impaired quality of life,"",12,C,OZEMPIC,SEMAGLUTIDE,1,"","",,"",U,"","",,"",,"",Injection,"",
24785609,247856091,1,I,20241206,20241227,20241227,20241227,DIR,733532,"",FDA-CTU,"",36,YR,"",F,N,,"",20241227,N,CN,US,"",247856091,RI,Nausea,"",1,PS,SEMAGLUTIDE,SEMAGLUTIDE,1,"","",,"",Y,Y,"",,99,,"","","",6
24785610,247856101,1,I,20240515,20241228,20241228,20241228,DIR,733544,"",FDA-CTU,"",58,YR,"",M,N,95.4,KG,20241228,N,CN,US,"",247856101,RI,Eye infection,"",1,PS,OZEMPIC,SEMAGLUTIDE,1,Topical,OTHER QUANTITY : 2 2 mg;?OTHER FREQUENCY : I x week injection;?,,"",Y,D,"",20241231,99,,"","",999,6
24785613,247856131,1,I,20241209,20241228,20241228,20241228,DIR,733547,"",FDA-CTU,"",66,YR,"",F,N,87.75,KG,20241228,N,CN,US,"",,,Disturbance in attention,"",10,C,OZEMPIC,SEMAGLUTIDE,1,"","",,"","","","",,"",,"","","",
24785615,247856151,1,I,20241221,20241228,20241228,20241228,DIR,733549,"",FDA-CTU,"",59,YR,"",F,N,69.75,KG,20241228,N,CN,US,"",247856151,DS,Abdominal pain upper,"",1,PS,SEMAGLUTIDE,SEMAGLUTIDE,1,Other,OTHER STRENGTH : Units;?OTHER FREQUENCY : Once week;?OTHER ROUTE : Injected in abdomen;?,,"",Y,D,"",,99,,"","",999,4
24786035,247860351,1,I,,20241223,20241229,20241229,PER,"",US-SA-2024SA382680,SANOFI AVENTIS,"",,"",A,F,Y,,"",20241229,"",MD,US,US,,,Rash,"",5,C,OZEMPIC,SEMAGLUTIDE,1,"",UNK,,"",U,"","",,"",,"","","",
24786162,247861621,1,I,20240101,20241210,20241229,20241229,PER,"",US-ARDELYX-2024ARDX008819,ARDELYX,"",,"","",M,Y,,"",20241229,"",CN,US,US,,,Diarrhoea,"",7,C,RYBELSUS,SEMAGLUTIDE,1,Unknown,UNK,,"",D,"","",,"",,"","","",
24786321,247863211,1,I,,20241216,20241229,20241229,EXP,"",US-NOVOPROD-1338986,NOVO NORDISK,"",,"","",F,Y,,"",20241230,"",MD,US,US,247863211,HO,Weight decreased,"",1,PS,OZEMPIC,SEMAGLUTIDE,1,Subcutaneous,UNK,,"",U,"","",,209637,,"",Solution for injection,"",3
24786409,247864091,1,I,,20241217,20241230,20241230,EXP,"",US-NOVOPROD-1340498,NOVO NORDISK,"",,"",A,F,Y,,"",20241230,"",CN,US,US,247864091,HO,Hospitalisation,"",1,PS,OZEMPIC,SEMAGLUTIDE,1,Subcutaneous,UNK,,"","","","",,209637,,"",Solution for injection,"",3
24786410,247864101,1,I,,20241218,20241230,20241230,EXP,"",US-NOVOPROD-1342242,NOVO NORDISK,"",,"","","",Y,,"",20241230,"",CN,US,US,247864101,DS,Road traffic accident,"",1,PS,WEGOVY,SEMAGLUTIDE,1,Subcutaneous,UNK,,"",U,"","",,215256,,"",Solution for injection,"",4
24786416,247864161,1,I,,20241218,20241230,20241230,EXP,"",US-NOVOPROD-1340847,NOVO NORDISK,"",,"",A,F,Y,,"",20241230,"",CN,US,US,247864161,OT,Pre-eclampsia,"",1,PS,WEGOVY,SEMAGLUTIDE,1,Subcutaneous,UNK,,"",Y,"","",,215256,,"",Solution for injection,"",7
24786422,247864221,1,I,20220101,20241217,20241230,20241230,EXP,"",US-NOVOPROD-1340507,NOVO NORDISK,"",,"","",F,Y,,"",20241230,"",CN,US,US,247864221,OT,Metabolic surgery,"",1,PS,WEGOVY,SEMAGLUTIDE,1,Subcutaneous,UNK,,"",U,"","",,215256,,"",Solution for injection,"",7
24786490,247864901,1,I,20220701,20241220,20241230,20241230,EXP,"",US-NOVOPROD-1263351,NOVO NORDISK,"",58,YR,"",M,Y,104,KG,20241230,"",CN,US,US,247864901,HO,Dehydration,"",1,PS,OZEMPIC,SEMAGLUTIDE,1,Subcutaneous,"0.5 mg, qw",5.036,MG,U,"","",,209637,0.5,MG,Solution for injection,/WK,3
24786491,247864911,1,I,20240701,20241219,20241230,20241230,EXP,"",US-NOVOPROD-1341502,NOVO NORDISK,"",,"","",M,Y,,"",20241230,"",CN,US,US,247864911,OT,Fall,"",1,PS,OZEMPIC,SEMAGLUTIDE,1,Subcutaneous,UNK,,"",U,"",PAR0652,,209637,,"",Solution for injection,"",7
24786499,247864991,1,I,20241217,20241218,20241230,20241230,30DAY,"",US-NOVOPROD-1341300,NOVO NORDISK,"",41,YR,"",M,Y,,"",20241230,"",HP,US,US,247864991,OT,Device issue,"",1,PS,OZEMPIC,SEMAGLUTIDE,1,Subcutaneous,UNK (dose increased),,"","","","",,209637,,"",Solution for injection,"",7
24786500,247865001,1,I,20210705,20241220,20241230,20241230,EXP,"",US-NOVOPROD-1265045,NOVO NORDISK,"",45,YR,"",M,Y,97.506,KG,20241230,"",CN,US,US,247865001,HO,Dyspepsia,"",1,PS,OZEMPIC,SEMAGLUTIDE,1,Subcutaneous,"0.5 mg, qw",0.375,MG,U,"","",,209637,0.5,MG,Solution for injection,/WK,3
24786501,247865011,1,I,20211001,20241220,20241230,20241230,EXP,"",US-NOVOPROD-1265065,NOVO NORDISK,"",51,YR,"",F,Y,100,KG,20241230,"",CN,US,US,247865011,HO,Dyspepsia,"",1,PS,OZEMPIC,SEMAGLUTIDE,1,Subcutaneous,"0.5 mg, qw",,"",U,"","",,209637,0.5,MG,Solution for injection,/WK,3
24786502,247865021,1,I,20230201,20241220,20241230,20241230,EXP,"",US-NOVOPROD-1291097,NOVO NORDISK,"",54,YR,"",F,Y,93.4,KG,20241230,"",CN,US,US,247865021,OT,Product use in unapproved indication,"",1,PS,OZEMPIC,SEMAGLUTIDE,1,Subcutaneous,"0.5 mg, qw",,"",U,"","",,209637,0.5,MG,Solution for injection,/WK,7
24786786,247867861,1,I,20241224,20241224,20241230,20241230,PER,"",US-SA-2024SA383531,SANOFI AVENTIS,"",55,YR,A,F,Y,76.6,KG,20241230,"",MD,US,US,,,Illness,"",2,C,OZEMPIC,SEMAGLUTIDE,1,"","",,"",U,"","",,"",,"","","",
24786919,247869191,1,I,20240101,20241223,20241230,20241230,PER,"",US-SA-2024SA383688,SANOFI AVENTIS,"",,"",E,M,Y,,"",20241230,"",MD,US,US,,,Renal disorder,"",2,C,OZEMPIC,SEMAGLUTIDE,1,"","",,"",U,"","",,"",,"","","",
24787367,247873671,1,I,,20241220,20241230,20241230,EXP,"",US-UCBSA-2024064986,UCB,"",,"","",M,Y,158.73,KG,20241230,"",HP,US,US,247873671,OT,Product use in unapproved indication,"",13,C,OZEMPIC,SEMAGLUTIDE,1,"",1/0.75,,"","","","",,"",,"",Solution for injection in pre-filled pen,"",7
24787864,247878641,1,I,20241212,20241216,20241230,20241230,EXP,"",US-NOVOPROD-1338997,NOVO NORDISK,"",68,YR,"",F,Y,,"",20241230,"",CN,US,US,247878641,HO,Diabetic ketoacidosis,"",1,PS,OZEMPIC,SEMAGLUTIDE,1,Subcutaneous,2mg qw,,"",Y,"","",,209637,2,MG,Solution for injection,/WK,3
24788687,247886872,2,F,20241220,20241223,20241230,20241230,PER,"",US-ROCHE-10000165616,ROCHE,"",62,YR,A,F,Y,,"",20241230,"",CN,US,US,247886872,OT,Paranasal sinus hypersecretion,"",3,C,OZEMPIC,SEMAGLUTIDE,1,"","",,"","","","",,"",1,MG,"",/WK,7
24789000,247890001,1,I,20241101,20241220,20241230,20241230,PER,"",US-SA-2024SA381977,SANOFI AVENTIS,"",61,YR,A,M,Y,67.12,KG,20241230,"",MD,US,US,,,Eye discharge,"",9,C,OZEMPIC,SEMAGLUTIDE,1,"",UNK,,"",U,"","",,"",,"","","",
24789199,247891991,1,I,20241001,20241218,20241230,20241230,EXP,"",US-RECORDATI RARE DISEASE INC.-2024010186,RECORDATI,"",,"","","",Y,,"",20241230,"",CN,US,US,247891991,OT,Expired product administered,"",11,C,OZEMPIC,SEMAGLUTIDE,1,Subcutaneous,"2 mg/1.5mL (0.25 or 0.5 mg/dose), weekly",,"",D,"","",,"",,"","",/WK,7
24789587,247895871,1,I,,20241223,20241230,20241230,EXP,"",US-ELI_LILLY_AND_COMPANY-US202412016973,ELI LILLY AND COMPANY,"",60,YR,A,"",Y,,"",20241230,"",LW,US,US,247895871,OT,Abdominal pain,"",2,SS,OZEMPIC,SEMAGLUTIDE,1,Unknown,"UNK UNK, unknown",,"","","","",,"",,"","","",7
24789713,247897131,1,I,20241223,20241229,20241229,20241229,DIR,733620,"",FDA-CTU,"",66,YR,"",F,N,125.1,KG,20241229,N,CN,US,"",247897131,RI,Blood pressure increased,"",1,PS,SEMAGLUTIDE,SEMAGLUTIDE,1,"","",,"",N,D,"",,99,,"","","",6
24789724,247897241,1,I,20241227,20241229,20241229,20241229,DIR,733608,"",FDA-CTU,"",47,YR,"",M,N,92.25,KG,20241229,Y,CN,US,"",247897241,OT,Lupus-like syndrome,"",1,PS,SEMAGLUTIDE,SEMAGLUTIDE,1,Intramuscular,OTHER FREQUENCY : Weekly;?,,"",Y,D,"",,99,,"","",999,7
24789756,247897561,1,I,20241228,20241229,20241229,20241229,DIR,733624,"",FDA-CTU,"",43,YR,"",M,N,128.7,KG,20241229,N,CN,US,"",,,Middle insomnia,"",1,PS,WEGOVY,SEMAGLUTIDE,1,"","",,"","","","",,"",,"","","",
24789828,247898281,1,I,,20241216,20241230,20241230,EXP,"",US-NOVOPROD-1343444,NOVO NORDISK,"",,"",A,F,Y,,"",20241230,"",CN,US,US,247898281,OT,Knee arthroplasty,"",1,PS,OZEMPIC,SEMAGLUTIDE,1,Subcutaneous,"2 mg, qw",,"","",U,PAR0644,,209637,2,MG,Solution for injection,/WK,7
24789859,247898591,1,I,20240901,20241216,20241230,20241230,EXP,"",US-NOVOPROD-1339058,NOVO NORDISK,"",71,YR,"",F,Y,,"",20241230,"",CN,US,US,247898591,HO,Urinary tract infection,"",1,PS,OZEMPIC,SEMAGLUTIDE,1,Subcutaneous,"0.25 mg, qw",,"",U,"","",,209637,0.25,MG,Solution for injection,/WK,3
24789878,247898781,1,I,20241126,20241216,20241230,20241230,EXP,"",US-NOVOPROD-1339556,NOVO NORDISK,"",70,YR,"",F,Y,,"",20241230,"",CN,US,US,247898781,HO,Dehydration,"",1,PS,OZEMPIC,SEMAGLUTIDE,1,Subcutaneous,0.5mg,,"",U,"",PZFCW52,,209637,0.5,MG,Solution for injection,"",3
24789890,247898901,1,I,20241101,20241216,20241230,20241230,EXP,"",US-NOVOPROD-1339872,NOVO NORDISK,"",,"","",M,Y,,"",20241230,"",CN,US,US,247898901,OT,Renal stone removal,"",1,PS,OZEMPIC,SEMAGLUTIDE,1,Subcutaneous,0.25 mg,,"",N,"",PZFAJ98,,209637,0.25,MG,Solution for injection,"",7
24789893,247898931,1,I,,20241216,20241230,20241230,EXP,"",US-NOVOPROD-1339856,NOVO NORDISK,"",,"","",F,Y,,"",20241230,"",CN,US,US,247898931,OT,Thirst decreased,"",1,PS,OZEMPIC,SEMAGLUTIDE,1,Subcutaneous,0.5 mg(Restarted),,"","",U,"",,209637,0.5,MG,Solution for injection,"",7
24791219,247912191,1,I,20240601,20241217,20241230,20241230,EXP,"",US-NOVOPROD-1340342,NOVO NORDISK,"",72,YR,"",M,Y,,"",20241231,"",CN,US,US,247912191,OT,Visual impairment,"",1,PS,OZEMPIC,SEMAGLUTIDE,1,Subcutaneous,0.5 mg,,"","","","",,209637,0.5,MG,Solution for injection,"",7
24791221,247912211,1,I,20241101,20241217,20241230,20241230,EXP,"",US-NOVOPROD-1339897,NOVO NORDISK,"",69,YR,"",F,Y,,"",20241231,"",CN,US,US,247912211,OT,Inflammatory bowel disease,"",1,PS,OZEMPIC,SEMAGLUTIDE,1,Subcutaneous,"0.5 mg, qw",,"",U,"",PZFCW51,,209637,0.5,MG,Solution for injection,/WK,7
24791223,247912231,1,I,,20241217,20241230,20241230,EXP,"",US-NOVOPROD-1339851,NOVO NORDISK,"",,"","",F,Y,,"",20241231,"",CN,US,US,247912231,OT,Salmonellosis,"",1,PS,OZEMPIC,SEMAGLUTIDE,1,Subcutaneous,0.25 mg (Restarted),,"","",U,"",,209637,0.25,MG,Solution for injection,"",7
24791224,247912241,1,I,,20241217,20241230,20241230,EXP,"",US-NOVOPROD-1339880,NOVO NORDISK,"",,"","",F,Y,108.84,KG,20241231,"",CN,US,US,247912241,OT,Product use in unapproved indication,"",1,PS,OZEMPIC,SEMAGLUTIDE,1,Subcutaneous,UNK,,"","","","",,209637,,"",Solution for injection,"",7
24791231,247912311,1,I,20241209,20241218,20241230,20241230,EXP,"",US-NOVOPROD-1342207,NOVO NORDISK,"",67,YR,"",F,Y,,"",20241231,"",CN,US,US,247912311,OT,Product after taste,"",1,PS,OZEMPIC,SEMAGLUTIDE,1,"","",,"",U,"","",,209637,,"",Solution for injection,"",7
24791234,247912341,1,I,20240101,20241217,20241230,20241230,EXP,"",US-NOVOPROD-1340482,NOVO NORDISK,"",22,YR,"",F,Y,,"",20241231,"",HP,US,US,247912341,HO,Rectal fissure,"",1,PS,OZEMPIC,SEMAGLUTIDE,1,Subcutaneous,"0.25 mg, qw",,"",Y,"",PZFAA85,,209637,0.25,MG,Solution for injection,/WK,3
24791236,247912361,1,I,,20241217,20241230,20241230,EXP,"",US-NOVOPROD-1340484,NOVO NORDISK,"",,"","",M,Y,,"",20241231,"",HP,US,US,247912361,OT,Aggression,"",1,PS,WEGOVY,SEMAGLUTIDE,1,Subcutaneous,UNK,,"",U,"","",,215256,,"",Solution for injection,"",7
24791237,247912371,1,I,,20241217,20241230,20241230,EXP,"",US-NOVOPROD-1341134,NOVO NORDISK,"",55,YR,"",M,Y,,"",20241231,"",CN,US,US,247912371,OT,Optic ischaemic neuropathy,"",1,PS,WEGOVY,SEMAGLUTIDE,1,Subcutaneous,weekly,,"",N,"","",,215256,,"",Solution for injection,"",7
24791238,247912381,1,I,20231201,20241218,20241230,20241230,EXP,"",US-NOVOPROD-1340632,NOVO NORDISK,"",,"",A,F,Y,,"",20241231,"",CN,US,US,247912381,OT,Hypersensitivity,"",1,PS,OZEMPIC,SEMAGLUTIDE,1,"","",,"",N,"","",,209637,,"",Solution for injection,"",7
24791240,247912401,1,I,20240901,20241218,20241230,20241230,EXP,"",US-NOVOPROD-1342176,NOVO NORDISK,"",,"","",F,Y,,"",20241231,"",CN,US,US,247912401,OT,Breast cancer recurrent,"",1,PS,WEGOVY,SEMAGLUTIDE,1,Subcutaneous,0.5 mg,,"","","",PZFCW48,,215256,0.5,MG,Solution for injection,"",7
24791241,247912411,1,I,,20241218,20241230,20241230,EXP,"",US-NOVOPROD-1341272,NOVO NORDISK,"",,"",A,M,Y,,"",20241231,"",CN,US,US,247912411,OT,Surgery,"",1,PS,WEGOVY,SEMAGLUTIDE,1,Subcutaneous,1 mg,,"","","",PZFBT39,,215256,1,MG,Solution for injection,"",7
24791243,247912431,1,I,20240101,20241218,20241230,20241230,EXP,"",US-NOVOPROD-1341304,NOVO NORDISK,"",72,YR,"",F,Y,,"",20241231,"",CN,US,US,247912431,OT,Parkinson's disease,"",1,PS,OZEMPIC,SEMAGLUTIDE,1,Subcutaneous,1 mg,,"",U,"","",,209637,1,MG,Solution for injection,"",7
24791245,247912451,1,I,,20241218,20241230,20241230,EXP,"",US-NOVOPROD-1341172,NOVO NORDISK,"",59,YR,"",F,Y,,"",20241231,"",CN,US,US,247912451,OT,Optic ischaemic neuropathy,"",1,PS,OZEMPIC,SEMAGLUTIDE,1,"","",,"",N,"","",,209637,,"",Solution for injection,"",7
24791278,247912781,1,I,20240101,20241224,20241230,20241230,PER,"",US-UNITED THERAPEUTICS-UNT-2024-041683,UNITED THERAPEUTICS,"",,"","",F,Y,89.796,KG,20241230,"","",US,US,,,Off label use,"",5,C,RYBELSUS,SEMAGLUTIDE,1,"",UNK,,"","","","",,"",,"","","",
24791368,247913681,1,I,20241205,20241206,20241231,20241231,PER,"",US-SMPA-2024SPA006033,SUNOVION,"",,"","","",Y,,"",20241231,"",CN,US,US,,,Fatigue,"",15,C,OZEMPIC,SEMAGLUTIDE,1,"","",,"","","","",,"",,"","","",
24791394,247913941,1,I,20240101,20241220,20241231,20241231,EXP,"",US-NOVOPROD-1342147,NOVO NORDISK,"",74,YR,"",F,Y,,"",20241231,"",CN,US,US,247913941,OT,Neck mass,"",1,PS,OZEMPIC,SEMAGLUTIDE,1,Subcutaneous,"2 mg, qw",,"",Y,"",PAR0639,,209637,2,MG,Solution for injection,/WK,7
24791398,247913981,1,I,20241201,20241220,20241231,20241231,EXP,"",US-NOVOPROD-1342157,NOVO NORDISK,"",,"","",F,Y,,"",20241231,"",CN,US,US,247913981,OT,Muscle operation,"",1,PS,WEGOVY,SEMAGLUTIDE,1,Subcutaneous,5 mg,,"",U,"","",,215256,5,MG,Solution for injection,"",7
24791405,247914051,1,I,20240713,20241220,20241231,20241231,EXP,"",US-NOVOPROD-1342261,NOVO NORDISK,"",72,YR,"",M,Y,,"",20241231,"",CN,US,US,247914051,OT,Abdominal pain upper,"",1,SS,OZEMPIC,SEMAGLUTIDE,1,Subcutaneous,2 mg,,"",Y,"","",,"",2,MG,Solution for injection,"",7
24791793,247917931,1,I,,20241217,20241231,20241231,EXP,"",US-GRAVITIPHARMA-GRA-2412-US-LIT-0691,GRAVITI PHARMACEUTICALS PRIVATE LIMITED,"Igburuke LE, Tawde P, Oparaocha V, Horani MH, Salim Y, Salim M, et al..Unraveling The Complexity Of Stiff-Person Syndrome: A Case Of Ozempic-Induced Gastric Paralysis In A Patient With Comorbid Type 2 Diabetes Mellitus..J-Endocr-Soc.2024;8:A516",55,YR,A,M,Y,,"",20241231,"",MD,US,US,247917931,HO,Drug ineffective,"",3,C,SEMAGLUTIDE,SEMAGLUTIDE,1,Unknown,"",,"",U,"","",,"",,"",UNK,"",3
24793517,247935171,1,I,20241227,20241230,20241230,20241230,DIR,733781,"",FDA-CTU,"",64,YR,"",F,N,60.75,KG,20241230,N,CN,US,"",247935171,DS,Orthostatic hypotension,"",4,C,OZEMPIC,SEMAGLUTIDE,1,"","",,"","","","",,"",,"","","",4
24793887,247938871,1,I,,20241230,20241231,20241231,PER,"",US-ELI_LILLY_AND_COMPANY-US202412019366,ELI LILLY AND COMPANY,"",60,YR,A,M,Y,,"",20241231,"",CN,US,US,,,Drug ineffective,"",3,C,OZEMPIC,SEMAGLUTIDE,1,Unknown,"UNK UNK, unknown",,"","","","",,"",,"","","",
24794171,247941711,1,I,20240516,20241230,20241230,20241230,DIR,733730,"",FDA-CTU,"",49,YR,"",F,N,89.55,KG,20241230,N,CN,US,"",247941711,OT,Fixed eruption,"",5,SS,OZEMPIC,SEMAGLUTIDE,1,Subcutaneous,"",,"","","","",,"",,"",Injection,/WK,7
24794464,247944641,1,I,,20241223,20241231,20241231,PER,"",US-PFIZER INC-202400332471,PFIZER,"",58,YR,"",F,Y,,"",20241231,"",HP,US,US,,,Peripheral swelling,"",2,C,OZEMPIC,SEMAGLUTIDE,1,"",UNK,,"","","","",,"",,"","","",
24794609,247946091,1,I,,20241205,20241231,20241231,EXP,"",US-NOVOPROD-1335116,NOVO NORDISK,"",,"","",F,Y,,"",20241231,"",HP,US,US,247946091,OT,Cholecystectomy,"",1,PS,OZEMPIC,SEMAGLUTIDE,1,Subcutaneous,UNK,,"",Y,"","",,209637,,"",Solution for injection,"",7
24794627,247946271,1,I,,20241218,20241231,20241231,EXP,"",US-NOVOPROD-1341305,NOVO NORDISK,"",,"","",F,Y,,"",20241231,"",CN,US,US,247946271,OT,Glaucoma,"",1,PS,OZEMPIC,SEMAGLUTIDE,1,Subcutaneous,UNK,,"",U,"","",,209637,,"",Solution for injection,"",7
24794642,247946421,1,I,20241214,20241218,20241231,20241231,EXP,"",US-NOVOPROD-1341345,NOVO NORDISK,"",77,YR,"",M,Y,,"",20241231,"",PH,US,US,247946421,OT,Mouth swelling,"",1,PS,WEGOVY,SEMAGLUTIDE,1,Subcutaneous,0.25 mg,,"",U,"","",,215256,0.25,MG,Solution for injection,"",7
24794663,247946631,1,I,20241215,20241230,20241230,20241230,DIR,733737,"",FDA-CTU,"",57,YR,"",F,N,107.1,KG,20241230,N,CN,US,"",247946631,LT,Abdominal pain upper,"",1,PS,WEGOVY,SEMAGLUTIDE,1,"","",,"",N,D,"",,"",,"","","",2
24794668,247946681,1,I,,20241218,20241231,20241231,EXP,"",US-NOVOPROD-1341398,NOVO NORDISK,"",78,YR,"",F,Y,,"",20241231,"",CN,US,US,247946681,HO,Fall,"",1,PS,OZEMPIC,SEMAGLUTIDE,1,Subcutaneous,UNK,,"",Y,"",PAR0358,,209637,,"",Solution for injection,"",3
24794673,247946731,1,I,20240501,20241218,20241231,20241231,EXP,"",US-NOVOPROD-1341497,NOVO NORDISK,"",70,YR,"",M,Y,,"",20241231,"",CN,US,US,247946731,OT,Surgery,"",1,PS,WEGOVY,SEMAGLUTIDE,1,Subcutaneous,"0.25 mg, qw",,"","","",PZFDB38,,215256,0.25,MG,Solution for injection,/WK,7
24795038,247950381,1,I,20230101,20230905,20241231,20241231,EXP,"",US-SANDOZ INC.-SDZ2024US105546,SANDOZ,"",,"","",F,Y,93.424,KG,20241231,"",CN,US,US,247950381,HO,Presyncope,"",15,C,OZEMPIC,SEMAGLUTIDE,1,Unknown,UNK,,"","","","",,"",,"","","",3
24795042,247950421,1,I,,20241231,20241231,20241231,DIR,733807,"",FDA-CTU,"",43,YR,"",F,N,72,KG,20241231,Y,CN,US,"",,,Heavy menstrual bleeding,"",1,PS,WEGOVY,SEMAGLUTIDE,1,Subcutaneous,OTHER QUANTITY : 1 Injection(s);?OTHER FREQUENCY : Once weekly;?,,"","","",PZFCY24,20260630,"",,"","",999,
24799724,247997241,1,I,20241230,20241231,20241231,20241231,DIR,733878,"",FDA-CTU,"",64,YR,"",F,N,99,KG,20241231,Y,CN,US,"",,,Nausea,"",1,PS,PYRIDOXINE\SEMAGLUTIDE,PYRIDOXINE\SEMAGLUTIDE,1,Subcutaneous,4 INJECTIONS WEEKLY SUBCUTANEOUS,,"","","",10312024@102,20240228,99,,"","",999,
24799896,247998961,1,I,20241201,20241231,20241231,20241231,DIR,733910,"",FDA-CTU,"",43,YR,"",F,N,85.5,KG,20241231,N,CN,US,"",247998961,HO,Pituitary tumour benign,"",2,C,OZEMPIC,SEMAGLUTIDE,1,"","",,"","","","",,"",,"","","",3
